<?xml version="1.0" encoding="UTF-8"?>
<COLLADA xmlns="http://www.collada.org/2005/11/COLLADASchema" version="1.4.1">
    <asset>
        <contributor>
            <author>VCGLab</author>
            <authoring_tool>VCGLib | MeshLab</authoring_tool>
        </contributor>
        <created>R aug 14 05:47:01 2026 GMT</created>
        <modified>R aug 14 05:47:01 2026 GMT</modified>
        <up_axis>Y_UP</up_axis>
    </asset>
    <library_geometries>
        <geometry id="shape0-lib" name="shape0">
            <mesh>
                <source id="shape0-lib-positions" name="position">
                    <float_array id="shape0-lib-positions-array" count="14268">0.0216 -0.0384932 0.0259122 0.0226 -0.0384932 0.0259122 0.0226 -0.0385701 0.0251318 0.0216 -0.0385701 0.0251318 0.0226 -0.0387977 0.0243814 0.0216 -0.0387977 0.0243814 0.0226 -0.0391673 0.0236899 0.0216 -0.0391673 0.0236899 0.0226 -0.0396648 0.0230837 0.0216 -0.0396648 0.0230837 0.0226 -0.0402709 0.0225863 0.0216 -0.0402709 0.0225863 0.0226 -0.0409625 0.0222166 0.0216 -0.0409625 0.0222166 0.0226 -0.0417129 0.021989 0.0216 -0.0417129 0.021989 0.0226 -0.0424932 0.0219122 0.0216 -0.0424932 0.0219122 0.0226 -0.0432736 0.021989 0.0216 -0.0432736 0.021989 0.0226 -0.044024 0.0222166 0.0216 -0.044024 0.0222166 0.0226 -0.0447155 0.0225863 0.0216 -0.0447155 0.0225863 0.0226 -0.0453217 0.0230837 0.0216 -0.0453217 0.0230837 0.0226 -0.0458191 0.0236899 0.0216 -0.0458191 0.0236899 0.0226 -0.0461887 0.0243814 0.0216 -0.0461887 0.0243814 0.0226 -0.0464164 0.0251318 0.0216 -0.0464164 0.0251318 0.0226 -0.0464932 0.0259122 0.0216 -0.0464932 0.0259122 0.0226 -0.0464164 0.0266925 0.0216 -0.0464164 0.0266925 0.0226 -0.0461887 0.0274429 0.0216 -0.0461887 0.0274429 0.0226 -0.0458191 0.0281344 0.0216 -0.0458191 0.0281344 0.0226 -0.0453217 0.0287406 0.0216 -0.0453217 0.0287406 0.0226 -0.0447155 0.029238 0.0216 -0.0447155 0.029238 0.0226 -0.044024 0.0296077 0.0216 -0.044024 0.0296077 0.0226 -0.0432736 0.0298353 0.0216 -0.0432736 0.0298353 0.0226 -0.0424932 0.0299122 0.0216 -0.0424932 0.0299122 0.0226 -0.0417129 0.0298353 0.0216 -0.0417129 0.0298353 0.0226 -0.0409625 0.0296077 0.0216 -0.0409625 0.0296077 0.0226 -0.0402709 0.029238 0.0216 -0.0402709 0.029238 0.0226 -0.0396648 0.0287406 0.0216 -0.0396648 0.0287406 0.0226 -0.0391673 0.0281344 0.0216 -0.0391673 0.0281344 0.0226 -0.0387977 0.0274429 0.0216 -0.0387977 0.0274429 0.0226 -0.0385701 0.0266925 0.0216 -0.0385701 0.0266925 -0.045 -0.005 -0.18 -0.045 -0.005 0.02 -0.045 3.8147e-09 0.02 -0.045 3.8147e-09 -0.18 -0.025 3.8147e-09 -2.72191e-09 -0.025 3.8147e-09 -0.18 0.045 3.8147e-09 0.02 0.045 3.8147e-09 -0.18 0.025 3.8147e-09 -0.18 0.025 3.8147e-09 -1.09278e-09 0.045 -0.005 0.02 0.045 -0.005 -0.18 0.025 -0.005 -0.18 -0.025 -0.005 -0.18 -0.025 -0.005 -2.72191e-09 0.025 -0.005 -1.09278e-09 -0.045 -0.0875 0.015 -0.045 -0.0875 0.02 -0.045 0.0025 0.02 -0.045 0.0025 0.015 0.045 0.0025 0.02 0.045 0.0025 0.015 0.045 -0.0875 0.02 0.045 -0.0875 0.015 0.0141421 -0.0283579 0.015 0.0111114 -0.0258706 0.015 0.00765367 -0.0240224 0.015 -0.0111114 -0.0258706 0.015 -0.0141421 -0.0283579 0.015 -0.00765367 -0.0240224 0.015 0.00390181 -0.0228843 0.015 -0.00390181 -0.0228843 0.015 6.55671e-10 -0.0225 0.015 0.0166294 -0.0313886 0.015 -0.0166294 -0.0313886 0.015 -0.0184776 -0.0348463 0.015 0.0184776 -0.0348463 0.015 0.0196157 -0.0385982 0.015 -0.0196157 -0.0385982 0.015 0.02 -0.0425 0.015 -0.02 -0.0425 0.015 -0.0196157 -0.0464018 0.015 0.0196157 -0.0464018 0.015 0.0184776 -0.0501537 0.015 -0.0184776 -0.0501537 0.015 -0.0166294 -0.0536114 0.015 0.0166294 -0.0536114 0.015 0.0141421 -0.0566421 0.015 -0.0141421 -0.0566421 0.015 -0.0111114 -0.0591294 0.015 0.0111114 -0.0591294 0.015 0.00765367 -0.0609776 0.015 -0.00765367 -0.0609776 0.015 -0.00390181 -0.0621157 0.015 0.00390181 -0.0621157 0.015 6.55671e-10 -0.0625 0.015 0.0111114 -0.0258706 0.02 0.0141421 -0.0283579 0.02 0.0141421 -0.0566421 0.02 0.0111114 -0.0591294 0.02 0.00765367 -0.0609776 0.02 0.00765367 -0.0240224 0.02 0.00390181 -0.0228843 0.02 0.00390181 -0.0621157 0.02 8.74228e-10 -0.0225 0.02 8.74228e-10 -0.0625 0.02 -0.00390181 -0.0621157 0.02 -0.00390181 -0.0228843 0.02 -0.00765367 -0.0240224 0.02 -0.00765367 -0.0609776 0.02 -0.0111114 -0.0591294 0.02 -0.0111114 -0.0258706 0.02 -0.0141421 -0.0283579 0.02 -0.0141421 -0.0566421 0.02 -0.0166294 -0.0536114 0.02 -0.0166294 -0.0313886 0.02 -0.0184776 -0.0348463 0.02 -0.0184776 -0.0501537 0.02 -0.0196157 -0.0464018 0.02 -0.0196157 -0.0385982 0.02 -0.02 -0.0425 0.02 0.0166294 -0.0313886 0.02 0.0184776 -0.0348463 0.02 0.0166294 -0.0536114 0.02 0.0184776 -0.0501537 0.02 0.0196157 -0.0385982 0.02 0.0196157 -0.0464018 0.02 0.02 -0.0425 0.02 0.000287177 -0.06503 0.0270651 1.17365e-09 -0.06535 0.02685 0.00022735 -0.06535 0.0268224 1.18458e-09 -0.06503 0.0271 0.000557668 -0.06503 0.0269625 0.000441486 -0.06535 0.0267412 0.000795747 -0.06503 0.0267982 0.000629966 -0.06535 0.0266111 0.000987579 -0.06503 0.0265817 0.000781833 -0.06535 0.0264397 0.00112202 -0.06503 0.0263255 0.000888265 -0.06535 0.0262369 0.00119125 -0.06503 0.0260446 0.000943073 -0.06535 0.0260145 0.00119125 -0.06503 0.0257553 0.000943072 -0.06535 0.0257855 0.00112202 -0.06503 0.0254745 0.000888265 -0.06535 0.0255631 0.000987579 -0.06503 0.0252183 0.000781833 -0.06535 0.0253603 0.000795747 -0.06503 0.0250018 0.000629966 -0.06535 0.0251889 0.000557668 -0.06503 0.0248374 0.000441486 -0.06535 0.0250588 0.000287177 -0.06503 0.0247349 0.000227349 -0.06535 0.0249776 1.07967e-09 -0.06503 0.0247 1.0906e-09 -0.06535 0.02495 -0.000227351 -0.06535 0.0268224 1.16272e-09 -0.06503 0.0266 -0.000167521 -0.06503 0.0265797 -0.000441489 -0.06535 0.0267412 -0.000325305 -0.06503 0.0265198 -0.000629967 -0.06535 0.0266111 -0.000464188 -0.06503 0.0264239 -0.000781834 -0.06535 0.0264397 -0.000576089 -0.06503 0.0262976 -0.000888266 -0.06535 0.0262369 -0.000654511 -0.06503 0.0261482 -0.000943074 -0.06535 0.0260145 -0.000694897 -0.06503 0.0259844 -0.000943074 -0.06535 0.0257855 -0.000694898 -0.06503 0.0258156 -0.000888266 -0.06535 0.0255631 -0.000654511 -0.06503 0.0256518 -0.000781834 -0.06535 0.0253603 -0.000576089 -0.06503 0.0255023 -0.000629968 -0.06535 0.0251889 -0.000464188 -0.06503 0.025376 -0.000441487 -0.06535 0.0250588 -0.000325305 -0.06503 0.0252802 -0.000227351 -0.06535 0.0249776 -0.000167521 -0.06503 0.0252203 1.10153e-09 -0.06503 0.0252 0.000119657 -0.06805 0.0254145 1.11027e-09 -0.06503 0.0254 0.000119657 -0.06503 0.0254145 1.11027e-09 -0.06805 0.0254 0.00023236 -0.06805 0.0254573 0.00023236 -0.06503 0.0254573 0.000331561 -0.06805 0.0255257 0.000331561 -0.06503 0.0255257 0.000411491 -0.06805 0.025616 0.000411491 -0.06503 0.025616 0.000467508 -0.06805 0.0257227 0.000467508 -0.06503 0.0257227 0.000496352 -0.06805 0.0258397 0.000496352 -0.06503 0.0258397 0.000496352 -0.06805 0.0259603 0.000496352 -0.06503 0.0259603 0.000467508 -0.06805 0.0260773 0.000467508 -0.06503 0.0260773 0.000411491 -0.06805 0.026184 0.000411491 -0.06503 0.026184 0.000331561 -0.06805 0.0262742 0.000331561 -0.06503 0.0262742 0.00023236 -0.06805 0.0263427 0.00023236 -0.06503 0.0263427 0.000119657 -0.06805 0.0263855 0.000119657 -0.06503 0.0263855 1.15398e-09 -0.06805 0.0264 1.15398e-09 -0.06503 0.0264 -0.000411492 -0.06503 0.026184 -0.000331563 -0.06503 0.0262742 -0.000232362 -0.06503 0.0263427 -0.000467509 -0.06503 0.0260773 -0.000119658 -0.06503 0.0263855 -0.000496356 -0.06503 0.0259603 -0.000496356 -0.06503 0.0258397 0.00016752 -0.06503 0.0265797 -0.000467509 -0.06503 0.0257227 0.000325303 -0.06503 0.0265198 -0.000411492 -0.06503 0.025616 0.000464183 -0.06503 0.0264239 -0.000331563 -0.06503 0.0255257 0.000576087 -0.06503 0.0262976 -0.000232362 -0.06503 0.0254573 0.00065451 -0.06503 0.0261482 -0.000119658 -0.06503 0.0254145 0.000694896 -0.06503 0.0259844 0.000694896 -0.06503 0.0258156 0.00016752 -0.06503 0.0252203 0.00065451 -0.06503 0.0256518 0.000325303 -0.06503 0.0252802 0.000576087 -0.06503 0.0255023 0.000464185 -0.06503 0.025376 -0.000119658 -0.06805 0.0263855 -0.000232362 -0.06805 0.0263427 -0.000331563 -0.06805 0.0262742 -0.000411492 -0.06805 0.026184 -0.000467509 -0.06805 0.0260773 -0.000496356 -0.06805 0.0259603 -0.000496356 -0.06805 0.0258397 -0.000467509 -0.06805 0.0257227 -0.000411492 -0.06805 0.025616 -0.000331563 -0.06805 0.0255257 -0.000232362 -0.06805 0.0254573 -0.000119658 -0.06805 0.0254145 -0.000287177 -0.06503 0.0247349 -0.000557668 -0.06503 0.0248374 -0.000795749 -0.06503 0.0250018 -0.00098758 -0.06503 0.0252183 -0.00112202 -0.06503 0.0254745 -0.00119125 -0.06503 0.0257553 -0.00119125 -0.06503 0.0260446 -0.00112202 -0.06503 0.0263255 -0.00098758 -0.06503 0.0265817 -0.000795749 -0.06503 0.0267982 -0.000557668 -0.06503 0.0269625 -0.000287179 -0.06503 0.0270651 -0.000769492 -0.06503 0.0272457 -0.00102581 -0.06503 0.027062 -0.00125337 -0.06503 0.0268124 -0.00142271 -0.06503 0.0265151 -0.00047944 -0.06503 0.027374 -0.00152341 -0.06503 0.0261877 -0.000171376 -0.06503 0.0274406 -0.00154914 -0.06503 0.0258479 0.000160503 -0.06503 0.0274419 -0.0015154 -0.06503 0.0255731 0.000493663 -0.06503 0.0273694 -0.00143255 -0.06503 0.0253081 0.000805455 -0.06503 0.0272246 -0.00128292 -0.06503 0.0250298 0.0010759 -0.06503 0.0270158 -0.00107591 -0.06503 0.0247842 0.00128292 -0.06503 0.0267702 -0.000805459 -0.06503 0.0245754 0.00143255 -0.06503 0.0264919 -0.000493665 -0.06503 0.0244306 0.0015154 -0.06503 0.0262269 -0.000160506 -0.06503 0.0243581 0.00154914 -0.06503 0.0259521 0.000171374 -0.06503 0.0243594 0.00152341 -0.06503 0.0256123 0.000479436 -0.06503 0.0244259 0.0014227 -0.06503 0.0252848 0.00076949 -0.06503 0.0245542 0.00125336 -0.06503 0.0249876 0.0010258 -0.06503 0.024738 -0.00084957 -0.0647 0.0293468 1.2873e-09 -0.06445 0.02945 1.2873e-09 -0.0647 0.02945 -0.00084957 -0.06445 0.0293468 -0.00164977 -0.0647 0.0290434 -0.00164977 -0.06445 0.0290434 -0.00235409 -0.0647 0.0285572 -0.00235409 -0.06445 0.0285572 -0.00292159 -0.0647 0.0279166 -0.00292159 -0.06445 0.0279166 -0.00331931 -0.0647 0.0271588 -0.00331931 -0.06445 0.0271588 -0.00352412 -0.0647 0.0263279 -0.00352412 -0.06445 0.0263279 -0.00352412 -0.0647 0.0254721 -0.00352412 -0.06445 0.0254721 -0.00331931 -0.0647 0.0246411 -0.00331931 -0.06445 0.0246411 -0.00292159 -0.0647 0.0238834 -0.00292159 -0.06445 0.0238834 -0.00235409 -0.0647 0.0232428 -0.00235409 -0.06445 0.0232428 -0.00164977 -0.0647 0.0227566 -0.00164977 -0.06445 0.0227566 -0.00084957 -0.0647 0.0224531 -0.00084957 -0.06445 0.0224531 9.76949e-10 -0.0647 0.02235 9.76949e-10 -0.06445 0.02235 0.000490594 -0.06535 0.0239096 1.04252e-09 -0.06445 0.02385 0.000490594 -0.06445 0.0239096 1.04252e-09 -0.06535 0.02385 0.000952682 -0.06535 0.0240848 0.000952682 -0.06445 0.0240848 0.0013594 -0.06535 0.0243655 0.0013594 -0.06445 0.0243655 0.00168712 -0.06535 0.0247355 0.00168712 -0.06445 0.0247355 0.00191678 -0.06535 0.0251731 0.00191678 -0.06445 0.0251731 0.00203505 -0.06535 0.0256529 0.00203505 -0.06445 0.0256529 0.00203505 -0.06535 0.0261471 0.00203505 -0.06445 0.0261471 0.00191678 -0.06535 0.0266269 0.00191678 -0.06445 0.0266269 0.00168712 -0.06535 0.0270645 0.00168712 -0.06445 0.0270645 0.0013594 -0.06535 0.0274344 0.0013594 -0.06445 0.0274344 0.000952682 -0.06535 0.0277152 0.000952682 -0.06445 0.0277152 0.000490594 -0.06535 0.0278904 0.000490594 -0.06445 0.0278904 1.22173e-09 -0.06535 0.02795 1.22173e-09 -0.06445 0.02795 -0.00168712 -0.06445 0.0270645 -0.0013594 -0.06445 0.0274344 -0.000952685 -0.06445 0.0277152 -0.00191678 -0.06445 0.0266269 -0.000490598 -0.06445 0.0278904 -0.00203505 -0.06445 0.0261471 -0.00203505 -0.06445 0.0256529 0.000849569 -0.06445 0.0293468 -0.00191678 -0.06445 0.0251731 0.00164977 -0.06445 0.0290434 -0.00168712 -0.06445 0.0247355 0.00235408 -0.06445 0.0285572 -0.0013594 -0.06445 0.0243655 0.00292159 -0.06445 0.0279166 -0.000952685 -0.06445 0.0240848 0.00331931 -0.06445 0.0271588 -0.000490596 -0.06445 0.0239096 0.00352412 -0.06445 0.0263279 0.00352412 -0.06445 0.0254721 0.000849568 -0.06445 0.0224531 0.00331931 -0.06445 0.0246411 0.00164977 -0.06445 0.0227566 0.00292159 -0.06445 0.0238834 0.00235408 -0.06445 0.0232428 -0.000490598 -0.06535 0.0278904 -0.000952685 -0.06535 0.0277152 -0.0013594 -0.06535 0.0274344 -0.00168712 -0.06535 0.0270645 -0.00191678 -0.06535 0.0266269 -0.00203505 -0.06535 0.0261471 -0.00203505 -0.06535 0.0256529 -0.00191678 -0.06535 0.0251731 -0.00168712 -0.06535 0.0247355 -0.0013594 -0.06535 0.0243655 -0.000952685 -0.06535 0.0240848 -0.000490596 -0.06535 0.0239096 0.000849568 -0.0647 0.0224531 0.00164977 -0.0647 0.0227566 0.00235408 -0.0647 0.0232428 0.00292159 -0.0647 0.0238834 0.00331931 -0.0647 0.0246411 0.00352412 -0.0647 0.0254721 0.00352412 -0.0647 0.0263279 0.00331931 -0.0647 0.0271588 0.00292159 -0.0647 0.0279166 0.00235408 -0.0647 0.0285572 0.00164977 -0.0647 0.0290434 0.000849569 -0.0647 0.0293468 -0.001202 -0.06535 0.0268789 -0.000966021 -0.06535 0.0271123 -0.000700806 -0.06535 0.0272826 -0.00138686 -0.06535 0.0265925 -0.000404774 -0.06535 0.0273964 -0.00150549 -0.06535 0.0262698 -9.35352e-05 -0.06535 0.0274472 -0.00154973 -0.06535 0.025931 0.000243871 -0.06535 0.027431 -0.00152303 -0.06535 0.0256109 0.000573625 -0.06535 0.0273399 -0.00143255 -0.06535 0.0253081 -0.00130425 -0.06535 0.025062 0.000876085 -0.06535 0.0271791 -0.00113418 -0.06535 0.0248435 0.00113418 -0.06535 0.0269565 -0.000876086 -0.06535 0.0246209 0.00130425 -0.06535 0.026738 -0.000573626 -0.06535 0.02446 0.00143255 -0.06535 0.0264919 0.00152302 -0.06535 0.0261891 -0.000243874 -0.06535 0.024369 0.00154973 -0.06535 0.025869 9.35336e-05 -0.06535 0.0243528 0.00150549 -0.06535 0.0255302 0.000404771 -0.06535 0.0244036 0.00138686 -0.06535 0.0252075 0.00096602 -0.06535 0.0246877 0.000700803 -0.06535 0.0245174 0.001202 -0.06535 0.024921 0.02253 -0.0427872 0.0247349 0.02285 -0.0425 0.02495 0.02285 -0.0427273 0.0249776 0.02253 -0.0425 0.0247 0.02253 -0.0430577 0.0248374 0.02285 -0.0429415 0.0250588 0.02253 -0.0432957 0.0250018 0.02285 -0.04313 0.0251889 0.02253 -0.0434876 0.0252183 0.02285 -0.0432818 0.0253603 0.02253 -0.043622 0.0254745 0.02285 -0.0433883 0.0255631 0.02253 -0.0436912 0.0257553 0.02285 -0.0434431 0.0257855 0.02253 -0.0436912 0.0260446 0.02285 -0.0434431 0.0260145 0.02253 -0.043622 0.0263255 0.02285 -0.0433883 0.0262369 0.02253 -0.0434876 0.0265817 0.02285 -0.0432818 0.0264396 0.02253 -0.0432957 0.0267982 0.02285 -0.04313 0.0266111 0.02253 -0.0430577 0.0269625 0.02285 -0.0429415 0.0267412 0.02253 -0.0427872 0.0270651 0.02285 -0.0427273 0.0268224 0.02253 -0.0425 0.0271 0.02285 -0.0425 0.02685 0.02285 -0.0422726 0.0249776 0.02253 -0.0425 0.0252 0.02253 -0.0423325 0.0252203 0.02285 -0.0420585 0.0250588 0.02253 -0.0421747 0.0252802 0.02285 -0.04187 0.0251889 0.02253 -0.0420358 0.025376 0.02285 -0.0417182 0.0253603 0.02253 -0.0419239 0.0255023 0.02285 -0.0416117 0.0255631 0.02253 -0.0418455 0.0256518 0.02285 -0.0415569 0.0257855 0.02253 -0.0418051 0.0258156 0.02285 -0.0415569 0.0260145 0.02253 -0.0418051 0.0259844 0.02285 -0.0416117 0.0262369 0.02253 -0.0418455 0.0261482 0.02285 -0.0417182 0.0264396 0.02253 -0.0419239 0.0262976 0.02285 -0.04187 0.0266111 0.02253 -0.0420358 0.0264239 0.02285 -0.0420585 0.0267412 0.02253 -0.0421747 0.0265198 0.02285 -0.0422726 0.0268224 0.02253 -0.0423325 0.0265797 0.02253 -0.0425 0.0266 0.02555 -0.0426196 0.0263855 0.02253 -0.0425 0.0264 0.02253 -0.0426196 0.0263855 0.02555 -0.0425 0.0264 0.02555 -0.0427324 0.0263427 0.02253 -0.0427324 0.0263427 0.02555 -0.0428316 0.0262742 0.02253 -0.0428316 0.0262742 0.02555 -0.0429115 0.026184 0.02253 -0.0429115 0.026184 0.02555 -0.0429675 0.0260773 0.02253 -0.0429675 0.0260773 0.02555 -0.0429963 0.0259603 0.02253 -0.0429963 0.0259603 0.02555 -0.0429963 0.0258397 0.02253 -0.0429963 0.0258397 0.02555 -0.0429675 0.0257227 0.02253 -0.0429675 0.0257227 0.02555 -0.0429115 0.025616 0.02253 -0.0429115 0.025616 0.02555 -0.0428316 0.0255257 0.02253 -0.0428316 0.0255257 0.02555 -0.0427324 0.0254573 0.02253 -0.0427324 0.0254573 0.02555 -0.0426196 0.0254145 0.02253 -0.0426196 0.0254145 0.02555 -0.0425 0.0254 0.02253 -0.0425 0.0254 0.02555 -0.0423803 0.0254145 0.02253 -0.0423803 0.0254145 0.02555 -0.0422676 0.0254573 0.02253 -0.0422676 0.0254573 0.02555 -0.0421684 0.0255257 0.02253 -0.0421684 0.0255257 0.02555 -0.0420885 0.025616 0.02253 -0.0420885 0.025616 0.02555 -0.0420325 0.0257227 0.02253 -0.0420325 0.0257227 0.02555 -0.0420036 0.0258397 0.02253 -0.0420036 0.0258397 0.02555 -0.0420036 0.0259603 0.02253 -0.0420036 0.0259603 0.02555 -0.0420325 0.0260773 0.02253 -0.0420325 0.0260773 0.02555 -0.0420885 0.026184 0.02253 -0.0420885 0.026184 0.02555 -0.0421684 0.0262742 0.02253 -0.0421684 0.0262742 0.02555 -0.0422676 0.0263427 0.02253 -0.0422676 0.0263427 0.02555 -0.0423803 0.0263855 0.02253 -0.0423803 0.0263855 0.02253 -0.0426675 0.0252203 0.02253 -0.0428253 0.0252802 0.02253 -0.0429642 0.025376 0.02253 -0.0430761 0.0255023 0.02253 -0.0431545 0.0256518 0.02253 -0.0431949 0.0258156 0.02253 -0.0431949 0.0259844 0.02253 -0.0426675 0.0265797 0.02253 -0.0431545 0.0261482 0.02253 -0.0428253 0.0265198 0.02253 -0.0430761 0.0262976 0.02253 -0.0429642 0.0264239 0.02253 -0.0422128 0.0270651 0.02253 -0.0419423 0.0269625 0.02253 -0.0417042 0.0267982 0.02253 -0.0415124 0.0265817 0.02253 -0.041378 0.0263255 0.02253 -0.0413087 0.0260446 0.02253 -0.0413087 0.0257553 0.02253 -0.041378 0.0254745 0.02253 -0.0415124 0.0252183 0.02253 -0.0417042 0.0250018 0.02253 -0.0419423 0.0248374 0.02253 -0.0422128 0.0247349 0.02253 -0.0417016 0.0245712 0.02253 -0.0414494 0.0247604 0.02253 -0.0412272 0.0250149 0.02253 -0.0410643 0.0253157 0.02253 -0.0419889 0.0244366 0.02253 -0.0409707 0.0256452 0.02253 -0.0422954 0.0243634 0.02253 -0.0409523 0.0259855 0.02253 -0.0426272 0.024355 0.02253 -0.040992 0.0262596 0.02253 -0.0429618 0.0244203 0.02253 -0.0410805 0.0265226 0.02253 -0.0432767 0.0245584 0.02253 -0.0412362 0.0267977 0.02253 -0.0435516 0.0247612 0.02253 -0.0414484 0.0270388 0.02253 -0.0437638 0.0250023 0.02253 -0.0417233 0.0272416 0.02253 -0.0439194 0.0252773 0.02253 -0.0420382 0.0273797 0.02253 -0.044008 0.0255404 0.02253 -0.0423728 0.027445 0.02253 -0.0440476 0.0258144 0.02253 -0.0427046 0.0274366 0.02253 -0.0440293 0.0261548 0.02253 -0.0430111 0.0273634 0.02253 -0.0439356 0.0264843 0.02253 -0.0432983 0.0272288 0.02253 -0.0437728 0.0267851 0.02253 -0.0435506 0.0270396 0.0222 -0.0416504 0.0224531 0.02195 -0.0425 0.02235 0.0222 -0.0425 0.02235 0.02195 -0.0416504 0.0224531 0.0222 -0.0408502 0.0227566 0.02195 -0.0408502 0.0227566 0.0222 -0.0401459 0.0232428 0.02195 -0.0401459 0.0232428 0.0222 -0.0395784 0.0238834 0.02195 -0.0395784 0.0238834 0.0222 -0.0391807 0.0246411 0.02195 -0.0391807 0.0246411 0.0222 -0.0389759 0.0254721 0.02195 -0.0389759 0.0254721 0.0222 -0.0389759 0.0263279 0.02195 -0.0389759 0.0263279 0.0222 -0.0391807 0.0271588 0.02195 -0.0391807 0.0271588 0.0222 -0.0395784 0.0279166 0.02195 -0.0395784 0.0279166 0.0222 -0.0401459 0.0285572 0.02195 -0.0401459 0.0285572 0.0222 -0.0408502 0.0290434 0.02195 -0.0408502 0.0290434 0.0222 -0.0416504 0.0293468 0.02195 -0.0416504 0.0293468 0.0222 -0.0425 0.02945 0.02195 -0.0425 0.02945 0.02285 -0.0429906 0.0278904 0.02195 -0.0429906 0.0278904 0.02195 -0.0425 0.02795 0.02285 -0.0425 0.02795 0.02285 -0.0434527 0.0277152 0.02195 -0.0434527 0.0277152 0.02285 -0.0438594 0.0274344 0.02195 -0.0438594 0.0274344 0.02285 -0.0441871 0.0270645 0.02195 -0.0441871 0.0270645 0.02285 -0.0444168 0.0266269 0.02195 -0.0444168 0.0266269 0.02285 -0.044535 0.0261471 0.02195 -0.044535 0.0261471 0.02285 -0.044535 0.0256529 0.02195 -0.044535 0.0256529 0.02285 -0.0444168 0.025173 0.02195 -0.0444168 0.025173 0.02285 -0.0441871 0.0247355 0.02195 -0.0441871 0.0247355 0.02285 -0.0438594 0.0243655 0.02195 -0.0438594 0.0243655 0.02285 -0.0434527 0.0240848 0.02195 -0.0434527 0.0240848 0.02285 -0.0429906 0.0239096 0.02195 -0.0429906 0.0239096 0.02285 -0.0425 0.02385 0.02195 -0.0425 0.02385 0.02195 -0.0408129 0.0247355 0.02195 -0.0411406 0.0243655 0.02195 -0.0415473 0.0240848 0.02195 -0.0405832 0.025173 0.02195 -0.0420094 0.0239096 0.02195 -0.0404649 0.0256529 0.02195 -0.0404649 0.0261471 0.02195 -0.0433496 0.0224531 0.02195 -0.0405832 0.0266269 0.02195 -0.0441498 0.0227566 0.02195 -0.0408129 0.0270645 0.02195 -0.0448541 0.0232428 0.02195 -0.0411406 0.0274344 0.02195 -0.0454216 0.0238834 0.02195 -0.0415473 0.0277152 0.02195 -0.0458193 0.0246411 0.02195 -0.0420094 0.0278904 0.02195 -0.0460241 0.0254721 0.02195 -0.0460241 0.0263279 0.02195 -0.0433496 0.0293468 0.02195 -0.0458193 0.0271588 0.02195 -0.0441498 0.0290434 0.02195 -0.0454216 0.0279166 0.02195 -0.0448541 0.0285572 0.02285 -0.0420094 0.0239096 0.02285 -0.0415473 0.0240848 0.02285 -0.0411406 0.0243655 0.02285 -0.0408129 0.0247355 0.02285 -0.0405832 0.025173 0.02285 -0.0404649 0.0256529 0.02285 -0.0404649 0.0261471 0.02285 -0.0405832 0.0266269 0.02285 -0.0408129 0.0270645 0.02285 -0.0411406 0.0274344 0.02285 -0.0415473 0.0277152 0.02285 -0.0420094 0.0278904 0.0222 -0.0433496 0.0293468 0.0222 -0.0441498 0.0290434 0.0222 -0.0448541 0.0285572 0.0222 -0.0454216 0.0279166 0.0222 -0.0458193 0.0271588 0.0222 -0.0460241 0.0263279 0.0222 -0.0460241 0.0254721 0.0222 -0.0458193 0.0246411 0.0222 -0.0454216 0.0238834 0.0222 -0.0448541 0.0232428 0.0222 -0.0441498 0.0227566 0.0222 -0.0433496 0.0224531 0.02285 -0.041508 0.0247088 0.02285 -0.0412771 0.0249472 0.02285 -0.0417695 0.0245328 0.02285 -0.0410985 0.0252376 0.02285 -0.042063 0.0244126 0.02285 -0.0409869 0.0255628 0.02285 -0.0423731 0.0243552 0.02285 -0.04095 0.0259024 0.02285 -0.0427108 0.0243641 0.02285 -0.0409836 0.0262219 0.02285 -0.0430424 0.024448 0.02285 -0.0410805 0.0265226 0.02285 -0.0433483 0.0246023 0.02285 -0.0412141 0.026766 0.02285 -0.0413889 0.0269807 0.02285 -0.0436111 0.0248193 0.02285 -0.0416517 0.0271977 0.02285 -0.0437859 0.025034 0.02285 -0.0439194 0.0252773 0.02285 -0.0419576 0.027352 0.02285 -0.0440164 0.0255781 0.02285 -0.0422892 0.0274359 0.02285 -0.04405 0.0258976 0.02285 -0.0426269 0.0274448 0.02285 -0.0440131 0.0262372 0.02285 -0.042937 0.0273873 0.02285 -0.0439015 0.0265624 0.02285 -0.0434919 0.0270912 0.02285 -0.0432305 0.0272671 0.02285 -0.0437228 0.0268528 -0.0222 -0.0416504 0.0293468 -0.02195 -0.0425 0.02945 -0.0222 -0.0425 0.02945 -0.02195 -0.0416504 0.0293468 -0.0222 -0.0408502 0.0290434 -0.02195 -0.0408502 0.0290434 -0.0222 -0.0401459 0.0285572 -0.02195 -0.0401459 0.0285572 -0.0222 -0.0395784 0.0279166 -0.02195 -0.0395784 0.0279166 -0.0222 -0.0391807 0.0271588 -0.02195 -0.0391807 0.0271588 -0.0222 -0.0389759 0.0263279 -0.02195 -0.0389759 0.0263279 -0.0222 -0.0389759 0.0254721 -0.02195 -0.0389759 0.0254721 -0.0222 -0.0391807 0.0246411 -0.02195 -0.0391807 0.0246411 -0.0222 -0.0395784 0.0238834 -0.02195 -0.0395784 0.0238834 -0.0222 -0.0401459 0.0232428 -0.02195 -0.0401459 0.0232428 -0.0222 -0.0408502 0.0227566 -0.02195 -0.0408502 0.0227566 -0.0222 -0.0416504 0.0224531 -0.02195 -0.0416504 0.0224531 -0.0222 -0.0425 0.02235 -0.02195 -0.0425 0.02235 -0.02285 -0.0429906 0.0239096 -0.02195 -0.0429906 0.0239096 -0.02195 -0.0425 0.02385 -0.02285 -0.0425 0.02385 -0.02285 -0.0434527 0.0240848 -0.02195 -0.0434527 0.0240848 -0.02285 -0.0438594 0.0243655 -0.02195 -0.0438594 0.0243655 -0.02285 -0.0441871 0.0247355 -0.02195 -0.0441871 0.0247355 -0.02285 -0.0444168 0.0251731 -0.02195 -0.0444168 0.0251731 -0.02285 -0.044535 0.0256529 -0.02195 -0.044535 0.0256529 -0.02285 -0.044535 0.0261471 -0.02195 -0.044535 0.0261471 -0.02285 -0.0444168 0.0266269 -0.02195 -0.0444168 0.0266269 -0.02285 -0.0441871 0.0270645 -0.02195 -0.0441871 0.0270645 -0.02285 -0.0438594 0.0274344 -0.02195 -0.0438594 0.0274344 -0.02285 -0.0434527 0.0277152 -0.02195 -0.0434527 0.0277152 -0.02285 -0.0429906 0.0278904 -0.02195 -0.0429906 0.0278904 -0.02285 -0.0425 0.02795 -0.02195 -0.0425 0.02795 -0.02195 -0.0408129 0.0270645 -0.02195 -0.0411406 0.0274344 -0.02195 -0.0415473 0.0277152 -0.02195 -0.0405832 0.0266269 -0.02195 -0.0420094 0.0278904 -0.02195 -0.0404649 0.0261471 -0.02195 -0.0404649 0.0256529 -0.02195 -0.0433496 0.0293468 -0.02195 -0.0405832 0.0251731 -0.02195 -0.0441498 0.0290434 -0.02195 -0.0408129 0.0247355 -0.02195 -0.0448541 0.0285572 -0.02195 -0.0411406 0.0243655 -0.02195 -0.0454216 0.0279166 -0.02195 -0.0415473 0.0240848 -0.02195 -0.0458193 0.0271588 -0.02195 -0.0420094 0.0239096 -0.02195 -0.0460241 0.0263279 -0.02195 -0.0460241 0.0254721 -0.02195 -0.0433496 0.0224531 -0.02195 -0.0458193 0.0246411 -0.02195 -0.0441498 0.0227566 -0.02195 -0.0454216 0.0238834 -0.02195 -0.0448541 0.0232428 -0.02285 -0.0420094 0.0278904 -0.02285 -0.0415473 0.0277152 -0.02285 -0.0411406 0.0274344 -0.02285 -0.0408129 0.0270645 -0.02285 -0.0405832 0.0266269 -0.02285 -0.0404649 0.0261471 -0.02285 -0.0404649 0.0256529 -0.02285 -0.0405832 0.0251731 -0.02285 -0.0408129 0.0247355 -0.02285 -0.0411406 0.0243655 -0.02285 -0.0415473 0.0240848 -0.02285 -0.0420094 0.0239096 -0.0222 -0.0433496 0.0224531 -0.0222 -0.0441498 0.0227566 -0.0222 -0.0448541 0.0232428 -0.0222 -0.0454216 0.0238834 -0.0222 -0.0458193 0.0246411 -0.0222 -0.0460241 0.0254721 -0.0222 -0.0460241 0.0263279 -0.0222 -0.0458193 0.0271588 -0.0222 -0.0454216 0.0279166 -0.0222 -0.0448541 0.0285572 -0.0222 -0.0441498 0.0290434 -0.0222 -0.0433496 0.0293468 -0.02285 -0.041413 0.027005 -0.02285 -0.0411969 0.0267398 -0.02285 -0.0416821 0.027217 -0.02285 -0.0410461 0.0264375 -0.02285 -0.0419897 0.0273636 -0.02285 -0.0422582 0.0274313 -0.02285 -0.0409673 0.0261322 -0.02285 -0.0425352 0.0274496 -0.02285 -0.0409522 0.0258154 -0.02285 -0.0428488 0.0274105 -0.02285 -0.0410013 0.025504 -0.02285 -0.0431525 0.027306 -0.02285 -0.0411198 0.025194 -0.02285 -0.0434448 0.0271291 -0.02285 -0.0413076 0.0249095 -0.02285 -0.0436924 0.0268905 -0.02285 -0.0415552 0.0246709 -0.02285 -0.0438801 0.0266059 -0.02285 -0.0418475 0.024494 -0.02285 -0.0439987 0.026296 -0.02285 -0.0421512 0.0243895 -0.02285 -0.0424648 0.0243504 -0.02285 -0.0440477 0.0259846 -0.02285 -0.0427418 0.0243687 -0.02285 -0.0440327 0.0256678 -0.02285 -0.0430102 0.0244364 -0.02285 -0.0439538 0.0253625 -0.02285 -0.0438031 0.0250602 -0.02285 -0.0433179 0.024583 -0.02285 -0.043587 0.024795 -0.02325 -0.0425718 0.0256087 -0.02253 -0.0425 0.0256 -0.02253 -0.0426056 0.0256215 -0.02325 -0.0425 0.0256 -0.02325 -0.0426394 0.0256344 -0.02325 -0.0426989 0.0256754 -0.02253 -0.0426989 0.0256754 -0.02325 -0.0427469 0.0257296 -0.02253 -0.0427637 0.0257616 -0.02325 -0.0427805 0.0257936 -0.02325 -0.0427978 0.0258638 -0.02253 -0.0427978 0.0259 -0.02325 -0.0427978 0.0259362 -0.02325 -0.0427805 0.0260064 -0.02253 -0.0427805 0.0260064 -0.02325 -0.0427469 0.0260704 -0.02253 -0.0427469 0.0260704 -0.02325 -0.0426989 0.0261245 -0.02253 -0.0426989 0.0261245 -0.02325 -0.0426394 0.0261656 -0.02253 -0.0426394 0.0261656 -0.02325 -0.0425718 0.0261913 -0.02253 -0.0425718 0.0261913 -0.02325 -0.0425 0.0262 -0.02253 -0.0425 0.0262 -0.02285 -0.0422966 0.0267253 -0.02253 -0.0425 0.0265 -0.02285 -0.0425 0.02675 -0.02253 -0.0423564 0.0264826 -0.02285 -0.042105 0.0266526 -0.02253 -0.0422212 0.0264313 -0.02285 -0.0419363 0.0265362 -0.02253 -0.0421021 0.0263491 -0.02285 -0.0418005 0.0263828 -0.02253 -0.0420062 0.0262408 -0.02285 -0.0417052 0.0262014 -0.02253 -0.041939 0.0261128 -0.02285 -0.0416562 0.0260024 -0.02253 -0.0419044 0.0259723 -0.02285 -0.0416562 0.0257975 -0.02253 -0.0419044 0.0258277 -0.02285 -0.0417052 0.0255986 -0.02253 -0.041939 0.0256872 -0.02285 -0.0418005 0.0254171 -0.02253 -0.0420062 0.0255592 -0.02285 -0.0419363 0.0252638 -0.02253 -0.0421021 0.0254509 -0.02285 -0.042105 0.0251474 -0.02253 -0.0422212 0.0253687 -0.02285 -0.0422966 0.0250747 -0.02253 -0.0423564 0.0253174 -0.02285 -0.0425 0.02505 -0.02253 -0.0425 0.0253 -0.02253 -0.0427632 0.026968 -0.02285 -0.0427034 0.0267253 -0.02253 -0.0425 0.027 -0.02253 -0.0430112 0.026874 -0.02285 -0.042895 0.0266526 -0.02253 -0.0432294 0.0267234 -0.02285 -0.0430636 0.0265362 -0.02253 -0.0434053 0.0265249 -0.02285 -0.0431995 0.0263828 -0.02253 -0.0435285 0.0262901 -0.02285 -0.0432948 0.0262014 -0.02253 -0.043592 0.0260326 -0.02285 -0.0433438 0.0260024 -0.02253 -0.043592 0.0257674 -0.02285 -0.0433438 0.0257975 -0.02253 -0.0435285 0.0255099 -0.02285 -0.0432948 0.0255986 -0.02253 -0.0434053 0.0252751 -0.02285 -0.0431995 0.0254171 -0.02253 -0.0432294 0.0250766 -0.02285 -0.0430636 0.0252638 -0.02253 -0.0430112 0.024926 -0.02285 -0.042895 0.0251474 -0.02253 -0.0427632 0.024832 -0.02285 -0.0427034 0.0250747 -0.02253 -0.0425 0.0248 -0.02253 -0.0417706 0.0267234 -0.02253 -0.041612 0.0271707 -0.02253 -0.0413538 0.0269436 -0.02253 -0.0415947 0.0265249 -0.02253 -0.0411533 0.0266679 -0.02253 -0.0419888 0.026874 -0.02253 -0.041912 0.0273342 -0.02253 -0.0414715 0.0262901 -0.02253 -0.0410208 0.0263636 -0.02253 -0.0422367 0.026968 -0.02253 -0.0422201 0.0274247 -0.02253 -0.041408 0.0260326 -0.02253 -0.0409577 0.0260548 -0.02253 -0.0425352 0.0274496 -0.02253 -0.0428111 0.0274187 -0.02253 -0.041408 0.0257674 -0.02253 -0.0409583 0.0257377 -0.02253 -0.0410232 0.0254291 -0.02253 -0.0430762 0.0273389 -0.02253 -0.0414715 0.0255099 -0.02253 -0.0411601 0.0251202 -0.02253 -0.0433769 0.0271785 -0.02253 -0.0415947 0.0252751 -0.02253 -0.041364 0.0248455 -0.02253 -0.043636 0.0269545 -0.02253 -0.0417706 0.0250766 -0.02253 -0.0416231 0.0246215 -0.02253 -0.0419888 0.024926 -0.02253 -0.0438399 0.0266798 -0.02253 -0.0419238 0.024461 -0.02253 -0.0422367 0.024832 -0.02253 -0.0439767 0.0263709 -0.02253 -0.0421889 0.0243813 -0.02253 -0.0440417 0.0260623 -0.02253 -0.0424648 0.0243504 -0.02253 -0.0440423 0.0257452 -0.02253 -0.0427798 0.0243752 -0.02253 -0.0439792 0.0254364 -0.02253 -0.043088 0.0244658 -0.02253 -0.0438467 0.0251321 -0.02253 -0.043388 0.0246293 -0.02253 -0.0436461 0.0248563 -0.02253 -0.0426436 0.0253174 -0.02253 -0.0427788 0.0253687 -0.02253 -0.0428979 0.0254509 -0.02253 -0.0429938 0.0255592 -0.02253 -0.043061 0.0256872 -0.02253 -0.0430956 0.0258277 -0.02253 -0.0430956 0.0259723 -0.02253 -0.043061 0.0261128 -0.02253 -0.0429938 0.0262408 -0.02253 -0.0428979 0.0263491 -0.02253 -0.0427788 0.0264313 -0.02253 -0.0426436 0.0264826 -0.02253 -0.0422531 0.0260704 -0.02253 -0.0423308 0.0261451 -0.02253 -0.0422065 0.0259356 -0.02253 -0.0424282 0.0261913 -0.02253 -0.0422195 0.0257936 -0.02253 -0.0422531 0.0257296 -0.02253 -0.0423011 0.0256754 -0.02253 -0.0423944 0.0256215 0.043039 -0.0673772 0.0319 0.0435847 -0.0672524 0.0319 0.0440587 -0.0669546 0.0319 -0.02325 -0.0424282 0.0261913 -0.02325 -0.0423606 0.0261656 -0.02325 -0.0423011 0.0261245 -0.02325 -0.0422531 0.0260704 -0.02325 -0.0422195 0.0260064 -0.02325 -0.0422022 0.0259362 -0.02325 -0.0422022 0.0258638 -0.02325 -0.0422195 0.0257936 -0.02325 -0.0422531 0.0257296 -0.02325 -0.0423011 0.0256754 -0.02325 -0.0423606 0.0256344 -0.02325 -0.0424282 0.0256087 -0.00084957 -0.0203 0.0224531 9.76949e-10 -0.02055 0.02235 9.76949e-10 -0.0203 0.02235 -0.00084957 -0.02055 0.0224531 -0.00164977 -0.0203 0.0227566 -0.00164977 -0.02055 0.0227566 -0.00235409 -0.0203 0.0232428 -0.00235409 -0.02055 0.0232428 -0.00292159 -0.0203 0.0238834 -0.00292159 -0.02055 0.0238834 -0.00331931 -0.0203 0.0246411 -0.00331931 -0.02055 0.0246411 -0.00352412 -0.0203 0.0254721 -0.00352412 -0.02055 0.0254721 -0.00352412 -0.0203 0.0263279 -0.00352412 -0.02055 0.0263279 -0.00331931 -0.0203 0.0271588 -0.00331931 -0.02055 0.0271588 -0.00292159 -0.0203 0.0279166 -0.00292159 -0.02055 0.0279166 -0.00235409 -0.0203 0.0285572 -0.00235409 -0.02055 0.0285572 -0.00164977 -0.0203 0.0290434 -0.00164977 -0.02055 0.0290434 -0.00084957 -0.0203 0.0293468 -0.00084957 -0.02055 0.0293468 1.2873e-09 -0.0203 0.02945 1.2873e-09 -0.02055 0.02945 0.000490596 -0.01965 0.0278904 1.22173e-09 -0.02055 0.02795 0.000490596 -0.02055 0.0278904 1.22173e-09 -0.01965 0.02795 0.000952684 -0.01965 0.0277152 0.000952684 -0.02055 0.0277152 0.0013594 -0.01965 0.0274344 0.0013594 -0.02055 0.0274344 0.00168712 -0.01965 0.0270645 0.00168712 -0.02055 0.0270645 0.00191678 -0.01965 0.0266269 0.00191678 -0.02055 0.0266269 0.00203505 -0.01965 0.0261471 0.00203505 -0.02055 0.0261471 0.00203505 -0.01965 0.0256529 0.00203505 -0.02055 0.0256529 0.00191678 -0.01965 0.0251731 0.00191678 -0.02055 0.0251731 0.00168712 -0.01965 0.0247355 0.00168712 -0.02055 0.0247355 0.0013594 -0.01965 0.0243655 0.0013594 -0.02055 0.0243655 0.000952684 -0.01965 0.0240848 0.000952684 -0.02055 0.0240848 0.000490598 -0.01965 0.0239096 0.000490598 -0.02055 0.0239096 1.04252e-09 -0.01965 0.02385 1.04252e-09 -0.02055 0.02385 -0.00168712 -0.02055 0.0247355 -0.0013594 -0.02055 0.0243655 -0.000952685 -0.02055 0.0240848 -0.00191678 -0.02055 0.0251731 -0.000490596 -0.02055 0.0239096 -0.00203505 -0.02055 0.0256529 -0.00203505 -0.02055 0.0261471 0.000849572 -0.02055 0.0224531 -0.00191678 -0.02055 0.0266269 0.00164977 -0.02055 0.0227566 -0.00168712 -0.02055 0.0270645 0.00235408 -0.02055 0.0232428 -0.0013594 -0.02055 0.0274344 0.00292159 -0.02055 0.0238834 -0.000952685 -0.02055 0.0277152 0.00331931 -0.02055 0.0246411 -0.000490598 -0.02055 0.0278904 0.00352412 -0.02055 0.0254721 0.00352412 -0.02055 0.0263279 0.000849573 -0.02055 0.0293468 0.00331931 -0.02055 0.0271588 0.00164977 -0.02055 0.0290434 0.00292159 -0.02055 0.0279166 0.00235409 -0.02055 0.0285572 -0.000490596 -0.01965 0.0239096 -0.000952685 -0.01965 0.0240848 -0.0013594 -0.01965 0.0243655 -0.00168712 -0.01965 0.0247355 -0.00191678 -0.01965 0.0251731 -0.00203505 -0.01965 0.0256529 -0.00203505 -0.01965 0.0261471 -0.00191678 -0.01965 0.0266269 -0.00168712 -0.01965 0.0270645 -0.0013594 -0.01965 0.0274344 -0.000952685 -0.01965 0.0277152 -0.000490598 -0.01965 0.0278904 0.000849573 -0.0203 0.0293468 0.00164977 -0.0203 0.0290434 0.00235409 -0.0203 0.0285572 0.00292159 -0.0203 0.0279166 0.00331931 -0.0203 0.0271588 0.00352412 -0.0203 0.0263279 0.00352412 -0.0203 0.0254721 0.00331931 -0.0203 0.0246411 0.00292159 -0.0203 0.0238834 0.00235408 -0.0203 0.0232428 0.00164977 -0.0203 0.0227566 0.000849572 -0.0203 0.0224531 -0.00109844 -0.01965 0.0248064 -0.000831599 -0.01965 0.0245916 -0.00131179 -0.01965 0.0250738 -0.000525474 -0.01965 0.0244418 -0.00145937 -0.01965 0.0253777 -0.000257716 -0.01965 0.0243713 -0.00153507 -0.01965 0.0256838 1.90555e-05 -0.01965 0.0243501 -0.00154679 -0.01965 0.0260007 0.000333043 -0.01965 0.024386 -0.0014945 -0.01965 0.0263115 0.000637849 -0.01965 0.0244873 -0.00137271 -0.01965 0.0266203 0.000931934 -0.01965 0.0246611 -0.00118199 -0.01965 0.0269029 0.00118199 -0.01965 0.0248971 -0.000931933 -0.01965 0.0271388 0.00137272 -0.01965 0.0251797 -0.000637847 -0.01965 0.0273127 0.0014945 -0.01965 0.0254884 -0.000333043 -0.01965 0.027414 0.00154679 -0.01965 0.0257992 0.000257718 -0.01965 0.0274287 -1.9057e-05 -0.01965 0.0274499 0.00153506 -0.01965 0.0261162 0.000525474 -0.01965 0.0273582 0.00145937 -0.01965 0.0264223 0.00131179 -0.01965 0.0267262 0.000831599 -0.01965 0.0272084 0.00109844 -0.01965 0.0269936 7.17938e-05 -0.01925 0.0261913 -3.58971e-05 -0.01997 0.0261956 7.17938e-05 -0.01997 0.0261913 1.14524e-09 -0.01925 0.0262 0.000139419 -0.01925 0.0261656 0.000169177 -0.01997 0.0261451 0.000198938 -0.01925 0.0261245 0.000246896 -0.01925 0.0260704 0.000263702 -0.01997 0.0260384 0.000280505 -0.01925 0.0260064 0.000297813 -0.01925 0.0259362 0.000297813 -0.01997 0.0259362 0.000297813 -0.01925 0.0258638 0.000289161 -0.01997 0.0258287 0.000280507 -0.01925 0.0257936 0.000246896 -0.01925 0.0257296 0.000222917 -0.01997 0.0257025 0.000198938 -0.01925 0.0256754 0.000105607 -0.01925 0.0256215 0.000105607 -0.01997 0.0256215 1.11901e-09 -0.01925 0.0256 1.11901e-09 -0.01997 0.0256 -0.000203418 -0.01965 0.0250747 1.1059e-09 -0.01997 0.0253 1.09497e-09 -0.01965 0.02505 -0.000143588 -0.01997 0.0253174 -0.000395017 -0.01965 0.0251474 -0.000278834 -0.01997 0.0253687 -0.000563655 -0.01965 0.0252638 -0.000397876 -0.01997 0.0254509 -0.000699538 -0.01965 0.0254171 -0.00049379 -0.01997 0.0255592 -0.000794764 -0.01965 0.0255986 -0.000561009 -0.01997 0.0256872 -0.000843804 -0.01965 0.0257975 -0.000595626 -0.01997 0.0258277 -0.000843804 -0.01965 0.0260024 -0.000595626 -0.01997 0.0259723 -0.000794764 -0.01965 0.0262014 -0.000561009 -0.01997 0.0261128 -0.000699538 -0.01965 0.0263828 -0.00049379 -0.01997 0.0262408 -0.000563655 -0.01965 0.0265362 -0.000397876 -0.01997 0.0263491 -0.000395016 -0.01965 0.0266526 -0.000278834 -0.01997 0.0264313 -0.000203418 -0.01965 0.0267253 -0.000143588 -0.01997 0.0264826 1.16928e-09 -0.01965 0.02675 1.15835e-09 -0.01997 0.0265 0.00026325 -0.01997 0.024832 0.000203418 -0.01965 0.0250747 1.08404e-09 -0.01997 0.0248 0.000511197 -0.01997 0.024926 0.000395017 -0.01965 0.0251474 0.000729436 -0.01997 0.0250766 0.000563657 -0.01965 0.0252638 0.000905284 -0.01997 0.0252751 0.000699538 -0.01965 0.0254171 0.00102852 -0.01997 0.0255099 0.000794767 -0.01965 0.0255986 0.00109198 -0.01997 0.0257674 0.000843805 -0.01965 0.0257975 0.00109198 -0.01997 0.0260326 0.000843805 -0.01965 0.0260024 0.00102852 -0.01997 0.0262901 0.000794767 -0.01965 0.0262014 0.000905284 -0.01997 0.0265249 0.000699538 -0.01965 0.0263828 0.000729436 -0.01997 0.0267234 0.000563657 -0.01965 0.0265362 0.000511197 -0.01997 0.026874 0.000395017 -0.01965 0.0266526 0.00026325 -0.01997 0.026968 0.000203418 -0.01965 0.0267253 1.18021e-09 -0.01997 0.027 -0.000729434 -0.01997 0.0250766 -0.000901194 -0.01997 0.0246386 -0.00115697 -0.01997 0.0248683 -0.000905282 -0.01997 0.0252751 -0.00135459 -0.01997 0.0251462 -0.000511195 -0.01997 0.024926 -0.000602925 -0.01997 0.024472 -0.00102852 -0.01997 0.0255099 -0.00148393 -0.01997 0.0254518 -0.000263247 -0.01997 0.024832 -0.00029572 -0.01997 0.0243782 -0.00109198 -0.01997 0.0257674 -0.00154384 -0.01997 0.0257612 0.000295221 -0.01997 0.0243781 1.90555e-05 -0.01997 0.0243501 -0.00109198 -0.01997 0.0260326 -0.00153991 -0.01997 0.0260784 -0.00147177 -0.01997 0.0263863 0.000561164 -0.01997 0.0244551 -0.00102852 -0.01997 0.0262901 -0.00133171 -0.01997 0.0266937 0.000863515 -0.01997 0.0246124 -0.000905282 -0.01997 0.0265249 -0.00112499 -0.01997 0.0269662 0.00112499 -0.01997 0.0248337 -0.000729434 -0.01997 0.0267234 -0.000863515 -0.01997 0.0271876 -0.000511197 -0.01997 0.026874 0.0013317 -0.01997 0.0251063 -0.000561164 -0.01997 0.0273449 -0.000263247 -0.01997 0.026968 0.00147177 -0.01997 0.0254137 -0.000295218 -0.01997 0.0274219 0.00153991 -0.01997 0.0257216 -1.9057e-05 -0.01997 0.0274499 0.00154384 -0.01997 0.0260387 0.000295722 -0.01997 0.0274217 0.00148393 -0.01997 0.0263482 0.000602924 -0.01997 0.027328 0.00135459 -0.01997 0.0266538 0.000901195 -0.01997 0.0271614 0.00115697 -0.01997 0.0269316 0.00014359 -0.01997 0.0264826 0.000278835 -0.01997 0.0264313 0.000397876 -0.01997 0.0263491 0.000493791 -0.01997 0.0262408 0.000561012 -0.01997 0.0261128 0.000595628 -0.01997 0.0259723 0.000595628 -0.01997 0.0258277 0.000561011 -0.01997 0.0256872 0.000493791 -0.01997 0.0255592 0.000397876 -0.01997 0.0254509 0.000278835 -0.01997 0.0253687 0.00014359 -0.01997 0.0253174 -0.000263701 -0.01997 0.0257616 -0.000198935 -0.01997 0.0256754 -0.000105605 -0.01997 0.0256215 -0.000297812 -0.01997 0.0258638 -0.000289161 -0.01997 0.0259713 -0.000246896 -0.01997 0.0260704 -0.000169177 -0.01997 0.0261451 -7.17934e-05 -0.01925 0.0256087 -0.000139418 -0.01925 0.0256344 -0.000198935 -0.01925 0.0256754 -0.000246896 -0.01925 0.0257296 -0.000280505 -0.01925 0.0257936 -0.000297812 -0.01925 0.0258638 -0.000297812 -0.01925 0.0259362 -0.000280505 -0.01925 0.0260064 -0.000246896 -0.01925 0.0260704 -0.000198935 -0.01925 0.0261245 -0.000139418 -0.01925 0.0261656 -7.17934e-05 -0.01925 0.0261913 -0.0252582 -0.0491554 0.0269 -0.025215 -0.0488 0.0319 -0.0253001 -0.0491451 0.0319 -0.025215 -0.0488 0.0269 -0.0253851 -0.0494901 0.0269 -0.0253851 -0.0494901 0.0319 -0.0255885 -0.0497847 0.0269 -0.0255885 -0.0497847 0.0319 -0.0258564 -0.0500221 0.0269 -0.0258787 -0.0499853 0.0319 -0.0261734 -0.0501885 0.0269 -0.0261887 -0.0501481 0.0319 -0.026521 -0.0502742 0.0269 -0.026521 -0.0502742 0.0319 -0.026879 -0.0502742 0.0269 -0.026879 -0.0502742 0.0319 -0.0272266 -0.0501885 0.0269 -0.0272266 -0.0501885 0.0319 -0.0275436 -0.0500221 0.0269 -0.0275436 -0.0500221 0.0319 -0.0278115 -0.0497847 0.0269 -0.0278115 -0.0497847 0.0319 -0.0280149 -0.0494901 0.0269 -0.0280149 -0.0494901 0.0319 -0.0281419 -0.0491554 0.0269 -0.0281419 -0.0491554 0.0319 -0.028185 -0.0488 0.0269 -0.028185 -0.0488 0.0319 -0.0281419 -0.0484446 0.0269 -0.0281419 -0.0484446 0.0319 -0.0280149 -0.0481099 0.0269 -0.0280149 -0.0481099 0.0319 -0.0278115 -0.0478153 0.0269 -0.0278115 -0.0478153 0.0319 -0.0275436 -0.0475779 0.0269 -0.0275436 -0.0475779 0.0319 -0.0272266 -0.0474115 0.0269 -0.0272266 -0.0474115 0.0319 -0.026879 -0.0473258 0.0269 -0.026879 -0.0473258 0.0319 -0.026521 -0.0473258 0.0269 -0.026521 -0.0473258 0.0319 -0.0261734 -0.0474115 0.0269 -0.0261734 -0.0474115 0.0319 -0.0258564 -0.0475779 0.0269 -0.0258564 -0.0475779 0.0319 -0.0255885 -0.0478153 0.0269 -0.0255885 -0.0478153 0.0319 -0.0253851 -0.0481099 0.0269 -0.0253851 -0.0481099 0.0319 -0.0252582 -0.0484446 0.0269 -0.0252582 -0.0484446 0.0319 0.00774185 -0.0161554 0.0269 0.007785 -0.0158 0.0319 0.00769995 -0.0161451 0.0319 0.007785 -0.0158 0.0269 0.0076149 -0.0164901 0.0269 0.00759641 -0.0164789 0.0319 0.00741154 -0.0167847 0.0269 0.00741154 -0.0167847 0.0319 0.00714358 -0.0170221 0.0269 0.00713025 -0.0170051 0.0319 0.00682659 -0.0171885 0.0269 0.00681129 -0.0171481 0.0319 0.006479 -0.0172742 0.0269 0.006479 -0.0172742 0.0319 0.006121 -0.0172742 0.0269 0.006121 -0.0172742 0.0319 0.00577341 -0.0171885 0.0269 0.00577341 -0.0171885 0.0319 0.00545642 -0.0170221 0.0269 0.00545642 -0.0170221 0.0319 0.00518846 -0.0167847 0.0269 0.00518846 -0.0167847 0.0319 0.0049851 -0.0164901 0.0269 0.0049851 -0.0164901 0.0319 0.00485815 -0.0161554 0.0269 0.00485815 -0.0161554 0.0319 0.004815 -0.0158 0.0269 0.004815 -0.0158 0.0319 0.00485815 -0.0154446 0.0269 0.00485815 -0.0154446 0.0319 0.0049851 -0.0151099 0.0269 0.0049851 -0.0151099 0.0319 0.00518846 -0.0148153 0.0269 0.00518846 -0.0148153 0.0319 0.00545642 -0.0145779 0.0269 0.00545642 -0.0145779 0.0319 0.00577341 -0.0144115 0.0269 0.00577341 -0.0144115 0.0319 0.006121 -0.0143258 0.0269 0.006121 -0.0143258 0.0319 0.006479 -0.0143258 0.0269 0.006479 -0.0143258 0.0319 0.00682659 -0.0144115 0.0269 0.00682659 -0.0144115 0.0319 0.00714358 -0.0145779 0.0269 0.00714358 -0.0145779 0.0319 0.00741154 -0.0148153 0.0269 0.00741154 -0.0148153 0.0319 0.0076149 -0.0151099 0.0269 0.0076149 -0.0151099 0.0319 0.00774185 -0.0154446 0.0269 0.00774185 -0.0154446 0.0319 0.0373748 -0.073 0.0280562 0.0374944 -0.0731641 0.0280397 0.0374944 -0.073 0.0280707 0.0372621 -0.073 0.0280135 0.0373748 -0.073 0.0270853 0.0374944 -0.0732142 0.0271259 0.0372621 -0.073 0.027128 0.0374944 -0.073 0.0270707 0.0372823 -0.0733535 0.0278536 0.0374944 -0.0733909 0.0278825 0.0375336 -0.0732896 0.0279605 0.0371629 -0.073 0.027945 0.0370829 -0.073 0.0278548 0.0371409 -0.0733535 0.0275707 0.0370269 -0.073 0.0273934 0.0370829 -0.073 0.0272867 0.0369981 -0.073 0.0275105 0.0369981 -0.073 0.027631 0.0370269 -0.073 0.027748 0.0372823 -0.0733535 0.0272879 0.0374944 -0.0734207 0.0273064 0.0371629 -0.073 0.0271965 0.0373674 -0.0734519 0.0277401 0.0374944 -0.0734813 0.02767 0.0374944 -0.0734505 0.0277877 0.0373674 -0.0734519 0.0274014 0.0375095 -0.0734823 0.027521 0.0376141 -0.0695 0.0280562 0.0376141 -0.073 0.0280562 0.0374944 -0.0695 0.0280707 0.0377268 -0.0695 0.0280135 0.0377268 -0.073 0.0280135 0.037826 -0.0695 0.027945 0.037826 -0.073 0.027945 0.0379059 -0.0695 0.0278548 0.0379059 -0.073 0.0278548 0.0379619 -0.0695 0.027748 0.0379619 -0.073 0.027748 0.0379908 -0.0695 0.027631 0.0379908 -0.073 0.027631 0.0379908 -0.0695 0.0275105 0.0379908 -0.073 0.0275105 0.0379619 -0.0695 0.0273934 0.0379619 -0.073 0.0273934 0.0379059 -0.0695 0.0272867 0.0379059 -0.073 0.0272867 0.037826 -0.0695 0.0271965 0.037826 -0.073 0.0271965 0.0377268 -0.0695 0.027128 0.0377268 -0.073 0.027128 0.0376141 -0.0695 0.0270853 0.0376141 -0.073 0.0270853 0.0374944 -0.0695 0.0270707 0.0373748 -0.0695 0.0270853 0.0372621 -0.0695 0.027128 0.0371629 -0.0695 0.0271965 0.0370829 -0.0695 0.0272867 0.0370269 -0.0695 0.0273934 0.0369981 -0.0695 0.0275105 0.0369981 -0.0695 0.027631 0.0370269 -0.0695 0.027748 0.0370829 -0.0695 0.0278548 0.0371629 -0.0695 0.027945 0.0372621 -0.0695 0.0280135 0.0373748 -0.0695 0.0280562 0.0377066 -0.0733535 0.0272879 0.037848 -0.0733535 0.0275707 0.0377066 -0.0733535 0.0278536 0.0376215 -0.0734519 0.0277401 0.0376785 -0.0734649 0.0275707 0.0393944 -0.0731113 0.0243625 0.0393944 -0.0732169 0.0243995 0.0391621 -0.073 0.0244073 0.0392748 -0.073 0.0243645 0.0393944 -0.073 0.02435 0.0391817 -0.0733536 0.0251397 0.0393944 -0.0733909 0.0251617 0.0393944 -0.0732643 0.0252637 0.0390629 -0.073 0.0252242 0.038983 -0.073 0.025134 0.039219 -0.073 0.0253072 0.0393944 -0.0731025 0.0253333 0.0390409 -0.0733535 0.02485 0.0389269 -0.073 0.0246727 0.038983 -0.073 0.024566 0.0388981 -0.073 0.0247897 0.0388981 -0.073 0.0249103 0.0389269 -0.073 0.0250273 0.0391823 -0.0733535 0.0245671 0.0393944 -0.0733117 0.0244591 0.0393944 -0.0733909 0.0245382 0.0390629 -0.073 0.0244757 0.039295 -0.0734483 0.0250368 0.0393833 -0.0734918 0.0248371 0.0394017 -0.0734819 0.0249164 0.0392674 -0.0734519 0.0246806 0.0393944 -0.0734505 0.024633 0.0392104 -0.0734649 0.02485 0.0395141 -0.0695 0.0253355 0.0395169 -0.0730256 0.0253244 0.0393944 -0.0695 0.02535 0.0396268 -0.0695 0.0252927 0.0396262 -0.073 0.0252856 0.039726 -0.0695 0.0252242 0.039726 -0.073 0.0252242 0.0398059 -0.0695 0.025134 0.0398059 -0.073 0.025134 0.0398619 -0.0695 0.0250273 0.0398619 -0.073 0.0250273 0.0398908 -0.0695 0.0249103 0.0398908 -0.073 0.0249103 0.0398908 -0.0695 0.0247897 0.0398908 -0.073 0.0247897 0.0398619 -0.0695 0.0246727 0.0398619 -0.073 0.0246727 0.0398059 -0.0695 0.024566 0.0398059 -0.073 0.024566 0.039726 -0.0695 0.0244757 0.039726 -0.073 0.0244757 0.0396268 -0.0695 0.0244073 0.0396268 -0.073 0.0244073 0.0395141 -0.0695 0.0243645 0.0395141 -0.073 0.0243645 0.0393944 -0.0695 0.02435 0.0392748 -0.0695 0.0243645 0.0391621 -0.0695 0.0244073 0.0390629 -0.0695 0.0244757 0.038983 -0.0695 0.024566 0.0389269 -0.0695 0.0246727 0.0388981 -0.0695 0.0247897 0.0388981 -0.0695 0.0249103 0.0389269 -0.0695 0.0250273 0.038983 -0.0695 0.025134 0.0390629 -0.0695 0.0252242 0.0391621 -0.0695 0.0252927 0.0392748 -0.0695 0.0253355 0.0396066 -0.0733535 0.0245671 0.039748 -0.0733535 0.02485 0.0396071 -0.0733536 0.0251399 0.0395215 -0.0734519 0.0246806 0.0395304 -0.0734521 0.0250514 0.0395176 -0.0734781 0.0247965 0.00439253 -0.0875 0.026774 0.00412298 -0.0875 0.0277036 0.00359941 -0.0875 0.0286012 0.0392748 -0.073 0.0274355 0.0393944 -0.0732142 0.0273948 0.0393944 -0.073 0.02745 0.0391621 -0.073 0.0273927 0.0392748 -0.073 0.0264645 0.0393944 -0.0732142 0.0265052 0.0391621 -0.073 0.0265073 0.0393944 -0.073 0.02645 0.0391823 -0.0733535 0.0272328 0.0393944 -0.0733909 0.0272617 0.0390629 -0.073 0.0273242 0.038983 -0.073 0.027234 0.0390409 -0.0733535 0.02695 0.0389269 -0.073 0.0267727 0.038983 -0.073 0.026666 0.0388981 -0.073 0.0268897 0.0388981 -0.073 0.0270103 0.0389269 -0.073 0.0271273 0.0391823 -0.0733535 0.0266671 0.0393944 -0.0733909 0.0266382 0.0390629 -0.073 0.0265757 0.0393409 -0.073469 0.0270835 0.0393944 -0.0734505 0.0271669 0.0393033 -0.073464 0.0268007 0.0393944 -0.0734505 0.026733 0.0394346 -0.0734958 0.0269286 0.0392104 -0.0734649 0.02695 0.0395141 -0.0695 0.0274355 0.0395141 -0.073 0.0274355 0.0393944 -0.0695 0.02745 0.0396268 -0.0695 0.0273927 0.0396268 -0.073 0.0273927 0.039726 -0.0695 0.0273242 0.039726 -0.073 0.0273242 0.0398059 -0.0695 0.027234 0.0398059 -0.073 0.027234 0.0398619 -0.0695 0.0271273 0.0398619 -0.073 0.0271273 0.0398908 -0.0695 0.0270103 0.0398908 -0.073 0.0270103 0.0398908 -0.0695 0.0268897 0.0398908 -0.073 0.0268897 0.0398619 -0.0695 0.0267727 0.0398619 -0.073 0.0267727 0.0398059 -0.0695 0.026666 0.0398059 -0.073 0.026666 0.039726 -0.0695 0.0265757 0.039726 -0.073 0.0265757 0.0396268 -0.0695 0.0265073 0.0396268 -0.073 0.0265073 0.0395141 -0.0695 0.0264645 0.0395141 -0.073 0.0264645 0.0393944 -0.0695 0.02645 0.0392748 -0.0695 0.0264645 0.0391621 -0.0695 0.0265073 0.0390629 -0.0695 0.0265757 0.038983 -0.0695 0.026666 0.0389269 -0.0695 0.0267727 0.0388981 -0.0695 0.0268897 0.0388981 -0.0695 0.0270103 0.0389269 -0.0695 0.0271273 0.038983 -0.0695 0.027234 0.0390629 -0.0695 0.0273242 0.0391621 -0.0695 0.0273927 0.0392748 -0.0695 0.0274355 0.0396066 -0.0733535 0.0266671 0.039748 -0.0733535 0.02695 0.0396066 -0.0733535 0.0272328 0.0395215 -0.0734519 0.0267806 0.0395785 -0.0734649 0.02695 0.037372 -0.0730256 0.0247037 0.0374944 -0.0731113 0.0247167 0.0374944 -0.073 0.0247292 0.0372621 -0.073 0.024672 0.0374944 -0.0732643 0.0246499 0.0373748 -0.073 0.0237438 0.0374944 -0.0732142 0.0237844 0.0372621 -0.073 0.0237865 0.0374944 -0.073 0.0237292 0.0372823 -0.0733535 0.0245121 0.0374944 -0.0733909 0.024541 0.0371629 -0.073 0.0246035 0.0370829 -0.073 0.0245133 0.0371409 -0.0733535 0.0242292 0.0370269 -0.073 0.0240519 0.0370829 -0.073 0.0239452 0.0369981 -0.073 0.024169 0.0369981 -0.073 0.0242895 0.0370269 -0.073 0.0244066 0.0372823 -0.0733535 0.0239464 0.0374944 -0.0734207 0.0239649 0.0371629 -0.073 0.023855 0.037384 -0.0734649 0.0243765 0.0374944 -0.0734893 0.0242292 0.0374226 -0.0734447 0.0244335 0.0373674 -0.0734519 0.0240599 0.0376141 -0.0695 0.0247147 0.0376141 -0.073 0.0247147 0.0374944 -0.0695 0.0247292 0.0377268 -0.0695 0.024672 0.0377268 -0.073 0.024672 0.037826 -0.0695 0.0246035 0.037826 -0.073 0.0246035 0.0379059 -0.0695 0.0245133 0.0379059 -0.073 0.0245133 0.0379619 -0.0695 0.0244066 0.0379619 -0.073 0.0244066 0.0379908 -0.0695 0.0242895 0.0379908 -0.073 0.0242895 0.0379908 -0.0695 0.024169 0.0379908 -0.073 0.024169 0.0379619 -0.0695 0.0240519 0.0379619 -0.073 0.0240519 0.0379059 -0.0695 0.0239452 0.0379059 -0.073 0.0239452 0.037826 -0.0695 0.023855 0.037826 -0.073 0.023855 0.0377268 -0.0695 0.0237865 0.0377268 -0.073 0.0237865 0.0376141 -0.0695 0.0237438 0.0376141 -0.073 0.0237438 0.0374944 -0.0695 0.0237292 0.0373748 -0.0695 0.0237438 0.0372621 -0.0695 0.0237865 0.0371629 -0.0695 0.023855 0.0370829 -0.0695 0.0239452 0.0370269 -0.0695 0.0240519 0.0369981 -0.0695 0.024169 0.0369981 -0.0695 0.0242895 0.0370269 -0.0695 0.0244066 0.0370829 -0.0695 0.0245133 0.0371629 -0.0695 0.0246035 0.0372621 -0.0695 0.024672 0.0373748 -0.0695 0.0247147 0.0377066 -0.0733535 0.0239464 0.037848 -0.0733535 0.0242292 0.0377066 -0.0733535 0.0245121 0.0376215 -0.0734519 0.0240599 0.0376215 -0.0734519 0.0243986 0.0387778 -0.072 0.0227444 0.038 -0.071 0.02265 0.0387778 -0.071 0.0227444 0.038 -0.072 0.02265 0.0395103 -0.072 0.0230223 0.0395103 -0.071 0.0230223 0.0401551 -0.072 0.0234673 0.0401551 -0.071 0.0234673 0.0406747 -0.072 0.0240538 0.0406747 -0.071 0.0240538 0.0410388 -0.072 0.0247475 0.0410388 -0.071 0.0247475 0.0412263 -0.072 0.0255082 0.0412263 -0.071 0.0255082 0.0412263 -0.072 0.0262917 0.0412263 -0.071 0.0262917 0.0410388 -0.072 0.0270525 0.0410388 -0.071 0.0270525 0.0406747 -0.072 0.0277462 0.0406747 -0.071 0.0277462 0.0401551 -0.072 0.0283327 0.0401551 -0.071 0.0283327 0.0395103 -0.072 0.0287777 0.0395103 -0.071 0.0287777 0.0387778 -0.072 0.0290556 0.0387778 -0.071 0.0290556 0.038 -0.072 0.02915 0.038 -0.071 0.02915 0.0388376 -0.0725 0.0225017 0.038 -0.072 0.0224 0.0388376 -0.072 0.0225017 0.038 -0.0725 0.0224 0.0396265 -0.0725 0.0228009 0.0396265 -0.072 0.0228009 0.0403209 -0.0725 0.0232802 0.0403209 -0.072 0.0232802 0.0408804 -0.0725 0.0239118 0.0408804 -0.072 0.0239118 0.0412726 -0.0725 0.0246589 0.0412726 -0.072 0.0246589 0.0414745 -0.0725 0.0254781 0.0414745 -0.072 0.0254781 0.0414745 -0.0725 0.0263219 0.0414745 -0.072 0.0263219 0.0412726 -0.0725 0.0271411 0.0412726 -0.072 0.0271411 0.0408804 -0.0725 0.0278882 0.0408804 -0.072 0.0278882 0.0403209 -0.0725 0.0285198 0.0403209 -0.072 0.0285198 0.0396265 -0.0725 0.0289991 0.0396265 -0.072 0.0289991 0.0388376 -0.0725 0.0292983 0.0388376 -0.072 0.0292983 0.038 -0.0725 0.0294 0.038 -0.072 0.0294 0.0372821 -0.0695 0.0229872 0.038 -0.074 0.0229 0.038 -0.0695 0.0229 0.0372821 -0.074 0.0229872 0.0366058 -0.0695 0.0232436 0.0366058 -0.074 0.0232436 0.0360106 -0.0695 0.0236545 0.0360106 -0.074 0.0236545 0.035531 -0.0695 0.0241958 0.035531 -0.074 0.0241958 0.035195 -0.0695 0.0248362 0.035195 -0.074 0.0248362 0.0350219 -0.0695 0.0255384 0.0350219 -0.074 0.0255384 0.0350219 -0.0695 0.0262616 0.0350219 -0.074 0.0262616 0.035195 -0.0695 0.0269638 0.035195 -0.074 0.0269638 0.035531 -0.0695 0.0276042 0.035531 -0.074 0.0276042 0.0360106 -0.0695 0.0281455 0.0360106 -0.074 0.0281455 0.0366058 -0.0695 0.0285564 0.0366058 -0.074 0.0285564 0.0372821 -0.0695 0.0288128 0.0372821 -0.074 0.0288128 0.038 -0.0695 0.0289 0.038 -0.074 0.0289 0.0391543 -0.07325 0.0290715 0.0387778 -0.074 0.0290556 0.0395103 -0.074 0.0287777 0.038 -0.074 0.02915 0.0401694 -0.07325 0.0284854 0.0401551 -0.074 0.0283327 0.0406747 -0.074 0.0277462 0.0409228 -0.07325 0.0275875 0.0410388 -0.074 0.0270525 0.0413237 -0.07325 0.0264861 0.0412263 -0.074 0.0262917 0.0413237 -0.07325 0.0253139 0.0412263 -0.074 0.0255082 0.0410388 -0.074 0.0247475 0.0409228 -0.07325 0.0242125 0.0406747 -0.074 0.0240538 0.0401694 -0.07325 0.0233146 0.0401551 -0.074 0.0234673 0.0395103 -0.074 0.0230223 0.0391543 -0.07325 0.0227285 0.0387778 -0.074 0.0227444 0.038 -0.074 0.02265 0.0387651 -0.068 0.0227413 0.038 -0.0675 0.02265 0.0387778 -0.0675 0.0227444 0.038 -0.068 0.02265 0.0394871 -0.068 0.0230102 0.0395103 -0.0675 0.0230223 0.0401256 -0.068 0.0234415 0.0401551 -0.0675 0.0234673 0.0406446 -0.068 0.024011 0.0406747 -0.0675 0.0240538 0.041015 -0.068 0.0246866 0.0410388 -0.0675 0.0247475 0.0412159 -0.068 0.0254304 0.0412263 -0.0675 0.0255082 0.0412361 -0.068 0.0262007 0.0412263 -0.0675 0.0262917 0.0410743 -0.068 0.026954 0.0410388 -0.0675 0.0270525 0.0407609 -0.068 0.0276616 0.0406747 -0.0675 0.0277462 0.0404616 -0.068 0.0280328 0.0401551 -0.0675 0.0283327 0.0401194 -0.068 0.0283647 0.0397367 -0.068 0.0286471 0.0395103 -0.0675 0.0287777 0.0393175 -0.068 0.0288717 0.0387778 -0.0675 0.0290556 0.0388709 -0.068 0.0290385 0.0384071 -0.068 0.0291496 0.038 -0.0675 0.02915 0.0382697 -0.068 0.0291388 0.038135 -0.068 0.0291472 0.038 -0.068 0.02915 0.04198 -0.0685441 0.0265118 0.0419863 -0.0685505 0.0257205 0.0419912 -0.068522 0.0255681 0.0419449 -0.0685802 0.0263352 0.0418154 -0.0686129 0.0269862 0.041725 -0.0685 0.0273576 0.0416033 -0.0686479 0.0276367 0.0413026 -0.0685 0.0281566 0.041256 -0.0686834 0.0282234 0.0407117 -0.0685 0.0288405 0.0408181 -0.0687181 0.0287387 0.0403118 -0.0687504 0.0291643 0.0399824 -0.0685 0.0293742 0.0397317 -0.0687815 0.0295057 0.0393717 -0.0685318 0.0296575 0.0388987 -0.0688249 0.0297886 0.0387018 -0.0685667 0.0298379 0.038 -0.0686032 0.0299 0.038 -0.0688717 0.0299 0.0383805 -0.0695166 0.0219181 0.038 -0.0694967 0.0219 0.038 -0.0692282 0.0219 0.0388991 -0.0692751 0.0220023 0.0387558 -0.0695361 0.0219721 0.0394 -0.0695697 0.022153 0.0397317 -0.0693184 0.0222943 0.039988 -0.0696003 0.022429 0.0403118 -0.0693495 0.0226357 0.0405228 -0.0696308 0.0227959 0.0408181 -0.0693819 0.0230612 0.0410045 -0.0696642 0.0232594 0.041256 -0.0694166 0.0235765 0.0414082 -0.0696994 0.0238062 0.0416033 -0.0694521 0.0241633 0.0417141 -0.0697348 0.0244149 0.0418447 -0.0694869 0.0247963 0.0419105 -0.069769 0.0250587 0.0419743 -0.0695196 0.0254473 0.0419954 -0.0698005 0.0257089 0.0419954 -0.0695495 0.0260911 0.0419743 -0.0698303 0.0263527 0.0419105 -0.069581 0.0267413 0.0418447 -0.0698631 0.0270037 0.0417141 -0.0696152 0.0273851 0.0415984 -0.0698979 0.0276272 0.0414082 -0.0696506 0.0279938 0.041256 -0.0699334 0.0282234 0.0410045 -0.0696858 0.0285406 0.0408181 -0.0699681 0.0287387 0.0405228 -0.0697192 0.0290041 0.0403118 -0.0700004 0.0291643 0.039988 -0.0697497 0.029371 0.0397317 -0.0700316 0.0295057 0.0394 -0.0697803 0.029647 0.0388985 -0.0700749 0.0297896 0.0387558 -0.0698139 0.0298279 0.0383805 -0.0698334 0.0298819 0.038 -0.0701217 0.0299 0.038 -0.0698532 0.0299 0.0376195 -0.0688916 0.0298819 0.0371009 -0.0686501 0.0297976 0.0372442 -0.0689111 0.0298279 0.0366 -0.0689447 0.029647 0.0362683 -0.0686934 0.0295057 0.036012 -0.0689753 0.029371 0.0356882 -0.0687245 0.0291643 0.0354772 -0.0690058 0.0290041 0.0351819 -0.0687569 0.0287387 0.0349955 -0.0690392 0.0285406 0.034744 -0.0687916 0.0282234 0.0345918 -0.0690744 0.0279938 0.0343967 -0.0688271 0.0276367 0.0342859 -0.0691098 0.0273851 0.0341553 -0.0688619 0.0270037 0.0340895 -0.069144 0.0267413 0.0340257 -0.0688946 0.0263527 0.0340046 -0.0691755 0.0260911 0.0340046 -0.0689245 0.0257089 0.0340257 -0.0692053 0.0254473 0.0340895 -0.068956 0.0250587 0.0341553 -0.0692381 0.0247963 0.0342859 -0.0689902 0.0244149 0.0343967 -0.0692729 0.0241633 0.0345918 -0.0690256 0.0238062 0.034744 -0.0693084 0.0235765 0.0349955 -0.0690608 0.0232594 0.0351819 -0.0693431 0.0230612 0.0354772 -0.0690942 0.0227959 0.0356882 -0.0693754 0.0226357 0.036012 -0.0691247 0.022429 0.0362683 -0.0694066 0.0222943 0.0366 -0.0691553 0.022153 0.0371009 -0.0694499 0.0220023 0.0372442 -0.0691889 0.0219721 0.0376195 -0.0692084 0.0219181 0.0371009 -0.0699001 0.0297976 0.0372257 -0.0701621 0.0298243 0.0364941 -0.0702002 0.0296057 0.0362683 -0.0699434 0.0295057 0.0358027 -0.0702365 0.0292424 0.0356882 -0.0699745 0.0291643 0.0351834 -0.0702753 0.0287402 0.0351819 -0.0700069 0.0287387 0.034744 -0.0700416 0.0282234 0.034664 -0.0703174 0.028107 0.0343967 -0.0700771 0.0276367 0.0342825 -0.0703603 0.0273764 0.0341553 -0.0701119 0.0270037 0.0340464 -0.0704056 0.0265075 0.0340257 -0.0701446 0.0263527 0.0340046 -0.0701745 0.0257089 0.034016 -0.0704508 0.0255429 0.0340895 -0.070206 0.0250587 0.0342265 -0.0705 0.0245731 0.0342859 -0.0702402 0.0244149 0.0345918 -0.0702756 0.0238062 0.0346644 -0.0705 0.0236923 0.0349955 -0.0703108 0.0232594 0.035304 -0.0705 0.022945 0.0354772 -0.0703442 0.0227959 0.0361067 -0.0705 0.0223765 0.036012 -0.0703747 0.022429 0.0366096 -0.0704527 0.0221654 0.0372442 -0.0704389 0.0219721 0.0370239 -0.0705 0.0220235 0.0376196 -0.0704792 0.0219301 0.0380001 -0.0705 0.0219025 0.038 -0.0704782 0.0219 0.0358261 -0.071 0.0283159 0.0357215 -0.0709853 0.0285761 0.0351797 -0.071 0.0279726 0.0353064 -0.071 0.0277185 0.0349054 -0.071 0.0273865 0.0364748 -0.071 0.0287699 0.0363865 -0.0709718 0.0290376 0.0349466 -0.071 0.0270132 0.0347457 -0.071 0.0267579 0.0372141 -0.071 0.0290535 0.0371876 -0.071 0.0293044 0.034768 -0.071 0.0262417 0.0347066 -0.071 0.0261084 0.038 -0.071 0.0294 0.0347813 -0.071 0.02545 0.0347803 -0.071 0.0253841 0.0388204 -0.071 0.0293025 0.0349856 -0.071 0.024685 0.0395951 -0.071 0.0290154 0.0353562 -0.071 0.0240099 0.035298 -0.071 0.0240758 0.0402809 -0.071 0.0285547 0.0357078 -0.071 0.023526 0.0358751 -0.071 0.0234408 0.0408396 -0.071 0.0279461 0.036197 -0.071 0.0230555 0.0365135 -0.071 0.0230099 0.0412401 -0.071 0.0272234 0.0367725 -0.071 0.0226945 0.0372353 -0.071 0.0227412 0.0374048 -0.071 0.0224484 0.0414601 -0.071 0.0264271 0.0382299 -0.071 0.0224075 0.0414872 -0.071 0.0256013 0.0390421 -0.071 0.0225587 0.0413201 -0.071 0.0247922 0.0397963 -0.071 0.0228961 0.0409679 -0.071 0.0240448 0.0404503 -0.071 0.0234008 0.0381394 -0.0705 0.0219024 0.0382787 -0.0705 0.0219097 0.0384176 -0.0705 0.0219219 0.0372222 -0.068 0.0290556 0.0372222 -0.0675 0.0290556 0.0364896 -0.068 0.0287777 0.0364896 -0.0675 0.0287777 0.0358449 -0.068 0.0283327 0.0358449 -0.0675 0.0283327 0.0353253 -0.068 0.0277462 0.0353253 -0.0675 0.0277462 0.0349612 -0.068 0.0270525 0.0349612 -0.0675 0.0270525 0.0347737 -0.068 0.0262917 0.0347737 -0.0675 0.0262917 0.0347737 -0.068 0.0255082 0.0347737 -0.0675 0.0255082 0.0349612 -0.068 0.0247475 0.0349612 -0.0675 0.0247475 0.0353253 -0.068 0.0240538 0.0353253 -0.0675 0.0240538 0.0358449 -0.068 0.0234673 0.0358449 -0.0675 0.0234673 0.0364896 -0.068 0.0230223 0.0364896 -0.0675 0.0230223 0.0372222 -0.068 0.0227444 0.0372222 -0.0675 0.0227444 0.0376746 -0.0680463 0.0291732 0.0380963 -0.0679998 0.0292257 0.037773 -0.0679999 0.0292606 0.0370911 -0.068 0.0292179 0.036965 -0.0680912 0.0290311 0.0364952 -0.068 0.02906 0.0363341 -0.0681311 0.0287486 0.0360367 -0.0680172 0.0288183 0.035782 -0.0681706 0.0283435 0.0356184 -0.0680352 0.0285126 0.0353121 -0.0682144 0.0278144 0.0350677 -0.0680646 0.0279268 0.0349628 -0.0682595 0.0271906 0.0346261 -0.0680975 0.0271486 0.0347579 -0.0683029 0.0265154 0.0343919 -0.0681288 0.0262865 0.0347006 -0.0683419 0.0258364 0.0343773 -0.0681577 0.0253949 0.0347852 -0.0683818 0.0251548 0.0345776 -0.0681888 0.0245235 0.0350184 -0.0684258 0.0244856 0.0349812 -0.0682206 0.0237251 0.035393 -0.0684709 0.0238768 0.0355622 -0.0682514 0.0230487 0.0358818 -0.068514 0.0233696 0.0364453 -0.0685527 0.0229892 0.036289 -0.0682798 0.0225294 0.0370833 -0.068593 0.0227299 0.037118 -0.0683089 0.0221944 0.0377822 -0.0686371 0.0226072 0.038 -0.0683394 0.0220605 0.0384962 -0.0686822 0.0226375 0.038659 -0.068362 0.0220946 0.0391762 -0.0687251 0.0228167 0.0393023 -0.0683837 0.0222411 0.0401267 -0.0684115 0.0226172 0.039782 -0.0687636 0.0231225 0.040321 -0.0688042 0.0235542 0.0408435 -0.06844 0.0231727 0.0407693 -0.0688485 0.0241053 0.0414172 -0.0684701 0.0238785 0.0410907 -0.0688935 0.0247433 0.0418199 -0.0685 0.0246888 0.0412744 -0.0689363 0.0254115 0.0419188 -0.0685131 0.0252126 0.0412939 -0.0689745 0.0261002 0.041209 -0.0690156 0.0268005 0.0409166 -0.0690599 0.0274438 0.0405162 -0.0691049 0.028035 0.040009 -0.0691473 0.028518 0.0394324 -0.0691855 0.0288729 0.0388196 -0.0692405 0.0290875 0.0380734 -0.0692713 0.0292082 0.0383268 -0.0692718 0.0291484 0.037362 -0.0693162 0.0291377 0.0366944 -0.0693583 0.0289308 0.0361038 -0.0693964 0.0286008 0.0355796 -0.069438 0.0281432 0.0351545 -0.0694827 0.0275713 0.0348619 -0.0695275 0.026921 0.0347174 -0.0695693 0.0262387 0.0347173 -0.0696074 0.0255623 0.0348616 -0.0696493 0.02488 0.035154 -0.069694 0.0242296 0.035579 -0.0697387 0.0236576 0.036103 -0.0697803 0.0231998 0.0366935 -0.0698184 0.0228696 0.037361 -0.0698606 0.0226624 0.038072 -0.0699054 0.0226008 0.0387779 -0.06995 0.022693 0.0394315 -0.0699913 0.0229267 0.0400082 -0.0700294 0.0232814 0.0405156 -0.0700719 0.0237641 0.0409161 -0.0701168 0.0243552 0.0411794 -0.0701613 0.025016 0.0412939 -0.0702022 0.0256988 0.0412655 -0.0702405 0.0263759 0.0410736 -0.0703009 0.0270751 0.0407717 -0.0703282 0.0276963 0.0409516 -0.0703222 0.0272844 0.0403218 -0.0703725 0.0282451 0.0397828 -0.0704131 0.0286769 0.0391694 -0.0704684 0.0289756 0.0384978 -0.0704945 0.0291703 0.0386777 -0.0704995 0.0290963 0.0377833 -0.0705396 0.0291929 0.0370843 -0.0705837 0.0290704 0.0364462 -0.070624 0.0288113 0.0358825 -0.0706627 0.0284311 0.0353936 -0.0707058 0.027924 0.0350189 -0.070751 0.0273153 0.0347855 -0.0707949 0.0266462 0.0347006 -0.0708348 0.0259646 0.0347577 -0.0708738 0.0252856 0.0349624 -0.0709172 0.0246103 0.0346186 -0.0705917 0.0239403 0.035282 -0.0709591 0.0240285 0.0351197 -0.0706848 0.023398 0.0358036 -0.0707891 0.0229089 0.0365784 -0.0708897 0.0225813 0.0357731 -0.068 0.0286002 0.0351843 -0.068 0.0279788 0.0347638 -0.068 0.0272331 0.034537 -0.068 0.0264077 0.0345174 -0.068 0.0255519 0.034706 -0.068 0.0247169 0.0350917 -0.068 0.0239527 0.0356514 -0.068 0.023305 0.0363516 -0.068 0.0228125 0.0371504 -0.068 0.0225047 0.038 -0.068 0.0224 0.0413417 -0.068 0.0266462 0.0415049 -0.0680049 0.0259 0.0414982 -0.068 0.0259 0.0415081 -0.0681155 0.0267751 0.041058 -0.0679999 0.0272731 0.0413061 -0.0682308 0.0276288 0.0409104 -0.0683435 0.0284101 0.0403263 -0.0680447 0.0282301 0.0404911 -0.0684248 0.0289328 0.0397898 -0.0680858 0.0286722 0.0391234 -0.0681282 0.0290029 0.0383716 -0.0681756 0.029179 0.0375891 -0.068225 0.0291743 0.0368405 -0.0682723 0.0289896 0.0361785 -0.0683145 0.0286518 0.0355979 -0.0683595 0.0281627 0.0351339 -0.0684085 0.0275357 0.0348302 -0.0684573 0.0268178 0.0347044 -0.0685021 0.0260704 0.03475 -0.0685445 0.0253279 0.0349718 -0.0685919 0.0245884 0.0353658 -0.0686413 0.0239123 0.0358991 -0.0686886 0.0233552 0.036522 -0.0687308 0.0229495 0.0372351 -0.0687758 0.0226899 0.0380098 -0.0688247 0.0226 0.0387837 -0.0688736 0.0226944 0.0394946 -0.0689184 0.0229578 0.0401155 -0.0689607 0.0233673 0.0406459 -0.0690081 0.0239279 0.0410359 -0.0690575 0.0246063 0.0412533 -0.0691049 0.0253466 0.0412946 -0.0691471 0.0260889 0.0411644 -0.0691921 0.0268363 0.0408563 -0.069241 0.0275527 0.0403889 -0.0692898 0.0281767 0.039806 -0.0693348 0.0286619 0.0391418 -0.069377 0.0289962 0.0383915 -0.0694244 0.0291767 0.037609 -0.0694738 0.0291767 0.0368587 -0.0695211 0.0289964 0.0361944 -0.0695634 0.0286622 0.0356115 -0.0696083 0.0281771 0.0351439 -0.0696572 0.0275531 0.0348358 -0.0697061 0.0268368 0.0347054 -0.0697511 0.0260894 0.0347466 -0.0697933 0.0253471 0.0349639 -0.0698406 0.0246068 0.0353537 -0.06989 0.0239284 0.0358841 -0.0699374 0.0233676 0.036505 -0.0699797 0.0229581 0.0372158 -0.0700246 0.0226945 0.0379897 -0.0700734 0.0226 0.0387644 -0.0701223 0.0226897 0.039294 -0.0705292 0.022146 0.0394776 -0.0701674 0.0229493 0.0400997 -0.0705567 0.0225622 0.0401005 -0.0702096 0.0233548 0.0407868 -0.0705849 0.0231503 0.0406339 -0.0702569 0.0239119 0.0413188 -0.0706152 0.0238809 0.041028 -0.0703063 0.0245879 0.0416682 -0.0706461 0.0247179 0.0412499 -0.0703537 0.0253274 0.0418135 -0.0706755 0.0256112 0.0412956 -0.070396 0.0260699 0.0417467 -0.0707036 0.0265124 0.0411699 -0.0704409 0.0268173 0.041465 -0.0707344 0.0273743 0.0408664 -0.0704897 0.0275352 0.0409848 -0.0707663 0.0281431 0.0404025 -0.0705386 0.0281623 0.0403356 -0.0707975 0.0287728 0.0398219 -0.0705837 0.0286515 0.0395539 -0.0708266 0.0292286 0.03916 -0.0706259 0.0289894 0.0387709 -0.0708545 0.029463 0.0384114 -0.0706731 0.0291742 0.0383878 -0.0708683 0.0295109 0.038 -0.0708824 0.0295175 0.0376289 -0.0707225 0.0291791 0.0371501 -0.0709137 0.0293841 0.0368771 -0.07077 0.0290031 0.0362104 -0.0708123 0.0286726 0.0356252 -0.0708571 0.0281914 0.0351541 -0.0709059 0.0275705 0.0348415 -0.0709549 0.0268558 0.0387788 -0.068 0.0224877 0.0395186 -0.068 0.0227466 0.0401822 -0.068 0.0231636 0.0407364 -0.068 0.0237178 0.0411534 -0.068 0.0243814 0.0414061 -0.068 0.0251262 0.0396327 -0.0680616 0.0287279 0.0388595 -0.068111 0.0290502 0.038 -0.0681125 0.02915 0.038 -0.0681658 0.0291654 0.0371405 -0.068114 0.0290502 0.0371405 -0.0682206 0.0290502 0.0357016 -0.0682127 0.0282195 0.0347346 -0.0684783 0.0259 0.0348421 -0.0685276 0.0250692 0.0351721 -0.0684759 0.0242673 0.0351721 -0.0685825 0.0242673 0.0357016 -0.0686373 0.0235805 0.0363673 -0.06858 0.0230721 0.0396327 -0.0687884 0.0230721 0.0396327 -0.068895 0.0230721 0.0402984 -0.0689443 0.0235805 0.0408279 -0.0688925 0.0242673 0.0408279 -0.0689991 0.0242673 0.0411579 -0.069054 0.0250692 0.0412654 -0.0691033 0.0259 0.0396327 -0.0693116 0.0287279 0.0388595 -0.0693609 0.0290502 0.038 -0.0694158 0.0291654 0.0371405 -0.069364 0.0290502 0.0371405 -0.0694706 0.0290502 0.0363673 -0.06952 0.0287279 0.0347346 -0.0697283 0.0259 0.0348421 -0.069671 0.0250692 0.0348421 -0.0697776 0.0250692 0.0351721 -0.0698325 0.0242673 0.0357016 -0.0697807 0.0235805 0.0357016 -0.0698873 0.0235805 0.0363673 -0.0699366 0.0230721 0.0396327 -0.070145 0.0230721 0.0402984 -0.0700877 0.0235805 0.0402984 -0.0701943 0.0235805 0.0408279 -0.0702491 0.0242673 0.0411579 -0.070304 0.0250692 0.0412654 -0.0703533 0.0259 0.0388595 -0.0706109 0.0290502 0.038 -0.0705592 0.0291654 0.038343 -0.070532 0.0291518 0.038 -0.0706658 0.0291654 0.0371405 -0.0707206 0.0290502 0.0363673 -0.0706634 0.0287279 0.0363673 -0.07077 0.0287279 0.0397577 -0.0680528 0.0286515 0.0392163 -0.0680766 0.0289237 0.0389902 -0.0680781 0.029 0.0388555 -0.0680576 0.0290354 0.0389868 -0.0681028 0.0290127 0.0386327 -0.0680553 0.0290892 0.0381843 -0.068154 0.0291601 0.0378392 -0.0680995 0.0291488 0.0373668 -0.0681813 0.0290919 0.0371445 -0.0681673 0.0290354 0.0373646 -0.0682063 0.029103 0.0370574 -0.0681206 0.0290256 0.0370606 -0.0681458 0.0290151 0.036603 -0.0682549 0.0288515 0.0363673 -0.06827 0.0287279 0.0362879 -0.0682505 0.0286673 0.036375 -0.0682167 0.0287146 0.036282 -0.0682755 0.0286769 0.035753 -0.0682082 0.0282694 0.0357608 -0.0682332 0.0282612 0.0357124 -0.068266 0.0282086 0.0357016 -0.0683193 0.0282195 0.0356701 -0.0682977 0.0281717 0.035662 -0.0683227 0.0281796 0.0352626 -0.0682826 0.0276595 0.0352531 -0.0682576 0.0276656 0.0351854 -0.0683208 0.027525 0.0352617 -0.0683114 0.0276504 0.035168 -0.0683746 0.0275256 0.0351721 -0.0683741 0.0275327 0.0350779 -0.0682802 0.0273574 0.03491 -0.0683078 0.0269559 0.0348525 -0.0684265 0.0267695 0.0348421 -0.068429 0.0267307 0.0348569 -0.0683757 0.0267268 0.034815 -0.0683293 0.02662 0.034826 -0.0683544 0.0266175 0.034747 -0.0684486 0.0259838 0.03475 -0.068425 0.0259 0.0347346 -0.0683717 0.0259 0.0347357 -0.0684736 0.025984 0.0347348 -0.0683734 0.0258686 0.0347461 -0.0683985 0.0258687 0.0348302 -0.0684181 0.0251159 0.0348421 -0.068421 0.0250692 0.0348411 -0.0684431 0.0251186 0.0348154 -0.0684631 0.0252513 0.0348569 -0.0684743 0.0250732 0.0349244 -0.0685179 0.0248372 0.0349137 -0.0685429 0.0248335 0.0351085 -0.0684675 0.0243827 0.0351185 -0.0684925 0.024388 0.0351854 -0.0685292 0.024275 0.0352871 -0.0685702 0.0241029 0.0352777 -0.0685952 0.0240967 0.0355562 -0.0685176 0.0237342 0.0355647 -0.0685426 0.0237417 0.0357124 -0.068584 0.0235914 0.0358012 -0.0685391 0.0234859 0.0358095 -0.0686464 0.0234783 0.0361463 -0.0686464 0.0232255 0.036375 -0.0686333 0.0230854 0.0363673 -0.0686866 0.0230721 0.0361398 -0.0686714 0.0232162 0.0364141 -0.068583 0.0230456 0.0364514 -0.068692 0.0230252 0.0371167 -0.0686278 0.0227564 0.0371405 -0.0686294 0.0227498 0.0371197 -0.0686529 0.0227672 0.0371445 -0.0686826 0.0227646 0.0371944 -0.0687142 0.0227472 0.0371405 -0.0687359 0.0227498 0.0371916 -0.0687392 0.0227362 0.0378925 -0.0687023 0.0226477 0.0378922 -0.0686773 0.0226364 0.038 -0.0687375 0.02265 0.0378975 -0.0687309 0.0226516 0.0382465 -0.0686999 0.0226439 0.0386769 -0.0687274 0.0227055 0.0388176 -0.0688429 0.0227386 0.0388555 -0.0687923 0.0227646 0.0388595 -0.0688456 0.0227498 0.0390135 -0.0687489 0.0227959 0.03901 -0.0687739 0.0228066 0.0395512 -0.0688651 0.0230394 0.0393178 -0.068822 0.0229292 0.039625 -0.0688417 0.0230854 0.0395566 -0.0688901 0.0230295 0.0396983 -0.0687926 0.023111 0.0396924 -0.0688176 0.0231206 0.0401899 -0.0689108 0.023493 0.0402876 -0.068891 0.0235914 0.0401975 -0.0689358 0.0234847 0.0404646 -0.0689594 0.0237579 0.040785 -0.0688872 0.0241951 0.0407754 -0.0689122 0.024201 0.0408146 -0.0689458 0.024275 0.040668 -0.0689283 0.0240441 0.0409113 -0.0689867 0.0244462 0.0409214 -0.0690117 0.0244411 0.0411014 -0.0689622 0.0249149 0.0411431 -0.0690007 0.0250732 0.0411122 -0.0689372 0.0249115 0.0411997 -0.0689586 0.0252485 0.0411918 -0.0690628 0.0252106 0.0412569 -0.0689835 0.0256654 0.0412457 -0.0690085 0.0256662 0.04125 -0.06905 0.0259 0.0412639 -0.0690022 0.0259987 0.0412641 -0.0691085 0.0259931 0.0412247 -0.0690264 0.026414 0.0411579 -0.069046 0.0267307 0.0411431 -0.0690993 0.0267268 0.0412256 -0.0691326 0.0264084 0.0411579 -0.0691526 0.0267307 0.0411522 -0.0690474 0.0267523 0.0411241 -0.0691038 0.0267959 0.0411449 -0.0691557 0.0267787 0.0408476 -0.0691221 0.0274749 0.0408574 -0.069097 0.0274804 0.0408146 -0.0691542 0.027525 0.0408432 -0.0691504 0.0274743 0.0406693 -0.0691196 0.0277808 0.0403313 -0.0692594 0.0281864 0.0402984 -0.0692623 0.0282195 0.0402876 -0.069209 0.0282086 0.0401466 -0.0691683 0.0283606 0.0403961 -0.069147 0.0281184 0.0401392 -0.0691934 0.0283521 0.0397831 -0.0692215 0.0286262 0.0397103 -0.0693066 0.0286817 0.039625 -0.0692583 0.0287146 0.0395266 -0.0692118 0.0287865 0.0395213 -0.0692368 0.0287766 0.0392697 -0.0692811 0.0288917 0.0389926 -0.0693272 0.028999 0.0388555 -0.0693076 0.0290354 0.038996 -0.0693522 0.0290098 0.0388124 -0.0692822 0.029051 0.0388153 -0.0692572 0.029062 0.0380361 -0.0693069 0.0291652 0.038 -0.0693092 0.0291654 0.038036 -0.0693319 0.0291539 0.038 -0.0693625 0.02915 0.0378067 -0.0694031 0.0291483 0.0378061 -0.0694282 0.0291596 0.0372539 -0.0693568 0.029079 0.0372565 -0.0693818 0.029068 0.0371445 -0.0694173 0.0290354 0.0370076 -0.0694543 0.0289991 0.0370042 -0.0694793 0.0290098 0.036534 -0.0694027 0.0288178 0.0365391 -0.0694277 0.0288077 0.036375 -0.0694667 0.0287146 0.0362444 -0.0694214 0.0286533 0.03629 -0.069525 0.0286818 0.0359068 -0.0694458 0.0284062 0.035914 -0.0694708 0.0283975 0.0357124 -0.069516 0.0282086 0.0357016 -0.0695693 0.0282195 0.0356528 -0.069467 0.0281701 0.0356689 -0.0695721 0.0281866 0.0351782 -0.0695167 0.0275433 0.0351721 -0.0695175 0.0275327 0.035188 -0.0695418 0.0275376 0.0350168 -0.0695393 0.0272279 0.0348551 -0.0696759 0.0267789 0.0348421 -0.069679 0.0267307 0.0348569 -0.0696257 0.0267268 0.0347871 -0.0695878 0.026483 0.0348671 -0.0695666 0.0268207 0.0347982 -0.0696128 0.026481 0.0347389 -0.0696123 0.0260668 0.0347359 -0.0697231 0.0259934 0.03475 -0.069675 0.0259 0.0347388 -0.069631 0.0257337 0.0347501 -0.069656 0.0257343 0.0348192 -0.0697437 0.0252133 0.0348569 -0.0697243 0.0250732 0.0348082 -0.0697687 0.0252109 0.034867 -0.0696768 0.0249797 0.0348778 -0.0697018 0.0249829 0.0349565 -0.0697449 0.0247601 0.0350785 -0.0698199 0.0244413 0.0350886 -0.0697948 0.0244464 0.0350975 -0.0697673 0.0244378 0.035178 -0.0697266 0.0242572 0.0351721 -0.0697259 0.0242673 0.0351854 -0.0697792 0.024275 0.0352722 -0.0698446 0.024105 0.0356525 -0.0697764 0.0236302 0.0356606 -0.0698014 0.0236381 0.0357124 -0.069834 0.0235914 0.0355014 -0.0698145 0.0238216 0.0358099 -0.0698708 0.0234932 0.0358023 -0.0698958 0.0234849 0.0362501 -0.069847 0.0231565 0.036375 -0.0698833 0.0230854 0.036244 -0.069822 0.0231469 0.0365336 -0.0698406 0.0229824 0.0364432 -0.0699415 0.0230296 0.0369199 -0.0698653 0.0228184 0.0369236 -0.0698903 0.0228291 0.0371445 -0.0699327 0.0227646 0.0371405 -0.0699859 0.0227498 0.0372534 -0.0698866 0.0227211 0.0371822 -0.0699886 0.0227387 0.0376816 -0.0699139 0.0226502 0.038 -0.0699342 0.0226346 0.0380356 -0.0699365 0.0226348 0.0380355 -0.0699615 0.0226461 0.038 -0.0699875 0.02265 0.038 -0.0700408 0.0226346 0.0379949 -0.0700405 0.0226346 0.0387595 -0.0700362 0.02274 0.0388148 -0.0699862 0.0227379 0.0388555 -0.0700423 0.0227646 0.0388081 -0.0700923 0.0227362 0.0388595 -0.0700956 0.0227498 0.0391451 -0.0700072 0.022842 0.0391411 -0.0700323 0.0228525 0.0395484 -0.0701396 0.0230251 0.039625 -0.0700917 0.0230854 0.0398124 -0.0700503 0.0231838 0.0395262 -0.0700316 0.0230132 0.0398061 -0.0700753 0.0231932 0.0401827 -0.0701602 0.0234865 0.0402876 -0.070141 0.0235914 0.0401903 -0.0701852 0.0234782 0.0403958 -0.0700964 0.0236812 0.0403875 -0.0701214 0.0236889 0.0407127 -0.0702113 0.0241027 0.0408146 -0.0701958 0.024275 0.0408279 -0.0701425 0.0242673 0.0407221 -0.0702363 0.0240965 0.0408572 -0.0701463 0.0243191 0.0408473 -0.0701713 0.0243246 0.0409293 -0.0702116 0.0244922 0.0411521 -0.070196 0.0250472 0.0411579 -0.0701974 0.0250692 0.0411412 -0.070221 0.0250502 0.0411431 -0.0702507 0.0250732 0.0411897 -0.0703123 0.0252011 0.0411787 -0.0702872 0.0252036 0.0412526 -0.0702662 0.0258011 0.0412276 -0.0702781 0.0255194 0.0412639 -0.0702412 0.0258008 0.04125 -0.0703 0.0259 0.0412643 -0.0703579 0.0259838 0.041257 -0.0702599 0.0261341 0.0411998 -0.0702848 0.026551 0.0411888 -0.0703098 0.0265488 0.0411431 -0.0703493 0.0267268 0.0411579 -0.0704026 0.0267307 0.0411476 -0.0704051 0.0267692 0.0411123 -0.0703062 0.026888 0.0407853 -0.0703562 0.0276044 0.0408146 -0.0704042 0.027525 0.0408321 -0.0704569 0.0275254 0.0408279 -0.0704575 0.0275327 0.0407756 -0.0703812 0.0275985 0.0407765 -0.0704089 0.0275892 0.0403301 -0.0704838 0.0281715 0.0403267 -0.0704556 0.0281692 0.0402876 -0.070459 0.0282086 0.0402984 -0.0705123 0.0282195 0.0403382 -0.0705088 0.0281794 0.0400582 -0.0705319 0.028435 0.0396987 -0.0704508 0.0286888 0.0396327 -0.070455 0.0287279 0.039625 -0.0705083 0.0287146 0.0397182 -0.0705561 0.0286768 0.0396327 -0.0705616 0.0287279 0.0394052 -0.0704695 0.0288475 0.0393972 -0.0705766 0.0288514 0.0390053 -0.0706016 0.0290068 0.0388555 -0.0705577 0.0290354 0.0390132 -0.0704836 0.0290118 0.0386751 -0.070541 0.0290833 0.0382034 -0.0706277 0.0291477 0.038 -0.0706125 0.02915 0.0382041 -0.0706528 0.029159 0.0378927 -0.070566 0.0291636 0.037893 -0.0705911 0.0291523 0.0373839 -0.0707051 0.0291067 0.0371172 -0.0706155 0.0290438 0.0371405 -0.070614 0.0290502 0.0371445 -0.0706673 0.0290354 0.0370135 -0.0707287 0.0290128 0.0364146 -0.0706604 0.0287547 0.0364201 -0.0706854 0.0287448 0.036375 -0.0707167 0.0287146 0.0363038 -0.0707494 0.028677 0.0362979 -0.0707744 0.0286867 0.0360734 -0.0707373 0.0285174 0.0358092 -0.0707293 0.0283061 0.0358016 -0.0707043 0.0283144 0.0357124 -0.070766 0.0282086 0.0357016 -0.0708193 0.0282195 0.0356757 -0.0708215 0.0281936 0.0355566 -0.0707258 0.0280662 0.0352903 -0.0707533 0.0277222 0.035178 -0.0708734 0.0275428 0.0351721 -0.0708741 0.0275327 0.0351854 -0.0708208 0.027525 0.0351088 -0.0707759 0.0274177 0.0351278 -0.0708284 0.0274209 0.0351188 -0.0708009 0.0274125 0.0348687 -0.0709003 0.0267853 0.0348569 -0.0708757 0.0267268 0.0348421 -0.070929 0.0267307 0.0348421 -0.0708224 0.0267307 0.0348578 -0.0709253 0.0267883 0.0348303 -0.0708253 0.0266846 0.0348412 -0.0708503 0.0266819 0.0347348 -0.0708699 0.0259319 0.0347346 -0.0708717 0.0259 0.03475 -0.070925 0.0259 0.034793 -0.0709247 0.0253394 0.0347599 -0.0709345 0.0256444 0.034866 -0.0709266 0.0249831 0.0349827 -0.0709486 0.0246515 0.0385016 -0.0681269 0.0291226 0.0383854 -0.0680998 0.0291278 0.0382944 -0.0680769 0.029138 0.0377162 -0.0681743 0.0291476 0.0376372 -0.068141 0.0291298 0.0375215 -0.0681064 0.0291216 0.037657 -0.0680875 0.0291436 0.0369445 -0.0681284 0.0289889 0.0369186 -0.0681834 0.0289648 0.0368829 -0.0682377 0.0289687 0.0367882 -0.06815 0.0289246 0.0366078 -0.0682299 0.0288412 0.0364782 -0.0681685 0.0287817 0.0363673 -0.0681634 0.0287279 0.0363128 -0.068167 0.0286956 0.0362823 -0.0682228 0.028659 0.0361717 -0.0681764 0.0286056 0.0362358 -0.0682786 0.0286478 0.0360965 -0.0682882 0.0285531 0.0359 -0.0681962 0.0284007 0.0360066 -0.0682421 0.0284669 0.0354068 -0.0682406 0.0278844 0.0352936 -0.0682529 0.0277271 0.0353107 -0.0683576 0.0277522 0.0355483 -0.0683332 0.0280568 0.035488 -0.0682869 0.0279622 0.0352055 -0.0683699 0.0275892 0.0351179 -0.0683813 0.027435 0.0350332 -0.0682868 0.0272641 0.035088 -0.0683341 0.0273433 0.0350318 -0.0683936 0.0272611 0.0349576 -0.0682991 0.027086 0.0349378 -0.0683585 0.0269889 0.0348945 -0.0683672 0.0268584 0.0348966 -0.0683942 0.0268788 0.034892 -0.0684179 0.0269014 0.0347997 -0.0684404 0.0265486 0.0347465 -0.0684625 0.0261781 0.034773 -0.0684028 0.0262863 0.0347386 -0.0683627 0.0260613 0.0347729 -0.0683429 0.0263985 0.0347771 -0.0684021 0.0253748 0.034765 -0.0684428 0.0255881 0.03474 -0.0683822 0.0257123 0.0347643 -0.0685035 0.0254604 0.0348093 -0.0684125 0.0252054 0.0347919 -0.0685138 0.025291 0.0349829 -0.0684596 0.0246679 0.0350379 -0.0684573 0.0245258 0.0350402 -0.0685088 0.0245575 0.0350598 -0.0685544 0.0244943 0.0350148 -0.0685603 0.0245766 0.0353524 -0.0685084 0.0239997 0.0354135 -0.0685035 0.0239068 0.035419 -0.0685561 0.0239249 0.035478 -0.0686042 0.023836 0.0354001 -0.0686087 0.0239244 0.0358157 -0.0685927 0.0234935 0.0359224 -0.0686013 0.0234008 0.0359083 -0.0685477 0.0233925 0.0359168 -0.0686549 0.0233854 0.0360243 -0.0685681 0.0233082 0.0364401 -0.0686375 0.0230488 0.0365064 -0.0686418 0.0230135 0.0364804 -0.0685873 0.0230097 0.0365184 -0.0686963 0.0229901 0.0366313 -0.0685969 0.0229353 0.0366706 -0.068706 0.0229175 0.0368134 -0.0686614 0.0228743 0.0369487 -0.0686171 0.0228085 0.0372998 -0.0686395 0.0227106 0.0376474 -0.0686617 0.0226537 0.0375135 -0.0687063 0.0226866 0.0378407 -0.068674 0.0226385 0.0377594 -0.0687754 0.0226435 0.0373764 -0.068751 0.0226947 0.0379533 -0.0687878 0.0226349 0.038 -0.0687908 0.0226346 0.0381307 -0.0687991 0.0226372 0.0383716 -0.0687079 0.0226558 0.0382457 -0.0687249 0.0226552 0.0382502 -0.0687535 0.0226596 0.0385628 -0.0687201 0.0226835 0.0386312 -0.0687779 0.0227119 0.038516 -0.0688237 0.0226756 0.038744 -0.0687852 0.0227363 0.0387238 -0.0688121 0.0227274 0.038705 -0.0688358 0.0227116 0.0392446 -0.0687636 0.0228811 0.0394022 -0.0688803 0.022951 0.0400129 -0.0689213 0.0233288 0.0401184 -0.0688228 0.023415 0.0399219 -0.0688619 0.0232792 0.0398478 -0.0688027 0.0232077 0.0401453 -0.0689315 0.0234382 0.0401863 -0.0688824 0.0234952 0.0402471 -0.0688333 0.0235307 0.0402984 -0.0688377 0.0235805 0.0403817 -0.0688451 0.0236661 0.0406082 -0.0688672 0.0239353 0.0404522 -0.068906 0.0237671 0.0405427 -0.068967 0.0238512 0.0404561 -0.0689344 0.0237653 0.0407108 -0.0688784 0.0240795 0.0406497 -0.0689782 0.0239917 0.0409881 -0.068928 0.0245993 0.0410453 -0.0689246 0.0247214 0.0410176 -0.0689755 0.0246931 0.0410556 -0.0690221 0.024767 0.0410182 -0.0690265 0.0246536 0.0411808 -0.0690107 0.0252327 0.0412101 -0.0690205 0.0253926 0.0412283 -0.0689684 0.0254092 0.0412223 -0.0690727 0.0253713 0.0412355 -0.069069 0.02551 0.0412486 -0.0690553 0.0259955 0.0412444 -0.0690608 0.0260916 0.0412595 -0.0690077 0.0260953 0.0412599 -0.0691139 0.0260897 0.0412099 -0.0690795 0.0264088 0.0411426 -0.0690496 0.026787 0.0411351 -0.0691579 0.0268133 0.0410905 -0.0690605 0.0269542 0.0409588 -0.0690828 0.0272814 0.0410098 -0.0691258 0.0271263 0.0409322 -0.0691933 0.0273369 0.0410815 -0.0691688 0.0269803 0.0408715 -0.0690952 0.0274548 0.0408417 -0.0692057 0.0275086 0.0408279 -0.0692075 0.0275327 0.0407501 -0.069217 0.0276605 0.0405816 -0.069129 0.0278995 0.0406601 -0.0691446 0.0277743 0.0406559 -0.069173 0.0277731 0.040459 -0.0691411 0.0280484 0.0404163 -0.0691974 0.0280734 0.0405009 -0.0692165 0.0279874 0.0403528 -0.0692032 0.028142 0.040396 -0.0692536 0.0281185 0.0399384 -0.0691842 0.0285278 0.0398795 -0.0692411 0.0285514 0.0399664 -0.0692765 0.0284988 0.0398379 -0.0692979 0.028599 0.0393471 -0.0692232 0.0288745 0.0392033 -0.069339 0.0289356 0.0384843 -0.0693849 0.0291293 0.0385779 -0.0693254 0.0290982 0.0386761 -0.0692661 0.0290946 0.0383089 -0.0693961 0.0291507 0.0382291 -0.0693478 0.0291419 0.0381513 -0.0692995 0.0291619 0.0375868 -0.0693475 0.0291326 0.0375516 -0.0694444 0.0291344 0.0374928 -0.069395 0.0291102 0.0374294 -0.0693456 0.0291151 0.0368564 -0.0693942 0.0289517 0.0367483 -0.0693891 0.0289159 0.0367945 -0.0694398 0.0289181 0.0367019 -0.0694868 0.0288893 0.0368296 -0.0694905 0.0289484 0.0362753 -0.0694732 0.0286546 0.036177 -0.0694799 0.0285905 0.036146 -0.0694282 0.028588 0.0361908 -0.0695316 0.0286184 0.0360615 -0.0695291 0.0285197 0.0356719 -0.0695196 0.0281677 0.035632 -0.0695231 0.0281259 0.0356129 -0.0694706 0.0281281 0.0356286 -0.0695757 0.0281448 0.0354859 -0.0694826 0.0279837 0.0353819 -0.0695192 0.0278325 0.0353862 -0.0695474 0.0278315 0.0355007 -0.0695877 0.0280015 0.0352697 -0.0696122 0.0276911 0.0349519 -0.0695501 0.0270712 0.0350271 -0.0695643 0.0272233 0.0350316 -0.0695925 0.0272232 0.0349364 -0.0696594 0.0270301 0.0350916 -0.0696349 0.0273846 0.0348881 -0.0695621 0.0268895 0.0348963 -0.0696168 0.0268641 0.0348758 -0.0696212 0.0267956 0.0348752 -0.0696714 0.0268479 0.0347483 -0.0696048 0.0261981 0.0347604 -0.0696602 0.0261599 0.0347637 -0.0696944 0.0262839 0.0347423 -0.0697156 0.0261242 0.0347507 -0.0696933 0.0260765 0.0347526 -0.0696677 0.0260294 0.0347605 -0.0697367 0.0255446 0.0347577 -0.0696438 0.0255127 0.0347797 -0.0697003 0.0254615 0.0347813 -0.0696632 0.0253895 0.0347722 -0.0697568 0.0254062 0.0349175 -0.0696871 0.0248225 0.0349801 -0.0696982 0.0246578 0.0349682 -0.0698027 0.0246873 0.0350382 -0.0698139 0.024525 0.0351323 -0.0697207 0.0243382 0.0352302 -0.0697331 0.0241705 0.0353291 -0.069851 0.0240214 0.0352915 -0.0697921 0.0241037 0.0354336 -0.0697555 0.023881 0.0354347 -0.0698622 0.0238796 0.0355462 -0.0697666 0.0237456 0.0359594 -0.0699082 0.0233507 0.0360226 -0.069859 0.0233207 0.0360678 -0.0698097 0.0232676 0.0364952 -0.069891 0.0230193 0.0365322 -0.0699218 0.0229957 0.0366195 -0.069899 0.0229578 0.0366598 -0.0698487 0.0229223 0.0365665 -0.0699493 0.0229661 0.0367186 -0.0699469 0.0229035 0.0372214 -0.0699376 0.0227446 0.0372989 -0.0699426 0.0227265 0.0373316 -0.0698915 0.0227037 0.0372598 -0.0699936 0.0227196 0.0375213 -0.0699037 0.0226699 0.0376781 -0.0699669 0.022666 0.0374482 -0.0700056 0.0226816 0.0378329 -0.0700301 0.0226389 0.0382042 -0.0700538 0.022641 0.0385949 -0.0699722 0.0226892 0.0384153 -0.0700141 0.0226766 0.0382448 -0.0699498 0.0226438 0.038588 -0.0700783 0.022688 0.0387664 -0.0699831 0.0227258 0.0387597 -0.0700893 0.0227242 0.0393037 -0.0701122 0.0229132 0.039428 -0.0700253 0.0229634 0.0394326 -0.0700793 0.0229828 0.0394507 -0.0701333 0.0229746 0.0395301 -0.0700856 0.0230327 0.0399434 -0.0701545 0.0232839 0.0400859 -0.0700825 0.0233961 0.0400101 -0.0700645 0.0233266 0.0400235 -0.0701195 0.0233567 0.0400558 -0.0701745 0.023363 0.040499 -0.0702013 0.0238082 0.0406049 -0.0701293 0.0239416 0.0405367 -0.0701643 0.0238684 0.0405192 -0.0701081 0.0238224 0.0405778 -0.0702206 0.0238955 0.0409149 -0.0701542 0.0244282 0.0409904 -0.0701655 0.0245884 0.0409702 -0.0702689 0.0245434 0.0410393 -0.0702801 0.024706 0.0410641 -0.0702339 0.0248167 0.0411142 -0.0701876 0.024918 0.0411629 -0.0702121 0.0251146 0.0412043 -0.07021 0.0252711 0.0412307 -0.070326 0.0254255 0.0412524 -0.0702302 0.0256094 0.0412462 -0.0703089 0.026058 0.0412414 -0.0702693 0.0262949 0.0412344 -0.0703181 0.0262176 0.0412333 -0.0703648 0.0263081 0.0412563 -0.070367 0.0261435 0.0411158 -0.0703556 0.0268243 0.0410854 -0.070362 0.0269213 0.0411189 -0.0704114 0.026867 0.0410799 -0.0703126 0.026985 0.0410565 -0.0704234 0.027049 0.0410104 -0.0703247 0.0271651 0.0409432 -0.0703863 0.0272783 0.0408991 -0.070448 0.0274026 0.0407655 -0.0703586 0.0276363 0.0408133 -0.0704593 0.0275578 0.0407098 -0.0704717 0.0277221 0.0404387 -0.0703932 0.0280773 0.040561 -0.0704068 0.0279036 0.0406587 -0.0703709 0.0278019 0.0404754 -0.0704961 0.0280295 0.0403176 -0.070404 0.0282003 0.0402984 -0.0704057 0.0282195 0.0403576 -0.0705071 0.0281593 0.039913 -0.0704361 0.0285463 0.0401797 -0.0704157 0.0283313 0.040048 -0.0704786 0.0284235 0.0399319 -0.0705413 0.0285326 0.0400511 -0.0705068 0.0284262 0.0397738 -0.0704458 0.0286416 0.0397931 -0.070551 0.028629 0.0398099 -0.070496 0.0285991 0.0397004 -0.0705034 0.0286697 0.0393946 -0.0705231 0.0288355 0.0391509 -0.0705387 0.0289394 0.0391521 -0.0705923 0.0289554 0.0390049 -0.0705481 0.0289907 0.0385419 -0.0706192 0.0291136 0.0384475 -0.0705838 0.029119 0.0384708 -0.0705292 0.0291313 0.0384284 -0.0706385 0.0291372 0.0377473 -0.0705753 0.0291556 0.0377629 -0.070669 0.0291503 0.0377104 -0.0706311 0.0291371 0.0375844 -0.0705977 0.0291323 0.0376709 -0.0706868 0.0291488 0.0372392 -0.0706198 0.0290689 0.0373861 -0.0706801 0.0290956 0.037042 -0.0706203 0.0290217 0.0370695 -0.0706721 0.0290139 0.0369953 -0.0706769 0.0289908 0.0368783 -0.0706308 0.0289667 0.0369395 -0.0707335 0.0289884 0.0367786 -0.0707437 0.0289283 0.0366769 -0.0706973 0.0288685 0.0365652 -0.0706507 0.0288333 0.0361461 -0.0707847 0.0285881 0.0359838 -0.0706899 0.0284686 0.035851 -0.0708068 0.0283586 0.0356266 -0.0707736 0.0281203 0.0356112 -0.0708031 0.0281096 0.0355439 -0.0707814 0.0280284 0.0355904 -0.0708292 0.0281038 0.0354758 -0.0707336 0.0279714 0.0354647 -0.0708413 0.027958 0.0353576 -0.0707458 0.0278184 0.0353096 -0.0708058 0.0277233 0.035239 -0.0708659 0.0276434 0.0351484 -0.0708772 0.0274909 0.0350815 -0.0707797 0.0273646 0.0350589 -0.0708896 0.0273187 0.0349997 -0.070792 0.0271889 0.034968 -0.070853 0.0270702 0.0349119 -0.070914 0.0269613 0.0347455 -0.0708566 0.0261669 0.0347912 -0.0708365 0.0265051 0.0347841 -0.0708978 0.0263696 0.0347522 -0.070959 0.0262387 0.0347361 -0.0708662 0.0259994 0.0347391 -0.0709687 0.0260705 0.0347528 -0.0709174 0.0260343 0.0347362 -0.0709726 0.0260027 0.0347507 -0.0709212 0.025967 0.0347348 -0.0708751 0.0258042 0.0347359 -0.0709777 0.0258751 0.0348292 -0.0709622 0.0251861 0.0384527 -0.0680627 0.0291205 0.0383314 -0.0681378 0.0291446 0.0376977 -0.0681029 0.0291402 0.0375579 -0.0681781 0.0291271 0.0368222 -0.0682235 0.0289361 0.0362122 -0.0682275 0.028614 0.036191 -0.0682571 0.0286049 0.0361428 -0.0682323 0.028567 0.0358097 -0.0682576 0.028301 0.0356349 -0.0682729 0.0281291 0.0353704 -0.0682991 0.0278099 0.0353347 -0.0682744 0.0277668 0.0353149 -0.0683053 0.027731 0.0351113 -0.0683307 0.0273893 0.0350465 -0.0683402 0.0272562 0.0350233 -0.068315 0.0272146 0.0350076 -0.0683464 0.027168 0.0348068 -0.06836 0.0265266 0.0348005 -0.0683917 0.0264708 0.0347574 -0.0684126 0.0261186 0.0347501 -0.068444 0.0260644 0.0347513 -0.0684302 0.0258069 0.0347857 -0.0684528 0.0254199 0.0347994 -0.0684579 0.0253356 0.0347917 -0.0684849 0.0253562 0.0349985 -0.068538 0.0246373 0.0353774 -0.0685872 0.0239698 0.0354535 -0.0685252 0.0238704 0.0359761 -0.0686407 0.023349 0.0365811 -0.0686465 0.0229761 0.0366573 -0.0686514 0.0229403 0.0370484 -0.0686765 0.0227924 0.037274 -0.0687193 0.0227279 0.0373412 -0.0686953 0.0227175 0.0377047 -0.0687186 0.0226634 0.0377727 -0.0686947 0.0226539 0.037801 -0.0687247 0.0226561 0.0381878 -0.0687495 0.0226554 0.0384418 -0.0687658 0.0226802 0.0385017 -0.0687413 0.0226848 0.0385368 -0.0687719 0.0226946 0.0397328 -0.0688487 0.0231505 0.0400563 -0.068872 0.0233832 0.0400986 -0.0689034 0.023413 0.0401219 -0.0688772 0.0234383 0.0403294 -0.0688947 0.0236336 0.0404121 -0.0689022 0.0237219 0.0405636 -0.0689171 0.0239024 0.0406167 -0.0689227 0.0239725 0.0406042 -0.0689493 0.0239487 0.0409907 -0.0690051 0.0246119 0.0410515 -0.0689455 0.0247633 0.0412278 -0.0689903 0.0254698 0.0410989 -0.0691092 0.0268793 0.0410715 -0.0691147 0.0269622 0.0409318 -0.0691381 0.0273026 0.0408994 -0.069115 0.0273773 0.0408888 -0.0691442 0.0273891 0.0406976 -0.0691683 0.0277125 0.0405403 -0.0691853 0.0279272 0.0404976 -0.0691616 0.0279859 0.0399736 -0.0691996 0.0284901 0.0398168 -0.0692455 0.0285948 0.0397937 -0.0692756 0.0286151 0.0397744 -0.0693023 0.0286412 0.0387647 -0.0693135 0.0290587 0.0384044 -0.0693366 0.0291247 0.0383564 -0.069368 0.0291345 0.0383169 -0.0693422 0.0291345 0.0380753 -0.0693577 0.0291491 0.0376007 -0.069423 0.0291317 0.0368656 -0.06947 0.0289523 0.0367073 -0.0694102 0.0288887 0.0360959 -0.0694504 0.0285416 0.0355051 -0.0695352 0.0279827 0.0355675 -0.0695291 0.0280554 0.0352358 -0.0695358 0.027617 0.0352361 -0.0695645 0.0276097 0.035067 -0.0695871 0.0273001 0.0349585 -0.0696047 0.0270453 0.034926 -0.0696108 0.026955 0.0347635 -0.0696195 0.0262589 0.0347619 -0.0696597 0.0255558 0.0347868 -0.0697406 0.0253721 0.0349884 -0.0697505 0.0246783 0.0349983 -0.069781 0.0246434 0.0350225 -0.069756 0.0245973 0.0351654 -0.0697766 0.0243102 0.0352139 -0.0697828 0.0242266 0.035264 -0.0697888 0.0241459 0.0353928 -0.0698033 0.0239596 0.0354462 -0.0698089 0.0238898 0.0367152 -0.0698704 0.0229079 0.03741 -0.0699214 0.0226998 0.0373927 -0.0699486 0.0227072 0.0374872 -0.0699546 0.0226907 0.0377583 -0.069972 0.022659 0.0379168 -0.0699822 0.0226511 0.0381373 -0.069968 0.0226488 0.0382234 -0.0700018 0.0226577 0.0385887 -0.0700252 0.0227037 0.039358 -0.0700394 0.0229404 0.0399618 -0.0700796 0.0233009 0.0404897 -0.0701242 0.0238011 0.0406009 -0.0702054 0.0239407 0.0409664 -0.0702172 0.0245721 0.0409829 -0.0702475 0.0245996 0.0410012 -0.0702228 0.0246529 0.0411223 -0.0702458 0.0249977 0.0411991 -0.0702935 0.0253043 0.0412033 -0.070268 0.0253509 0.0412613 -0.0703624 0.0260634 0.0412479 -0.0703396 0.0261004 0.0412413 -0.0703135 0.0261377 0.0412266 -0.0702903 0.0263387 0.0410539 -0.070368 0.0270118 0.041047 -0.0703417 0.0270423 0.0410197 -0.0703741 0.0271015 0.0409131 -0.0703908 0.027341 0.040716 -0.0703883 0.0276924 0.0407251 -0.0704151 0.027671 0.0406713 -0.0704213 0.0277512 0.040445 -0.0704447 0.0280411 0.0403866 -0.0704501 0.028106 0.0402291 -0.070464 0.0282651 0.0401095 -0.0704738 0.0283723 0.0399134 -0.0704887 0.0285271 0.0385161 -0.0705445 0.0291151 0.0383768 -0.0706233 0.0291344 0.0376093 -0.0706724 0.0291328 0.036914 -0.0706821 0.0289632 0.0368874 -0.070712 0.028958 0.0368337 -0.0706872 0.0289335 0.0364722 -0.0707104 0.0287685 0.0359267 -0.0707483 0.0284027 0.0358851 -0.0707231 0.0283731 0.0354822 -0.0707874 0.027955 0.0354516 -0.0707619 0.0279235 0.0354225 -0.0707935 0.0278796 0.0352773 -0.0708096 0.0276746 0.0350839 -0.0708346 0.0273349 0.0350647 -0.0708086 0.0273047 0.0350426 -0.0708408 0.0272477 0.0348895 -0.0708682 0.026842 0.0348296 -0.0708828 0.0266147 0.034764 -0.0709078 0.0262014 0.0347573 -0.0709127 0.0261176 0.0347545 -0.0709399 0.0261357 0.0347505 -0.0709258 0.02584 0.0348013 -0.0709085 0.0252371 0.0358023 -0.0682041 0.0283152 0.0356234 -0.0683262 0.0281393 0.0353491 -0.0682468 0.0278066 0.0349941 -0.068293 0.0271755 0.0347886 -0.0683373 0.0264912 0.0347404 -0.0684674 0.0260941 0.0347356 -0.0683761 0.0258217 0.0365559 -0.0686987 0.0229713 0.0370684 -0.0686248 0.0227703 0.0384675 -0.068714 0.0226682 0.0397522 -0.0687962 0.0231445 0.0400797 -0.0689264 0.0233825 0.0411225 -0.0691606 0.0268552 0.0387695 -0.0692601 0.0290734 0.0383969 -0.0693905 0.0291412 0.0355804 -0.0694736 0.0280928 0.0355959 -0.0695787 0.0281098 0.0351572 -0.0695194 0.0275067 0.0351854 -0.0695708 0.027525 0.0351444 -0.0695762 0.0274518 0.0351981 -0.0696208 0.027577 0.0351721 -0.0696241 0.0275327 0.0351161 -0.0695249 0.0274316 0.0351521 -0.0696267 0.0274976 0.034903 -0.0695591 0.0269352 0.0350021 -0.0698083 0.0246057 0.035381 -0.0698567 0.0239497 0.0379531 -0.0700378 0.0226349 0.0410059 -0.0702745 0.0246243 0.0411416 -0.0701935 0.0250093 0.0412172 -0.0703209 0.0253409 0.0403876 -0.0705044 0.0281275 0.0402687 -0.0704083 0.0282486 0.0398281 -0.0705486 0.0286057 0.0364637 -0.0706572 0.0287814 0.0359108 -0.0706955 0.0284096 0.0354156 -0.0707397 0.0278959 0.0350393 -0.0707859 0.0272773 0.0348747 -0.0709215 0.0268461 0.0348168 -0.0708288 0.0266282 0.0351174 -0.0695799 0.027401 0.0368457 -0.07325 0.0227285 0.0372222 -0.074 0.0227444 0.0364896 -0.074 0.0230223 0.0363735 -0.0725 0.0228009 0.0371624 -0.0725 0.0225017 0.0358306 -0.07325 0.0233146 0.0358449 -0.074 0.0234673 0.0353253 -0.074 0.0240538 0.0351196 -0.0725 0.0239118 0.0356791 -0.0725 0.0232802 0.0350772 -0.07325 0.0242125 0.0349612 -0.074 0.0247475 0.0347274 -0.0725 0.0246589 0.0346763 -0.07325 0.0253139 0.0347737 -0.074 0.0255082 0.0345255 -0.0725 0.0254781 0.0346763 -0.07325 0.0264861 0.0347737 -0.074 0.0262917 0.0349612 -0.074 0.0270525 0.0347274 -0.0725 0.0271411 0.0345255 -0.0725 0.0263219 0.0350772 -0.07325 0.0275875 0.0353253 -0.074 0.0277462 0.0351196 -0.0725 0.0278882 0.0358306 -0.07325 0.0284854 0.0358449 -0.074 0.0283327 0.0364896 -0.074 0.0287777 0.0363735 -0.0725 0.0289991 0.0356791 -0.0725 0.0285198 0.0368457 -0.07325 0.0290715 0.0372222 -0.074 0.0290556 0.0371624 -0.0725 0.0292983 0.0387179 -0.074 0.0288128 0.0393942 -0.074 0.0285564 0.0399894 -0.074 0.0281455 0.0404689 -0.074 0.0276042 0.040805 -0.074 0.0269638 0.0409781 -0.074 0.0262616 0.0409781 -0.074 0.0255384 0.0387179 -0.074 0.0229872 0.040805 -0.074 0.0248362 0.0393942 -0.074 0.0232436 0.0404689 -0.074 0.0241958 0.0399894 -0.074 0.0236545 0.0387179 -0.0695 0.0288128 0.0393942 -0.0695 0.0285564 0.0399894 -0.0695 0.0281455 0.0404689 -0.0695 0.0276042 0.040805 -0.0695 0.0269638 0.0409781 -0.0695 0.0262616 0.0409781 -0.0695 0.0255384 0.040805 -0.0695 0.0248362 0.0404689 -0.0695 0.0241958 0.0399894 -0.0695 0.0236545 0.0393942 -0.0695 0.0232436 0.0387179 -0.0695 0.0229872 0.0371624 -0.072 0.0292983 0.0363735 -0.072 0.0289991 0.0356791 -0.072 0.0285198 0.0351196 -0.072 0.0278882 0.0347274 -0.072 0.0271411 0.0345255 -0.072 0.0263219 0.0345255 -0.072 0.0254781 0.0347274 -0.072 0.0246589 0.0351196 -0.072 0.0239118 0.0356791 -0.072 0.0232802 0.0363735 -0.072 0.0228009 0.0371624 -0.072 0.0225017 0.0353253 -0.072 0.0240538 0.0358449 -0.072 0.0234673 0.0364896 -0.072 0.0230223 0.0349612 -0.072 0.0247475 0.0372222 -0.072 0.0227444 0.0347737 -0.072 0.0255082 0.0347737 -0.072 0.0262917 0.0349612 -0.072 0.0270525 0.0353253 -0.072 0.0277462 0.0358449 -0.072 0.0283327 0.0364896 -0.072 0.0287777 0.0372222 -0.072 0.0290556 0.000885467 -0.06445 0.0294925 1.28949e-09 -0.06455 0.0295 0.000861535 -0.06455 0.0293954 1.29386e-09 -0.06445 0.0296 0.00171947 -0.06445 0.0291762 0.001673 -0.06455 0.0290876 0.00245355 -0.06445 0.0286695 0.00238724 -0.06455 0.0285946 0.00304504 -0.06445 0.0280018 0.00296274 -0.06455 0.027945 0.00345956 -0.06445 0.027212 0.00336606 -0.06455 0.0271766 0.00367302 -0.06445 0.026346 0.00357375 -0.06455 0.0263339 0.00367302 -0.06445 0.025454 0.00357375 -0.06455 0.0254661 0.00345956 -0.06445 0.024588 0.00336606 -0.06455 0.0246234 0.00304504 -0.06445 0.0237982 0.00296274 -0.06455 0.023855 0.00245355 -0.06445 0.0231305 0.00238724 -0.06455 0.0232054 0.00171947 -0.06445 0.0226238 0.001673 -0.06455 0.0227123 0.000885467 -0.06445 0.0223075 0.000861535 -0.06455 0.0224046 9.70392e-10 -0.06445 0.0222 9.74763e-10 -0.06455 0.0223 0.02195 -0.0433855 0.0223075 0.02205 -0.0433615 0.0224046 0.02205 -0.0425 0.0223 0.02195 -0.0425 0.0222 0.02195 -0.0442195 0.0226238 0.02205 -0.044173 0.0227123 0.02195 -0.0449535 0.0231305 0.02205 -0.0448872 0.0232054 0.02195 -0.045545 0.0237982 0.02205 -0.0454627 0.023855 0.02195 -0.0459596 0.024588 0.02205 -0.0458661 0.0246234 0.02195 -0.046173 0.025454 0.02205 -0.0460737 0.0254661 0.02195 -0.046173 0.026346 0.02205 -0.0460737 0.0263339 0.02195 -0.0459596 0.027212 0.02205 -0.0458661 0.0271766 0.02195 -0.045545 0.0280018 0.02205 -0.0454627 0.027945 0.02195 -0.0449535 0.0286695 0.02205 -0.0448872 0.0285946 0.02195 -0.0442195 0.0291762 0.02205 -0.044173 0.0290876 0.02195 -0.0433855 0.0294925 0.02205 -0.0433615 0.0293954 0.02195 -0.0425 0.0296 0.02205 -0.0425 0.0295 0.000885469 -0.02055 0.0223075 0.000861537 -0.02045 0.0224046 9.74763e-10 -0.02045 0.0223 9.70392e-10 -0.02055 0.0222 0.00171948 -0.02055 0.0226238 0.00167301 -0.02045 0.0227123 0.00245356 -0.02055 0.0231305 0.00238724 -0.02045 0.0232054 0.00304504 -0.02055 0.0237982 0.00296274 -0.02045 0.023855 0.00345956 -0.02055 0.024588 0.00336606 -0.02045 0.0246234 0.00367302 -0.02055 0.025454 0.00357375 -0.02045 0.0254661 0.00367302 -0.02055 0.026346 0.00357375 -0.02045 0.0263339 0.00345956 -0.02055 0.027212 0.00336606 -0.02045 0.0271766 0.00304504 -0.02055 0.0280018 0.00296274 -0.02045 0.027945 0.00245356 -0.02055 0.0286695 0.00238724 -0.02045 0.0285946 0.00171948 -0.02055 0.0291762 0.00167301 -0.02045 0.0290876 0.000885469 -0.02055 0.0294925 0.000861537 -0.02045 0.0293954 1.29386e-09 -0.02055 0.0296 1.28949e-09 -0.02045 0.0295 -0.02195 -0.0433855 0.0294925 -0.02205 -0.0433615 0.0293954 -0.02205 -0.0425 0.0295 -0.02195 -0.0425 0.0296 -0.02195 -0.0442195 0.0291762 -0.02205 -0.044173 0.0290876 -0.02195 -0.0449535 0.0286695 -0.02205 -0.0448872 0.0285946 -0.02195 -0.045545 0.0280018 -0.02205 -0.0454627 0.027945 -0.02195 -0.0459596 0.027212 -0.02205 -0.045866 0.0271766 -0.02195 -0.046173 0.026346 -0.02205 -0.0460737 0.0263339 -0.02195 -0.0462198 0.0254565 -0.02205 -0.0460737 0.0254661 -0.02195 -0.0459596 0.024588 -0.02205 -0.045866 0.0246234 -0.02195 -0.045545 0.0237982 -0.02205 -0.0454627 0.023855 -0.02195 -0.0449535 0.0231305 -0.02205 -0.0448872 0.0232054 -0.02195 -0.0442195 0.0226238 -0.02205 -0.044173 0.0227123 -0.02195 -0.0433855 0.0223075 -0.02205 -0.0433615 0.0224046 -0.02195 -0.0425 0.0222 -0.02205 -0.0425 0.0223 -0.0282535 -0.0491829 0.0319 -0.0281564 -0.049159 0.0318 -0.0282 -0.0488 0.0318 -0.0283 -0.0488 0.0319 -0.0281167 -0.0495435 0.0319 -0.0280282 -0.0494971 0.0318 -0.0278976 -0.049861 0.0319 -0.0278228 -0.0497947 0.0318 -0.0276089 -0.0501168 0.0319 -0.0275521 -0.0500345 0.0318 -0.0272674 -0.050296 0.0319 -0.0272319 -0.0502025 0.0318 -0.0268929 -0.0503883 0.0319 -0.0268808 -0.0502891 0.0318 -0.0265071 -0.0503883 0.0319 -0.0265192 -0.0502891 0.0318 -0.0261326 -0.050296 0.0319 -0.0261681 -0.0502025 0.0318 -0.0257911 -0.0501168 0.0319 -0.0258479 -0.0500345 0.0318 -0.0255024 -0.049861 0.0319 -0.0255772 -0.0497947 0.0318 -0.0252833 -0.0495435 0.0319 -0.0253718 -0.0494971 0.0318 -0.0251465 -0.0491829 0.0319 -0.0252436 -0.049159 0.0318 -0.0251 -0.0488 0.0319 -0.0252 -0.0488 0.0318 0.00474649 -0.0161829 0.0319 0.00484359 -0.016159 0.0318 0.0048 -0.0158 0.0318 0.0047 -0.0158 0.0319 0.00488327 -0.0165436 0.0319 0.00497182 -0.0164971 0.0318 0.00510238 -0.016861 0.0319 0.00517723 -0.0167947 0.0318 0.0053911 -0.0171168 0.0319 0.0054479 -0.0170345 0.0318 0.00573263 -0.017296 0.0319 0.00576809 -0.0172025 0.0318 0.00610714 -0.0173883 0.0319 0.0061192 -0.0172891 0.0318 0.00649286 -0.0173883 0.0319 0.00648081 -0.0172891 0.0318 0.00686737 -0.017296 0.0319 0.00683191 -0.0172025 0.0318 0.00720891 -0.0171168 0.0319 0.0071521 -0.0170345 0.0318 0.00749762 -0.016861 0.0319 0.00742277 -0.0167947 0.0318 0.00771673 -0.0165436 0.0319 0.00762819 -0.0164971 0.0318 0.00785351 -0.0161829 0.0319 0.00775641 -0.016159 0.0318 0.0079 -0.0158 0.0319 0.0078 -0.0158 0.0318 -0.0198742 -0.0447393 0.0319 -0.0198742 -0.0447393 0.0299 -0.02 -0.0425 0.0299 -0.02 -0.0425 0.0319 -0.0194986 -0.0469504 0.0319 -0.0194986 -0.0469504 0.0299 -0.0188777 -0.0491056 0.0319 -0.0188777 -0.0491056 0.0299 -0.0180194 -0.0511777 0.0319 -0.0180194 -0.0511777 0.0299 -0.0169345 -0.0531406 0.0319 -0.0169345 -0.0531406 0.0299 -0.0156366 -0.0549698 0.0319 -0.0156366 -0.0549698 0.0299 -0.0141421 -0.0566421 0.0319 -0.0141421 -0.0566421 0.0299 -0.0124698 -0.0581366 0.0319 -0.0124698 -0.0581366 0.0299 -0.0106406 -0.0594345 0.0319 -0.0106406 -0.0594345 0.0299 -0.00867768 -0.0605194 0.0319 -0.00867767 -0.0605194 0.0299 -0.00660558 -0.0613777 0.0319 -0.00660558 -0.0613777 0.0299 -0.00445042 -0.0619986 0.0319 -0.00445042 -0.0619986 0.0299 -0.00223929 -0.0623742 0.0319 -0.00223929 -0.0623742 0.0299 1.39439e-09 -0.0625 0.0319 1.30697e-09 -0.0625 0.0299 0.00223929 -0.0623742 0.0319 0.00223929 -0.0623742 0.0299 0.00445042 -0.0619986 0.0319 0.00445042 -0.0619986 0.0299 0.00660558 -0.0613777 0.0319 0.00660558 -0.0613777 0.0299 0.00867767 -0.0605194 0.0319 0.00867767 -0.0605194 0.0299 0.0106406 -0.0594345 0.0319 0.0106406 -0.0594345 0.0299 0.0124698 -0.0581366 0.0319 0.0124698 -0.0581366 0.0299 0.0141421 -0.0566421 0.0319 0.0141421 -0.0566421 0.0299 0.0156366 -0.0549698 0.0319 0.0156366 -0.0549698 0.0299 0.0169345 -0.0531406 0.0319 0.0169345 -0.0531406 0.0299 0.0180194 -0.0511777 0.0319 0.0180194 -0.0511777 0.0299 0.0188777 -0.0491056 0.0319 0.0188777 -0.0491056 0.0299 0.0194986 -0.0469504 0.0319 0.0194986 -0.0469504 0.0299 0.0198742 -0.0447393 0.0319 0.0198742 -0.0447393 0.0299 0.02 -0.0425 0.0319 0.02 -0.0425 0.0299 -0.0392897 -0.0809791 0.0319 -0.0391751 -0.081029 0.0318 -0.0393 -0.08 0.0318 -0.0394 -0.08 0.0319 -0.0389643 -0.0819091 0.0319 -0.0388075 -0.0819983 0.0318 -0.0384401 -0.0827433 0.0319 -0.0382186 -0.0828514 0.0318 -0.0377434 -0.08344 0.0319 -0.0374427 -0.0835388 0.0318 -0.0369091 -0.0839643 0.0319 -0.0365248 -0.0840206 0.0318 -0.0359791 -0.0842897 0.0319 -0.0355183 -0.0842686 0.0318 -0.035 -0.0844 0.0319 -0.0344817 -0.0842686 0.0318 -0.0340209 -0.0842897 0.0319 -0.0334752 -0.0840206 0.0318 -0.0330909 -0.0839643 0.0319 -0.0325573 -0.0835388 0.0318 -0.0322566 -0.08344 0.0319 -0.0317814 -0.0828514 0.0318 -0.0315599 -0.0827434 0.0319 -0.0311925 -0.0819983 0.0318 -0.0310357 -0.0819091 0.0319 -0.0308249 -0.081029 0.0318 -0.0307103 -0.0809791 0.0319 -0.0307 -0.08 0.0318 -0.0306 -0.08 0.0319 -0.0392897 -0.00597908 0.0319 -0.0391751 -0.00602905 0.0318 -0.0393 -0.00499999 0.0318 -0.0394 -0.00499999 0.0319 -0.0389643 -0.00690908 0.0319 -0.0388075 -0.0069983 0.0318 -0.0384401 -0.00774335 0.0319 -0.0382186 -0.00785142 0.0318 -0.0377434 -0.00844005 0.0319 -0.0374427 -0.00853882 0.0318 -0.0369091 -0.00896426 0.0319 -0.0365248 -0.00902056 0.0318 -0.0359791 -0.00928967 0.0319 -0.0355183 -0.00926864 0.0318 -0.035 -0.00939999 0.0319 -0.0344817 -0.00926864 0.0318 -0.0340209 -0.00928967 0.0319 -0.0334752 -0.00902056 0.0318 -0.0330909 -0.00896426 0.0319 -0.0325573 -0.00853882 0.0318 -0.0322566 -0.00844005 0.0319 -0.0317814 -0.00785142 0.0318 -0.0315599 -0.00774335 0.0319 -0.0311925 -0.0069983 0.0318 -0.0310357 -0.00690908 0.0319 -0.0308249 -0.00602905 0.0318 -0.0307103 -0.00597908 0.0319 -0.0307 -0.00499999 0.0318 -0.0306 -0.00499999 0.0319 -0.0369419 -0.0729786 0.0319 -0.0369419 -0.0729786 0.0199 -0.037 -0.0725 0.0199 -0.0370455 -0.0724844 0.0319 -0.0367709 -0.0734294 0.0319 -0.0367709 -0.0734294 0.0199 -0.036497 -0.0738262 0.0319 -0.036497 -0.0738262 0.0199 -0.0361361 -0.074146 0.0319 -0.0361361 -0.074146 0.0199 -0.0357092 -0.07437 0.0319 -0.0357092 -0.07437 0.0199 -0.0352411 -0.0744854 0.0319 -0.0352411 -0.0744854 0.0199 -0.0347589 -0.0744854 0.0319 -0.0347589 -0.0744854 0.0199 -0.0342908 -0.07437 0.0319 -0.0342908 -0.07437 0.0199 -0.0338639 -0.074146 0.0319 -0.0338639 -0.074146 0.0199 -0.033503 -0.0738262 0.0319 -0.033503 -0.0738262 0.0199 -0.0332291 -0.0734294 0.0319 -0.0332291 -0.0734294 0.0199 -0.0330581 -0.0729786 0.0319 -0.0330581 -0.0729786 0.0199 -0.033 -0.0725 0.0319 -0.033 -0.0725 0.0199 -0.0369824 -0.0129985 0.0319 -0.0369419 -0.0129786 0.0199 -0.037 -0.0125 0.0199 -0.0370455 -0.0125156 0.0319 -0.0367709 -0.0134294 0.0319 -0.0367709 -0.0134294 0.0199 -0.036497 -0.0138262 0.0319 -0.036497 -0.0138262 0.0199 -0.0361361 -0.014146 0.0319 -0.0361361 -0.014146 0.0199 -0.0357092 -0.01437 0.0319 -0.0357092 -0.01437 0.0199 -0.0352411 -0.0144854 0.0319 -0.0352411 -0.0144854 0.0199 -0.0347589 -0.0144854 0.0319 -0.0347589 -0.0144854 0.0199 -0.0342908 -0.01437 0.0319 -0.0342908 -0.01437 0.0199 -0.0338639 -0.014146 0.0319 -0.0338639 -0.014146 0.0199 -0.033503 -0.0138262 0.0319 -0.033503 -0.0138262 0.0199 -0.0332291 -0.0134294 0.0319 -0.0332291 -0.0134294 0.0199 -0.0330581 -0.0129786 0.0319 -0.0330581 -0.0129786 0.0199 -0.033 -0.0125 0.0319 -0.033 -0.0125 0.0199 -0.0343881 -0.0773189 0.02 -0.035 -0.07715 0.0199 -0.035 -0.07725 0.02 -0.034318 -0.0772328 0.0199 -0.0338068 -0.0775223 0.02 -0.0336755 -0.0774764 0.0199 -0.0332854 -0.07785 0.02 -0.0331101 -0.0778667 0.0199 -0.03285 -0.0782854 0.02 -0.0326545 -0.078381 0.0199 -0.0325223 -0.0788068 0.02 -0.0323352 -0.0789894 0.0199 -0.032319 -0.0793881 0.02 -0.0321708 -0.0796565 0.0199 -0.03225 -0.08 0.02 -0.0321708 -0.0803435 0.0199 -0.032319 -0.0806119 0.02 -0.0323352 -0.0810106 0.0199 -0.0325223 -0.0811932 0.02 -0.0326545 -0.081619 0.0199 -0.03285 -0.0817146 0.02 -0.0331101 -0.0821332 0.0199 -0.0332854 -0.08215 0.02 -0.0336755 -0.0825235 0.0199 -0.0338068 -0.0824777 0.02 -0.034318 -0.0827672 0.0199 -0.0343881 -0.082681 0.02 -0.035 -0.08285 0.0199 -0.035 -0.08275 0.02 -0.0343881 -0.00231894 0.02 -0.035 -0.00214999 0.0199 -0.035 -0.00224999 0.02 -0.034318 -0.00223281 0.0199 -0.0338068 -0.00252233 0.02 -0.0336755 -0.00247644 0.0199 -0.0332854 -0.00284995 0.02 -0.0331101 -0.00286674 0.0199 -0.03285 -0.0032854 0.02 -0.0326545 -0.00338101 0.0199 -0.0325223 -0.00380681 0.02 -0.0323352 -0.00398937 0.0199 -0.032319 -0.00438806 0.02 -0.0321708 -0.00465646 0.0199 -0.03225 -0.00499999 0.02 -0.0321708 -0.00534352 0.0199 -0.032319 -0.00561193 0.02 -0.0323352 -0.00601062 0.0199 -0.0325223 -0.00619317 0.02 -0.0326545 -0.00661898 0.0199 -0.03285 -0.00671459 0.02 -0.0331101 -0.00713325 0.0199 -0.0332854 -0.00715003 0.02 -0.0336755 -0.00752354 0.0199 -0.0338068 -0.00747766 0.02 -0.034318 -0.00776718 0.0199 -0.0343881 -0.00768104 0.02 -0.035 -0.00784999 0.0199 -0.035 -0.00774999 0.02 -0.0391751 -0.081029 0.0263 -0.0393 -0.08 0.0263 -0.0388075 -0.0819983 0.0263 -0.0382186 -0.0828514 0.0263 -0.0374427 -0.0835388 0.0263 -0.0365248 -0.0840206 0.0263 -0.0355183 -0.0842686 0.0263 -0.0344817 -0.0842686 0.0263 -0.0334752 -0.0840206 0.0263 -0.0325573 -0.0835388 0.0263 -0.0317814 -0.0828514 0.0263 -0.0311925 -0.0819983 0.0263 -0.0308249 -0.081029 0.0263 -0.0307 -0.08 0.0263 -0.0391751 -0.00602905 0.0263 -0.0393 -0.00499999 0.0263 -0.0388075 -0.0069983 0.0263 -0.0382186 -0.00785142 0.0263 -0.0374427 -0.00853882 0.0263 -0.0365248 -0.00902056 0.0263 -0.0355183 -0.00926864 0.0263 -0.0344817 -0.00926864 0.0263 -0.0334752 -0.00902056 0.0263 -0.0325573 -0.00853882 0.0263 -0.0317814 -0.00785142 0.0263 -0.0311925 -0.0069983 0.0263 -0.0308249 -0.00602905 0.0263 -0.0307 -0.00499999 0.0263 -0.03775 -0.08 0.0263 -0.0376811 -0.0806119 0.02 -0.03775 -0.08 0.02 -0.0376701 -0.0806581 0.0263 -0.0374777 -0.0811932 0.02 -0.037435 -0.081278 0.0263 -0.03715 -0.0817146 0.02 -0.0370584 -0.0818236 0.0263 -0.0367146 -0.08215 0.02 -0.0365622 -0.0822632 0.0263 -0.0361932 -0.0824777 0.02 -0.0359752 -0.0825713 0.0263 -0.0356119 -0.082681 0.02 -0.0353315 -0.0827299 0.0263 -0.0346685 -0.0827299 0.0263 -0.0340248 -0.0825713 0.0263 -0.0334378 -0.0822632 0.0263 -0.0329416 -0.0818236 0.0263 -0.032565 -0.081278 0.0263 -0.0323299 -0.0806581 0.0263 -0.03225 -0.08 0.0263 -0.03775 -0.00499999 0.0263 -0.0376811 -0.00561193 0.02 -0.03775 -0.00499999 0.02 -0.0376701 -0.00565811 0.0263 -0.0374777 -0.00619317 0.02 -0.037435 -0.00627798 0.0263 -0.03715 -0.00671459 0.02 -0.0370584 -0.00682358 0.0263 -0.0367146 -0.00715003 0.02 -0.0365622 -0.0072632 0.0263 -0.0361932 -0.00747766 0.02 -0.0359752 -0.00757129 0.0263 -0.0356119 -0.00768104 0.02 -0.0353315 -0.00772994 0.0263 -0.0346685 -0.00772994 0.0263 -0.0340248 -0.00757129 0.0263 -0.0334378 -0.0072632 0.0263 -0.0329416 -0.00682358 0.0263 -0.032565 -0.00627798 0.0263 -0.0323299 -0.00565811 0.0263 -0.03225 -0.00499999 0.0263 0.00361154 -0.0875 0.0232143 0.00296414 -0.0875 0.0225137 0.0045 -0.0875 0.0199 0.00215305 -0.0875 0.0219484 0.00409089 -0.0875 0.0240247 0.00120567 -0.0875 0.0215645 0.00439171 -0.0875 0.0249167 0.000252955 -0.0875 0.021407 -0.000589835 -0.0875 0.0214125 0.0045 -0.0874954 0.0305542 0.00505626 -0.0874779 0.0300915 0.0285 -0.0874954 0.0305542 0.0285 -0.0875046 0.0317457 0.00291452 -0.0875 0.0293296 0.00211212 -0.0875 0.0298735 0.00173257 -0.0875 0.0300232 0.00135673 -0.0875 0.0301718 0.000565154 -0.0875 0.030379 -0.0425 -0.0875 0.0199 -0.00136786 -0.0875 0.0216503 -0.00211212 -0.0875 0.0219265 -0.00291453 -0.0875 0.0224704 -0.00359954 -0.0875 0.0231989 -0.00412298 -0.0875 0.0240964 -0.00440513 -0.0875 0.0249802 -0.00450006 -0.0875 0.0259 -0.0425 -0.0875 0.0319 -0.00439648 -0.0875 0.0268622 -0.00409952 -0.0875 0.0277564 -0.00362342 -0.0875 0.0285696 -0.00297932 -0.0875 0.0292729 -0.00217104 -0.0875 0.0298417 0.00447526 -0.0875 0.0259015 -0.000272444 -0.0875 0.0303918 -0.00122479 -0.0875 0.0302301 0.00447734 -0.0875 0.026347 0.045 -0.0407246 0.021765 0.045 -0.0398801 0.0222404 0.045 -0.0391448 0.0229011 0.045 -0.0385422 0.0237584 0.045 -0.0380011 0.0257984 0.045 -0.0381485 0.0247531 0.045 -0.0428793 0.0214159 0.045 -0.0420348 0.021405 0.045 -0.0413738 0.0215692 0.045 -0.0384024 0.0277601 0.045 -0.0380922 0.0268097 0.045 -0.044565 0.0219018 0.045 -0.0437282 0.0216156 0.045 -0.0396232 0.0293604 0.045 -0.0389119 0.0286168 0.045 -0.0404349 0.0298982 0.045 -0.0465976 0.0240399 0.045 -0.0460881 0.0231832 0.045 -0.0453768 0.0224395 0.045 -0.0469989 0.0260016 0.045 -0.0469078 0.0249903 0.045 -0.0442754 0.0300349 0.045 -0.0421207 0.030384 0.045 -0.042965 0.030408 0.045 -0.0436261 0.0302308 0.045 -0.0412718 0.0301843 0.045 -0.0464578 0.0280415 0.045 -0.0468515 0.0270468 0.045 -0.0458552 0.0288988 0.045 -0.0451199 0.0295595 -0.00415901 0.00250001 0.0241817 -0.00286111 0.00250001 0.0224266 -0.00346035 0.00250001 0.0230227 -0.00383127 0.00250001 0.0235879 -0.00131558 0.00250001 0.0215966 -0.00211426 0.00250001 0.0219765 -0.00449568 0.00250001 0.0260982 -0.00443109 0.00250001 0.0251118 -0.00432794 0.00250001 0.0271326 0.00163242 0.00250001 0.0217065 0.000669374 0.00250001 0.0214137 -0.000359088 0.00250001 0.0214143 -0.00328999 0.00250001 0.0289702 -0.00391472 0.00250001 0.0281193 0.00328999 0.00250001 0.0228298 0.00251831 0.00250001 0.0221698 -0.00163242 0.00250001 0.0300935 -0.00251831 0.00250001 0.0296302 0.00432794 0.00250001 0.0246674 0.00391473 0.00250001 0.0236807 0.00035909 0.00250001 0.0303857 -0.000669369 0.00250001 0.0303863 0.00131558 0.00250001 0.0302034 0.00415901 0.00250001 0.0276183 0.0044311 0.00250001 0.0266882 0.00449568 0.00250001 0.0257018 0.00286111 0.00250001 0.0293734 0.00211053 0.00250001 0.0298255 0.00346035 0.00250001 0.0287773 0.00383127 0.00250001 0.028212 -0.045 -0.0402624 0.0219957 -0.045 -0.0387841 0.0233617 -0.045 -0.0394336 0.0226057 -0.045 -0.0411546 0.0216058 -0.045 -0.0380509 0.025225 -0.045 -0.0383149 0.0242445 -0.045 -0.0382324 0.0273277 -0.045 -0.038016 0.02628 -0.045 -0.0449612 0.0221327 -0.045 -0.0428988 0.0214176 -0.045 -0.04373 0.021571 -0.045 -0.0443554 0.0218279 -0.045 -0.0420251 0.0214371 -0.045 -0.0400387 0.0296673 -0.045 -0.0392888 0.0290535 -0.045 -0.0386783 0.028276 -0.045 -0.0463217 0.023524 -0.045 -0.0457111 0.0227465 -0.045 -0.0467676 0.0244723 -0.045 -0.0421011 0.0303823 -0.045 -0.0412699 0.0302289 -0.045 -0.0406446 0.029972 -0.045 -0.0469491 0.026575 -0.045 -0.046984 0.02552 -0.045 -0.0438453 0.0301942 -0.045 -0.0429749 0.0303629 -0.045 -0.0462159 0.0284382 -0.045 -0.0466851 0.0275555 -0.045 -0.0447376 0.0298043 -0.045 -0.0455664 0.0291943 -0.0323299 -0.00434187 0.0263 -0.032565 -0.003722 0.0263 -0.0329416 -0.00317641 0.0263 -0.0334378 -0.00273679 0.0263 -0.0340248 -0.0024287 0.0263 -0.0346685 -0.00227004 0.0263 -0.0353315 -0.00227004 0.0263 -0.0356119 -0.00231894 0.02 -0.0359752 -0.0024287 0.0263 -0.0361932 -0.00252233 0.02 -0.0365622 -0.00273679 0.0263 -0.0367146 -0.00284995 0.02 -0.0370584 -0.00317641 0.0263 -0.03715 -0.0032854 0.02 -0.037435 -0.003722 0.0263 -0.0374777 -0.00380681 0.02 -0.0376701 -0.00434187 0.0263 -0.0376811 -0.00438806 0.02 -0.0323299 -0.0793419 0.0263 -0.032565 -0.078722 0.0263 -0.0329416 -0.0781764 0.0263 -0.0334378 -0.0777368 0.0263 -0.0340248 -0.0774287 0.0263 -0.0346685 -0.07727 0.0263 -0.0353315 -0.07727 0.0263 -0.0356119 -0.0773189 0.02 -0.0359752 -0.0774287 0.0263 -0.0361932 -0.0775223 0.02 -0.0365622 -0.0777368 0.0263 -0.0367146 -0.07785 0.02 -0.0370584 -0.0781764 0.0263 -0.03715 -0.0782854 0.02 -0.037435 -0.078722 0.0263 -0.0374777 -0.0788068 0.02 -0.0376701 -0.0793419 0.0263 -0.0376811 -0.0793881 0.02 -0.0374427 -0.00146116 0.0263 -0.0382186 -0.00214856 0.0263 -0.0388075 -0.00300168 0.0263 -0.0365248 -0.00097942 0.0263 -0.0391751 -0.00397094 0.0263 -0.0355183 -0.000731342 0.0263 -0.0344817 -0.000731342 0.0263 -0.0334752 -0.00097942 0.0263 -0.0325573 -0.00146116 0.0263 -0.0317814 -0.00214857 0.0263 -0.0311925 -0.00300168 0.0263 -0.0308249 -0.00397094 0.0263 -0.0374427 -0.0764612 0.0263 -0.0382186 -0.0771486 0.0263 -0.0388075 -0.0780017 0.0263 -0.0365248 -0.0759794 0.0263 -0.0391751 -0.0789709 0.0263 -0.0355183 -0.0757313 0.0263 -0.0344817 -0.0757313 0.0263 -0.0334752 -0.0759794 0.0263 -0.0325573 -0.0764612 0.0263 -0.0317814 -0.0771486 0.0263 -0.0311925 -0.0780017 0.0263 -0.0308249 -0.0789709 0.0263 -0.0308249 -0.00397094 0.0318 -0.0311925 -0.00300168 0.0318 -0.0317814 -0.00214857 0.0318 -0.0325573 -0.00146116 0.0318 -0.0334752 -0.00097942 0.0318 -0.0344817 -0.000731342 0.0318 -0.0355183 -0.000731342 0.0318 -0.0365248 -0.00097942 0.0318 -0.0374427 -0.00146116 0.0318 -0.0382186 -0.00214856 0.0318 -0.0388075 -0.00300168 0.0318 -0.0391751 -0.00397094 0.0318 -0.0308249 -0.0789709 0.0318 -0.0311925 -0.0780017 0.0318 -0.0317814 -0.0771486 0.0318 -0.0325573 -0.0764612 0.0318 -0.0334752 -0.0759794 0.0318 -0.0344817 -0.0757313 0.0318 -0.0355183 -0.0757313 0.0318 -0.0365248 -0.0759794 0.0318 -0.0374427 -0.0764612 0.0318 -0.0382186 -0.0771486 0.0318 -0.0388075 -0.0780017 0.0318 -0.0391751 -0.0789709 0.0318 -0.0141421 -0.0283579 0.0299 -0.0166632 -0.0273809 0.0299 -0.0151191 -0.0258368 0.0299 -0.0156366 -0.0300302 0.0299 -0.0180504 -0.0290675 0.0299 -0.0124698 -0.0268634 0.0299 -0.0134325 -0.0244496 0.0299 -0.0106406 -0.0255655 0.0299 -0.0116194 -0.0232324 0.0299 -0.0169345 -0.0318594 0.0299 -0.0192676 -0.0308806 0.0299 -0.00867767 -0.0244806 0.0299 -0.00969678 -0.0221967 0.0299 -0.00768285 -0.0213523 0.0299 -0.0180194 -0.0338223 0.0299 -0.0211477 -0.0348171 0.0299 -0.0203033 -0.0328032 0.0299 -0.00660558 -0.0236223 0.0299 -0.00559655 -0.0207071 0.0299 -0.0188777 -0.0358944 0.0299 -0.0217929 -0.0369034 0.0299 -0.00445042 -0.0230014 0.0299 -0.00518687 -0.02062 0.0299 -0.00477134 -0.0205675 0.0299 -0.00435287 -0.02055 0.0299 -0.0194986 -0.0380496 0.0299 -0.02195 -0.0381471 0.0299 -0.0219325 -0.0377287 0.0299 -0.02188 -0.0373131 0.0299 -0.0198742 -0.0402607 0.0299 -0.00223929 -0.0226257 0.0299 1.30697e-09 -0.0225 0.0299 0.00435287 -0.02055 0.0299 0.00223929 -0.0226257 0.0299 -0.02195 -0.0468529 0.0299 0.00445042 -0.0230014 0.0299 0.00477134 -0.0205675 0.0299 0.00518687 -0.02062 0.0299 0.00559655 -0.0207071 0.0299 -0.0217929 -0.0480965 0.0299 -0.02188 -0.0476869 0.0299 -0.0219325 -0.0472713 0.0299 0.00660558 -0.0236223 0.0299 0.00768285 -0.0213523 0.0299 -0.0211477 -0.0501828 0.0299 0.00867768 -0.0244806 0.0299 0.00969678 -0.0221967 0.0299 -0.0203033 -0.0521968 0.0299 0.0116194 -0.0232324 0.0299 -0.0192676 -0.0541193 0.0299 0.0106406 -0.0255655 0.0299 0.0134325 -0.0244496 0.0299 -0.0180504 -0.0559325 0.0299 0.0124698 -0.0268634 0.0299 0.0151191 -0.0258368 0.0299 -0.0166632 -0.0576191 0.0299 0.0141421 -0.0283579 0.0299 0.0166632 -0.0273809 0.0299 -0.0151191 -0.0591632 0.0299 0.0156366 -0.0300302 0.0299 0.0180504 -0.0290675 0.0299 -0.0134325 -0.0605504 0.0299 0.0169345 -0.0318594 0.0299 0.0192676 -0.0308806 0.0299 -0.0116194 -0.0617676 0.0299 0.0180194 -0.0338223 0.0299 0.0203033 -0.0328032 0.0299 -0.00969678 -0.0628033 0.0299 0.0211477 -0.0348171 0.0299 0.0188777 -0.0358944 0.0299 -0.00768285 -0.0636477 0.0299 0.0217929 -0.0369034 0.0299 0.0194986 -0.0380496 0.0299 -0.00559655 -0.0642928 0.0299 0.02188 -0.0373131 0.0299 -0.00518687 -0.0643799 0.0299 0.0219325 -0.0377287 0.0299 -0.00477134 -0.0644324 0.0299 0.02195 -0.0381471 0.0299 -0.00435287 -0.06445 0.0299 0.0198742 -0.0402607 0.0299 0.02195 -0.0468529 0.0299 0.00435287 -0.06445 0.0299 0.0219325 -0.0472713 0.0299 0.00477134 -0.0644324 0.0299 0.02188 -0.0476869 0.0299 0.00518687 -0.0643799 0.0299 0.0217929 -0.0480965 0.0299 0.00559655 -0.0642928 0.0299 0.0211477 -0.0501828 0.0299 0.00768285 -0.0636477 0.0299 0.0203033 -0.0521968 0.0299 0.00969677 -0.0628033 0.0299 0.0192676 -0.0541193 0.0299 0.0116194 -0.0617676 0.0299 0.0180504 -0.0559325 0.0299 0.0134325 -0.0605504 0.0299 0.0151191 -0.0591632 0.0299 0.0166632 -0.0576191 0.0299 -0.035682 -0.00776718 0.0199 -0.0363245 -0.00752354 0.0199 -0.0368899 -0.00713325 0.0199 -0.0373455 -0.00661898 0.0199 -0.0376648 -0.00601062 0.0199 -0.0378292 -0.00534352 0.0199 -0.0378292 -0.00465646 0.0199 -0.0376648 -0.00398937 0.0199 -0.0373455 -0.00338101 0.0199 -0.0368899 -0.00286674 0.0199 -0.0363245 -0.00247644 0.0199 -0.035682 -0.00223281 0.0199 -0.035682 -0.0827672 0.0199 -0.0363245 -0.0825235 0.0199 -0.0368899 -0.0821332 0.0199 -0.0373455 -0.081619 0.0199 -0.0376648 -0.0810106 0.0199 -0.0378292 -0.0803435 0.0199 -0.0378292 -0.0796565 0.0199 -0.0376648 -0.0789894 0.0199 -0.0373455 -0.078381 0.0199 -0.0368899 -0.0778667 0.0199 -0.0363245 -0.0774764 0.0199 -0.035682 -0.0772328 0.0199 -0.00477134 -0.0644324 0.0199 -0.00435287 -0.06445 0.0199 -0.00518687 -0.0643799 0.0199 -0.00559655 -0.0642928 0.0199 -0.00768285 -0.0636477 0.0199 -0.00969678 -0.0628033 0.0199 -0.0116194 -0.0617676 0.0199 -0.0134325 -0.0605504 0.0199 -0.0151191 -0.0591632 0.0199 -0.0166632 -0.0576191 0.0199 -0.0180504 -0.0559325 0.0199 -0.0192676 -0.0541193 0.0199 -0.0203033 -0.0521968 0.0199 -0.0211477 -0.0501828 0.0199 -0.0217929 -0.0480965 0.0199 -0.02188 -0.0476869 0.0199 -0.0219325 -0.0472713 0.0199 -0.02195 -0.0468529 0.0199 -0.0219325 -0.0377287 0.0199 -0.02195 -0.0381471 0.0199 -0.02188 -0.0373131 0.0199 -0.0217929 -0.0369034 0.0199 -0.0211477 -0.0348171 0.0199 -0.0203033 -0.0328032 0.0199 -0.0192676 -0.0308806 0.0199 -0.0180504 -0.0290675 0.0199 -0.0166632 -0.0273809 0.0199 -0.0151191 -0.0258368 0.0199 -0.0134325 -0.0244496 0.0199 -0.0116194 -0.0232324 0.0199 -0.00969678 -0.0221967 0.0199 -0.00768285 -0.0213523 0.0199 -0.00559655 -0.0207071 0.0199 -0.00518687 -0.02062 0.0199 -0.00477134 -0.0205675 0.0199 -0.00435287 -0.02055 0.0199 0.00477134 -0.0205675 0.0199 0.00435288 -0.02055 0.0199 0.00518687 -0.02062 0.0199 0.00559655 -0.0207071 0.0199 0.00768285 -0.0213523 0.0199 0.00969678 -0.0221967 0.0199 0.0116194 -0.0232324 0.0199 0.0134325 -0.0244496 0.0199 0.0151191 -0.0258368 0.0199 0.0166632 -0.0273809 0.0199 0.0180504 -0.0290675 0.0199 0.0192676 -0.0308806 0.0199 0.0203033 -0.0328032 0.0199 0.0211477 -0.0348171 0.0199 0.0217929 -0.0369034 0.0199 0.02188 -0.0373131 0.0199 0.0219325 -0.0377287 0.0199 0.02195 -0.0381471 0.0199 0.0219325 -0.0472713 0.0199 0.02195 -0.0468529 0.0199 0.02188 -0.0476869 0.0199 0.0217929 -0.0480965 0.0199 0.0211477 -0.0501828 0.0199 0.0203033 -0.0521968 0.0199 0.0192676 -0.0541193 0.0199 0.0180504 -0.0559325 0.0199 0.0166632 -0.0576191 0.0199 0.0151191 -0.0591632 0.0199 0.0134325 -0.0605504 0.0199 0.0116194 -0.0617676 0.0199 0.00969677 -0.0628033 0.0199 0.00768285 -0.0636477 0.0199 0.00559655 -0.0642928 0.0199 0.00518687 -0.0643799 0.0199 0.00477134 -0.0644324 0.0199 0.00435287 -0.06445 0.0199 0.00706268 -0.0774437 0.0199 0.007 -0.078 0.0304 0.007 -0.078 0.0199 0.00706268 -0.0774437 0.0304 0.00724758 -0.0769153 0.0199 0.00724758 -0.0769153 0.0304 0.00754542 -0.0764413 0.0199 0.00754542 -0.0764413 0.0304 0.00794127 -0.0760454 0.0199 0.00794127 -0.0760454 0.0304 0.00841529 -0.0757476 0.0199 0.00841529 -0.0757476 0.0304 0.0089437 -0.0755627 0.0199 0.0089437 -0.0755627 0.0304 0.0095 -0.0755 0.0199 0.0095 -0.0755 0.0304 0.0309373 -0.0735563 0.0199 0.031 -0.073 0.0199 0.0309844 -0.073 0.0304016 0.0309843 -0.0735562 0.0303984 0.0307524 -0.0740847 0.0199 0.0307524 -0.0740847 0.0304 0.0304546 -0.0745587 0.0199 0.0304546 -0.0745587 0.0304 0.0300378 -0.0749312 0.0199 0.0300587 -0.0749546 0.0304 0.0295847 -0.0752524 0.0199 0.0295847 -0.0752524 0.0304 0.0290563 -0.0754373 0.0199 0.0290563 -0.0754373 0.0304 0.0285 -0.0755 0.0199 0.0285 -0.0755 0.0304 0.007 -0.085 0.0304 0.007 -0.085 0.0199 -0.0330581 -0.0120214 0.0319 -0.0330581 -0.0120214 0.0199 -0.0332291 -0.0115705 0.0319 -0.0332291 -0.0115705 0.0199 -0.033503 -0.0111737 0.0319 -0.033503 -0.0111737 0.0199 -0.0338639 -0.010854 0.0319 -0.0338639 -0.010854 0.0199 -0.0342908 -0.01063 0.0319 -0.0342908 -0.01063 0.0199 -0.0347589 -0.0105146 0.0319 -0.0347589 -0.0105146 0.0199 -0.0352411 -0.0105146 0.0319 -0.0352411 -0.0105146 0.0199 -0.0357092 -0.01063 0.0319 -0.0357092 -0.01063 0.0199 -0.0361361 -0.010854 0.0319 -0.0361361 -0.010854 0.0199 -0.036497 -0.0111737 0.0319 -0.036497 -0.0111737 0.0199 -0.0367709 -0.0115705 0.0319 -0.0367709 -0.0115705 0.0199 -0.0369419 -0.0120214 0.0319 -0.0369419 -0.0120214 0.0199 -0.0330581 -0.0720214 0.0319 -0.0330581 -0.0720214 0.0199 -0.0332291 -0.0715705 0.0319 -0.0332291 -0.0715705 0.0199 -0.033503 -0.0711737 0.0319 -0.033503 -0.0711737 0.0199 -0.0338639 -0.070854 0.0319 -0.0338639 -0.070854 0.0199 -0.0342908 -0.07063 0.0319 -0.0342908 -0.07063 0.0199 -0.0347589 -0.0705146 0.0319 -0.0347589 -0.0705146 0.0199 -0.0352411 -0.0705146 0.0319 -0.0352411 -0.0705146 0.0199 -0.0357092 -0.07063 0.0319 -0.0357092 -0.07063 0.0199 -0.0361361 -0.070854 0.0319 -0.0361361 -0.070854 0.0199 -0.036497 -0.0711737 0.0319 -0.036497 -0.0711737 0.0199 -0.0367709 -0.0715705 0.0319 -0.0367709 -0.0715705 0.0199 -0.0369824 -0.0720015 0.0319 -0.0369419 -0.0720214 0.0199 -0.0307103 -0.0040209 0.0319 -0.0310357 -0.0030909 0.0319 -0.0315599 -0.00225664 0.0319 -0.0322566 -0.00155993 0.0319 -0.0330909 -0.00103573 0.0319 -0.0340209 -0.000710308 0.0319 -0.035 -0.000599991 0.0319 -0.0359791 -0.000710308 0.0319 -0.0369091 -0.00103573 0.0319 -0.0377434 -0.00155993 0.0319 -0.0384401 -0.00225664 0.0319 -0.0389643 -0.0030909 0.0319 -0.0392897 -0.0040209 0.0319 -0.0307103 -0.0790209 0.0319 -0.0310357 -0.0780909 0.0319 -0.0315599 -0.0772566 0.0319 -0.0322566 -0.0765599 0.0319 -0.0330909 -0.0760357 0.0319 -0.0340209 -0.0757103 0.0319 -0.035 -0.0756 0.0319 -0.0359791 -0.0757103 0.0319 -0.0369091 -0.0760357 0.0319 -0.0377434 -0.0765599 0.0319 -0.0384401 -0.0772566 0.0319 -0.0389643 -0.0780909 0.0319 -0.0392897 -0.0790209 0.0319 -0.045 -0.085 0.0199 -0.045 -0.085 0.0319 -0.045 7.62939e-09 0.0199 -0.045 7.62939e-09 0.0319 -0.0430563 0.00243733 0.0319 -0.0425 0.00250001 0.0319 -0.0425 0.00250001 0.0199 -0.0430563 0.00243733 0.0199 -0.0435847 0.00225243 0.0319 -0.0435847 0.00225243 0.0199 -0.0440587 0.00195459 0.0319 -0.0440587 0.00195459 0.0199 -0.0444546 0.00155873 0.0319 -0.0444546 0.00155873 0.0199 -0.0447524 0.00108472 0.0319 -0.0447524 0.00108472 0.0199 -0.0449064 0.000551052 0.0319 -0.0449064 0.000551052 0.0199 0.0425 0.00250001 0.0319 0.0425 0.00250001 0.0199 0.0449373 0.000556305 0.0319 0.045 3.8147e-09 0.0319 0.045 3.8147e-09 0.0199 0.0449373 0.000556305 0.0199 0.0447524 0.00108471 0.0319 0.0447524 0.00108471 0.0199 0.0444546 0.00155873 0.0319 0.0444546 0.00155873 0.0199 0.0440587 0.00195458 0.0319 0.0440587 0.00195458 0.0199 0.0435847 0.00225243 0.0319 0.0435847 0.00225243 0.0199 0.043051 0.00240638 0.0319 0.043051 0.00240638 0.0199 0.045 -0.065 0.0319 0.045 -0.065 0.0199 0.031 -0.07 0.0199 0.031 -0.07 0.0319 0.0310156 -0.085 0.0318984 0.0309844 -0.085 0.0304016 0.0198742 -0.0402607 0.0319 0.0194986 -0.0380496 0.0319 0.0188777 -0.0358944 0.0319 0.0180194 -0.0338223 0.0319 0.0169345 -0.0318594 0.0319 0.0156366 -0.0300302 0.0319 0.0141421 -0.0283579 0.0319 0.0124698 -0.0268634 0.0319 0.0106406 -0.0255655 0.0319 0.00867767 -0.0244806 0.0319 0.00660558 -0.0236223 0.0319 0.00445042 -0.0230014 0.0319 0.00223929 -0.0226257 0.0319 1.39439e-09 -0.0225 0.0319 -0.00223929 -0.0226257 0.0319 -0.00445042 -0.0230014 0.0319 -0.00660558 -0.0236223 0.0319 -0.00867768 -0.0244806 0.0319 -0.0106406 -0.0255655 0.0319 -0.0124698 -0.0268634 0.0319 -0.0141421 -0.0283579 0.0319 -0.0156366 -0.0300302 0.0319 -0.0169345 -0.0318594 0.0319 -0.0180194 -0.0338223 0.0319 -0.0188777 -0.0358944 0.0319 -0.0194986 -0.0380496 0.0319 -0.0198742 -0.0402607 0.0319 0.0425 -0.0675 0.0319 0.0425 -0.0675 0.0199 0.043051 -0.0674064 0.0199 0.0435847 -0.0672524 0.0199 0.0440587 -0.0669546 0.0199 0.0444546 -0.0665587 0.0319 0.0444546 -0.0665587 0.0199 0.0447524 -0.0660847 0.0319 0.0447524 -0.0660847 0.0199 0.0449373 -0.0655563 0.0319 0.0449373 -0.0655563 0.0199 0.0329437 -0.0675627 0.0319 0.0335 -0.0675 0.0199 0.0335 -0.0675 0.0319 0.0329437 -0.0675627 0.0199 0.0324153 -0.0677476 0.0319 0.0324153 -0.0677476 0.0199 0.0319413 -0.0680454 0.0319 0.0319413 -0.0680454 0.0199 0.0315454 -0.0684413 0.0319 0.0315454 -0.0684413 0.0199 0.0312476 -0.0689153 0.0319 0.0312476 -0.0689153 0.0199 0.0310627 -0.0694437 0.0319 0.0310627 -0.0694437 0.0199 0.00693732 -0.0855563 0.0304 0.00690637 -0.085551 0.0199 0.00675242 -0.0860847 0.0304 0.00675242 -0.0860847 0.0199 0.00645458 -0.0865587 0.0304 0.00645458 -0.0865587 0.0199 0.00605872 -0.0869546 0.0304 0.00605872 -0.0869546 0.0199 0.00558471 -0.0872524 0.0304 0.00558471 -0.0872524 0.0199 0.00505104 -0.0874064 0.0199 0.00785351 -0.0154171 0.0319 0.00775641 -0.015441 0.0318 0.00771673 -0.0150564 0.0319 0.00762819 -0.0151029 0.0318 0.00749762 -0.014739 0.0319 0.00742277 -0.0148053 0.0318 0.00720891 -0.0144832 0.0319 0.0071521 -0.0145655 0.0318 0.00686737 -0.014304 0.0319 0.00683191 -0.0143975 0.0318 0.00649286 -0.0142117 0.0319 0.00648081 -0.0143109 0.0318 0.00610714 -0.0142117 0.0319 0.0061192 -0.0143109 0.0318 0.00573263 -0.014304 0.0319 0.00576809 -0.0143975 0.0318 0.0053911 -0.0144832 0.0319 0.0054479 -0.0145655 0.0318 0.00510238 -0.014739 0.0319 0.00517723 -0.0148053 0.0318 0.00488327 -0.0150564 0.0319 0.00497182 -0.0151029 0.0318 0.00474649 -0.0154171 0.0319 0.00484359 -0.015441 0.0318 -0.0251465 -0.0484171 0.0319 -0.0252436 -0.048441 0.0318 -0.0252833 -0.0480564 0.0319 -0.0253718 -0.0481029 0.0318 -0.0255024 -0.047739 0.0319 -0.0255772 -0.0478053 0.0318 -0.0257911 -0.0474832 0.0319 -0.0258479 -0.0475655 0.0318 -0.0261326 -0.047304 0.0319 -0.0261681 -0.0473975 0.0318 -0.0265071 -0.0472117 0.0319 -0.0265192 -0.0473109 0.0318 -0.0268929 -0.0472117 0.0319 -0.0268808 -0.0473109 0.0318 -0.0272674 -0.047304 0.0319 -0.0272319 -0.0473975 0.0318 -0.0276089 -0.0474832 0.0319 -0.0275521 -0.0475655 0.0318 -0.0278976 -0.047739 0.0319 -0.0278228 -0.0478053 0.0318 -0.0281167 -0.0480564 0.0319 -0.0280282 -0.0481029 0.0318 -0.0282535 -0.0484171 0.0319 -0.0281564 -0.048441 0.0318 0.0403975 -0.0675 0.0240958 0.0399691 -0.0675 0.0236364 0.0393983 -0.0675 0.0232454 0.0407181 -0.0675 0.02463 0.0409152 -0.0675 0.02519 0.0387065 -0.0675 0.022984 0.0409968 -0.0675 0.0257599 0.038 -0.0675 0.0229 0.0373906 -0.0675 0.022962 0.0368335 -0.0675 0.023136 0.0376923 -0.0675 0.0229155 0.0362862 -0.0675 0.0234369 0.0358122 -0.0675 0.0238472 0.0354345 -0.0675 0.0243439 0.0409683 -0.0675 0.0263383 0.0408294 -0.0675 0.0268973 0.0405655 -0.0675 0.0274561 0.0401878 -0.0675 0.0279527 0.0397138 -0.0675 0.0283631 0.0391665 -0.0675 0.0286639 0.0351706 -0.0675 0.0249027 0.0386094 -0.0675 0.0288379 0.0350317 -0.0675 0.0254617 0.0383077 -0.0675 0.0288845 0.038 -0.0675 0.0289 0.0350032 -0.0675 0.02604 0.0372935 -0.0675 0.028816 0.0366017 -0.0675 0.0285546 0.0360309 -0.0675 0.0281636 0.0356025 -0.0675 0.0277042 0.0352819 -0.0675 0.02717 0.0350848 -0.0675 0.02661 -0.0444546 -0.0865587 0.0319 -0.0449373 -0.0855563 0.0319 -0.0447234 -0.0860727 0.0319 -0.0440378 -0.0869312 0.0319 -0.0435847 -0.0872524 0.0319 -0.0430476 -0.0874071 0.0319 0.0300587 -0.0869546 0.0319 0.0304546 -0.0865587 0.0319 0.0307234 -0.0860727 0.0319 0.0309373 -0.0855563 0.0319 0.0290563 -0.0874373 0.0319 0.0295727 -0.0872234 0.0319 -0.0449373 -0.0855563 0.0199 -0.0447524 -0.0860847 0.0199 -0.0444546 -0.0865587 0.0199 -0.0440587 -0.0869546 0.0199 -0.0435847 -0.0872524 0.0199 -0.0430563 -0.0874373 0.0199 0.029051 -0.0874064 0.0304 0.0295847 -0.0872524 0.0304 0.0300587 -0.0869546 0.0304 0.0304546 -0.0865587 0.0304 0.0307524 -0.0860847 0.0304 0.0309373 -0.0855563 0.0304 -0.02195 -0.039455 0.0237982 -0.02195 -0.0400464 0.0231305 -0.02195 -0.0407805 0.0226238 -0.02195 -0.0390404 0.024588 -0.02195 -0.0416145 0.0223075 -0.02195 -0.038827 0.025454 -0.02195 -0.039455 0.0280018 -0.02195 -0.0390404 0.027212 -0.02195 -0.038827 0.026346 -0.02195 -0.0400464 0.0286695 -0.02195 -0.0407805 0.0291762 -0.02195 -0.0416145 0.0294925 -0.02205 -0.0416385 0.0224046 -0.02205 -0.040827 0.0227123 -0.02205 -0.0401127 0.0232054 -0.02205 -0.0395372 0.023855 -0.02205 -0.0391339 0.0246234 -0.02205 -0.0389262 0.0254661 -0.02205 -0.0389262 0.0263339 -0.02205 -0.0391339 0.0271766 -0.02205 -0.0395372 0.027945 -0.02205 -0.0401127 0.0285946 -0.02205 -0.040827 0.0290876 -0.02205 -0.0416385 0.0293954 -0.00304504 -0.02055 0.0280018 -0.00245356 -0.02055 0.0286695 -0.00171948 -0.02055 0.0291762 -0.00345956 -0.02055 0.027212 -0.000885468 -0.02055 0.0294925 -0.00367302 -0.02055 0.026346 -0.00367302 -0.02055 0.025454 -0.00171948 -0.02055 0.0226238 -0.00245356 -0.02055 0.0231305 -0.00304504 -0.02055 0.0237982 -0.00345956 -0.02055 0.024588 -0.000885469 -0.02055 0.0223075 -0.000861539 -0.02045 0.0293954 -0.001673 -0.02045 0.0290876 -0.00238724 -0.02045 0.0285946 -0.00296274 -0.02045 0.027945 -0.00336606 -0.02045 0.0271766 -0.00357375 -0.02045 0.0263339 -0.00357375 -0.02045 0.0254661 -0.00336606 -0.02045 0.0246234 -0.00296274 -0.02045 0.023855 -0.00238724 -0.02045 0.0232054 -0.001673 -0.02045 0.0227123 -0.000861539 -0.02045 0.0224046 0.02195 -0.039455 0.0280018 0.02195 -0.0400464 0.0286695 0.02195 -0.0407805 0.0291762 0.02195 -0.0390404 0.027212 0.02195 -0.0416145 0.0294925 0.02195 -0.038827 0.026346 0.02195 -0.038827 0.025454 0.02195 -0.0407805 0.0226238 0.02195 -0.0400464 0.0231305 0.02195 -0.039455 0.0237982 0.02195 -0.0390404 0.024588 0.02195 -0.0416145 0.0223075 0.02205 -0.0416385 0.0293954 0.02205 -0.040827 0.0290876 0.02205 -0.0401128 0.0285946 0.02205 -0.0395373 0.027945 0.02205 -0.0391339 0.0271766 0.02205 -0.0389262 0.0263339 0.02205 -0.0389262 0.0254661 0.02205 -0.0391339 0.0246234 0.02205 -0.0395373 0.023855 0.02205 -0.0401128 0.0232054 0.02205 -0.040827 0.0227123 0.02205 -0.0416385 0.0224046 -0.00304504 -0.06445 0.0237982 -0.00245356 -0.06445 0.0231305 -0.00171948 -0.06445 0.0226238 -0.00345956 -0.06445 0.024588 -0.000885469 -0.06445 0.0223075 -0.00367302 -0.06445 0.025454 -0.00304504 -0.06445 0.0280018 -0.00345956 -0.06445 0.027212 -0.00367302 -0.06445 0.026346 -0.00245356 -0.06445 0.0286695 -0.00171948 -0.06445 0.0291762 -0.000885468 -0.06445 0.0294925 -0.000861539 -0.06455 0.0224046 -0.001673 -0.06455 0.0227123 -0.00238724 -0.06455 0.0232054 -0.00296274 -0.06455 0.023855 -0.00336606 -0.06455 0.0246234 -0.00357375 -0.06455 0.0254661 -0.00357375 -0.06455 0.0263339 -0.00336606 -0.06455 0.0271766 -0.00296274 -0.06455 0.027945 -0.00238724 -0.06455 0.0285946 -0.001673 -0.06455 0.0290876 -0.000861539 -0.06455 0.0293954 0.0379624 -0.0691243 0.0293395 0.0379624 -0.0696243 0.0293395 0.0386452 -0.0696243 0.0292722 0.0386452 -0.0691243 0.0292722 0.0393018 -0.0696243 0.0290731 0.0393018 -0.0691243 0.0290731 0.0399069 -0.0696243 0.0287496 0.0399069 -0.0691243 0.0287496 0.0404373 -0.0696243 0.0283144 0.0404373 -0.0691243 0.0283144 0.0408726 -0.0696243 0.027784 0.0408726 -0.0691243 0.027784 0.041196 -0.0696243 0.0271789 0.041196 -0.0691243 0.0271789 0.0413952 -0.0696243 0.0265223 0.0413952 -0.0691243 0.0265223 0.0414624 -0.0696243 0.0258395 0.0414624 -0.0691243 0.0258395 0.0413952 -0.0696243 0.0251567 0.0413952 -0.0691243 0.0251567 0.041196 -0.0696243 0.0245001 0.041196 -0.0691243 0.0245001 0.0408726 -0.0696243 0.023895 0.0408726 -0.0691243 0.023895 0.0404373 -0.0696243 0.0233646 0.0404373 -0.0691243 0.0233646 0.0399069 -0.0696243 0.0229293 0.0399069 -0.0691243 0.0229293 0.0393018 -0.0696243 0.0226059 0.0393018 -0.0691243 0.0226059 0.0386452 -0.0696243 0.0224067 0.0386452 -0.0691243 0.0224067 0.0379624 -0.0696243 0.0223395 0.0379624 -0.0691243 0.0223395 0.0372796 -0.0696243 0.0224067 0.0372796 -0.0691243 0.0224067 0.036623 -0.0696243 0.0226059 0.036623 -0.0691243 0.0226059 0.0360179 -0.0696243 0.0229293 0.0360179 -0.0691243 0.0229293 0.0354876 -0.0696243 0.0233646 0.0354876 -0.0691243 0.0233646 0.0350523 -0.0696243 0.023895 0.0350523 -0.0691243 0.023895 0.0347288 -0.0696243 0.0245001 0.0347288 -0.0691243 0.0245001 0.0345297 -0.0696243 0.0251567 0.0345297 -0.0691243 0.0251567 0.0344624 -0.0696243 0.0258395 0.0344624 -0.0691243 0.0258395 0.0345297 -0.0696243 0.0265223 0.0345297 -0.0691243 0.0265223 0.0347288 -0.0696243 0.0271789 0.0347288 -0.0691243 0.0271789 0.0350523 -0.0696243 0.027784 0.0350523 -0.0691243 0.027784 0.0354876 -0.0696243 0.0283144 0.0354876 -0.0691243 0.0283144 0.0360179 -0.0696243 0.0287496 0.0360179 -0.0691243 0.0287496 0.036623 -0.0696243 0.0290731 0.036623 -0.0691243 0.0290731 0.0372796 -0.0696243 0.0292722 0.0372796 -0.0691243 0.0292722 -0.004 -0.0199 0.0259122 -0.004 -0.0209 0.0259122 -0.00392314 -0.0209 0.0266925 -0.00392314 -0.0199 0.0266925 -0.00369552 -0.0209 0.0274429 -0.00369552 -0.0199 0.0274429 -0.00332588 -0.0209 0.0281344 -0.00332588 -0.0199 0.0281344 -0.00282843 -0.0209 0.0287406 -0.00282843 -0.0199 0.0287406 -0.00222228 -0.0209 0.029238 -0.00222228 -0.0199 0.029238 -0.00153073 -0.0209 0.0296077 -0.00153073 -0.0199 0.0296077 -0.00078036 -0.0209 0.0298353 -0.00078036 -0.0199 0.0298353 1.3075e-09 -0.0209 0.0299122 1.3075e-09 -0.0199 0.0299122 0.000780363 -0.0209 0.0298353 0.000780363 -0.0199 0.0298353 0.00153073 -0.0209 0.0296077 0.00153073 -0.0199 0.0296077 0.00222228 -0.0209 0.029238 0.00222228 -0.0199 0.029238 0.00282843 -0.0209 0.0287406 0.00282843 -0.0199 0.0287406 0.00332588 -0.0209 0.0281344 0.00332588 -0.0199 0.0281344 0.00369552 -0.0209 0.0274429 0.00369552 -0.0199 0.0274429 0.00392314 -0.0209 0.0266925 0.00392314 -0.0199 0.0266925 0.004 -0.0209 0.0259122 0.004 -0.0199 0.0259122 0.00392314 -0.0209 0.0251318 0.00392314 -0.0199 0.0251318 0.00369552 -0.0209 0.0243814 0.00369552 -0.0199 0.0243814 0.00332588 -0.0209 0.0236899 0.00332588 -0.0199 0.0236899 0.00282843 -0.0209 0.0230837 0.00282843 -0.0199 0.0230837 0.00222228 -0.0209 0.0225863 0.00222228 -0.0199 0.0225863 0.00153073 -0.0209 0.0222166 0.00153073 -0.0199 0.0222166 0.000780362 -0.0209 0.021989 0.000780362 -0.0199 0.021989 9.57811e-10 -0.0209 0.0219122 9.57811e-10 -0.0199 0.0219122 -0.00078036 -0.0209 0.021989 -0.00078036 -0.0199 0.021989 -0.00153073 -0.0209 0.0222166 -0.00153073 -0.0199 0.0222166 -0.00222228 -0.0209 0.0225863 -0.00222228 -0.0199 0.0225863 -0.00282843 -0.0209 0.0230837 -0.00282843 -0.0199 0.0230837 -0.00332588 -0.0209 0.0236899 -0.00332588 -0.0199 0.0236899 -0.00369552 -0.0209 0.0243814 -0.00369552 -0.0199 0.0243814 -0.00392314 -0.0209 0.0251318 -0.00392314 -0.0199 0.0251318 -0.0216 -0.0385 0.0259122 -0.0226 -0.0385 0.0259122 -0.0226 -0.0385769 0.0266925 -0.0216 -0.0385769 0.0266925 -0.0226 -0.0388045 0.0274429 -0.0216 -0.0388045 0.0274429 -0.0226 -0.0391741 0.0281344 -0.0216 -0.0391741 0.0281344 -0.0226 -0.0396716 0.0287406 -0.0216 -0.0396716 0.0287406 -0.0226 -0.0402777 0.029238 -0.0216 -0.0402777 0.029238 -0.0226 -0.0409693 0.0296077 -0.0216 -0.0409693 0.0296077 -0.0226 -0.0417196 0.0298353 -0.0216 -0.0417196 0.0298353 -0.0226 -0.0425 0.0299122 -0.0216 -0.0425 0.0299122 -0.0226 -0.0432804 0.0298353 -0.0216 -0.0432804 0.0298353 -0.0226 -0.0440307 0.0296077 -0.0216 -0.0440307 0.0296077 -0.0226 -0.0447223 0.029238 -0.0216 -0.0447223 0.029238 -0.0226 -0.0453284 0.0287406 -0.0216 -0.0453284 0.0287406 -0.0226 -0.0458259 0.0281344 -0.0216 -0.0458259 0.0281344 -0.0226 -0.0461955 0.0274429 -0.0216 -0.0461955 0.0274429 -0.0226 -0.0464231 0.0266925 -0.0216 -0.0464231 0.0266925 -0.0226 -0.0465 0.0259122 -0.0216 -0.0465 0.0259122 -0.0226 -0.0464231 0.0251318 -0.0216 -0.0464231 0.0251318 -0.0226 -0.0461955 0.0243814 -0.0216 -0.0461955 0.0243814 -0.0226 -0.0458259 0.0236899 -0.0216 -0.0458259 0.0236899 -0.0226 -0.0453284 0.0230837 -0.0216 -0.0453284 0.0230837 -0.0226 -0.0447223 0.0225863 -0.0216 -0.0447223 0.0225863 -0.0226 -0.0440307 0.0222167 -0.0216 -0.0440307 0.0222167 -0.0226 -0.0432804 0.021989 -0.0216 -0.0432804 0.021989 -0.0226 -0.0425 0.0219122 -0.0216 -0.0425 0.0219122 -0.0226 -0.0417196 0.021989 -0.0216 -0.0417196 0.021989 -0.0226 -0.0409693 0.0222167 -0.0216 -0.0409693 0.0222167 -0.0226 -0.0402777 0.0225863 -0.0216 -0.0402777 0.0225863 -0.0226 -0.0396716 0.0230837 -0.0216 -0.0396716 0.0230837 -0.0226 -0.0391741 0.0236899 -0.0216 -0.0391741 0.0236899 -0.0226 -0.0388045 0.0243814 -0.0216 -0.0388045 0.0243814 -0.0226 -0.0385769 0.0251318 -0.0216 -0.0385769 0.0251318 -0.004 -0.0641 0.0259122 -0.004 -0.0651 0.0259122 -0.00392314 -0.0651 0.0266925 -0.00392314 -0.0641 0.0266925 -0.00369552 -0.0651 0.0274429 -0.00369552 -0.0641 0.0274429 -0.00332588 -0.0651 0.0281344 -0.00332588 -0.0641 0.0281344 -0.00282843 -0.0651 0.0287406 -0.00282843 -0.0641 0.0287406 -0.00222228 -0.0651 0.029238 -0.00222228 -0.0641 0.029238 -0.00153073 -0.0651 0.0296077 -0.00153073 -0.0641 0.0296077 -0.00078036 -0.0651 0.0298353 -0.00078036 -0.0641 0.0298353 1.3075e-09 -0.0651 0.0299122 1.3075e-09 -0.0641 0.0299122 0.000780363 -0.0651 0.0298353 0.000780363 -0.0641 0.0298353 0.00153073 -0.0651 0.0296077 0.00153073 -0.0641 0.0296077 0.00222228 -0.0651 0.029238 0.00222228 -0.0641 0.029238 0.00282843 -0.0651 0.0287406 0.00282843 -0.0641 0.0287406 0.00332588 -0.0651 0.0281344 0.00332588 -0.0641 0.0281344 0.00369552 -0.0651 0.0274429 0.00369552 -0.0641 0.0274429 0.00392314 -0.0651 0.0266925 0.00392314 -0.0641 0.0266925 0.004 -0.0651 0.0259122 0.004 -0.0641 0.0259122 0.00392314 -0.0651 0.0251318 0.00392314 -0.0641 0.0251318 0.00369552 -0.0651 0.0243814 0.00369552 -0.0641 0.0243814 0.00332588 -0.0651 0.0236899 0.00332588 -0.0641 0.0236899 0.00282843 -0.0651 0.0230837 0.00282843 -0.0641 0.0230837 0.00222228 -0.0651 0.0225863 0.00222228 -0.0641 0.0225863 0.00153073 -0.0651 0.0222166 0.00153073 -0.0641 0.0222166 0.000780362 -0.0651 0.021989 0.000780362 -0.0641 0.021989 9.57811e-10 -0.0651 0.0219122 9.57811e-10 -0.0641 0.0219122 -0.00078036 -0.0651 0.021989 -0.00078036 -0.0641 0.021989 -0.00153073 -0.0651 0.0222166 -0.00153073 -0.0641 0.0222166 -0.00222228 -0.0651 0.0225863 -0.00222228 -0.0641 0.0225863 -0.00282843 -0.0651 0.0230837 -0.00282843 -0.0641 0.0230837 -0.00332588 -0.0651 0.0236899 -0.00332588 -0.0641 0.0236899 -0.00369552 -0.0651 0.0243814 -0.00369552 -0.0641 0.0243814 -0.00392314 -0.0651 0.0251318 -0.00392314 -0.0641 0.0251318</float_array>
                    <technique_common>
                        <accessor count="4756" source="#shape0-lib-positions-array" stride="3">
                            <param name="X" type="float"/>
                            <param name="Y" type="float"/>
                            <param name="Z" type="float"/>
                        </accessor>
                    </technique_common>
                </source>
                <source id="shape0-lib-normals" name="normal">
                    <float_array id="shape0-lib-normals-array" count="25839">0 0.995185 -0.0980142 0 0.995185 -0.0980142 0 0.956939 -0.290289 0 0.956939 -0.290289 0 0.881922 -0.471395 0 0.881922 -0.471395 0 0.773009 -0.634395 0 0.773009 -0.634395 0 0.634396 -0.773008 0 0.634396 -0.773008 0 0.471397 -0.881921 0 0.471397 -0.881921 0 0.290284 -0.956941 0 0.290284 -0.956941 0 0.0980186 -0.995185 0 0.0980186 -0.995185 0 -0.0980191 -0.995185 0 -0.0980191 -0.995185 0 -0.290284 -0.956941 0 -0.290284 -0.956941 0 -0.471397 -0.881921 0 -0.471397 -0.881921 0 -0.634393 -0.77301 0 -0.634393 -0.77301 0 -0.773012 -0.634392 0 -0.773012 -0.634392 0 -0.88192 -0.471399 0 -0.88192 -0.471399 0 -0.95694 -0.290284 0 -0.95694 -0.290284 0 -0.995185 -0.0980189 0 -0.995185 -0.0980189 0 -0.995185 0.0980189 0 -0.995185 0.0980189 0 -0.95694 0.290284 0 -0.95694 0.290284 0 -0.88192 0.471399 0 -0.88192 0.471399 0 -0.773012 0.634392 0 -0.773012 0.634392 0 -0.634393 0.77301 0 -0.634393 0.77301 0 -0.471399 0.88192 0 -0.471399 0.88192 0 -0.290284 0.956941 0 -0.290284 0.956941 0 -0.0980167 0.995185 0 -0.0980167 0.995185 0 0.0980163 0.995185 0 0.0980163 0.995185 0 0.290284 0.956941 0 0.290284 0.956941 0 0.471399 0.88192 0 0.471399 0.88192 0 0.634396 0.773008 0 0.634396 0.773008 0 0.773009 0.634395 0 0.773009 0.634395 0 0.881922 0.471395 0 0.881922 0.471395 1 0 0 1 0 0 1 0 0 1 0 0 1 0 0 1 0 0 1 0 0 1 0 0 1 0 0 1 0 0 1 0 0 1 0 0 1 0 0 1 0 0 1 0 0 1 0 0 1 0 0 1 0 0 1 0 0 1 0 0 1 0 0 1 0 0 1 0 0 1 0 0 1 0 0 1 0 0 1 0 0 1 0 0 1 0 0 1 0 0 0 0.956939 0.290289 0 0.956939 0.290289 0 0.995185 0.0980142 0 0.995185 0.0980142 -1 0 0 -1 0 0 -1 0 0 -1 0 0 -1 0 0 -1 0 0 -1 0 0 -1 0 0 -1 0 0 -1 0 0 -1 0 0 -1 0 0 -1 0 0 -1 0 0 -1 0 0 -1 0 0 -1 0 0 -1 0 0 -1 0 0 -1 0 0 -1 0 0 -1 0 0 -1 0 0 -1 0 0 -1 0 0 -1 0 0 -1 0 0 -1 0 0 -1 0 0 -1 0 0 -1 0 0 -1 0 0 0 1 0 0 1 0 0 1 0 0 1 0 0 1 0 0 1 0 1 0 0 1 0 0 0 -1 0 0 -1 0 0 -1 0 0 -1 0 0 -1 0 0 -1 0 0 0 -1 0 0 -1 0 0 -1 0 0 -1 1 0 2.06961e-08 1 0 2.06961e-08 -1 0 -2.06961e-08 -1 0 -2.06961e-08 3.25826e-08 0 -1 3.25826e-08 0 -1 -1 0 0 -1 0 0 0 1 0 0 1 0 1 0 0 1 0 0 0 -1 0 0 -1 0 0 0 -1 -1.64388e-07 1.96361e-07 -1 1.36043e-08 -1.65768e-08 -1 -1.53679e-07 -2.16396e-07 -1 0 -3.51146e-08 -1 5.97256e-07 1.15059e-06 -1 0 0 -1 0 0 -1 0 0 -1 1.68779e-07 -1.68779e-07 -1 1.65768e-08 -1.36042e-08 -1 2.00352e-08 -1.0709e-08 -1 -2.00352e-08 -1.0709e-08 -1 -2.46048e-08 -7.46378e-09 -1 3.51146e-08 0 -1 8.82763e-08 -2.67783e-08 -1 -3.66889e-08 0 -1 -4.52804e-08 -4.45975e-09 -1 4.52804e-08 -4.45972e-09 -1 3.16431e-08 3.11657e-09 -1 -3.16431e-08 3.11658e-09 -1 -2.46048e-08 7.46377e-09 -1 2.46048e-08 7.46377e-09 -1 2.00352e-08 1.0709e-08 -1 -2.00352e-08 1.0709e-08 -1 1.68779e-07 1.68779e-07 -1 1.65768e-08 1.36042e-08 -1 1.36043e-08 1.65768e-08 -1 0 0 -1 -1.64388e-07 -1.96361e-07 -1 -1.53679e-07 2.16396e-07 -1 0 0 -1 0 3.51146e-08 -1 5.97256e-07 -1.15059e-06 -1 0 0 -1 0 0 -1 0 0 1 0 0 1 0 0 1 0 0 1 0 0 1 -2.06961e-08 -2.91422e-08 1 5.35564e-08 -1.76552e-07 1 -2.06961e-08 3.35078e-08 1 8.9195e-09 9.05609e-08 1 8.91944e-09 -9.05608e-08 1 -6.23313e-09 -6.32862e-08 1 -6.23315e-09 6.32861e-08 1 -1.49275e-08 4.92096e-08 1 -1.49275e-08 -4.92096e-08 1 -3.28776e-07 3.92722e-07 1 -3.28775e-07 -3.92721e-07 1 0 0 1 0 0 1 0 0 1 0 0 1 0 0 1 0 0 1 0 0 1 0 0 1 0 0 1 0 0 1 0 0 1 0 0 1 0 0 1 0 0 1 0 0 1 0 0 1 0 0 1 0 0 1 0 0 1 0 0 1 -0.0980174 -0.995185 4.28447e-09 -0.0980174 -0.995185 5.79934e-09 -0.290284 -0.95694 1.35174e-08 -0.290284 -0.95694 2.31973e-08 -0.471396 -0.881921 4.39022e-08 -0.471396 -0.881921 0 -0.634394 -0.77301 0 -0.634394 -0.77301 0 -0.77301 -0.634394 0 -0.77301 -0.634394 0 -0.881922 -0.471396 0 -0.881922 -0.471396 0 -0.95694 -0.290285 0 -0.95694 -0.290285 0 -0.995185 -0.0980174 0 -0.995185 -0.0980174 0 -0.995185 0.0980175 0 -0.995185 0.0980175 0 -0.95694 0.290284 0 -0.95694 0.290284 0 -0.881921 0.471396 0 -0.881921 0.471396 0 -0.77301 0.634393 0 -0.77301 0.634393 0 -0.634394 0.77301 0 -0.634394 0.77301 0 -0.471396 0.881922 4.63947e-08 -0.471396 0.881922 0 -0.290284 0.95694 2.31973e-08 -0.290284 0.95694 2.70348e-08 -0.0980169 0.995185 5.79934e-09 -0.0980169 0.995185 4.56427e-09 0.0980169 0.995185 -5.79934e-09 0.0980169 0.995185 -4.28445e-09 0.290284 0.95694 -2.31973e-08 0.290284 0.95694 -1.35174e-08 0.471396 0.881922 0 0.471396 0.881922 -4.39022e-08 0.634394 0.77301 0 0.634394 0.77301 0 0.77301 0.634394 0 0.77301 0.634394 0 0.881921 0.471396 0 0.881921 0.471396 0 0.95694 0.290284 0 0.95694 0.290284 0 0.995185 0.098017 0 0.995185 0.098017 0 0.995185 -0.0980169 0 0.995185 -0.0980169 0 0.95694 -0.290285 0 0.95694 -0.290285 0 0.881922 -0.471396 0 0.881922 -0.471396 0 0.77301 -0.634394 0 0.77301 -0.634394 0 0.634394 -0.77301 0 0.634394 -0.77301 0 0.471396 -0.881921 0 0.471396 -0.881921 -4.63947e-08 0.290284 -0.95694 -2.70348e-08 0.290284 -0.956941 -2.31973e-08 0.0980173 -0.995185 -4.56429e-09 0.0980173 -0.995185 -5.79934e-09 0.0952524 -0.612846 0.78444 0.0952418 -0.612841 0.784446 0.280206 -0.61284 0.738858 0.280214 -0.612845 0.738851 0.448891 -0.612844 0.650323 0.448887 -0.612841 0.650327 0.591479 -0.612841 0.524002 0.59148 -0.612843 0.523998 0.699691 -0.61284 0.367232 0.699691 -0.612841 0.367229 0.767244 -0.612841 0.189108 0.767245 -0.612841 0.189109 0.790206 -0.612841 -2.2984e-07 0.790206 -0.612841 0 0.767246 -0.61284 -0.189107 0.767243 -0.612842 -0.18911 0.699689 -0.612843 -0.367231 0.699695 -0.612839 -0.367226 0.591483 -0.61284 -0.524 0.591476 -0.612843 -0.524003 0.448882 -0.612844 -0.650329 0.448892 -0.612839 -0.650326 0.280211 -0.612843 -0.738854 0.28021 -0.612843 -0.738854 0.0952527 -0.612843 -0.784443 0.0952515 -0.612843 -0.784443 0.0952514 -0.61284 -0.784445 0.0952537 -0.612841 -0.784444 0.28021 -0.612844 -0.738853 0.280204 -0.612841 -0.738858 0.448884 -0.612839 -0.650331 0.448893 -0.612845 -0.65032 0.591485 -0.612844 -0.523993 0.59148 -0.612839 -0.524003 0.69969 -0.612845 -0.367226 0.699689 -0.612843 -0.367231 0.767242 -0.612841 -0.189115 0.767242 -0.612844 -0.189107 0.790206 -0.612841 -3.11925e-07 0.790206 -0.612841 -2.00839e-07 0.76724 -0.612845 0.189116 0.767245 -0.61284 0.189107 0.699694 -0.612841 0.367224 0.699688 -0.612844 0.36723 0.591482 -0.612841 0.523999 0.591481 -0.612841 0.523999 0.448876 -0.612844 0.650332 0.448883 -0.612842 0.65033 0.280218 -0.612841 0.738853 0.280211 -0.612843 0.738854 0.0952449 -0.612843 0.784444 0.0952513 -0.612841 0.784445 0.120535 0 -0.992709 0.120535 0 -0.992709 0.354614 0 -0.935013 0.354614 0 -0.935013 0.568059 0 -0.822988 0.568059 0 -0.822988 0.748515 0 -0.663118 0.748515 0 -0.663118 0.885453 0 -0.464729 0.885453 0 -0.464729 0.970945 0 -0.239301 0.970945 0 -0.239301 1 0 0 1 0 0 0.970945 0 0.239305 0.970945 0 0.239305 0.885453 0 0.464729 0.885453 0 0.464729 0.748515 0 0.663118 0.748515 0 0.663118 0.56807 0 0.82298 0.56807 0 0.82298 0.3546 0 0.935018 0.3546 0 0.935018 0.120535 0 0.992709 0.120535 0 0.992709 0 -1 0 0 -1 0 0 -1 0 0 -1 0 0 -1 0 0 -1 0 0 -1 0 0 -1 0 0 -1 0 0 -1 0 0 -1 0 0 -1 0 0 -1 0 0 -1 0 0 -1 0 0 -1 0 0 -1 0 0 -1 0 0 -1 0 0 -1 0 0 -1 0 0 -1 0 0 -1 0 0 -1 0 0 -1 0 0 -1 0 0 -1 0 0 -1 0 0 -1 0 0 -1 0 0 -1 0 0 -1 0 0 -1 0 0 -1 0 0 -1 0 0 -1 0 0 -1 0 0 -1 0 0 -1 0 0 -1 0 0 -1 0 0 -1 0 0 -1 0 0 -1 0 0 -1 0 0 -1 0 0 -1 0 0 -1 0 0 -1 0 0 -1 0 0 -1 0 0 -1 0 -0.120531 0 0.99271 -0.120531 0 0.99271 -0.3546 0 0.935018 -0.3546 0 0.935018 -0.56807 0 0.82298 -0.56807 0 0.82298 -0.748515 0 0.663118 -0.748515 0 0.663118 -0.885453 0 0.464729 -0.885453 0 0.464729 -0.970941 0 0.23932 -0.970941 0 0.23932 -1 0 0 -1 0 0 -0.970942 0 -0.239316 -0.970942 0 -0.239316 -0.885453 0 -0.464729 -0.885453 0 -0.464729 -0.748515 0 -0.663118 -0.748515 0 -0.663118 -0.568059 0 -0.822988 -0.568059 0 -0.822988 -0.354614 0 -0.935013 -0.354614 0 -0.935013 -0.120531 0 -0.99271 -0.120531 0 -0.99271 -0.0952527 -0.612843 0.784443 -0.0952473 -0.61284 0.784445 -0.280218 -0.612844 0.738851 -0.280212 -0.612841 0.738856 -0.448881 -0.612843 0.65033 -0.448882 -0.612844 0.650329 -0.591478 -0.612841 0.524004 -0.59148 -0.612843 0.523998 -0.699692 -0.612845 0.367223 -0.69969 -0.612842 0.367231 -0.767243 -0.61284 0.189117 -0.767243 -0.612844 0.189106 -0.790206 -0.612841 3.11925e-07 -0.790206 -0.612841 2.00839e-07 -0.76724 -0.612845 -0.189114 -0.767244 -0.612842 -0.189108 -0.699691 -0.612843 -0.367227 -0.699688 -0.612844 -0.36723 -0.591476 -0.612844 -0.524003 -0.591478 -0.612843 -0.524001 -0.448891 -0.612844 -0.650323 -0.448891 -0.612843 -0.650323 -0.280211 -0.612841 -0.738856 -0.280205 -0.612843 -0.738856 -0.0952559 -0.61284 -0.784445 -0.0952529 -0.612841 -0.784444 -0.095251 -0.612843 -0.784443 -0.0952511 -0.612843 -0.784443 -0.280211 -0.612842 -0.738855 -0.28021 -0.612842 -0.738855 -0.448884 -0.612839 -0.650332 -0.448888 -0.612842 -0.650326 -0.59148 -0.612844 -0.523998 -0.591478 -0.61284 -0.524005 -0.69969 -0.612841 -0.367231 -0.699691 -0.612843 -0.367228 -0.767244 -0.612842 -0.189106 -0.767244 -0.612843 -0.189105 -0.790206 -0.612841 1.53227e-07 -0.790206 -0.612841 0 -0.767243 -0.612844 0.189108 -0.767245 -0.612841 0.189104 -0.69969 -0.612842 0.367231 -0.699688 -0.612843 0.367233 -0.591477 -0.612844 0.524001 -0.591481 -0.612842 0.523999 -0.448897 -0.612838 0.650325 -0.448884 -0.612844 0.650328 -0.280203 -0.612846 0.738855 -0.280217 -0.612839 0.738855 -0.0952514 -0.61284 0.784445 -0.0952401 -0.612845 0.784442 0 -1 0 0 -1 0 0 -1 0 0 -1 0 0 -1 0 0 -1 0 0 -1 0 0 -1 0 0 -1 0 0 -1 0 0 -1 0 0 -1 0 0 -1 0 0 -1 0 0 -1 0 0 -1 0 0 -1 0 0 -1 0 0 -1 0 0 -1 0 0 -1 0 0 -1 0 0 -1 0 0 -1 0 0 -1 0 0 -1 0 0 -1 0 0 -1 0 0 -1 0 0 -1 0 0 -1 0 0 -1 0 0 -1 0 0 -1 0 0 -1 0 0 -1 0 0 -1 0 0 -1 0 0 -1 0 0 -1 0 0 -1 0 0 -1 0 0 -1 0 0 -1 0 0 -1 0 0 -1 0 0 -1 0 0 -1 0 0 -1 0 0 -1 0 0 -1 0 0 -1 0 0 -1 0 0 -1 0 0 -1 0 0 -1 0 0.120537 0 -0.992709 0.120537 0 -0.992709 0.354603 0 -0.935017 0.354603 0 -0.935017 0.568066 0 -0.822983 0.568066 0 -0.822983 0.748511 0 -0.663123 0.748511 0 -0.663123 0.885456 0 -0.464724 0.885456 0 -0.464724 0.970942 0 -0.239314 0.970942 0 -0.239314 1 0 0 1 0 0 0.970942 0 0.239314 0.970942 0 0.239314 0.885455 0 0.464725 0.885455 0 0.464725 0.748511 0 0.663122 0.748511 0 0.663122 0.568065 0 0.822983 0.568065 0 0.822983 0.354603 0 0.935017 0.354603 0 0.935017 0.120535 0 0.992709 0.120535 0 0.992709 0.120538 0 -0.992709 0.120538 0 -0.992709 0.354605 0 -0.935016 0.354605 0 -0.935016 0.568066 0 -0.822983 0.568066 0 -0.822983 0.748509 0 -0.663125 0.748509 0 -0.663125 0.885457 0 -0.464722 0.885457 0 -0.464722 0.970941 0 -0.239318 0.970941 0 -0.239318 1 0 0 1 0 0 0.970941 0 0.239317 0.970941 0 0.239317 0.885456 0 0.464723 0.885456 0 0.464723 0.748511 0 0.663123 0.748511 0 0.663123 0.568064 0 0.822984 0.568064 0 0.822984 0.354605 0 0.935016 0.354605 0 0.935016 0.120538 0 0.992709 0.120538 0 0.992709 0 -1 0 0 -1 0 0 -1 0 0 -1 0 0 -1 0 0 -1 0 0 -1 0 0 -1 0 0 -1 0 0 -1 0 0 -1 0 0 -1 0 0 -1 0 0 -1 0 0 -1 0 0 -1 0 0 -1 0 0 -1 0 0 -1 0 0 -1 0 0 -1 0 0 -1 0 0 -1 0 0 -1 0 0 -1 0 0 -1 0 0 -1 0 0 -1 0 0 -1 0 0 -1 0 0 -1 0 0 -1 0 0 -1 0 0 -1 0 0 -1 0 0 -1 0 0 -1 0 0 -1 0 0 -1 0 0 -1 0 0 -1 0 0 -1 0 0 -1 0 0 -1 0 0 -1 0 0 -1 0 0 -1 0 0 -1 0 0 -1 0 0 -1 0 0 -1 0 0 -1 0 -0.120536 0 0.992709 -0.120536 0 0.992709 -0.354605 0 0.935016 -0.354605 0 0.935016 -0.568064 0 0.822985 -0.568064 0 0.822985 -0.748513 0 0.663121 -0.748513 0 0.663121 -0.885456 0 0.464723 -0.885456 0 0.464723 -0.970942 0 0.239314 -0.970942 0 0.239314 -1 0 0 -1 0 0 -0.970942 0 -0.239314 -0.970942 0 -0.239314 -0.885457 0 -0.464722 -0.885457 0 -0.464722 -0.748511 0 -0.663122 -0.748511 0 -0.663122 -0.568066 0 -0.822983 -0.568066 0 -0.822983 -0.354604 0 -0.935017 -0.354604 0 -0.935017 -0.120537 0 -0.992709 -0.120537 0 -0.992709 -0.120536 0 0.992709 -0.120536 0 0.992709 -0.354603 0 0.935017 -0.354603 0 0.935017 -0.568066 0 0.822983 -0.568066 0 0.822983 -0.748511 0 0.663122 -0.748511 0 0.663122 -0.885455 0 0.464725 -0.885455 0 0.464725 -0.970942 0 0.239316 -0.970942 0 0.239316 -1 0 0 -1 0 0 -0.970942 0 -0.239316 -0.970942 0 -0.239316 -0.885455 0 -0.464724 -0.885455 0 -0.464724 -0.74851 0 -0.663124 -0.74851 0 -0.663124 -0.568067 0 -0.822982 -0.568067 0 -0.822982 -0.354603 0 -0.935017 -0.354603 0 -0.935017 -0.120538 0 -0.992709 -0.120538 0 -0.992709 0 -1 0 0 -1 0 0 -1 0 0 -1 0 0 -1 0 0 -1 0 0 -1 0 0 -1 0 0 -1 0 0 -1 0 0 -1 0 0 -1 0 0 -1 0 0 -1 0 0 -1 0 0 -1 0 0 -1 0 0 -1 0 0 -1 0 0 -1 0 0 -1 0 0 -1 0 0 -1 0 0 -1 0 0 -1 0 0 -1 0 0 -1 0 0 -1 0 0 -1 0 0 -1 0 0 -1 0 0 -1 0 0 -1 0 0 -1 0 0 -1 0 0 -1 0 0 -1 0 0 -1 0 0 -1 0 0 -1 0 0 -1 0 0 -1 0 0 -1 0 0 -1 0 0 -1 0 0 -1 0 0 -1 0 0 -1 0 0 -1 0 0 -1 0 0 -1 0 0 -1 0 0 -1 0 0 -1 0 0 -1 0 0 -1 0 0.612853 -0.095257 -0.784434 0.612847 -0.0952453 -0.784441 0.612849 -0.280203 -0.738853 0.612852 -0.280208 -0.738847 0.612846 -0.448884 -0.650325 0.612849 -0.448887 -0.650321 0.612851 -0.591476 -0.523994 0.612846 -0.591473 -0.524003 0.612849 -0.699687 -0.367225 0.612851 -0.699687 -0.367221 0.612845 -0.767239 -0.189115 0.612849 -0.767238 -0.189107 0.612846 -0.790203 0 0.612846 -0.790203 0 0.612849 -0.767237 0.189113 0.612846 -0.767241 0.189107 0.612853 -0.699682 0.367229 0.612848 -0.699689 0.367222 0.612844 -0.591486 0.523992 0.612852 -0.59147 0.524 0.612849 -0.448878 0.650326 0.612844 -0.448889 0.650323 0.61285 -0.280208 0.73885 0.612849 -0.280209 0.73885 0.612847 -0.0952513 0.78444 0.61285 -0.095245 0.784438 0.612852 -0.0952572 0.784435 0.612847 -0.0952444 0.784441 0.612849 -0.280212 0.738848 0.612847 -0.280207 0.738852 0.612849 -0.448882 0.650324 0.612849 -0.448883 0.650323 0.612853 -0.591476 0.523993 0.612848 -0.591471 0.524003 0.612856 -0.699687 0.367213 0.612852 -0.699685 0.367224 0.612844 -0.767236 0.189131 0.612855 -0.767235 0.189101 0.612846 -0.790203 0 0.612846 -0.790203 0 0.612857 -0.767227 -0.189127 0.612846 -0.767242 -0.189102 0.612849 -0.699692 -0.367216 0.612855 -0.69968 -0.367228 0.612848 -0.591479 -0.523995 0.612849 -0.591477 -0.523996 0.61285 -0.448876 -0.650327 0.612848 -0.448879 -0.650326 0.612846 -0.280221 -0.738848 0.612849 -0.280212 -0.738848 0.61285 -0.0952441 -0.784438 0.612847 -0.0952513 -0.78444 0 -0.120534 0.992709 0 -0.120534 0.992709 0 -0.354596 0.93502 0 -0.354596 0.93502 0 -0.568061 0.822986 0 -0.568061 0.822986 0 -0.748513 0.66312 0 -0.748513 0.66312 0 -0.885452 0.464731 0 -0.885452 0.464731 0 -0.970945 0.239302 0 -0.970945 0.239302 0 -1 0 0 -1 0 0 -0.970945 -0.239302 0 -0.970945 -0.239302 0 -0.885452 -0.464731 0 -0.885452 -0.464731 0 -0.748513 -0.66312 0 -0.748513 -0.66312 0 -0.568061 -0.822986 0 -0.568061 -0.822986 0 -0.354596 -0.93502 0 -0.354596 -0.93502 0 -0.12055 -0.992707 0 -0.12055 -0.992707 0 0.12055 -0.992707 0 0.12055 -0.992707 0 0.354596 -0.93502 0 0.354596 -0.93502 0 0.568061 -0.822986 0 0.568061 -0.822986 0 0.748513 -0.66312 0 0.748513 -0.66312 0 0.885452 -0.464731 0 0.885452 -0.464731 1.1977e-06 0.970945 -0.239302 0 0.970952 -0.239273 1.23354e-06 1 0 1.23354e-06 1 0 0 0.970945 0.239302 1.19738e-06 0.970952 0.239273 0 0.885452 0.464731 0 0.885452 0.464731 0 0.748513 0.66312 0 0.748513 0.66312 0 0.568061 0.822986 0 0.568061 0.822986 0 0.354596 0.93502 0 0.354596 0.93502 0 0.120534 0.992709 0 0.120534 0.992709 1 0 0 1 0 0 1 0 0 1 0 0 1 0 0 1 0 0 1 0 0 1 0 0 1 0 0 1 0 0 1 0 0 1 0 0 1 0 0 1 0 0 1 0 0 1 0 0 1 0 0 1 0 0 1 0 0 1 0 0 1 0 0 1 0 0 1 0 0 1 0 0 1 0 0 1 0 0 1 0 0 1 0 0 1 0 0 1 0 0 1 0 0 1 0 0 1 0 0 1 0 0 1 0 0 1 0 0 1 0 0 1 0 0 1 0 0 1 0 0 1 0 0 1 0 0 1 0 0 1 0 0 1 0 0 1 0 0 1 0 0 1 0 0 1 0 0 1 0 0 1 0 0 1 0 0 0.612849 0.0952511 -0.784438 0.612848 0.0952464 -0.78444 0.612849 0.280209 -0.73885 0.612849 0.280208 -0.73885 0.612852 0.448883 -0.65032 0.612849 0.448878 -0.650326 0.612844 0.591472 -0.524007 0.612852 0.591481 -0.523987 0.612851 0.69969 -0.367215 0.612845 0.699687 -0.367232 0.612851 0.767236 -0.189112 0.61285 0.767236 -0.189113 0.612851 0.790198 0 0.612851 0.790198 0 0.61285 0.767236 0.189114 0.612851 0.767235 0.189114 0.612846 0.699694 0.367217 0.61285 0.699686 0.367224 0.612853 0.591467 0.524002 0.612848 0.591478 0.523996 0.612849 0.448891 0.650318 0.612852 0.448882 0.650321 0.612849 0.280201 0.738853 0.612849 0.280203 0.738853 0.612853 0.095246 0.784436 0.612848 0.0952575 0.784438 0.612847 0.0952465 0.78444 0.612849 0.0952511 0.784438 0.612849 0.280212 0.738848 0.612847 0.28021 0.738851 0.612847 0.44888 0.650328 0.612849 0.448882 0.650324 0.612848 0.591477 0.523996 0.612848 0.591477 0.523996 0.612847 0.699686 0.367231 0.612847 0.699686 0.36723 0.612846 0.767242 0.189102 0.612848 0.767242 0.189097 0.612846 0.790203 0 0.612846 0.790203 0 0.612849 0.767239 -0.189103 0.612846 0.767243 -0.189098 0.612846 0.699689 -0.367226 0.612849 0.699685 -0.36723 0.612851 0.59147 -0.524001 0.612846 0.591478 -0.523997 0.612849 0.448883 -0.650323 0.61285 0.448882 -0.650323 0.61285 0.280207 -0.73885 0.612849 0.280209 -0.73885 0.612846 0.0952577 -0.78444 0.612852 0.095246 -0.784437 1 0 0 1 0 0 1 0 0 1 0 0 1 0 0 1 0 0 1 0 0 1 0 0 1 0 0 1 0 0 1 0 0 1 0 0 1 0 0 1 0 0 1 0 0 1 0 0 1 0 0 1 0 0 1 0 0 1 0 0 1 0 0 1 0 0 1 0 0 1 0 0 1 0 0 1 0 0 1 0 0 1 0 0 1 0 0 1 0 0 1 0 0 1 0 0 1 0 0 1 0 0 1 0 0 1 0 0 1 0 0 1 0 0 1 0 0 1 0 0 1 0 0 1 0 0 1 0 0 1 0 0 1 0 0 1 0 0 1 0 0 1 0 0 1 0 0 1 0 0 1 0 0 1 0 0 1 0 0 1 0 0 1 0 0 1 0 0 0 -0.120537 0.992709 0 -0.120537 0.992709 0 0.354604 -0.935017 0 -0.354604 0.935017 0 -0.568063 0.822985 0 -0.568063 0.822985 0 0.748511 -0.663122 0 -0.748511 0.663122 0 -0.885456 0.464723 0 -0.885456 0.464723 0 -0.970943 0.239312 0 -0.970943 0.239312 0 -1 0 0 -1 0 0 0.970943 0.239312 0 0.970943 0.239312 0 -0.885455 -0.464724 0 0.885455 0.464724 0 -0.748511 -0.663122 0 -0.748511 -0.663122 0 -0.568063 -0.822985 0 -0.568063 -0.822985 0 -0.354606 -0.935016 0 -0.354606 -0.935016 0 -0.120535 -0.992709 0 -0.120535 -0.992709 0 0.120536 -0.992709 0 0.120536 -0.992709 0 0.354604 -0.935017 0 0.354604 -0.935017 0 -0.568064 0.822984 0 0.568064 -0.822984 0 0.748512 -0.663121 0 -0.748512 0.663121 0 0.885455 -0.464725 0 -0.885455 0.464725 0 0.970942 -0.239317 0 0.970942 -0.239317 0 1 0 0 -1 0 0 0.970942 0.239317 0 0.970942 0.239317 0 0.885454 0.464727 0 0.885454 0.464727 0 0.748514 0.663119 0 0.748514 0.663119 0 0.568064 0.822984 0 0.568064 0.822984 0 0.354607 0.935015 0 0.354607 0.935015 0 0.120533 0.992709 0 0.120533 0.992709 -1 0 0 -1 0 0 -1 0 0 -1 0 0 -1 0 0 -1 0 0 -1 0 0 -1 0 0 -1 0 0 -1 0 0 -1 0 0 -1 0 0 -1 0 0 -1 0 0 -1 0 0 -1 0 0 -1 0 0 -1 0 0 -1 0 0 -1 0 0 -1 0 0 -1 0 0 -1 0 0 -1 0 0 -1 0 0 -1 0 0 -1 0 0 -1 0 0 -1 0 0 -1 0 0 -1 0 0 -1 0 0 -1 0 0 -1 0 0 -1 0 0 -1 0 0 -1 0 0 -1 0 0 -1 0 0 -1 0 0 -1 0 0 -1 0 0 -1 0 0 -1 0 0 -1 0 0 -1 0 0 -1 0 0 -1 0 0 -1 0 0 -1 0 0 -1 0 0 -1 0 0 0 -0.120534 0.992709 0 -0.120534 0.992709 0 -0.354607 0.935015 0 -0.354607 0.935015 0 -0.568064 0.822984 0 -0.568064 0.822984 0 -0.74851 0.663124 0 -0.74851 0.663124 0 -0.885457 0.464721 0 -0.885457 0.464721 0 -0.970942 0.239317 0 -0.970942 0.239317 0 -1 0 0 -1 0 0 -0.970942 -0.239317 0 -0.970942 -0.239317 0 -0.885458 -0.464719 0 -0.885458 -0.464719 0 -0.748508 -0.663125 0 -0.748508 -0.663125 0 -0.568064 -0.822984 0 -0.568064 -0.822984 0 -0.354604 -0.935017 0 -0.354604 -0.935017 0 -0.120537 -0.992709 0 -0.120537 -0.992709 0 0.120535 -0.992709 0 0.120535 -0.992709 0 0.354606 -0.935016 0 0.354606 -0.935016 0 0.568063 -0.822985 0 0.568063 -0.822985 0 -0.748511 0.663122 0 0.748511 -0.663122 0 0.885455 -0.464724 0 0.885455 -0.464724 0 -0.970942 0.239316 0 0.970942 -0.239316 0 -1 0 0 -1 0 0 -0.970942 -0.239316 0 0.970942 0.239316 0 0.885456 0.464723 0 0.885456 0.464723 0 -0.748511 -0.663122 0 0.748511 0.663122 0 -0.568063 -0.822985 0 0.568063 0.822985 0 0.354604 0.935017 0 0.354604 0.935017 0 0.120537 0.992709 0 0.120537 0.992709 1 0 0 -1 0 0 -1 0 0 -1 0 0 -1 0 0 -1 0 0 -1 0 0 -1 0 0 -1 0 0 1 0 0 -1 0 0 -1 0 0 -1 0 0 -1 0 0 -1 0 0 -1 0 0 -1 0 0 -1 0 0 -1 0 0 -1 0 0 1 0 0 -1 0 0 1 0 0 1 0 0 -1 0 0 1 0 0 -1 0 0 1 0 0 1 0 0 -1 0 0 -1 0 0 -1 0 0 1 0 0 1 0 0 -1 0 0 -1 0 0 1 0 0 1 0 0 -1 0 0 -1 0 0 1 0 0 1 0 0 -1 0 0 -1 0 0 -1 0 0 1 0 0 -1 0 0 1 0 0 1 0 0 -1 0 0 1 0 0 1 0 0 -1 0 0 -1 0 0 1 0 0 -1 0 0 0 -0.120537 -0.992709 0 -0.120537 -0.992709 0 -0.354605 -0.935016 0 -0.354605 -0.935016 0 -0.568066 -0.822983 0 -0.568066 -0.822983 0 -0.748508 -0.663126 0 -0.748508 -0.663126 0 -0.885457 -0.464721 0 -0.885457 -0.464721 0 -0.970941 -0.23932 0 -0.970941 -0.23932 0 1 0 0 -1 0 0 0.970941 -0.239319 0 0.970941 -0.239319 0 -0.885457 0.464721 0 0.885457 -0.464721 0 0.748509 -0.663124 0 -0.748509 0.663124 0 -0.568065 0.822984 0 0.568065 -0.822984 0 -0.354603 0.935017 0 0.354603 -0.935017 0 0.120537 -0.992709 0 0.120537 -0.992709 0 0.120533 0.992709 0 0.120533 0.992709 0 0.35461 0.935014 0 0.35461 0.935014 0 0.568062 0.822986 0 -0.568062 -0.822986 0 0.74851 0.663123 0 -0.74851 -0.663123 0 -0.885457 -0.464721 0 0.885457 0.464721 0 -0.970942 -0.239316 0 0.970942 0.239316 0 -1 0 0 1 0 0 0.970942 -0.239317 0 0.970942 -0.239317 0 0.885458 -0.464719 0 0.885458 -0.464719 0 0.748508 -0.663125 0 0.748508 -0.663125 0 0.568062 -0.822986 0 0.568062 -0.822986 0 0.354607 -0.935015 0 0.354607 -0.935015 0 0.12054 -0.992709 0 0.12054 -0.992709 1 0 0 1 0 0 1 0 0 1 0 0 1 0 0 1 0 0 1 0 0 1 0 0 1 0 0 1 0 0 1 0 0 1 0 0 1 0 0 1 0 0 1 0 0 1 0 0 1 0 0 1 0 0 1 0 0 1 0 0 1 0 0 1 0 0 1 0 0 1 0 0 1 0 0 1 0 0 1 0 0 1 0 0 1 0 0 1 0 0 1 0 0 1 0 0 1 0 0 1 0 0 1 0 0 1 0 0 1 0 0 1 0 0 1 0 0 1 0 0 1 0 0 1 0 0 1 0 0 1 0 0 1 0 0 1 0 0 1 0 0 1 0 0 1 0 0 1 0 0 1 0 0 1 0 0 0 -0.120541 -0.992708 0 -0.120541 -0.992708 0 -0.354607 -0.935015 0 -0.354607 -0.935015 0 -0.568062 -0.822986 0 -0.568062 -0.822986 0 -0.748512 -0.663121 0 -0.748512 -0.663121 0 -0.885455 -0.464725 0 -0.885455 -0.464725 0 -0.970942 -0.239317 0 -0.970942 -0.239317 0 -1 0 0 -1 0 0 0.970942 -0.239316 0 -0.970942 0.239316 0 -0.885454 0.464727 0 -0.885454 0.464727 0 -0.748514 0.663119 0 -0.748514 0.663119 0 -0.568062 0.822986 0 -0.568062 0.822986 0 -0.35461 0.935014 0 -0.35461 0.935014 0 -0.120534 0.992709 0 -0.120534 0.992709 0 0.120537 0.992709 0 -0.120537 -0.992709 0 0.3546 0.935018 0 -0.3546 -0.935018 0 -0.568065 -0.822984 0 0.568065 0.822984 0 0.748514 0.663119 0 0.748514 0.663119 0 0.885454 0.464728 0 0.885454 0.464728 0 0.970943 0.239311 0 0.970943 0.239311 0 1 0 0 -1 0 0 -0.970943 0.239312 0 0.970943 -0.239312 0 0.885454 -0.464728 0 0.885454 -0.464728 0 0.748513 -0.663121 0 0.748513 -0.663121 0 0.568066 -0.822983 0 0.568066 -0.822983 0 0.354602 -0.935017 0 0.354602 -0.935017 0 0.120537 -0.992709 0 0.120537 -0.992709 1 0 0 1 0 0 1 0 0 1 0 0 1 0 0 1 0 0 1 0 0 1 0 0 1 0 0 1 0 0 1 0 0 1 0 0 -1 0 0 1 0 0 1 0 0 1 0 0 1 0 0 1 0 0 1 0 0 1 0 0 1 0 0 1 0 0 1 0 0 1 0 0 -1 0 0 1 0 0 1 0 0 1 0 0 1 0 0 1 0 0 1 0 0 -1 0 0 -1 0 0 1 0 0 1 0 0 -1 0 0 -1 0 0 -1 0 0 1 0 0 1 0 0 -1 0 0 -1 0 0 1 0 0 1 0 0 -1 0 0 -1 0 0 1 0 0 1 0 0 1 0 0 1 0 0 -1 0 0 1 0 0 -1 0 0 1 0 0 -1 0 0 1 0 0 0.00806493 -0.199837 -0.979796 0 -0.120528 -0.99271 9.17837e-07 -0.354581 -0.935025 0 -0.500159 -0.865933 0.0120237 -0.568061 -0.822899 0.00806515 -0.799308 -0.600868 0 -0.748505 -0.663129 0 -0.885456 -0.464723 0.0120185 -0.970872 -0.239298 0.0120183 -0.970872 -0.239299 0 -1 0 0 -0.987023 0.160581 0.0120183 -0.970873 0.239293 0 -0.885451 0.464733 0 -0.885451 0.464733 0 -0.748505 0.663129 0 -0.748505 0.663129 0 -0.568084 0.82297 0 -0.568084 0.82297 0 -0.354604 0.935017 0 -0.354604 0.935017 0 -0.120554 0.992707 0 -0.120554 0.992707 -0.612836 -0.0952476 -0.784449 -0.612839 -0.0952573 -0.784445 -0.612835 -0.280207 -0.738862 -0.612838 -0.280216 -0.738856 -0.612838 -0.44889 -0.650329 -0.612836 -0.448886 -0.650333 -0.612839 -0.59148 -0.524003 -0.612837 -0.591478 -0.524008 -0.61284 -0.699696 -0.367223 -0.612839 -0.699696 -0.367224 -0.612835 -0.767249 -0.189108 -0.612838 -0.767249 -0.189099 -0.612834 -0.790211 0 -0.612834 -0.790211 0 -0.612839 -0.767246 0.189107 -0.612836 -0.767251 0.189099 -0.612839 -0.699696 0.367223 -0.61284 -0.699696 0.367224 -0.612837 -0.591482 0.524004 -0.612839 -0.591477 0.524008 -0.612838 -0.448883 0.650333 -0.612837 -0.448886 0.650332 -0.612838 -0.280215 0.738856 -0.612838 -0.280216 0.738856 -0.612838 -0.0952573 0.784446 -0.612839 -0.0952543 0.784446 -0.612839 -0.0952455 0.784447 -0.612839 -0.0952446 0.784447 -0.612841 -0.28021 0.738856 -0.61284 -0.28021 0.738857 -0.612835 -0.448887 0.650334 -0.61284 -0.448893 0.650325 -0.612841 -0.591482 0.523998 -0.612835 -0.591477 0.524011 -0.612832 -0.699695 0.367238 -0.61284 -0.699698 0.367219 -0.612841 -0.767247 0.189098 -0.612833 -0.767249 0.189116 -0.61284 -0.790207 0 -0.61284 -0.790207 0 -0.612832 -0.767254 -0.1891 -0.612839 -0.767245 -0.189114 -0.612841 -0.699689 -0.367234 -0.612833 -0.699703 -0.367222 -0.612835 -0.591486 -0.524002 -0.612841 -0.591474 -0.524008 -0.612838 -0.448885 -0.650332 -0.612835 -0.448891 -0.65033 -0.612838 -0.280211 -0.738858 -0.612838 -0.280211 -0.738858 -0.612835 -0.095253 -0.784449 -0.612837 -0.0952503 -0.784448 -1 0 0 -1 0 0 -1 0 0 -1 0 0 -1 0 0 -1 0 0 -1 0 0 -1 0 0 -1 0 0 -1 0 0 -1 0 0 -1 0 0 -1 0 0 -1 0 0 -1 0 0 -1 0 0 -1 0 0 -1 0 0 -1 0 0 -1 0 0 -1 0 0 -1 0 0 -1 0 0 -1 0 0 -1 0 0 -1 0 0 -1 0 0 -1 0 0 -1 0 0 -1 0 0 -1 0 0 -1 0 0 -1 0 0 -1 0 0 -1 0 0 -1 0 0 -1 0 0 -1 0 0 -1 0 0 -1 0 0 -1 0 0 -1 0 0 -1 0 0 -1 0 0 -1 0 0 -1 0 0 -1 0 0 -1 0 0 -1 0 0 -1 0 0 -1 0 0 -1 0 0 -1 0 0 -1 0 0 -1 0 0 -1 0 0 -0.612835 0.0952531 -0.784449 -0.612836 0.0952546 -0.784448 -0.61284 0.280215 -0.738855 -0.612836 0.280208 -0.738861 -0.612838 0.448885 -0.650332 -0.612841 0.448889 -0.650327 -0.612836 0.591478 -0.524009 -0.612839 0.59148 -0.524003 -0.612838 0.699697 -0.367224 -0.612836 0.699696 -0.367229 -0.612845 0.767243 -0.189098 -0.612839 0.767245 -0.189114 -0.612846 0.790202 0 -0.612846 0.790202 0 -0.612838 0.767249 0.189099 -0.612845 0.76724 0.189114 -0.612836 0.699699 0.367225 -0.612838 0.699695 0.367229 -0.61284 0.591476 0.524007 -0.612837 0.591482 0.524004 -0.612844 0.448883 0.650328 -0.612839 0.448894 0.650325 -0.612838 0.280216 0.738856 -0.612842 0.280206 0.738857 -0.612839 0.0952473 0.784447 -0.612839 0.0952473 0.784447 -0.612838 0.0952527 0.784446 -0.612839 0.0952549 0.784446 -0.612838 0.280209 0.738859 -0.612838 0.280211 0.738858 -0.612841 0.448892 0.650325 -0.612838 0.448885 0.650332 -0.612839 0.59148 0.524003 -0.612841 0.591483 0.523998 -0.612839 0.699689 0.36724 -0.61284 0.69969 0.367235 -0.612835 0.767249 0.189108 -0.612838 0.767249 0.189099 -0.612834 0.790211 0 -0.612834 0.790211 0 -0.612839 0.767246 -0.189107 -0.612836 0.767251 -0.189099 -0.61284 0.699687 -0.367239 -0.612839 0.699691 -0.367235 -0.612841 0.591479 -0.524002 -0.61284 0.591483 -0.523999 -0.612835 0.448901 -0.650324 -0.612841 0.448884 -0.65033 -0.612839 0.2802 -0.738862 -0.612835 0.280212 -0.73886 -0.612835 0.0952552 -0.784449 -0.612839 0.0952456 -0.784447 -1 0 0 -1 0 0 -1 0 0 -1 0 0 -1 0 0 -1 0 0 -1 0 0 -1 0 0 -1 0 0 -1 0 0 -1 0 0 -1 0 0 -1 0 0 -1 0 0 -1 0 0 -1 0 0 -1 0 0 -1 0 0 -1 0 0 -1 0 0 -1 0 0 -1 0 0 -1 0 0 -1 0 0 -1 0 0 -1 0 0 -1 0 0 -1 0 0 -1 0 0 -1 0 0 -1 0 0 -1 0 0 -1 0 0 -1 0 0 -1 0 0 -1 0 0 -1 0 0 -1 0 0 -1 0 0 -1 0 0 0 0 1 -1 0 0 -1 0 0 -1 0 0 -1 0 0 -1 0 0 0 0.120566 0.992705 0 0.120566 0.992705 0.00806391 0.428508 0.903502 0 0.354604 0.935017 -6.60963e-07 0.56806 0.822987 0 0.692847 0.721085 0.0120183 0.748451 0.663081 0.0150571 0.945026 0.326649 0 0.885472 0.464693 0.00601257 0.970914 0.239355 0.0060121 0.999982 0 0 0.995848 -0.0910374 0.0296929 0.970502 -0.239259 0 0.885477 -0.464682 0 0.885477 -0.464682 0 0.748505 -0.663129 0 0.748505 -0.663129 0.00806552 0.500143 -0.865905 0 0.568078 -0.822975 -9.17837e-07 0.354581 -0.935025 0 0.19985 -0.979826 0.0120171 0.120532 -0.992637 0.120535 0 0.992709 0.120535 0 0.992709 0.354603 0 0.935017 0.354603 0 0.935017 0.568065 0 0.822983 0.568065 0 0.822983 0.748511 0 0.663122 0.748511 0 0.663122 0.885455 0 0.464725 0.885455 0 0.464725 0.970942 0 0.239314 0.970942 0 0.239314 1 0 0 1 0 0 0.970942 0 -0.239314 0.970942 0 -0.239314 0.885456 0 -0.464724 0.885456 0 -0.464724 0.748511 0 -0.663123 0.748511 0 -0.663123 0.568066 0 -0.822983 0.568066 0 -0.822983 0.354603 0 -0.935017 0.354603 0 -0.935017 0.120537 0 -0.992709 0.120537 0 -0.992709 0.120537 0 0.992709 0.120537 0 0.992709 0.354605 0 0.935016 0.354605 0 0.935016 0.568062 0 0.822986 0.568062 0 0.822986 0.748513 0 0.663121 0.748513 0 0.663121 0.885456 0 0.464723 0.885456 0 0.464723 0.970941 0 0.239318 0.970941 0 0.239318 1 0 0 1 0 0 0.970941 0 -0.239318 0.970941 0 -0.239318 0.885457 0 -0.464722 0.885457 0 -0.464722 0.748511 0 -0.663122 0.748511 0 -0.663122 0.568065 0 -0.822984 0.568065 0 -0.822984 0.354607 0 -0.935016 0.354607 0 -0.935016 0.120537 0 -0.992709 0.120537 0 -0.992709 0 1 0 0 1 0 0 1 0 0 1 0 0 1 0 0 1 0 0 1 0 0 1 0 0 1 0 0 1 0 0 1 0 0 1 0 0 1 0 0 1 0 0 1 0 0 1 0 0 1 0 0 1 0 0 1 0 0 1 0 0 1 0 0 1 0 0 1 0 0 1 0 0 1 0 0 1 0 0 1 0 0 1 0 0 1 0 0 1 0 0 1 0 0 1 0 0 1 0 0 1 0 0 1 0 0 1 0 0 1 0 0 1 0 0 1 0 0 1 0 0 1 0 0 1 0 0 1 0 0 1 0 0 1 0 0 1 0 0 1 0 0 1 0 0 1 0 0 1 0 0 1 0 0 1 0 -0.120537 0 -0.992709 -0.120537 0 -0.992709 -0.354604 0 -0.935017 -0.354604 0 -0.935017 -0.568066 0 -0.822983 -0.568066 0 -0.822983 -0.748511 0 -0.663122 -0.748511 0 -0.663122 -0.885457 0 -0.464722 -0.885457 0 -0.464722 -0.970942 0 -0.239314 -0.970942 0 -0.239314 -1 0 0 -1 0 0 -0.970942 0 0.239314 -0.970942 0 0.239314 -0.885456 0 0.464723 -0.885456 0 0.464723 -0.748513 0 0.663121 -0.748513 0 0.663121 -0.568064 0 0.822985 -0.568064 0 0.822985 -0.354605 0 0.935016 -0.354605 0 0.935016 -0.120536 0 0.992709 -0.120536 0 0.992709 -0.120537 0 -0.992709 -0.120537 0 -0.992709 -0.354604 0 -0.935017 -0.354604 0 -0.935017 -0.568067 0 -0.822982 -0.568067 0 -0.822982 -0.748508 0 -0.663125 -0.748508 0 -0.663125 -0.885456 0 -0.464724 -0.885456 0 -0.464724 -0.970942 0 -0.239314 -0.970942 0 -0.239314 -1 0 0 -1 0 0 -0.970942 0 0.239314 -0.970942 0 0.239314 -0.885455 0 0.464725 -0.885455 0 0.464725 -0.74851 0 0.663123 -0.74851 0 0.663123 -0.568066 0 0.822983 -0.568066 0 0.822983 -0.354604 0 0.935017 -0.354604 0 0.935017 -0.120535 0 0.992709 -0.120535 0 0.992709 0 1 0 0 1 0 0 1 0 0 1 0 0 1 0 0 1 0 0 1 0 0 1 0 0 1 0 0 1 0 0 1 0 0 1 0 0 1 0 0 1 0 0 1 0 0 1 0 0 1 0 0 1 0 0 1 0 0 1 0 0 1 0 0 1 0 0 1 0 0 1 0 0 1 0 0 1 0 0 1 0 0 1 0 0 1 0 0 1 0 0 1 0 0 1 0 0 1 0 0 1 0 0 1 0 0 1 0 0 1 0 0 1 0 0 1 0 0 1 0 0 1 0 0 1 0 0 1 0 0 1 0 0 1 0 0 1 0 0 1 0 0 1 0 0 1 0 0 1 0 0 1 0 0 1 0 0 1 0 0 1 0 0 1 0 0 1 0 0.0404401 0 0.999182 0.120528 -0.0120184 0.992637 0.428519 -0.00806511 0.903497 0.354604 0 0.935016 0.568079 3.24081e-07 0.822974 0.748451 -0.0120162 0.663081 0.748458 -0.0120178 0.663073 0.885452 1.78248e-06 0.464732 0.948597 0 0.316485 0.970874 -0.0120175 0.239288 0.996741 -0.00806276 -0.0802698 1 0 0 0.970951 1.29524e-06 -0.23928 0.885388 -0.0120173 -0.464698 0.885377 -0.0120208 -0.464719 0.748523 6.39615e-09 -0.663108 0.568073 0 -0.822978 0.500093 -0.0158949 -0.865826 0.199847 0 -0.979827 0.199847 0 -0.979827 0.0952449 0.61285 0.784438 0.0952549 0.612853 0.784434 0.280198 0.612847 0.738856 0.280213 0.612853 0.738845 0.44888 0.612846 0.650328 0.448884 0.612848 0.650323 0.591478 0.612852 0.523991 0.59147 0.612847 0.524006 0.699689 0.612852 0.367217 0.699689 0.612852 0.367218 0.767236 0.61285 0.189113 0.767236 0.612851 0.189111 0.790199 0.612851 -3.63917e-07 0.790199 0.612851 -2.24466e-07 0.767236 0.612851 -0.189111 0.767237 0.612851 -0.189109 0.699687 0.612851 -0.367222 0.699686 0.612851 -0.367224 0.59148 0.612848 -0.523993 0.591474 0.61285 -0.523997 0.448878 0.612851 -0.650325 0.448884 0.612849 -0.650322 0.280206 0.61285 -0.73885 0.280208 0.61285 -0.73885 0.0952456 0.612847 -0.784441 0.0952378 0.612849 -0.78444 0.095246 0.612847 -0.78444 0.0952449 0.612847 -0.784441 0.280213 0.612852 -0.738846 0.280208 0.612849 -0.73885 0.448882 0.612846 -0.650327 0.448888 0.612851 -0.650318 0.591473 0.612848 -0.524002 0.591472 0.612847 -0.524004 0.69969 0.612845 -0.367226 0.699691 0.612848 -0.367219 0.76724 0.612848 -0.189104 0.767241 0.612845 -0.189112 0.790201 0.612848 -2.56884e-07 0.790201 0.612848 0 0.767244 0.612844 0.189103 0.767238 0.612848 0.189111 0.699684 0.61285 0.36723 0.699694 0.612844 0.367221 0.591481 0.612844 0.523997 0.59147 0.612849 0.524003 0.448881 0.612849 0.650325 0.448891 0.612844 0.650322 0.280208 0.612849 0.73885 0.280208 0.612849 0.73885 0.0952387 0.61285 0.784439 0.0952448 0.612847 0.78444 0 1 0 0 1 0 0 1 0 0 1 0 0 1 0 0 1 0 0 1 0 0 1 0 0 1 0 0 1 0 0 1 0 0 1 0 0 1 0 0 1 0 0 1 0 0 1 0 0 1 0 0 1 0 0 1 0 0 1 0 0 1 0 0 1 0 0 1 0 0 1 0 0 1 0 0 1 0 0 1 0 0 1 0 0 1 0 0 1 0 0 1 0 0 1 0 0 1 0 0 1 0 0 1 0 0 1 0 0 1 0 0 1 0 0 1 0 0 1 0 0 1 0 0 1 0 0 1 0 0 1 0 0 1 0 0 1 0 0 1 0 0 1 0 0 1 0 0 1 0 0 1 0 0 1 0 0 1 0 0 1 0 0 1 0 0 1 0 -0.0952446 0.61285 0.784438 -0.0952381 0.612847 0.784442 -0.280208 0.612849 0.73885 -0.280206 0.612848 0.738852 -0.448886 0.612844 0.650326 -0.448892 0.612848 0.650318 -0.591475 0.612848 0.523999 -0.591473 0.612845 0.524005 -0.699691 0.612843 0.367226 -0.699692 0.612846 0.36722 -0.767239 0.612848 0.18911 -0.76724 0.612844 0.189117 -0.790201 0.612848 1.71256e-07 -0.790201 0.612848 0 -0.767241 0.612845 -0.189112 -0.767238 0.612847 -0.189116 -0.699693 0.612845 -0.36722 -0.699693 0.612845 -0.36722 -0.59147 0.612847 -0.524006 -0.591472 0.612845 -0.524005 -0.448884 0.612849 -0.650322 -0.44889 0.612847 -0.650321 -0.280215 0.612847 -0.738849 -0.280207 0.61285 -0.738849 -0.0952452 0.612847 -0.784441 -0.0952449 0.612847 -0.784441 -0.0952389 0.612847 -0.784441 -0.0952453 0.61285 -0.784438 -0.28021 0.61285 -0.738849 -0.280208 0.612849 -0.73885 -0.448879 0.61285 -0.650325 -0.44888 0.612851 -0.650324 -0.591479 0.612851 -0.523992 -0.591478 0.61285 -0.523993 -0.699683 0.612851 -0.36723 -0.699683 0.612851 -0.36723 -0.767238 0.612848 -0.189111 -0.767238 0.612851 -0.189102 -0.790201 0.612848 3.63918e-07 -0.790201 0.612848 2.24466e-07 -0.767235 0.612851 0.189113 -0.76724 0.612848 0.189104 -0.699684 0.612852 0.367225 -0.699686 0.612851 0.367224 -0.59148 0.612848 0.523993 -0.59147 0.612852 0.524 -0.448879 0.612848 0.650326 -0.448881 0.612848 0.650326 -0.2802 0.612852 0.73885 -0.280215 0.612848 0.738849 -0.0952554 0.612849 0.784438 -0.0952455 0.612852 0.784436 0 1 0 0 1 0 0 1 0 0 1 0 0 1 0 0 1 0 0 1 0 0 1 0 0 1 0 0 1 0 0 1 0 0 1 0 0 1 0 0 1 0 0 1 0 0 1 0 0 1 0 0 1 0 0 1 0 0 1 0 0 1 0 0 1 0 0 1 0 0 1 0 0 1 0 0 1 0 0 1 0 0 1 0 0 1 0 0 1 0 0 1 0 0 1 0 0 1 0 0 1 0 0 1 0 0 1 0 0 1 0 0 1 0 0 1 0 0 1 0 0 1 0 0 1 0 -0.120559 0 -0.992706 -0.199841 -0.00806196 -0.979795 -0.354582 1.95081e-06 -0.935025 -0.500156 0 -0.865935 -0.568033 -0.0120191 -0.822918 -0.7993 -0.00806328 -0.600878 -0.74851 0 -0.663123 -0.885452 1.78248e-06 -0.464732 -0.948597 0 -0.316485 -0.970874 -0.0120175 -0.239288 -0.996741 -0.00806278 0.0802701 -1 0 0 -0.970944 2.55102e-06 0.239305 -0.919904 0 0.392143 -0.885388 -0.0120173 0.464698 -0.692834 -0.0080625 0.721052 -0.748499 0 0.663136 -0.568091 1.06608e-06 0.822966 -0.354581 -0.0120182 0.934948 -0.354579 -0.0120185 0.934949 -0.120533 1.59375e-07 0.992709 0.970906 -0.239304 0.00862957 0.992709 -0.120539 0 0.970941 -0.239318 0 0.934983 -0.35459 0.00856657 0.822989 -0.568058 0 0.822989 -0.568058 0 0.568417 -0.822696 0.00859799 0.663126 -0.748508 0 0.465095 -0.885219 0.00856648 0.4647 -0.885426 0.00859816 0.354609 -0.935015 0 0.239311 -0.970905 0.00856713 0 -1 0 0 -1 0 -0.239315 -0.970942 0 -0.239315 -0.970942 0 -0.46473 -0.885452 0 -0.46473 -0.885452 0 -0.663121 -0.748512 0 -0.663121 -0.748512 0 -0.822989 -0.568058 0 -0.822989 -0.568058 0 -0.93501 -0.354621 0 -0.93501 -0.354621 0 -0.992709 -0.120539 0 -0.992709 -0.120539 0 -0.992709 0.120538 0 -0.992709 0.120538 0 -0.93501 0.354621 0 -0.93501 0.354621 0 -0.822989 0.568058 0 -0.822989 0.568058 0 -0.663115 0.748518 0 -0.663115 0.748518 0 -0.46473 0.885452 0 -0.46473 0.885452 0 -0.239315 0.970942 0 -0.239315 0.970942 0 0 1 0 0 1 0 0.239319 0.970941 0 0.239319 0.970941 0 0.464717 0.885459 0 0.464717 0.885459 0 0.66312 0.748513 0 0.66312 0.748513 0 0.822989 0.568058 0 0.822989 0.568058 0 0.935017 0.354603 0 0.935017 0.354603 0 0.992709 0.120538 0 0.992709 0.120538 0 0 0 1 0 0 1 0 0 1 0 0 1 0 0 1 0 0 1 0 0 1 0 0 1 0 0 1 0 0 1 0 0 1 0 0 1 0 0 1 0 0 1 0 0 1 0 0 1 0 0 1 0 0 1 0 0 1 0 0 1 0 0 1 0 0 1 0 0 1 0 0 1 0.970905 -0.239308 0.00862966 0.992708 -0.120541 0 0.955113 -0.296212 0.00419585 0.934984 -0.354586 0.00856675 0.85578 -0.51734 0 0.822976 -0.56806 0.00431494 0.616712 -0.787177 0.00432273 0.663119 -0.748514 0 0.409167 -0.912419 0.00861523 0.464724 -0.885445 0.00425189 0.354609 -0.935015 0 0.239307 -0.970906 0.00856735 0 -1 0 0 -1 0 -0.239317 -0.970941 0 -0.239317 -0.970941 0 -0.464726 -0.885454 0 -0.464726 -0.885454 0 -0.663121 -0.748512 0 -0.663121 -0.748512 0 -0.822981 -0.568069 0 -0.822981 -0.568069 0 -0.935018 -0.354601 0 -0.935018 -0.354601 0 -0.992709 -0.120534 0 -0.992709 -0.120534 0 -0.992709 0.120533 0 -0.992709 0.120533 0 -0.935017 0.354603 0 -0.935017 0.354603 0 -0.822983 0.568066 0 -0.822983 0.568066 0 -0.663121 0.748512 0 -0.663121 0.748512 0 -0.464724 0.885456 0 -0.464724 0.885456 0 -0.239317 0.970941 0 -0.239317 0.970941 0 0 1 0 0 1 0 0.239316 0.970942 0 0.239316 0.970942 0 0.464726 0.885454 0 0.464726 0.885454 0 0.663119 0.748514 0 0.663119 0.748514 0 0.822985 0.568063 0 0.822985 0.568063 0 0.935018 0.354601 0 0.935018 0.354601 0 0.992708 0.12054 0 0.992708 0.12054 0 0 0 1 0 0 1 0 0 1 0 0 1 0 0 1 0 0 1 0 0 1 0 0 1 0 0 1 0 0 1 0 0 1 0 0 1 0 0 1 0 0 1 0 0 1 0 0 1 0 0 1 0 0 1 0 0 1 0 0 1 0 0 1 0 0 1 -0.118462 -0.184462 0.975674 -0.33443 -0.332501 0.881816 -0.331993 -0.351486 -0.875351 -0.116776 -0.247663 -0.961783 -0.2067 -0.54526 0.812383 -0.196096 -0.566678 0.800264 -0.689048 -0.390591 0.610451 -0.526588 -0.375123 0.762881 -0.376567 -0.399521 0.835811 -0.786101 -0.460261 -0.412559 -0.891008 -0.397323 -0.219632 -0.927223 -0.37451 0 -0.891009 -0.397322 0.219632 -0.786105 -0.460258 0.412554 -0.798126 -0.451385 0.399058 -0.14123 -0.651552 -0.745342 -0.526588 -0.375123 -0.762881 -0.689048 -0.390591 -0.610451 -0.798126 -0.451385 -0.399058 -0.375985 -0.399591 -0.83604 -0.0836944 -0.963893 0.252797 -0.186288 -0.831874 0.522765 -0.216816 -0.81221 0.541577 -0.548113 -0.790233 0.274053 0.0284622 -0.960236 -0.277736 -0.548117 -0.790229 -0.274055 -0.209057 -0.811023 -0.546385 -0.234544 -0.971952 -0.0172977 -0.311211 -0.941333 0.130539 -0.339271 -0.936361 -0.0901265 0.120531 0 0.99271 0.120531 0 0.99271 0.354596 0 0.93502 0.354596 0 0.93502 0.568072 0 0.822979 0.568072 0 0.822979 0.748506 0 0.663128 0.748506 0 0.663128 0.885468 0 0.4647 0.885468 0 0.4647 0.970944 0 0.239306 0.970944 0 0.239306 1 0 0 1 0 0 0.970944 0 -0.239306 0.970944 0 -0.239306 0.885465 0 -0.464707 0.885465 0 -0.464707 0.748506 0 -0.663128 0.748506 0 -0.663128 0.568072 0 -0.822979 0.568072 0 -0.822979 0.35461 0 -0.935014 0.35461 0 -0.935014 0.120531 0 -0.99271 0.120531 0 -0.99271 -0.120531 0 -0.99271 -0.120531 0 -0.99271 -0.35462 0 -0.935011 -0.35462 0 -0.935011 -0.568072 0 -0.822979 -0.568072 0 -0.822979 -0.748506 0 -0.663128 -0.748506 0 -0.663128 -0.885465 0 -0.464707 -0.885465 0 -0.464707 -0.970937 0 -0.239335 -0.970937 0 -0.239335 -1 0 0 -1 0 0 -0.970937 0 0.239335 -0.970937 0 0.239335 -0.885468 0 0.4647 -0.885468 0 0.4647 -0.748506 0 0.663128 -0.748506 0 0.663128 -0.568072 0 0.822979 -0.568072 0 0.822979 -0.354606 0 0.935016 -0.354606 0 0.935016 -0.120531 0 0.99271 -0.120531 0 0.99271 0.116776 -0.247663 -0.961783 0.331984 -0.351481 -0.875356 0.334421 -0.332495 0.881822 0.118462 -0.184462 0.975674 0.141228 -0.651552 -0.745342 0.689048 -0.390591 -0.610451 0.526588 -0.375123 -0.762881 0.37598 -0.399592 -0.836042 0.786102 -0.460265 0.412552 0.891016 -0.397321 0.219606 0.927223 -0.37451 0 0.891016 -0.397321 -0.219606 0.786098 -0.460268 -0.412557 0.798129 -0.451387 -0.399049 0.213623 -0.646419 0.732467 0.526588 -0.375123 0.762881 0.689048 -0.390591 0.610451 0.798129 -0.451387 0.399049 0.376562 -0.399522 0.835813 0.362916 -0.413872 0.834867 0.266867 -0.921175 -0.283229 0.373123 -0.908832 -0.186554 0.0836919 -0.963893 0.252797 0.186283 -0.831874 0.522766 0.548117 -0.790231 0.274048 0.216813 -0.81221 0.541579 0.210925 -0.97711 0.0276759 0.0726999 -0.992285 0.100421 0.532777 -0.81109 0.241416 0.294709 -0.44866 -0.843713 -0.321795 -0.3127 -0.893682 -0.333155 -0.342551 -0.878445 -0.119799 -0.111164 -0.986555 -0.18741 -0.616282 0.764902 -0.692517 -0.379505 0.613512 -0.440261 -0.346093 0.828487 -0.346985 -0.370343 0.861654 -0.345267 -0.371835 0.861701 -0.786088 -0.46027 -0.412573 -0.891006 -0.39733 -0.219632 -0.92722 -0.374518 0 -0.891006 -0.39733 0.219628 -0.786084 -0.460274 0.412578 -0.804841 -0.446239 0.391282 -0.215665 -0.690499 -0.690434 -0.310379 -0.505778 -0.804893 -0.526583 -0.375121 -0.762886 -0.689056 -0.390588 -0.610445 -0.798132 -0.451381 -0.39905 -0.398092 -0.396802 -0.827086 -0.134441 -0.978899 0.15389 -0.199539 -0.820408 0.53583 -0.487634 -0.840249 0.237053 -0.0644029 -0.977329 -0.201695 -0.186278 -0.83188 -0.522759 -0.548111 -0.790237 -0.274045 -0.216817 -0.812209 -0.541577 -0.162194 -0.978228 -0.129471 -0.141292 -0.978422 0.150756 -0.532775 -0.811089 -0.241424 -0.522468 -0.795397 0.307199 0.0742415 -0.00307022 0.997236 0.120514 -0.00460441 0.992701 0.334503 -0.00195962 0.942393 0.354619 -0.00265307 0.935007 0.524104 0 0.851654 0.568075 -0.00175654 0.822975 0.748513 0 0.66312 0.748513 0 0.66312 0.885452 0 0.464731 0.885452 0 0.464731 0.970938 0 0.239331 0.970938 0 0.239331 1 0 0 1 0 0 0.970937 0 -0.239335 0.970937 0 -0.239335 0.885455 0 -0.464725 0.885455 0 -0.464725 0.748513 0 -0.66312 0.748513 0 -0.66312 0.568065 0 -0.822984 0.568065 0 -0.822984 0.35462 0 -0.935011 0.35462 0 -0.935011 0.120546 0 -0.992708 0.120546 0 -0.992708 -0.120546 0 -0.992708 -0.120546 0 -0.992708 -0.35461 0 -0.935014 -0.35461 0 -0.935014 -0.568065 0 -0.822984 -0.568065 0 -0.822984 -0.748513 0 -0.66312 -0.748513 0 -0.66312 -0.885455 0 -0.464725 -0.885455 0 -0.464725 -0.970937 0 -0.239335 -0.970937 0 -0.239335 -1 0 0 -1 0 0 -0.970938 0 0.239331 -0.970938 0 0.239331 -0.885452 0 0.464731 -0.885452 0 0.464731 -0.748513 0 0.66312 -0.748513 0 0.66312 -0.469257 -0.00397601 0.883053 -0.568076 0 0.822976 -0.354609 -0.00189661 0.935013 -0.14962 -0.00458628 0.988733 -0.120513 -0.00609378 0.992693 0.119799 -0.111164 -0.986555 0.321799 -0.3127 -0.89368 0.333164 -0.34256 -0.878439 0.215669 -0.690499 -0.690434 0.310384 -0.505778 -0.804892 0.689056 -0.390588 -0.610445 0.526583 -0.375121 -0.762886 0.398098 -0.396802 -0.827083 0.786084 -0.460274 0.412578 0.891006 -0.39733 0.219628 0.92722 -0.374518 0 0.891006 -0.39733 -0.219632 0.786088 -0.46027 -0.412573 0.798132 -0.451381 -0.39905 0.186775 -0.616344 0.765006 0.490026 -0.354702 0.796279 0.692605 -0.379217 0.61359 0.805007 -0.44611 0.391087 0.342443 -0.373816 0.861971 0.346285 -0.370485 0.861874 0.0619248 -0.978823 -0.195117 0.186283 -0.831879 -0.522758 0.216821 -0.81221 -0.541575 0.548111 -0.790237 -0.274045 -0.0307705 -0.969513 0.243099 -0.0420451 -0.894717 0.44465 0.607383 -0.737577 0.295068 0.195727 -0.735112 0.649078 0.129798 -0.98709 0.0938404 0.12975 -0.987101 0.0937937 0.0341462 -0.975191 -0.218717 0.46239 -0.884167 0.0666618 0.499238 -0.84866 -0.174749 0 -1 0 -0.116776 -0.247671 0.961781 -0.331983 -0.351488 0.875353 -0.331983 -0.351488 -0.875353 -0.116761 -0.247663 -0.961785 -0.20999 -0.588244 0.780944 -0.689056 -0.390588 0.610445 -0.526592 -0.375123 0.762879 -0.375974 -0.399592 0.836044 -0.786084 -0.460274 -0.412578 -0.891006 -0.39733 -0.219628 -0.92722 -0.374518 0 -0.891006 -0.39733 0.219632 -0.786088 -0.46027 0.412573 -0.798132 -0.451381 0.39905 -0.20999 -0.588244 -0.780944 -0.526602 -0.37512 -0.762873 -0.68905 -0.390585 -0.610453 -0.798132 -0.451381 -0.39905 -0.375974 -0.399592 -0.836044 -0.472619 -0.746168 0.468897 -0.213783 -0.869522 0.445229 -0.433082 -0.874959 0.216532 -0.259601 -0.817671 -0.51383 -0.491611 -0.835406 -0.245796 -0.215788 -0.83931 -0.498994 -0.250134 -0.968075 0.0162443 -0.0157961 -0.999756 -0.0154678 -0.518775 -0.789774 -0.327307 -0.488894 -0.744284 0.455 0.120531 0 0.99271 0.120531 0 0.99271 0.35462 0 0.935011 0.35462 0 0.935011 0.568076 0 0.822976 0.568076 0 0.822976 0.748513 0 0.66312 0.748513 0 0.66312 0.885455 0 0.464725 0.885455 0 0.464725 0.970937 0 0.239335 0.970937 0 0.239335 1 0 0 1 0 0 0.970938 0 -0.239331 0.970938 0 -0.239331 0.885452 0 -0.464731 0.885452 0 -0.464731 0.748506 0 -0.663128 0.748506 0 -0.663128 0.568086 0 -0.822969 0.568086 0 -0.822969 0.35462 0 -0.935011 0.35462 0 -0.935011 0.120515 0 -0.992711 0.120515 0 -0.992711 -0.120515 0 -0.992711 -0.120515 0 -0.992711 -0.35461 0 -0.935014 -0.35461 0 -0.935014 -0.568086 0 -0.822969 -0.568086 0 -0.822969 -0.748506 0 -0.663128 -0.748506 0 -0.663128 -0.885452 0 -0.464731 -0.885452 0 -0.464731 -0.970938 0 -0.239331 -0.970938 0 -0.239331 -1 0 0 -1 0 0 -0.970937 0 0.239335 -0.970937 0 0.239335 -0.885455 0 0.464725 -0.885455 0 0.464725 -0.748513 0 0.66312 -0.748513 0 0.66312 -0.568076 0 0.822976 -0.568076 0 0.822976 -0.35461 0 0.935014 -0.35461 0 0.935014 -0.120531 0 0.99271 -0.120531 0 0.99271 0.116761 -0.247663 -0.961785 0.331992 -0.351492 -0.875348 0.331992 -0.351492 0.875348 0.116776 -0.247671 0.961781 0.209993 -0.588243 -0.780944 0.68905 -0.390585 -0.610453 0.526602 -0.37512 -0.762873 0.375979 -0.399592 -0.836042 0.786088 -0.46027 0.412573 0.891006 -0.39733 0.219632 0.92722 -0.374518 0 0.891006 -0.39733 -0.219628 0.786084 -0.460274 -0.412578 0.798132 -0.451381 -0.39905 0.209993 -0.588243 0.780944 0.526592 -0.375123 0.762879 0.689056 -0.390588 0.610445 0.798132 -0.451381 0.39905 0.375979 -0.399592 0.836042 0.02879 -0.962798 -0.268685 0.0419004 -0.988987 -0.14195 0.186283 -0.831879 -0.522758 0.216821 -0.81221 -0.541575 0.548111 -0.790237 -0.274045 0.31723 -0.934991 0.158609 0.207812 -0.917331 0.339584 0.164929 -0.95028 0.264134 0.229088 -0.961665 -0.150727 0.397798 -0.605587 0.689218 0.532782 -0.81108 -0.241437 -0.181166 -0.110102 0.97727 -0.345284 -0.375188 0.86024 -0.333148 -0.342519 0.87846 -0.331981 -0.35148 -0.875357 -0.116776 -0.247663 -0.961783 -0.213137 -0.637431 0.740442 -0.689054 -0.390594 0.610444 -0.526578 -0.375126 0.762887 -0.375399 -0.399661 0.83627 -0.786101 -0.460261 -0.412559 -0.89101 -0.397322 -0.219629 -0.927223 -0.37451 0 -0.89101 -0.397322 0.219629 -0.786101 -0.460261 0.412559 -0.798126 -0.451385 0.399058 -0.141229 -0.651548 -0.745345 -0.526588 -0.375123 -0.762881 -0.689048 -0.390591 -0.610451 -0.798126 -0.451385 -0.399058 -0.375979 -0.399592 -0.836042 0.126435 -0.959007 0.253613 -0.216946 -0.807187 0.548985 -0.441475 -0.869699 0.220735 0.0502014 -0.966739 -0.25079 -0.548115 -0.790231 -0.274054 -0.209059 -0.811027 -0.546378 -0.357662 -0.931734 0.0628434 -0.357297 -0.930784 0.077337 0.120531 0 0.99271 0.120531 0 0.99271 0.35461 0 0.935014 0.35461 0 0.935014 0.568061 0 0.822986 0.568061 0 0.822986 0.748513 0 0.66312 0.748513 0 0.66312 0.885465 0 0.464707 0.885465 0 0.464707 0.970945 0 0.239302 0.970945 0 0.239302 1 0 0 1 0 0 0.970945 0 -0.239302 0.970945 0 -0.239302 0.885465 0 -0.464707 0.885465 0 -0.464707 0.748506 0 -0.663128 0.748506 0 -0.663128 0.568072 0 -0.822979 0.568072 0 -0.822979 0.354596 0 -0.93502 0.354596 0 -0.93502 0.120531 0 -0.99271 0.120531 0 -0.99271 -0.120531 0 -0.99271 -0.120531 0 -0.99271 -0.354606 0 -0.935016 -0.354606 0 -0.935016 -0.568072 0 -0.822979 -0.568072 0 -0.822979 -0.748506 0 -0.663128 -0.748506 0 -0.663128 -0.885465 0 -0.464707 -0.885465 0 -0.464707 -0.970938 0 -0.239331 -0.970938 0 -0.239331 -1 0 0 -1 0 0 -0.970938 0 0.239331 -0.970938 0 0.239331 -0.885465 0 0.464707 -0.885465 0 0.464707 -0.748513 0 0.66312 -0.748513 0 0.66312 -0.568061 0 0.822986 -0.568061 0 0.822986 -0.277588 -0.00279413 0.960696 -0.35462 0 0.935011 -0.204556 0 0.978855 -0.12053 -0.00301884 0.992705 0.116776 -0.247663 -0.961783 0.331972 -0.351476 -0.875362 0.345279 -0.375189 0.860242 0.333155 -0.342551 0.878445 0.119784 -0.111148 0.986559 0.141226 -0.651549 -0.745345 0.689048 -0.390591 -0.610451 0.526588 -0.375123 -0.762881 0.375974 -0.399592 -0.836044 0.786098 -0.460268 0.412557 0.891017 -0.39732 0.219603 0.927223 -0.37451 0 0.891017 -0.39732 -0.219603 0.786098 -0.460268 -0.412557 0.798129 -0.451387 -0.399049 0.213133 -0.637431 0.740443 0.526578 -0.375126 0.762887 0.689054 -0.390594 0.610444 0.798129 -0.451387 0.399049 0.375393 -0.399662 0.836272 -0.0502021 -0.96674 -0.250788 0.209055 -0.811027 -0.546381 0.54812 -0.790229 -0.274049 0.00211253 -0.976878 0.213788 0.0417266 -0.904313 0.424826 0.54812 -0.790229 0.274049 0.216817 -0.812206 0.541582 0.357675 -0.93173 -0.0628308 0.357675 -0.93173 0.0628308 0.12054 0 -0.992709 0.12054 0 -0.992709 0.354606 0 -0.935016 0.354606 0 -0.935016 0.568061 0 -0.822986 0.568061 0 -0.822986 0.748512 0 -0.663121 0.748512 0 -0.663121 0.885457 0 -0.464721 0.885457 0 -0.464721 0.970942 0 -0.239316 0.970942 0 -0.239316 1 0 0 1 0 0 0.970942 0 0.239316 0.970942 0 0.239316 0.885457 0 0.464721 0.885457 0 0.464721 0.748512 0 0.663121 0.748512 0 0.663121 0.568061 0 0.822986 0.568061 0 0.822986 0.354606 0 0.935016 0.354606 0 0.935016 0.120537 0 0.992709 0.120537 0 0.992709 0.120533 0 -0.992709 0.120533 0 -0.992709 0.354608 0 -0.935015 0.354608 0 -0.935015 0.568065 0 -0.822984 0.568065 0 -0.822984 0.748509 0 -0.663125 0.748509 0 -0.663125 0.885455 0 -0.464726 0.885455 0 -0.464726 0.970944 0 -0.239309 0.970944 0 -0.239309 1 0 0 1 0 0 0.970944 0 0.239308 0.970944 0 0.239308 0.885454 0 0.464727 0.885454 0 0.464727 0.74851 0 0.663124 0.74851 0 0.663124 0.568065 0 0.822984 0.568065 0 0.822984 0.354604 0 0.935017 0.354604 0 0.935017 0.120535 0 0.992709 0.120535 0 0.992709 0.120538 0 0.992709 0.120538 0 0.992709 0.354602 0 0.935017 0.354602 0 0.935017 0.568064 0 0.822985 0.568064 0 0.822985 0.748511 0 0.663123 0.748511 0 0.663123 0.885459 0 0.464718 0.885459 0 0.464718 0.970941 0 0.239319 0.970941 0 0.239319 1 0 0 1 0 0 0.970941 0 -0.239319 0.970941 0 -0.239319 0.885459 0 -0.464718 0.885459 0 -0.464718 0.748511 0 -0.663123 0.748511 0 -0.663123 0.568064 0 -0.822985 0.568064 0 -0.822985 0.354604 0 -0.935016 0.354604 0 -0.935016 0.120536 0 -0.992709 0.120536 0 -0.992709 0.347863 -0.194092 0.917235 0.120138 -0.0812934 0.989423 0.351507 -0.131889 0.926849 0.116954 -0.241935 0.963218 0.171356 -0.161967 0.971804 0.740309 -0.14764 0.655854 0.559232 -0.17563 0.810194 0.736462 -0.1787 0.65245 0.561573 -0.150755 0.813578 0.487142 -0.225304 0.84376 0.497426 -0.101293 0.861572 0.869151 -0.19103 0.456162 0.877343 -0.135042 0.46047 0.760816 -0.116624 0.638402 0.749016 -0.209671 0.628501 0.954203 -0.184886 0.23519 0.961196 -0.141341 0.236906 0.914852 -0.228413 0.332977 0.93515 -0.098218 0.340365 0.954203 -0.184886 -0.23519 0.991668 -0.128817 0 0.961196 -0.141341 -0.236906 0.980391 -0.197061 0 0.980391 -0.197061 0 0.991668 -0.128817 0 0.869151 -0.19103 -0.456162 0.877344 -0.135042 -0.460469 0.93515 -0.098218 -0.340365 0.914852 -0.228412 -0.332978 0.559232 -0.17563 -0.810194 0.740309 -0.14764 -0.655854 0.561573 -0.150753 -0.813578 0.736461 -0.178698 -0.652451 0.749016 -0.209671 -0.628501 0.760816 -0.116624 -0.638402 0.120141 -0.0812945 -0.989423 0.347863 -0.194092 -0.917235 0.171357 -0.161966 -0.971804 0.116952 -0.241938 -0.963218 0.35151 -0.131889 -0.926847 0.497426 -0.101293 -0.861572 0.487142 -0.225302 -0.84376 0.120539 0.00309957 -0.992704 0.118543 0 -0.992949 0.354599 0.00609637 -0.934999 0.348951 -0.00305374 -0.937136 0.568039 0.00898482 -0.822953 0.559742 -0.00599689 -0.828645 0.74846 0.0117742 -0.663075 0.739064 -0.00884243 -0.673578 0.885365 0.0144658 -0.464672 0.876832 -0.0115738 -0.480658 0.970801 0.0170405 -0.239281 0.965309 -0.0141933 -0.260725 0.99981 0.0195093 0 0.999518 -0.0167214 -0.0261581 0.97071 0.0218739 0.239258 0.977544 -0.0191442 0.209859 0.883045 0.0737667 0.463454 0.914202 -0.0147728 0.404989 0.747116 0.061039 0.661885 0.778254 0.0279584 0.627326 0.696165 -0.0037635 0.717872 0.567559 0.0420526 0.822258 0.593666 0.00913528 0.804659 0.354338 0.0388841 0.934309 0.472212 -0.0165427 0.88133 0.349704 0.0331606 0.936273 0.11997 0.0968863 0.988039 0.232956 0.0101911 0.972434 -0.0782816 -0.0645384 0.99484 0.0622747 0.011212 0.997996 0.0207782 0 0.999784 0.992425 -0.122523 0.00899458 0.688848 -0.724817 0.0113696 0.931897 -0.21495 0.292172 0.931853 -0.215094 0.292205 0.873742 0.152719 0.461793 0.86095 -0.034104 0.507545 0.755853 0.0456315 0.653149 0.758052 0.0669586 0.648748 0.587592 0.0998157 0.802978 0.644434 -0.0419882 0.763506 0.417978 0.0514749 0.906998 0.50861 -0.051403 0.859461 0.259497 0.0131887 0.965654 0.324619 -0.103292 0.940188 0.0935358 -0.117742 0.988629 0.123045 0 0.992401 0.0476123 0 -0.998866 0.117389 0.0927212 -0.988748 0.14394 0.0357724 -0.98894 0.333654 0.0873251 -0.938642 0.268537 -0.0356612 -0.962609 0.508613 0.0517083 -0.859441 0.422336 -0.0485953 -0.905136 0.644491 0.048948 -0.763044 0.563259 -0.0472823 -0.824927 0.690661 -0.0501878 -0.721435 0.762686 0.0512266 -0.644737 0.801828 -0.0518253 -0.595303 0.860757 0.0521277 -0.50634 0.89111 -0.052004 -0.450798 0.934056 0.0515237 -0.353391 0.980033 0.0494912 -0.192579 0.954483 -0.0507332 -0.29392 0.998444 0.0465998 -0.0306122 0.990132 -0.048112 -0.13162 0.990132 0.0481137 0.13162 0.998444 -0.0466005 0.0306127 0.980033 -0.049492 0.192579 0.954483 0.0507341 0.293919 0.929138 -0.0692025 0.363198 0.892899 0.0198071 0.449822 0.86701 -0.0655422 0.493962 0.801828 0.0518244 0.595304 0.762685 -0.0512302 0.644739 0.690662 0.0501837 0.721435 0.644491 -0.0489533 0.763043 0.563256 0.0472794 0.824928 0.508615 -0.0517063 0.85944 0.422339 0.0485995 0.905134 0.325592 -0.0989134 0.940322 0.270112 0.00642967 0.962807 0.145241 -0.0654066 0.987232 0.126611 -0.105044 0.986375 0.0476074 0 0.998866 -0.0476079 0 0.998866 -0.117392 0.0927293 0.988747 -0.14394 0.0357843 0.988939 -0.333651 0.0873372 0.938642 -0.268535 -0.0356462 0.96261 -0.508612 0.0516948 0.859442 -0.422346 -0.0485962 0.905131 -0.644494 0.0489555 0.763041 -0.563251 -0.0472845 0.824932 -0.690667 -0.0501841 0.721429 -0.762685 0.0512188 0.644739 -0.801828 -0.0518388 0.595302 -0.860752 0.0521026 0.50635 -0.891107 -0.0520441 0.450799 -0.934062 0.0515002 0.353377 -0.980031 0.0494809 0.192591 -0.954483 -0.0507312 0.29392 -0.998444 0.0465991 0.0306129 -0.99013 -0.048123 0.131631 -0.99013 0.0481235 -0.131632 -0.998444 -0.0465991 -0.0306129 -0.980031 -0.0494815 -0.19259 -0.954483 0.0507341 -0.293919 -0.934062 -0.0515007 -0.353378 -0.891107 0.052041 -0.450799 -0.860753 -0.0521032 -0.506348 -0.801828 0.0518374 -0.595302 -0.762685 -0.0512182 -0.644739 -0.690665 0.0501866 -0.721431 -0.644494 -0.0489516 -0.763041 -0.563252 0.0472892 -0.824931 -0.50861 -0.0516996 -0.859443 -0.422344 0.0485941 -0.905132 -0.333655 -0.0873343 -0.938641 -0.268537 0.0356545 -0.962609 -0.143935 -0.0357801 -0.98894 -0.11739 -0.0927182 -0.988748 -0.0476128 0 -0.998866 -0.113113 0 0.993582 -0.0998787 0.0536634 0.993551 -0.333366 0.0728862 0.939976 -0.284326 -0.0377913 0.957983 -0.508304 0.034505 0.860486 -0.461709 -0.0614324 0.884901 -0.643457 0.000647058 0.765482 -0.62769 -0.0424794 0.777303 -0.761966 -0.000672651 0.647617 -0.770916 -0.0445632 0.635376 -0.86094 0.0355572 0.507463 -0.934047 0.0520234 0.353342 -0.882424 -0.07142 0.465002 -0.980445 0.0368897 0.193306 -0.959621 -0.0928439 0.265533 -0.997681 -0.0581151 0.0354398 -0.990629 0.0379459 -0.131203 -0.997497 -0.0618002 0.0343635 -0.955126 0.0396927 -0.29353 -0.972048 -0.114072 -0.205209 -0.8931 -0.0666501 -0.444894 -0.89361 -0.0637627 -0.444292 -0.802484 0.0422941 -0.595173 -0.688685 0.0750428 -0.721167 -0.750337 -0.156611 -0.642236 -0.566963 -0.0848671 -0.81936 -0.572566 -0.137388 -0.808265 -0.392485 0.0874035 -0.915596 -0.286765 0.256879 -0.922919 -0.137708 -0.298504 -0.944422 -0.0779663 -0.116444 -0.990132 -0.0247129 -0.998611 0.0465377 0 -1 0 0 -1 0 -0.0427693 -0.994958 0.0907124 -0.0308418 -0.998552 0.0440712 0 -1 0 0 -1 0 -0.0339886 -0.999416 -0.00359114 -0.0357013 -0.995021 0.0930494 0 -1 0 0 -1 0 0 -1 0 0 -1 0 0 -1 0 0 -1 0 0 -1 0 0 -1 0 0 -1 0 0 -1 0 0 -1 0 0 -1 0 0 -1 0 0 -1 0 0 -1 0 0 -1 0 0 -1 0 0 -1 0 0 -1 0 0 -1 0 0 -1 0 0 -1 0 0 -1 0 0 -1 0 -2.42665e-06 -1 2.40386e-05 0 -1 0 0 -1 0 3.2614e-06 -1 2.7331e-05 9.47472e-06 -1 8.98322e-06 0 -1 0 0 -1 0 0 -1 0 0 -1 0 0 -1 0 0 -1 0 0 -1 0 0 -1 0 0 -1 0 0 -1 0 0 -1 0 0 -1 0 0 -1 0 0 -1 0 -0.000868991 -0.116577 -0.993181 0.0510285 0.218242 -0.97456 0.072308 0.556645 -0.827598 -0.120537 0 0.992709 -0.120537 0 0.992709 -0.354604 0 0.935016 -0.354604 0 0.935016 -0.568066 0 0.822983 -0.568066 0 0.822983 -0.74851 0 0.663124 -0.74851 0 0.663124 -0.885456 0 0.464723 -0.885456 0 0.464723 -0.970943 0 0.239312 -0.970943 0 0.239312 -1 0 0 -1 0 0 -0.970943 0 -0.239311 -0.970943 0 -0.239311 -0.885456 0 -0.464723 -0.885456 0 -0.464723 -0.748509 0 -0.663125 -0.748509 0 -0.663125 -0.568066 0 -0.822983 -0.568066 0 -0.822983 -0.354604 0 -0.935016 -0.354604 0 -0.935016 -0.12054 0 -0.992709 -0.12054 0 -0.992709 0.0463584 -0.902871 0.427405 0.0696973 -0.955451 0.286803 -0.0308885 -0.86791 0.495761 -0.0354533 -0.888487 0.45753 -0.134213 -0.85187 0.506265 -0.143988 -0.883215 0.446318 -0.216526 -0.854687 0.471834 -0.239694 -0.87887 0.412473 -0.273866 -0.862515 0.425518 -0.353169 -0.857158 0.374902 -0.335245 -0.86666 0.369475 -0.444089 -0.848449 0.287958 -0.40112 -0.869747 0.287476 -0.50746 -0.845045 0.168475 -0.444779 -0.874986 0.191238 -0.47336 -0.876238 0.090211 -0.531462 -0.846309 0.0361878 -0.485536 -0.87417 -0.00906153 -0.519329 -0.849914 -0.0891237 -0.477961 -0.871549 -0.109342 -0.477008 -0.854172 -0.207012 -0.449285 -0.867855 -0.212062 -0.407359 -0.858736 -0.310855 -0.398109 -0.863307 -0.310177 -0.321008 -0.864109 -0.387646 -0.319973 -0.858475 -0.400796 -0.23239 -0.869011 -0.436823 -0.219235 -0.855873 -0.468421 -0.13772 -0.871173 -0.471264 -0.106753 -0.854712 -0.508008 -0.0342983 -0.871891 -0.488498 -0.00311358 -0.86089 -0.508781 0.0743231 -0.868514 -0.490061 0.0833933 -0.865001 -0.494791 0.185795 -0.86244 -0.470827 0.184607 -0.86091 -0.474082 0.270572 -0.866552 -0.419379 0.291742 -0.859047 -0.420625 0.347932 -0.868609 -0.352791 0.380137 -0.857953 -0.345561 0.413536 -0.869639 -0.269658 0.444796 -0.859226 -0.252758 0.456526 -0.871051 -0.181259 0.516962 -0.846584 -0.126672 0.518308 -0.843487 -0.141022 0.51915 -0.846347 -0.119078 0.496248 -0.865953 -0.0621527 0.519743 -0.8543 -0.00628536 0.514849 -0.857195 0.0121264 0.522088 -0.843707 0.124833 0.538195 -0.840323 0.0648368 0.538202 -0.840316 0.0648657 0.456367 -0.862694 0.217918 0.475431 -0.865719 0.156511 0.415172 -0.860595 0.294971 0.436947 -0.869655 0.229734 0.358339 -0.861051 0.36081 0.375264 -0.870778 0.317684 0.28981 -0.863015 0.413781 0.299655 -0.869203 0.39331 0.207792 -0.851499 0.481426 0.232876 -0.865959 0.442587 0.021131 -0.864773 0.501718 0.107319 -0.855962 0.505779 0.115824 -0.859956 0.497051 0.1158 -0.860063 0.496873 -0.0931224 -0.865559 0.492072 -0.0272005 -0.864147 0.502503 0.00588515 -0.869409 0.494058 -0.177813 -0.862136 0.474452 -0.0966008 -0.867374 0.488191 -0.253258 -0.86119 0.440696 -0.196523 -0.869966 0.452258 -0.283028 -0.870242 0.403205 -0.319718 -0.861504 0.39445 -0.363024 -0.86842 0.337728 -0.427771 -0.864098 0.26523 -0.376557 -0.864244 0.333596 -0.42682 -0.868553 0.251873 -0.471636 -0.861169 0.189602 -0.4677 -0.870636 0.152478 -0.497643 -0.86079 0.106735 -0.490738 -0.869927 0.0490284 -0.494972 -0.867171 -0.0549173 -0.505333 -0.862607 0.0233775 -0.497802 -0.865722 -0.052142 -0.486053 -0.862985 -0.137876 -0.470232 -0.869438 -0.151527 -0.459355 -0.860627 -0.219806 -0.424771 -0.870803 -0.247531 -0.414993 -0.860733 -0.294821 -0.287625 -0.865634 -0.409817 -0.355993 -0.863258 -0.357847 -0.362283 -0.869502 -0.335733 -0.207361 -0.861521 -0.463448 -0.28495 -0.866567 -0.409714 -0.101412 -0.862163 -0.496378 -0.197573 -0.865395 -0.460496 -0.0211028 -0.864584 -0.502045 -0.0973803 -0.864049 -0.493899 0.0949397 -0.862069 -0.497818 0.026453 -0.866591 -0.498317 0.00926889 -0.870668 -0.491784 0.178779 -0.86086 -0.4764 0.116281 -0.87013 -0.478908 0.252676 -0.861781 -0.439872 0.215017 -0.870234 -0.443239 0.376372 -0.864374 -0.333469 0.316481 -0.864135 -0.391294 0.301705 -0.868463 -0.393377 0.432257 -0.861217 -0.267317 0.377463 -0.868306 -0.321818 0.472771 -0.860478 -0.189911 0.43408 -0.870615 -0.231526 0.496989 -0.867428 -0.0238747 0.495201 -0.862229 -0.10648 0.474628 -0.870272 -0.131741 0.501446 -0.863349 0.0563926 0.499974 -0.865587 -0.0280281 0.498674 -0.853829 0.149335 0.497158 -0.865469 0.061623 0.464997 -0.858598 0.215843 0.500243 -0.840978 0.206186 0.46582 -0.864587 0.18842 0.414661 -0.869028 0.269901 0.353166 -0.865884 0.354287 0.412286 -0.862865 0.292377 0.349641 -0.867124 0.35475 0.290436 -0.86227 0.414895 0.280285 -0.865262 0.415646 0.208204 -0.851687 0.480916 0.171148 -0.863583 0.474272 0.171161 -0.863551 0.474324 0.107053 -0.85392 0.509275 -0.00501367 -0.860252 0.509845 0.0702527 -0.868091 0.491408 -0.104754 -0.859489 0.500306 -0.031341 -0.869843 0.492332 -0.202002 -0.858999 0.470443 -0.136986 -0.870526 0.472672 -0.289002 -0.858952 0.422704 -0.233089 -0.870186 0.434104 -0.367149 -0.858408 0.358241 -0.31517 -0.870506 0.378005 -0.432388 -0.858346 0.276193 -0.3875 -0.870636 0.303046 -0.484404 -0.856896 0.1763 -0.444147 -0.870483 0.212115 -0.514611 -0.855575 0.0562668 -0.479326 -0.870629 0.110691 -0.511894 -0.856382 -0.0676414 -0.493191 -0.86988 0.00845354 -0.479178 -0.860665 -0.172173 -0.487528 -0.868244 -0.092031 -0.44105 -0.858945 -0.260171 -0.456528 -0.869591 -0.18813 -0.407286 -0.871173 -0.274182 -0.381731 -0.854866 -0.351406 -0.337485 -0.873486 -0.350894 -0.294289 -0.851158 -0.434653 -0.257529 -0.874711 -0.41056 -0.192683 -0.847269 -0.494984 -0.202374 0.926308 0.317803 -0.497877 0.577209 0.647262 -0.407026 0.827967 0.385747 -0.57977 0.632719 0.513355 -0.564214 0.761889 0.3181 -0.675601 0.645583 0.35607 -0.638276 0.74956 0.175394 -0.731081 0.659546 0.174697 -0.670772 0.741504 0.0154167 -0.743073 0.669141 -0.009618 -0.661001 0.735372 -0.149351 -0.712054 0.676545 -0.187791 -0.609987 0.730158 -0.307873 -0.640571 0.682973 -0.351023 -0.520948 0.725249 -0.450141 -0.534004 0.689019 -0.489993 -0.399171 0.72014 -0.567504 -0.400125 0.694494 -0.597979 -0.251155 0.715605 -0.65179 -0.246481 0.699546 -0.670733 -0.086053 0.710512 -0.698404 -0.0825506 0.704695 -0.704691 0.586351 0.800664 0.123003 0.510418 0.853363 0.106046 0.447838 0.870885 0.202487 0.469715 0.853311 0.226336 0.387358 0.872944 0.296518 0.345892 0.877047 0.333389 0.385571 0.865371 0.320106 0.26966 0.872078 0.408367 0.320658 0.862598 0.391283 0.175188 0.868255 0.464158 0.253396 0.862004 0.439022 0.172318 0.866308 0.468846 0.0591774 0.871191 0.487365 0.0892691 0.862556 0.498025 -0.0579428 0.871473 0.487009 0.000305223 0.86003 0.510243 -0.168874 0.870882 0.461568 -0.10209 0.85729 0.504611 -0.266828 0.870189 0.414214 -0.209008 0.858315 0.468627 -0.289668 0.863193 0.413509 -0.353382 0.865686 0.354556 -0.356068 0.869387 0.342611 -0.414667 0.860995 0.294514 -0.42368 0.871914 0.245483 -0.458819 0.860996 0.219479 -0.474085 0.869045 0.141433 -0.481561 0.865795 0.136008 -0.501851 0.863107 0.0564912 -0.490889 0.870692 0.0303967 -0.507713 0.861213 -0.0232348 -0.484671 0.871087 -0.0793824 -0.494249 0.862785 -0.106398 -0.460717 0.866133 -0.193787 -0.45782 0.86941 -0.185814 -0.432384 0.861135 -0.267376 -0.392791 0.871853 -0.292555 -0.381276 0.860901 -0.336865 -0.318005 0.869389 -0.378199 -0.31507 0.865276 -0.389907 -0.250761 0.863668 -0.437261 -0.225893 0.870427 -0.437413 -0.178773 0.860884 -0.476361 -0.118314 0.87142 -0.476056 -0.0948072 0.86231 -0.497427 -0.0265622 0.866281 -0.498851 -0.00175092 0.871917 -0.489651 0.0213147 0.866029 -0.499539 0.113836 0.867473 -0.484285 0.101533 0.861263 -0.497912 0.219661 0.868243 -0.444863 0.207764 0.860742 -0.464712 0.309931 0.871509 -0.38002 0.290806 0.861821 -0.415567 0.392231 0.87043 -0.297501 0.358667 0.860742 -0.361223 0.410822 0.864014 -0.291042 0.451811 0.870247 -0.196309 0.454005 0.864316 -0.216422 0.482831 0.871473 -0.0860769 0.489638 0.860714 -0.139377 0.496236 0.867915 0.0217388 0.503794 0.861946 -0.0569303 0.497724 0.867008 0.0238411 0.471459 0.871558 0.134583 0.494842 0.862439 0.106444 0.427392 0.870739 0.243209 0.472736 0.860501 0.189892 0.428635 0.863546 0.265631 0.359795 0.869793 0.33765 0.375717 0.864829 0.333027 0.272556 0.871322 0.408058 0.320273 0.861047 0.394999 0.252477 0.861969 0.439618 0.17757 0.868548 0.462702 0.174432 0.866485 0.467737 0.0946652 0.862584 0.496977 0.0620314 0.871473 0.486504 0.0270936 0.86451 0.501885 -0.021173 0.864961 0.501393 -0.0549774 0.871639 0.487055 -0.102114 0.857109 0.504913 -0.16611 0.871106 0.46215 -0.209124 0.858087 0.468993 -0.264269 0.870447 0.415312 -0.290004 0.86279 0.414116 -0.357314 0.866283 0.349113 -0.349458 0.869281 0.349615 -0.422179 0.871908 0.248075 -0.414375 0.861226 0.294251 -0.472483 0.869509 0.143921 -0.459112 0.860793 0.219664 -0.482525 0.865195 0.136408 -0.491122 0.870456 0.0332519 -0.501161 0.863519 0.0563329 -0.48483 0.871259 -0.0764731 -0.507669 0.861238 -0.0232474 -0.460722 0.866825 -0.190657 -0.4949 0.862404 -0.106455 -0.459161 0.868624 -0.186181 -0.394621 0.871812 -0.290205 -0.431975 0.8614 -0.267185 -0.319652 0.869802 -0.375855 -0.381508 0.860735 -0.337026 -0.315735 0.86474 -0.390559 -0.228685 0.870141 -0.43653 -0.250326 0.864097 -0.436662 -0.139964 0.842076 -0.520881 -0.119197 0.845644 -0.520268 -0.169389 0.852073 -0.495257 -0.00870762 0.857437 -0.514515 0.0377217 0.867511 -0.495986 -0.0417543 0.864654 -0.500629 0.110402 0.871219 -0.478319 0.0710859 0.86394 -0.498552 0.215692 0.870885 -0.44163 0.154265 0.857247 -0.491253 0.307696 0.871466 -0.38193 0.259207 0.857024 -0.445333 0.388265 0.87213 -0.297723 0.356258 0.855787 -0.375112 0.434887 0.855458 -0.281184 0.447507 0.872291 -0.197094 0.488851 0.855125 -0.172587 0.480884 0.872314 -0.0884223 0.516079 0.85472 -0.0558272 0.488204 0.872508 0.0196801 0.517885 0.852969 0.0650986 0.467614 0.874161 0.131073 0.421578 0.875058 0.237795 0.4885 0.851628 0.189996 0.353183 0.875584 0.329567 0.42926 0.850691 0.303415 0.269688 0.875592 0.400759 0.34537 0.849832 0.398127 0.173635 0.876261 0.449465 0.242265 0.848875 0.469807 0.0617584 0.878029 0.474605 0.122838 0.850469 0.511482 0.031713 0.863701 0.503005 -0.0229232 0.865568 0.500267 -0.0526064 0.879416 0.473139 -0.113281 0.844634 0.523221 -0.160173 0.880167 0.446823 -0.29488 0.804907 0.514947 -0.299266 0.812938 0.499571 -0.374327 0.769823 0.516964 -0.374078 0.847756 0.375998 -0.44676 0.809295 0.381376 -0.398774 0.886987 0.232882 -0.487574 0.842733 0.228194 -0.432284 0.892612 0.127961 -0.531991 0.835895 0.135149 -0.448479 0.893386 0.0269947 0.0606681 0.705806 -0.705802 0.0775232 0.721513 -0.688048 0.226963 0.726485 -0.648619 0.18185 0.695097 -0.695536 0.366472 0.724938 -0.583235 0.322269 0.682498 -0.656003 0.488133 0.7235 -0.488134 0.463295 0.684622 -0.562718 0.585655 0.722213 -0.36799 0.578238 0.686629 -0.440661 0.648249 0.728968 -0.21995 0.657187 0.690922 -0.301218 0.589382 0.804802 -0.0701554 0.712267 0.690156 -0.127911 0.712314 0.692019 -0.117125 0.698132 0.71095 -0.0846286 0.696081 0.712602 0.0875766 0.736061 0.676465 0.0246821 0.714517 0.676029 0.18014 0.632457 0.733589 0.248688 0.655526 0.671008 0.34646 0.545268 0.745318 0.383646 0.580085 0.642056 0.501264 0.456877 0.747223 0.482619 0.474485 0.595338 0.648411 -0.243994 -0.713181 0.657146 -0.0829138 -0.704678 0.704666 -0.0863077 -0.696013 0.712823 0.037739 -0.706609 0.706597 0.0761378 -0.764104 0.640584 0.111732 -0.719007 0.685963 0.237243 -0.73069 0.640163 0.231452 -0.684317 0.691476 0.385601 -0.722363 0.574024 0.38974 -0.676137 0.625253 0.513699 -0.716747 0.471579 0.523356 -0.685895 0.505615 0.613598 -0.712637 0.340068 0.62443 -0.692514 0.361264 0.678618 -0.710177 0.187423 0.68874 -0.69682 0.2002 0.704647 -0.70918 0.0231652 0.71403 -0.699424 0.0311106 0.690487 -0.709137 -0.142665 0.700625 -0.700248 -0.137027 0.637515 -0.709461 -0.300398 0.648951 -0.700605 -0.296675 0.548406 -0.710644 -0.440722 0.562858 -0.700401 -0.438895 0.428861 -0.7122 -0.555743 0.447951 -0.699388 -0.556952 0.286039 -0.713653 -0.639437 0.309601 -0.698187 -0.64551 0.127868 -0.715346 -0.686971 0.155778 -0.697007 -0.699939 0.0615338 -0.707249 -0.704282 0.0369845 -0.706903 -0.706343 -0.000649052 -0.710766 -0.703429 -0.034426 -0.717985 -0.695207 -0.0897121 -0.683827 -0.724108 -0.0897191 -0.683767 -0.724164 -0.20286 -0.719236 -0.664491 -0.339449 -0.326639 -0.882089 -0.263605 -0.679172 -0.685009 -0.344835 -0.728542 -0.591875 -0.430333 -0.667668 -0.607481 -0.462966 -0.738789 -0.489748 -0.582779 -0.641521 -0.498818 -0.54716 -0.747107 -0.377422 -0.714114 -0.603309 -0.355048 0.719475 0.382123 0.579946 0.477577 0.727595 0.492469 0.556413 0.423706 0.714758 -0.685099 -0.649666 -0.329505 -0.56546 -0.708987 -0.421416 0.35635 0.509439 0.783254 0.44448 0.338009 0.829571 0.187234 0.386052 0.903276 0.0409659 -0.144704 0.988627 -0.0261069 0.323754 0.945781 -0.152465 -0.420875 0.894214 -0.244638 0.366861 0.897533 -0.59713 -0.557694 0.576552 -0.859009 0.50543 -0.0815185 -0.878625 0.38085 -0.288046 -0.777743 -0.443407 -0.445541 -0.807288 0.322933 -0.493965 -0.65506 0.370552 -0.658474 -0.476296 -0.597825 -0.644785 0.347408 -0.552322 -0.757791 0.500619 0.498501 -0.707727 0.688764 0.376021 -0.619849 0.744509 -0.525283 -0.412048 0.830633 0.322477 -0.453935 0.895805 0.37463 -0.239134 0.870234 0.492214 -0.0204536 0.36633 0.4914 0.790144 0.194957 0.37138 0.907782 -0.0202673 0.322341 0.946407 -0.23372 -0.47215 0.84997 -0.238874 0.379007 0.894032 -0.41452 0.499048 0.761002 -0.871418 0.484626 -0.0759429 -0.843181 -0.51727 -0.146554 -0.885902 0.367156 -0.283504 -0.810415 0.322495 -0.489105 -0.569538 -0.560737 -0.601 -0.654559 0.383545 -0.651495 -0.450577 0.506205 -0.735348 0.501776 0.477918 -0.720983 0.595542 -0.450018 -0.665442 0.688189 0.363136 -0.628114 0.827725 0.322985 -0.45886 0.889027 0.388693 -0.241969 0.857671 0.513661 -0.0235016 0.202255 0.359458 0.910979 0.0832664 -0.695316 0.713864 0.0599521 -0.526158 0.848271 -0.0146261 0.323918 0.945972 -0.233014 0.39379 0.889176 -0.416874 -0.603806 0.679437 -0.405463 0.52081 0.751237 0.330011 0.710254 0.621798 0.362279 0.721686 0.58985 0.489355 0.264274 0.831079 0.568098 0.290444 0.770004 0.336526 0.558255 0.758354 0.423299 0.055337 0.904299 0.310626 0.218151 0.92516 0.2347 0.665424 0.708609 0.348976 0.0725072 0.934322 0.236043 -0.115115 0.9649 0.255296 0.277333 0.926234 0.289366 0.406115 0.866797 0.144901 0.436855 0.887785 0.174502 0.656347 0.734002 0.228599 0.277247 0.933208 0.231547 -0.11027 0.966554 0.232317 -0.114175 0.965915 0.00950638 0.277356 0.96072 -0.0143049 0.583686 0.811854 -0.0501068 -0.540562 0.839811 0.0151013 0.277337 0.960654 -0.253048 -0.27737 0.92684 -0.220264 0.277213 0.93522 -0.233585 0.411322 0.881052 -0.230141 0.475669 0.848984 -0.165898 -0.658668 0.733918 -0.292262 -0.277136 0.915303 -0.158447 0.276072 0.947987 -0.232028 -0.397836 0.887631 -0.422059 0.52132 0.741682 -0.434237 0.416058 0.798958 -0.539469 0.276647 0.795261 -0.405291 0.686822 0.603336 -0.487144 0.411758 0.77016 -0.460978 -0.705472 0.538339 -0.61547 -0.276479 0.738076 -0.787004 0.273437 0.553044 -0.615592 -0.41295 0.671207 -0.508542 -0.270988 0.817283 -0.740689 0.276205 0.612446 -0.529702 0.710272 0.463605 -0.66466 0.411741 0.623455 -0.735457 -0.410822 0.538822 -0.84207 -0.1359 0.521967 -0.623163 0.719621 0.306291 -0.841313 0.277296 0.464004 -0.743813 -0.492359 0.452022 -0.84627 -0.195744 0.495491 -0.702844 -0.558498 0.440557 -0.837763 -0.466212 0.284255 -0.685626 0.714492 0.139348 -0.931956 0.277312 0.233573 -0.937873 -0.206651 0.278728 -0.745241 -0.617903 0.250625 -0.894724 -0.411824 0.172829 -0.909214 0.276658 0.31111 -0.959838 0.277134 0.0436847 -0.954733 -0.275622 -0.111885 -0.911319 0.411552 -0.0111189 -0.716667 0.696793 -0.0294812 -0.696413 -0.716719 0.0363678 -0.911202 -0.411548 0.0183983 -0.954546 -0.275568 -0.113593 -0.688655 -0.713235 -0.130579 -0.980048 0.0920782 -0.176144 -0.888984 -0.411586 -0.200761 -0.837476 0.268693 -0.475854 -0.950814 -0.275714 -0.141189 -0.909275 0.276625 -0.310962 -0.936153 -0.277142 -0.216357 -0.864122 0.41183 -0.289289 -0.858574 0.423891 -0.288387 -0.676715 -0.660846 -0.324562 -0.784972 0.276328 -0.554493 -0.863621 -0.276711 -0.421415 -0.81059 -0.411711 -0.416458 -0.796806 0.276779 -0.537115 -0.85465 -0.277024 -0.439126 -0.687132 0.556469 -0.46711 -0.760679 0.411791 -0.501793 -0.649711 -0.485711 -0.584774 -0.704025 -0.411507 -0.578802 -0.645855 0.277131 -0.711386 -0.706057 -0.20071 -0.679116 -0.60216 -0.58502 -0.543282 -0.496749 0.643889 -0.581934 -0.513366 0.277115 -0.812196 -0.490323 -0.277339 -0.826236 -0.476979 0.413765 -0.775429 -0.427772 0.531453 -0.731142 -0.468245 0.410848 -0.782272 -0.486848 -0.27735 -0.828285 -0.380463 -0.710649 -0.591799 -0.319095 0.688952 -0.650787 -0.227901 -0.718273 -0.657377 -0.419879 -0.272984 -0.865552 -0.267531 -0.411652 -0.871189 -0.464789 -0.27017 -0.843196 -0.156273 0.275946 -0.948384 -0.136734 0.711424 -0.689333 -0.208113 0.411803 -0.887191 -0.11484 -0.41034 -0.904673 -0.0246351 -0.140214 -0.989815 -0.0235993 -0.629174 -0.776906 0.00757791 -0.20756 -0.978193 0.00923882 -0.453278 -0.891321 0.189419 -0.507796 -0.840395 0.263287 0.277288 -0.924008 0.222222 0.713483 -0.6645 0.242321 -0.197651 -0.94985 0.184338 -0.546696 -0.816788 0.221129 0.277155 -0.935033 0.174381 -0.409164 -0.895643 0.284574 -0.411756 -0.865722 0.417747 -0.0578339 -0.906721 0.443184 0.277168 -0.852506 0.569848 -0.275779 -0.774093 0.607158 0.402845 -0.684891 0.464949 0.411523 -0.783882 0.384364 0.695047 -0.607597 0.329692 -0.701031 -0.632344 0.366363 0.275161 -0.888856 0.445082 -0.41148 -0.795353 0.520816 -0.277041 -0.807465 0.653389 0.27723 -0.704434 0.551764 0.649306 -0.52341 0.645619 0.411393 -0.643376 0.675275 0.435213 -0.595478 0.591853 -0.697672 -0.403688 0.769493 -0.411886 -0.488088 0.791212 -0.276528 -0.545451 0.895588 0.2744 -0.350181 0.820641 0.06314 -0.567945 0.85454 -0.405951 -0.323984 0.806821 -0.27702 -0.521823 0.863516 0.276696 -0.42164 0.743935 0.563483 -0.359233 0.814725 0.411735 -0.408286 0.943678 0.276872 -0.181145 0.851993 -0.411092 -0.324208 0.804724 -0.541414 -0.243496 0.717613 -0.654077 -0.239197 0.945646 -0.197609 -0.258271 0.938196 0.277253 -0.20717 0.749274 0.647582 -0.138659 0.800483 -0.596752 -0.0558078 0.906948 -0.411544 -0.0898674 0.960337 0.277067 0.0314166 0.766107 -0.640608 -0.0519824 0.975757 -0.216431 -0.0325061 0.721146 0.691069 0.0487102 0.960405 0.277086 0.0290607 0.730541 -0.681137 0.0485998 0.466491 -0.883452 0.0435617 0.9436 -0.276804 0.181657 0.914078 0.362866 0.18108 0.740506 0.643085 0.195172 0.446734 -0.892518 0.0619753 0.932608 -0.277351 0.230907 0.930083 -0.280178 0.237583 0.920875 0.280194 0.271073 0.664662 0.712256 0.225646 0.92267 0.277331 0.267895 0.860679 -0.407089 0.305795 0.866084 -0.142438 0.479177 0.763377 -0.4273 0.484428 0.644136 -0.678944 0.352311 0.465378 0.712599 0.525001 0.668903 0.277365 0.689665 0.62135 -0.492523 0.609381 0.591274 -0.582569 0.557681 0.691208 -0.200529 0.694276 0.682961 0.277366 0.675746 0.610878 -0.4117 0.676263 0.499481 -0.400073 0.768414 0.335432 0.692904 0.638255 0.478501 0.277384 0.833124 0.347117 -0.721764 0.598804 0.513443 -0.203712 0.833593 0.552797 -0.407086 0.727115 0.534729 0.276822 0.798395 0.403274 -0.411538 0.817317 0.412787 0.0222858 0.910555 0.136423 -0.56154 0.816126 0.283209 0.277196 0.918126 0.380264 -0.169968 0.909126 0.234801 0.411358 0.880712 0.178933 0.645392 0.742598 0.153267 0.408358 0.899863 -0.989363 0.052462 0.13568 -0.106341 -0.645009 0.75674 0.465906 0.270048 0.842618 0.0537933 -0.791901 0.608275 0.031215 -0.411683 0.910793 0.130835 -0.274948 0.952515 0.0499993 -0.276985 0.959572 -0.0664447 0.276684 0.958661 -0.05329 0.411734 0.909745 -0.060701 0.570064 0.819355 -0.141134 -0.673425 0.725658 -0.199344 -0.411622 0.889286 -0.186831 -0.276731 0.94261 -0.311977 -0.409223 0.857442 -0.348501 0.275967 0.895762 -0.17592 -0.276505 0.944774 -0.315543 0.276774 0.90765 -0.282989 0.411839 0.866202 -0.253522 0.651298 0.715219 -0.390735 -0.520061 0.759515 -0.523132 0.277008 0.805977 -0.374025 -0.411624 0.831066 -0.373205 -0.581398 0.722976 -0.473281 -0.205832 0.856527 -0.50501 0.277243 0.817374 -0.401601 0.693117 0.598586 -0.563379 -0.459009 0.686961 -0.689395 0.277411 0.669162 -0.57243 -0.411817 0.709035 -0.652847 -0.227255 0.722597 -0.475501 -0.668886 0.571394 -0.693127 0.277379 0.665309 -0.52681 0.713499 0.461941 -0.57603 -0.719596 0.387777 -0.774774 -0.4115 0.479993 -0.818045 -0.416391 0.396764 -0.688126 0.711712 0.141237 -0.931588 0.277316 0.23503 -0.732635 -0.646034 0.214212 -0.861866 -0.461236 0.210826 -0.947174 -0.215014 0.237972 -0.891002 -0.411712 0.191336 -0.931108 0.277321 0.236921 -0.84035 -0.541181 0.0305831 -0.722346 0.690958 -0.0281569 -0.960764 0.277363 -0.00172477 -0.978792 -0.204532 0.0115431 -0.839124 -0.543083 0.030512 -0.910068 -0.411688 -0.0478489 -0.960306 0.277231 0.0309128 -0.917503 -0.277043 -0.285369 -0.93671 0.277156 -0.213913 -0.880215 0.411406 -0.236572 -0.735825 0.641637 -0.21648 -0.70696 -0.690632 -0.152429 -0.918593 -0.277085 -0.281798 -0.912728 -0.403797 -0.0622519 -0.884477 -0.411599 -0.219741 -0.949256 0.27602 -0.15075 -0.938331 0.0536696 -0.341549 -0.713537 0.557718 -0.424047 -0.926884 0.344755 0.148423 -0.622763 -0.719286 -0.307886 -0.840033 -0.277293 -0.466318 -0.675243 0.576707 -0.459844 -0.534355 -0.704873 -0.466497 -0.492909 -0.402333 -0.771472 -0.73322 -0.276451 -0.621259 -0.666035 -0.411635 -0.622056 -0.542984 0.273172 -0.794069 -0.755977 0.0752082 -0.650264 -0.7318 -0.276501 -0.62291 -0.628131 0.276775 -0.727219 -0.673079 0.410355 -0.615283 -0.490561 0.654932 -0.574817 -0.608982 0.411793 -0.677914 -0.413189 0.276524 -0.867646 -0.423575 -0.410493 -0.807515 -0.538242 -0.411001 -0.735781 -0.441283 -0.523309 -0.728984 -0.430265 -0.580524 -0.691276 -0.493479 -0.205871 -0.845042 -0.316964 0.694988 -0.645388 -0.455793 0.277214 -0.845816 -0.287186 -0.483471 -0.82691 -0.219883 0.277179 -0.93532 -0.327225 -0.411678 -0.850556 -0.256484 -0.616847 -0.744121 -0.28619 -0.206939 -0.935559 -0.136814 0.714389 -0.686243 -0.230242 0.277264 -0.932799 -0.104761 -0.422523 -0.900277 -0.0788346 -0.670431 -0.737772 -0.0418623 -0.715454 -0.697404 -0.0213069 -0.411561 -0.911133 0.097532 -0.275979 -0.956202 -0.294784 0.264979 -0.91809 0.0446498 0.719855 -0.692687 0.0166914 0.277263 -0.960649 0.221151 -0.283571 -0.933102 0.255299 0.283536 -0.924354 0.261839 0.277364 -0.924397 0.22168 0.710572 -0.667792 0.277619 -0.241123 -0.92994 0.176996 -0.690321 -0.70152 0.276829 -0.443207 -0.852604 0.281415 -0.411413 -0.866917 0.27378 0.277311 -0.920947 0.481443 0.27742 -0.831415 0.386121 0.688908 -0.613446 0.4903 -0.210043 -0.845865 0.374059 -0.613984 -0.695056 0.427349 -0.506007 -0.749219 0.493121 -0.411788 -0.76633 0.472535 0.277408 -0.836514 0.704375 -0.27711 -0.653503 0.653702 0.277198 -0.704156 0.697421 0.408699 -0.588701 0.644686 0.411354 -0.644335 0.557338 0.63749 -0.53196 0.518351 -0.648888 -0.557007 0.637338 -0.411375 -0.651591 0.698277 -0.277199 -0.659977 0.642577 0.277035 -0.714385 0.815944 0.277138 -0.507375 0.837717 -0.277329 -0.470445 0.727604 0.550606 -0.409177 0.788474 0.411308 -0.457313 0.591453 -0.707802 -0.386265 0.735404 0.273271 -0.620084 0.780124 -0.411556 -0.471199 0.859193 -0.276897 -0.430251 0.902991 0.0849628 -0.421176 0.659292 -0.71849 -0.221596 0.864035 -0.272388 -0.423376 0.873649 -0.411723 -0.259271 0.740115 0.658394 -0.136918 0.891458 0.411847 -0.188905 0.994966 0.0441754 -0.0899553 0.906302 -0.407914 0.110561 0.904491 -0.410209 -0.116727 0.953976 0.27527 0.118979 0.960432 0.277133 0.02772 0.715409 0.697059 0.0479543 0.766176 -0.642312 -0.0202277 0.976196 -0.21674 0.00803735 0.87102 -0.49117 0.00869316 0.840522 -0.508597 0.18669 0.882812 -0.411132 0.227186 0.900753 -0.411203 0.13984 0.914103 0.27701 0.296109 0.662056 0.715156 0.22413 0.923066 0.27734 0.266517 0.850426 -0.490732 0.189625 0.95169 -0.19822 0.234509 0.706657 -0.64117 0.299227 0.879682 -0.18654 0.437451 0.823822 0.277342 0.494368 0.57782 0.719489 0.385304 0.74621 -0.410928 0.523744 0.856326 -0.139344 0.497282 0.696376 0.142702 0.703347 0.718115 0.276867 0.638479 0.468666 0.70938 0.526434 0.629001 0.41144 0.659602 0.490657 0.628252 0.603784 0.580327 0.374335 0.723253 0.396847 -0.701095 0.592434 0.503386 -0.277358 0.818337 0.339676 0.686714 0.642686 0.402248 -0.599384 0.692052 0.461058 -0.277386 0.842901 0.421723 -0.460405 0.781138 0.371967 0.515157 0.772175 0.394175 0.408792 0.823113 0.258119 0.277366 0.925442 0.183591 0.633546 0.751608 0.248006 -0.228597 0.941401 0.244111 -0.355843 0.902101 0.270435 0.277324 0.921931 0.217928 -0.305383 0.926957 -0.010015 -0.277318 0.960726 0.0315524 0.277194 0.960296 0.00228801 0.411072 0.9116 -0.00841243 0.543408 0.839427 0.0313536 -0.67995 0.732588 -0.0346614 -0.277166 0.960197 0.0762253 0.276525 0.957979 0.0112813 -0.411362 0.911402 -0.230911 0.411936 0.88147 -0.142576 -0.717598 0.681707 -0.23969 -0.277309 0.930402 -0.25054 0.661394 0.706956 -0.311871 -0.710679 0.630612 -0.429084 -0.41176 0.803953 -0.395521 -0.276025 0.875998 -0.658676 0.27059 0.702088 -0.346718 -0.274231 0.896986 -0.544703 0.276555 0.791717 -0.484914 0.411678 0.771608 -0.31367 0.404969 0.858843 -0.398209 0.698722 0.594321 -0.57067 -0.0627909 0.818775 -0.565081 -0.411097 0.71532 -0.732307 0.276488 0.622319 -0.692146 0.277352 0.66634 -0.524382 0.716053 0.460751 -0.546954 -0.592772 0.591154 -0.688449 -0.2012 0.696819 -0.606484 -0.489583 0.626487 -0.734038 -0.473395 0.486915 -0.622565 0.719356 0.308123 -0.839906 0.277345 0.466516 -0.671276 -0.593238 0.444361 -0.834855 -0.200325 0.512726 -0.929805 -0.345204 -0.127657 -0.833095 -0.273232 0.480933 -0.913045 0.276837 0.299517 -0.958829 -0.273261 0.0773051 -0.691371 0.708142 0.143321 -0.885653 0.411402 0.215329 -0.668164 -0.712024 0.215823 -0.851269 0.270613 0.449566 -0.945156 -0.276531 0.173811 -0.876451 -0.411574 0.249882 -0.695605 -0.717121 0.0432474 -0.96056 -0.277343 0.0201154 -0.988948 0.105725 -0.103948 -0.762348 -0.638866 -0.103324 -0.870086 -0.43273 -0.236 -0.840319 -0.328916 -0.430905 -0.917912 -0.252154 -0.306359 -0.687207 -0.699691 -0.195397 -0.610553 -0.745293 -0.267887 0.138777 0.568152 0.811138 0.161096 0.531928 0.831325 0.192913 0.101987 0.975901 0.0690001 -0.246227 0.966753 0.0533654 -0.22428 0.973063 0.00692513 0.266638 0.963772 -0.0648533 0.0916552 0.993677 -0.00175032 0.468684 0.883364 -0.0678989 0.591992 0.803078 -0.12916 -0.202326 0.970764 -0.357864 0.404739 0.841499 -0.164242 -0.366878 0.915655 -0.184003 -0.0104642 0.98287 -0.0539782 -0.567415 0.821661 -0.258429 -0.39806 0.880206 -0.178891 -0.692948 0.698442 -0.251649 -0.286263 0.924514 -0.306486 0.116464 0.944723 -0.255077 0.70809 0.658441 -0.390164 0.319407 0.863569 -0.336181 -0.468261 0.817137 -0.193091 -0.687227 0.70031 -0.34117 -0.237491 0.909506 -0.525607 0.4066 0.747271 -0.430263 -0.276875 0.859194 -0.61136 0.273821 0.74247 -0.320658 -0.554682 0.767793 -0.418323 -0.00352066 0.908292 -0.465916 0.0398308 0.883932 -0.216115 0.40454 0.888618 -0.327689 -0.725405 0.605316 -0.47559 -0.277318 0.834811 -0.41487 -0.179404 0.892018 -0.786777 0.0246229 0.616746 -0.316697 -0.721105 0.616206 -0.486545 -0.505753 0.712381 -0.506872 -0.262389 0.821117 -0.347596 -0.705248 0.617901 -0.42754 0.178832 0.886131 -0.407254 0.713199 0.570518 -0.505331 0.411582 0.758447 -0.560449 0.555589 0.61418 -0.553173 0.576892 0.600995 -0.449068 -0.608351 0.654406 -0.579129 -0.208234 0.788193 -0.577198 -0.596641 0.557549 -0.746513 -0.411184 0.523111 -0.57085 -0.699865 0.429325 -0.759941 0.371517 0.533352 -0.646756 0.611865 0.455332 -0.780752 0.196622 0.593098 -0.636048 0.683087 0.358937 -0.621182 0.71808 0.313839 -0.82121 0.253801 0.511077 -0.83609 0.277335 0.473326 -0.827059 0.290971 0.480946 -0.848644 0.279492 0.449096 -0.627623 0.720631 0.294585 -0.635087 -0.687142 0.352846 -0.859313 -0.275101 0.431162 -0.874025 0.253239 0.414669 -0.866649 0.363334 0.341917 -0.682044 0.671376 0.289948 -0.899224 -0.2669 0.346641 -0.671554 -0.681383 0.291089 -0.934793 -0.217112 0.281115 -0.925777 0.28715 0.245933 -0.989753 0.0291599 0.139779 -0.730174 0.676674 0.0946475 -0.887094 -0.222715 0.404305 -0.930058 0.172867 0.324204 -0.732894 0.635879 0.241918 -0.917094 0.203545 0.342794 -0.89992 0.379903 0.21405 -0.794438 0.493085 0.354592 -0.719449 0.683282 0.124575 -0.968365 0.12205 0.217655 -0.90546 0.404629 0.128129 -0.971268 0.200992 0.127438 -0.777796 0.624104 0.0743414 -0.771694 -0.6255 0.115057 -0.866309 -0.489162 0.10114 -0.971229 -0.210666 0.111062 -0.71603 -0.695766 0.0566727 -0.991612 -0.125353 0.0315117 -0.862575 -0.499911 -0.0778025 -0.97371 -0.207078 -0.0949098 -0.787863 -0.613771 -0.0505727 -0.816014 0.571298 -0.0879834 -0.982334 0.1709 -0.0762375 -0.950672 -0.262853 -0.164715 -0.704222 -0.704153 -0.0907737 -0.921681 -0.315137 -0.226257 -0.893148 -0.411362 -0.181848 -0.681448 -0.723076 -0.113092 -0.93916 0.256509 -0.228435 -0.686746 0.699126 -0.199004 -0.943839 -0.0109447 -0.330226 -0.741339 -0.641066 -0.198622 -0.82505 -0.504549 -0.254407 -0.639897 -0.723515 -0.258955 -0.899764 -0.258007 -0.351934 -0.63592 -0.725705 -0.262599 -0.828516 -0.411243 -0.380052 -0.695436 0.585577 -0.416496 -0.969683 -0.158829 -0.185709 -0.866275 -0.0341393 -0.4984 -0.61692 0.734028 -0.283924 -0.855968 0.255818 -0.449306 -0.890327 0.0727898 -0.449465 -0.710253 -0.572921 -0.409026 -0.831017 -0.0478044 -0.554189 -0.558107 -0.724203 -0.405027 -0.798195 -0.269032 -0.538986 -0.535419 0.723897 -0.435085 -0.729291 0.269077 -0.629073 -0.749059 0.0424447 -0.661143 -0.583913 0.563748 -0.584152 -0.673128 -0.279197 -0.684798 -0.648605 0.275435 -0.70954 -0.616913 0.279213 -0.735838 -0.648701 0.277175 -0.708775 -0.642432 -0.279148 -0.713693 -0.487538 -0.720542 -0.493079 -0.64413 -0.275449 -0.713599 -0.421232 0.719046 -0.552754 -0.616572 0.275394 -0.737561 -0.486281 -0.72047 -0.494423 -0.496554 -0.51979 -0.695164 -0.56728 -0.0143778 -0.823399 -0.323362 0.401321 -0.856959 -0.457239 0.277226 -0.845031 -0.483965 -0.280178 -0.829023 -0.455292 0.273227 -0.847382 -0.436907 0.28023 -0.854742 -0.364307 -0.721574 -0.588738 -0.470763 -0.274452 -0.838486 -0.46493 -0.280188 -0.839842 -0.28708 0.716937 -0.635284 -0.432436 0.274367 -0.858907 -0.349229 -0.521931 -0.778221 -0.345723 -0.71437 -0.6084 -0.236535 0.594024 -0.768887 -0.2621 0.523556 -0.810674 -0.325222 0.136939 -0.93567 -0.336123 -0.569308 -0.750273 -0.3745 -0.202088 -0.904937 -0.244593 -0.126528 -0.961335 -0.180753 -0.486517 -0.854769 -0.211706 -0.704035 -0.677875 -0.170577 -0.199842 -0.964866 -0.167112 -0.585311 -0.7934 -0.0740728 -0.710924 -0.699357 -0.0635529 -0.41159 -0.90915 -0.0812279 0.394799 -0.91517 -0.118503 0.186849 -0.975215 -0.072609 0.573002 -0.816331 0.0129588 0.697814 -0.716162 0.00304523 0.283952 -0.958834 0.0108423 0.277285 -0.960727 0.0409713 0.719251 -0.693541 -0.0261328 0.257397 -0.965952 0.0368998 0.277113 -0.960129 0.0598334 0.721209 -0.690129 0.0601806 -0.411792 -0.909288 0.028193 -0.667198 -0.744346 0.0250693 -0.14947 -0.988448 0.0926997 -0.69821 -0.709866 0.166252 -0.269163 -0.948637 0.109475 0.192383 -0.975194 0.117169 0.598858 -0.792238 0.135643 0.384638 -0.913047 0.224207 -0.242119 -0.943986 0.253019 0.285208 -0.924466 0.176486 0.186031 -0.966564 0.089101 -0.20262 -0.975195 0.410977 -0.00815983 -0.911609 0.299506 0.661338 -0.687698 0.196535 0.255007 -0.946755 0.177665 0.68961 -0.702049 0.283977 0.366509 -0.886018 0.0628173 0.519328 -0.852263 0.244939 -0.695313 -0.675681 0.296811 -0.356982 -0.885701 0.307331 -0.636861 -0.707076 0.422591 -0.198076 -0.884411 0.307918 0.614647 -0.72622 0.309935 0.607612 -0.731265 0.348346 0.0122096 -0.937287 0.390845 0.232137 -0.890703 0.452303 0.346988 -0.821597 0.326726 0.671004 -0.665586 0.472902 0.607638 -0.638075 0.526256 -0.479512 -0.702227 0.584 -0.213948 -0.783052 0.435755 -0.641846 -0.630992 0.73981 0.145965 -0.656792 0.503389 0.703835 -0.501215 0.624417 0.411753 -0.663749 0.656445 -0.277229 -0.701587 0.634148 -0.258875 -0.728588 0.450767 -0.691926 -0.563957 0.714983 -0.202132 -0.669285 0.423323 0.124168 -0.89743 0.450391 -0.719873 -0.52814 0.465537 -0.719765 -0.514989 0.665821 -0.470146 -0.579348 0.74082 -0.203731 -0.640062 0.579091 -0.612917 -0.537575 0.723362 0.140882 -0.675944 0.596206 0.668757 -0.444188 0.715299 0.411302 -0.564958 0.776944 -0.260373 -0.573205 0.796775 -0.320646 -0.512187 0.558173 -0.674171 -0.483669 0.555944 -0.698796 -0.450123 0.635339 0.683812 -0.358812 0.823635 0.239033 -0.514284 0.756955 -0.501567 -0.418868 0.898527 -0.0356041 -0.437473 0.879062 -0.252719 -0.404208 0.629309 -0.727213 -0.2741 0.947562 0.054231 -0.314937 0.814105 0.537902 -0.21885 0.915766 0.252115 -0.312747 0.639085 0.730795 -0.23981 0.936847 0.284501 -0.203413 0.933676 -0.268035 -0.237501 0.939621 -0.28451 -0.190173 0.569969 -0.807768 -0.15049 0.945011 -0.270112 -0.184377 0.684219 0.724242 -0.0855428 0.948804 0.270181 -0.163625 0.945866 0.284391 -0.156391 0.908501 -0.406131 0.0983999 0.996949 0.0243679 -0.0741493 0.85653 0.515702 -0.0202202 0.684679 0.723924 -0.0845537 0.959496 0.263915 -0.0985688 0.960988 -0.276587 -0.0013022 0.960103 0.278064 0.0297199 0.960199 -0.278053 0.0265497 0.691322 -0.721782 0.0332282 0.96061 -0.276526 0.0275999 0.694827 -0.719114 -0.00947154 0.68964 0.720692 0.070706 0.687255 0.717083 0.116069 0.954231 0.274453 0.118821 0.959271 0.276617 0.05729 0.958833 0.277949 0.058171 0.956192 -0.27942 0.0873008 0.942929 -0.279621 0.180825 0.952621 0.279541 0.119879 0.93758 0.274386 0.213674 0.936614 0.27728 0.214175 0.957472 -0.274583 0.0886117 0.444308 -0.893479 0.0654669 0.93005 -0.278903 0.239207 0.91927 0.276544 0.280119 0.65479 0.718937 0.233194 0.564948 -0.80009 0.201719 0.441605 -0.893701 0.0792718 0.914185 -0.196037 0.354734 0.792166 -0.541196 0.282098 0.902783 0.180745 0.390275 0.770862 0.526361 0.35877 0.822281 0.421497 0.382354 0.811723 -0.411489 0.414467 0.63196 -0.717119 0.293883 0.717823 -0.12465 0.684977 0.600872 0.709559 0.368074 0.826811 0.279529 0.488105 0.825132 0.277353 0.492172 0.578605 0.719746 0.383644 0.811537 0.277161 0.514383 0.567834 0.719871 0.399188 0.640634 -0.640874 0.42293 0.748126 -0.41168 0.520411 0.830205 -0.144389 0.538435 0.552349 -0.709703 0.437301 0.726763 -0.271615 0.630905 0.729309 0.370251 0.575346 0.620775 0.625822 0.472214 0.786326 0.150437 0.599216 0.700559 -0.26034 0.66441 0.715692 -0.282882 0.638563 0.672393 0.282877 0.684009 0.382172 0.762571 0.521949 0.691689 0.282817 0.664515 0.684992 0.271725 0.675982 0.468062 0.723141 0.507922 0.463535 -0.768925 0.44033 0.560415 -0.252925 0.788647 0.549674 0.452607 0.702143 0.474013 -0.129322 0.870969 0.479342 0.638368 0.60226 0.643434 0.0135673 0.765381 0.346284 0.722476 0.598428 0.572028 0.238986 0.784646 0.445056 0.18962 0.875197 0.302231 -0.651823 0.695546 0.316057 -0.684724 0.656705 0.37089 -0.229424 0.899892 0.44014 -0.34281 0.829915 0.288064 0.346201 0.89284 0.301168 0.639795 0.707079 0.243505 0.690975 0.680632 0.417018 0.194425 0.887859 0.120478 0.63401 0.763882 0.189335 0.203871 0.960515 0.136735 -0.538627 0.831375 0.152308 -0.193356 0.969235 0.0314549 0.229804 0.972729 -0.00699617 0.664715 0.747065 0.109886 -0.223438 0.968504 0.0681202 -0.797023 0.600094 0.163919 -0.695785 0.699295 -0.0523936 -0.514201 0.856068 -0.0768412 -0.0227885 0.996783 0.0201505 -0.765764 0.642806 -0.153197 0.282918 0.946831 -0.288892 0.122541 0.949487 -0.190178 0.666478 0.72086 -0.204559 0.0718517 0.976214 -0.0549798 -0.684177 0.727241 -0.183679 -0.328825 0.926356 -0.0852786 -0.722179 0.686429 -0.110274 -0.238525 0.964855 -0.32099 -0.0631616 0.944974 -0.224491 -0.538234 0.812347 -0.314974 -0.247188 0.916346 -0.244742 -0.733828 0.633717 -0.271375 0.72731 0.630378 -0.437013 0.0362811 0.898723 -0.401353 0.248506 0.881567 -0.418371 0.484931 0.767989 -0.509826 -0.283535 0.81221 -0.507804 0.283503 0.813487 -0.483755 -0.267437 0.833342 -0.352826 -0.713242 0.605641 -0.519128 -0.271056 0.810577 -0.405683 0.723966 0.557938 -0.531655 0.270967 0.802446 -0.536992 0.283618 0.794481 -0.582708 0.258483 0.770479 -0.672581 -0.408863 0.616819 -0.585215 0.471842 0.659461 -0.410742 0.721926 0.556878 -0.639989 -0.00859861 0.768336 -0.537092 0.631358 0.559392 -0.670593 -0.275253 0.688869 -0.694053 0.278691 0.663793 -0.681761 -0.278701 0.676408 -0.472657 -0.718363 0.51044 -0.684921 -0.275911 0.674356 -0.703853 0.275926 0.654566 -0.705739 0.278678 0.651361 -0.529075 0.720821 0.447769 -0.668391 -0.514587 0.53708 -0.730317 -0.349697 0.586813 -0.798848 -0.143799 0.584093 -0.733421 0.443878 0.514846 -0.718856 0.486376 0.496672 -0.730355 -0.136248 0.669341 -0.795993 0.178447 0.578405 -0.719224 -0.606153 0.33955 -0.831574 -0.411724 0.372783 -0.892483 -0.141584 0.428285 -0.83673 0.436901 0.330151 -0.905671 0.179474 0.384122 -0.802027 0.506795 0.316087 -0.652196 -0.716997 0.246083 -0.914391 -0.274545 0.297514 -0.930142 0.279952 0.237621 -0.9147 -0.279966 0.291451 -0.923264 -0.272041 0.271251 -0.924674 0.28006 0.257961 -0.675962 0.721431 0.150377 -0.677228 0.713328 0.180346 -0.927819 0.274503 0.252587 -0.95968 -0.268264 0.0839505 -0.697916 -0.710415 0.0906869 -0.872473 0.472752 0.12368 -0.984977 -0.000970523 0.172684 -0.772713 0.624453 0.1139 -0.690824 0.723013 -0.00369299 -0.962791 0.252836 0.0954354 -0.978901 -0.123493 0.162797 -0.792833 0.604719 -0.0757021 -0.758716 0.631069 0.161565 -0.94726 0.320026 -0.0167884 -0.958272 0.285841 0.00301563 -0.964631 -0.26142 0.033857 -0.979497 -0.158067 -0.124904 -0.968385 0.233222 0.0885343 -0.876489 0.475546 -0.0749856 -0.99626 0.0453117 -0.0735747 -0.953546 -0.123358 -0.274833 -0.680582 -0.73251 -0.0153681 -0.846448 -0.511451 -0.148132 -0.981079 -0.0577359 -0.184801 -0.959144 -0.242507 -0.145715 -0.666358 0.727807 -0.162062 -0.994266 0.102317 0.0310996 -0.963019 0.242889 -0.116613 -0.698541 -0.675939 -0.234834 -0.906826 -0.335509 -0.25515 -0.689241 -0.691783 -0.215369 -0.822982 -0.456143 -0.338578 -0.90872 -0.258123 -0.328026 -0.699051 0.660402 -0.274219 -0.923151 0.214718 -0.318887 -0.848691 0.112502 -0.516784 -0.636894 0.684307 -0.35509 -0.809355 0.411698 -0.418867 -0.63026 -0.715587 -0.301175 -0.717813 -0.629456 -0.29754 -0.888534 -0.208953 -0.408468 -0.615229 -0.721694 -0.317256 -0.570158 0.692981 -0.441246 -0.785063 0.274488 -0.555278 -0.735771 -0.443311 -0.511973 -0.644518 -0.650209 -0.402275 -0.806855 -0.215425 -0.550071 -0.545284 0.640971 -0.540205 -0.721622 0.205475 -0.661091 -0.753317 -0.257303 -0.605234 -0.610968 -0.660357 -0.436632 -0.695988 -0.347609 -0.628306 -0.590253 -0.679911 -0.435113 -0.397359 0.649834 -0.647937 -0.40238 0.688727 -0.603114 -0.561441 0.0437933 -0.826357 -0.573733 0.264589 -0.775128 -0.604369 0.335997 -0.722388 -0.523022 -0.64937 -0.552057 -0.539448 -0.3371 -0.771595 -0.651026 -0.048951 -0.757475 -0.598056 -0.266493 -0.755851 -0.473787 -0.691816 -0.544901 -0.47839 -0.252405 -0.841092 -0.446813 0.288665 -0.846777 -0.602754 -0.119475 -0.788932 -0.388827 0.218941 -0.894918 -0.394369 0.62422 -0.674406 -0.362576 -0.145259 -0.920564 -0.341557 -0.703616 -0.623108 -0.428178 -0.265727 -0.863743 -0.193686 0.597324 -0.778261 -0.44818 0.334779 -0.828889 -0.285136 0.450868 -0.845822 -0.532166 -0.159509 -0.831478 -0.273194 0.721125 -0.636666 -0.372167 0.243856 -0.895559 -0.208348 0.64497 -0.735258 -0.342152 0.00356526 -0.939638 -0.258292 -0.266303 -0.928638 -0.22434 0.281335 -0.933018 -0.235537 -0.281326 -0.930257 -0.194936 -0.712801 -0.673732 -0.224972 -0.273214 -0.935276 -0.121199 0.72235 -0.680824 -0.213017 0.27322 -0.93807 -0.201302 0.281338 -0.938257 -0.134638 -0.275079 -0.951948 -0.134225 -0.631028 -0.764059 -0.0844276 0.41509 -0.905855 -0.0967989 0.705212 -0.702357 -0.0585625 0.541057 -0.838944 -0.0969779 0.181673 -0.978565 0.130646 0.433915 -0.891431 0.0674195 0.71549 -0.695362 0.114027 -0.195157 -0.974121 0.076797 -0.523401 -0.848619 0.0794204 -0.511838 -0.855403 0.130829 0.179591 -0.975003 0.136488 0.512882 -0.847539 0.215859 -0.277841 -0.936061 0.183588 -0.275619 -0.943573 0.100975 -0.718159 -0.688514 0.124351 -0.720274 -0.682453 0.24732 0.276907 -0.928523 0.209727 0.719363 -0.662217 0.18673 0.721194 -0.667091 0.138263 -0.404427 -0.904059 0.344902 -0.0101897 -0.938583 0.293774 0.608928 -0.73682 0.324519 0.495241 -0.805868 0.421076 -0.2742 -0.864586 0.277973 -0.71781 -0.638342 0.353787 0.721507 -0.5952 0.35271 0.72131 -0.596077 0.423256 -0.280431 -0.861518 0.453481 -0.273483 -0.84827 0.479659 0.28034 -0.831467 0.455436 0.274304 -0.846956 0.451794 0.280327 -0.846935 0.563649 0.0313033 -0.825421 0.496075 0.506958 -0.704913 0.357895 -0.731081 -0.580889 0.527914 -0.57579 -0.624317 0.618918 -0.256183 -0.742503 0.653258 -0.0647217 -0.754364 0.45258 0.704398 -0.546804 0.478124 0.725042 -0.495692 0.586359 0.2575 -0.768035 0.452698 0.166627 -0.875957 0.695459 0.0303477 -0.717924 0.749757 0.063248 -0.658684 0.642768 0.533241 -0.550004 0.701953 -0.493831 -0.513218 0.640549 -0.612307 -0.46344 0.824298 -0.0273318 -0.565496 0.765365 -0.247123 -0.594261 0.490887 -0.725725 -0.48203 0.578089 0.73282 -0.35887 0.746407 0.245819 -0.618426 0.58538 -0.725512 -0.361889 0.79296 -0.411787 -0.44905 0.815129 -0.328209 -0.47733 0.813845 -0.459866 -0.355219 0.629881 -0.695479 -0.345772 0.866608 -0.258769 -0.426649 0.66966 0.680948 -0.296422 0.870423 0.236469 -0.431795 0.935591 0.197482 -0.292696 0.762301 0.61261 -0.208822 0.720141 -0.619604 -0.31223 0.911292 -0.206451 -0.356265 0.539565 -0.781748 -0.312633 0.94133 -0.27703 -0.192749 0.757489 0.255628 -0.60072 0.987575 0.0234362 -0.155392 0.962548 -0.0973654 -0.253023 0.868269 -0.464795 -0.173419 0.760236 -0.620433 -0.192623 0.981135 0.183417 -0.0610928 0.78444 0.619828 -0.0216043 0.750209 -0.645016 -0.145395 0.964592 -0.21672 -0.150315 0.728835 -0.672854 -0.126757 0.932166 -0.355697 -0.0674234 0.972788 -0.231453 0.0106582 0.955206 0.293258 0.0397645 0.723608 -0.689567 0.0298108 0.962261 -0.260732 0.0779217 0.963906 0.231531 0.131449 0.691106 0.717537 0.0866835 0.72991 0.656901 0.188977 0.99546 -0.089114 -0.0334371 0.983927 0.0210286 0.177327 0.884554 0.432492 0.174686 0.918578 0.283629 0.275263 0.936255 -0.251093 0.245722 0.920102 -0.283632 0.270122 0.648359 0.723578 0.236783 0.918871 0.270949 0.286816 0.909506 0.283548 0.303973 0.585578 -0.797821 0.143461 0.918006 -0.271073 0.289456 0.909064 0.256365 0.328449 0.667114 0.692576 0.274401 0.838524 0.389439 0.381071 0.744812 -0.549604 0.378405 0.884691 -0.156914 0.438977 0.724272 0.586114 0.363181 0.892223 0.188565 0.410342 0.584091 0.721819 0.371234 0.833811 0.28052 0.475465 0.788105 -0.41151 0.457766 0.59434 -0.740798 0.313014 0.820836 0.277312 0.499325 0.576554 0.718301 0.389395 0.816325 0.280682 0.504807 0.578457 0.700908 0.417272 0.719306 0.40593 0.563756 0.72217 -0.42943 0.542274 0.668667 -0.560166 0.488977 0.714665 -0.430503 0.55129 0.787188 0.102827 0.60808 0.635538 0.562302 0.529063 0.521158 -0.719685 0.458747 0.691075 -0.277353 0.667451 0.693738 -0.27935 0.663845 0.527509 -0.716742 0.456087 0.492308 0.131028 0.860503 0.469289 0.71721 0.515148 0.637375 0.411571 0.651431 0.549472 -0.549202 0.629649 0.557806 -0.519596 0.647204 0.62407 -0.200164 0.755295 0.63527 0.143578 0.758827 0.537685 0.411222 0.736064 0.443837 0.631483 0.635797 0.401967 -0.721529 0.563754 0.427646 -0.715853 0.551972 0.339469 0.717853 0.607822 0.500553 0.290694 0.815441 0.5243 -0.274974 0.805915 0.478197 0.277348 0.83331 0.480211 0.274718 0.833023 0.504593 -0.279576 0.816837 0.53236 -0.290502 0.795111 0.506494 0.281195 0.815103 0.432763 0.276938 0.857917 0.432728 0.27433 0.858772 0.460359 -0.279857 0.842466 0.361029 0.27995 0.889543 0.456957 -0.279614 0.844397 0.366375 -0.499905 0.784771 0.2421 -0.493223 0.835535 0.232296 0.718652 0.655421 0.360816 0.274233 0.891408 0.187749 0.720458 0.667601 0.258452 0.278852 0.924902 0.28956 -0.330959 0.898121 0.331832 -0.331542 0.883157 0.302633 0.278875 0.911396 0.301927 0.275526 0.912648 0.194155 0.0489184 0.979751 0.148141 0.559289 0.815629 0.158603 -0.279457 0.946968 0.116219 -0.781484 0.613005 0.0481769 -0.112791 0.99245 0.0196762 0.725996 0.687417 0.153426 0.262155 0.952751 -0.0240444 -0.411702 0.911001 0.00831278 -0.72578 0.687877 -0.314384 -0.105617 0.943402 0.0166142 -0.0533563 0.998437 -0.0642947 0.0817947 0.994573 -0.0593846 0.58377 0.809745 0.000448895 -0.722024 0.691867 -0.102751 -0.251777 0.962315 -0.120746 -0.487396 0.864792 -0.153654 0.737882 0.657206 -0.064384 0.24833 0.966533 -0.166127 -0.740727 0.650942 -0.180525 -0.00360947 0.983564 -0.1182 -0.542321 0.831815 -0.228542 0.0436076 0.972557 0.000228638 0.405611 0.914046 -0.194117 -0.276828 0.941108 -0.439571 0.271836 0.856086 -0.152278 -0.721966 0.674964 -0.269335 -0.280611 0.921258 -0.247025 -0.280706 0.92746 -0.255007 -0.273921 0.927329 -0.302148 0.280641 0.911014 -0.288087 0.266529 0.919765 -0.280355 0.277257 0.918983 -0.292532 -0.260772 0.920013 -0.186769 -0.700512 0.688768 -0.30283 -0.483974 0.821013 -0.261354 0.709509 0.654439 -0.317214 0.274045 0.907896 -0.440427 0.171658 0.881225 -0.385032 0.585503 0.713397 -0.372085 -0.208528 0.904472 -0.274864 -0.616963 0.737433 -0.518185 0.361104 0.775299 -0.47463 0.663933 0.577858 -0.414397 -0.610035 0.675376 -0.542299 -0.180623 0.82054 -0.681704 0.120444 0.721646 -0.506211 0.628678 0.590351 -0.610436 0.204676 0.765164 -0.602489 0.390019 0.696342 -0.525234 0.686503 0.502835 -0.699623 0.285329 0.655069 -0.688065 -0.22936 0.688448 -0.59956 0.026165 0.799902 -0.761491 0.174668 0.624197 -0.779353 -0.220953 0.586335 -0.501761 0.679307 0.535516 -0.660675 0.378843 0.648064 -0.745364 0.489929 0.452109 -0.721673 -0.269099 0.637789 -0.522875 -0.688359 0.502757 -0.584398 0.676798 0.447687 -0.743003 0.253575 0.619392 -0.75448 0.367698 0.543652 -0.778135 -0.274143 0.565112 -0.57375 -0.681758 0.453892 -0.80346 0.198961 0.561129 -0.657412 0.623514 0.423131 -0.829683 0.281233 0.482218 -0.614146 0.722039 0.318565 -0.847196 0.28592 0.447783 -0.627676 0.716845 0.303573 -0.844177 0.277295 0.458773 -0.798428 -0.411683 0.439352 -0.609942 -0.704131 0.363554 -0.865477 0.254664 0.431388 -0.856099 0.381802 0.348312 -0.663611 0.687266 0.295443 -0.758433 -0.577297 0.302503 -0.930242 -0.159002 0.33071 -0.735224 -0.610978 0.293518 -0.75099 0.603647 0.267629 -0.912078 0.192533 0.362002 -0.793413 -0.591816 0.142302 -0.854527 -0.501355 0.135745 -0.968522 -0.203876 0.142827 -0.814376 0.569046 0.11392 -0.974702 0.14626 0.169009 -0.825749 0.552047 0.115679 -0.689966 -0.721812 0.0541756 -0.702339 -0.707353 0.0798217 -0.96129 0.274427 0.0247255 -0.700072 0.713986 -0.0111001 -0.959609 -0.280183 0.0254677 -0.958849 -0.280241 0.0455429 -0.95985 0.280167 0.0139344 -0.961 -0.274375 0.0346014 -0.714049 -0.699698 0.0236024 -0.95624 -0.289406 -0.0429937 -0.83191 -0.553597 -0.0381581 -0.965252 0.242156 -0.0982338 -0.96556 0.260139 -0.00464533 -0.963996 0.265785 -0.00836452 -0.993985 0.0586453 -0.092495 -0.72688 0.686279 -0.0258142 -0.934296 -0.227548 -0.274431 -0.861446 -0.45027 -0.234877 -0.971573 0.0246958 -0.235449 0.175229 -0.306382 0.935641 0.242805 -0.257169 0.935366 0.162826 0.156237 0.974206 0.062898 0.0806943 0.994752 -0.152005 0.572016 0.806035 0.00375921 0.675288 0.737545 0.159218 0.200232 0.966725 0.0868302 0.158138 0.983592 -0.0393378 -0.514826 0.856392 -0.0624168 0.0876385 0.994195 -0.0118863 -0.245274 0.969381 -0.199504 0.0505995 0.97859 -0.135378 -0.539334 0.831139 -0.294661 0.57338 0.764467 -0.056459 0.0469358 0.997301 -0.186162 0.632666 0.751717 -0.125407 0.0115471 0.992038 -0.215595 0.683321 0.697561 -0.390011 0.319314 0.863673 -0.357799 -0.0194674 0.933596 -0.291019 0.0149975 0.9566 -0.357516 0.625597 0.693405 -0.507421 -0.265084 0.819911 -0.530745 0.282299 0.799135 -0.620989 0.211304 0.7548 -0.300152 -0.0795541 0.950568 -0.351231 0.636608 0.686562 -0.526893 0.603065 0.598913 -0.659821 -0.163328 0.733457 -0.524843 0.230408 0.819422 -0.561671 -0.251888 0.788085 -0.580463 0.291111 0.760472 -0.645508 0.138228 0.751141 -0.643808 0.149085 0.750523 -0.595388 -0.319891 0.737009 -0.617724 0.0445533 0.785132 -0.785493 -0.0555791 0.61637 -0.726778 0.308742 0.613574 -0.731314 -0.178521 0.658263 -0.731361 -0.177833 0.658397 -0.743142 -0.299842 0.598193 -0.78059 0.218847 0.585478 -0.738602 0.0951975 0.667387 -0.700375 -0.58661 0.406648 -0.920772 0.20674 0.330813 -0.737982 -0.252611 0.625756 -0.813861 -0.292655 0.50198 -0.81227 0.272983 0.515459 -0.820282 -0.146326 0.552926 -0.867644 0.266767 0.419558 -0.848771 0.289785 0.442282 -0.840817 -0.254498 0.477763 -0.84907 -0.277921 0.449266 -0.874629 0.277035 0.39784 -0.859274 -0.277379 0.429777 -0.901079 -0.273898 0.33621 -0.693053 -0.558127 0.456259 -0.764988 0.264336 0.587298 -0.957658 0.062484 0.281047 -0.916662 0.205344 0.342877 -0.88171 -0.30054 0.363681 -0.757532 -0.597725 0.262431 -0.88603 -0.411964 0.212689 -0.970528 0.139863 0.19625 -0.965667 0.224757 0.130274 -0.941096 -0.298861 0.158181 -0.993251 0.102846 0.0536144 -0.96454 -0.242421 0.104375 -0.953254 0.293481 0.0719467 -0.989413 -0.137797 0.0455482 -0.911217 0.411769 0.0113747 -0.787752 0.610259 -0.0838469 -0.970203 -0.12901 0.205093 -0.950903 -0.306657 -0.0417656 -0.988207 -0.153026 -0.00554304 -0.977239 0.199367 -0.0725015 -0.960344 0.277281 -0.0292461 -0.961859 -0.253385 -0.103072 -0.947252 0.291283 -0.133673 -0.95057 -0.263414 -0.164406 -0.939183 0.282098 -0.195847 -0.985155 -0.17154 -0.00663493 -0.792108 0.602118 -0.100094 -0.716449 0.636934 -0.284632 -0.949974 0.233464 -0.207471 -0.904397 -0.0643194 -0.421817 -0.973976 0.205985 -0.0945534 -0.886707 0.00449712 -0.462311 -0.610005 0.676463 -0.412664 -0.88487 0.306701 -0.350626 -0.938055 -0.0523917 -0.342502 -0.721396 0.625978 -0.296209 -0.840455 0.411122 -0.353008 -0.740366 0.0199819 -0.671906 -0.461194 0.690713 -0.556969 -0.793939 0.291366 -0.533636 -0.829563 -0.0522939 -0.555959 -0.633753 0.623172 -0.458273 -0.729282 0.411213 -0.546856 -0.608763 -0.621137 -0.493554 -0.724842 -0.290874 -0.624497 -0.752278 0.0538761 -0.65664 -0.653256 -0.692759 -0.305519 -0.716776 -0.411143 -0.563199 -0.838672 -0.0218833 -0.544197 -0.429716 0.605563 -0.669805 -0.631712 -0.0166566 -0.775024 -0.550058 0.282393 -0.785933 -0.593562 -0.057574 -0.802726 -0.483269 0.712366 -0.508907 -0.765684 -0.290078 -0.574093 -0.445131 -0.271682 -0.853257 -0.415661 0.280712 -0.865117 -0.440466 -0.260397 -0.859176 -0.422471 -0.28072 -0.861809 -0.357492 0.285317 -0.889266 -0.3896 -0.266869 -0.881472 -0.28379 -0.152551 -0.946674 -0.330401 -0.314427 -0.889927 -0.250709 0.277304 -0.927495 -0.313042 0.183872 -0.93177 -0.241275 -0.131309 -0.961532 -0.230027 0.647616 -0.726416 -0.189559 0.411585 -0.89144 -0.076592 0.592818 -0.801686 -0.232153 0.238447 -0.942999 -0.0861135 -0.185436 -0.978876 -0.186282 -0.255938 -0.948575 -0.150555 0.290757 -0.944878 -0.133603 -0.296583 -0.945616 -0.101542 0.240935 -0.965215 0.0164862 -0.631613 -0.775108 -0.0579353 -0.224919 -0.972653 -0.158454 -0.606228 -0.779346 -0.191309 0.156001 -0.969054 -0.152699 -0.215056 -0.96459 0.179748 0.0960192 -0.979015 -0.0551604 -0.145232 -0.987859 -0.0279344 0.262714 -0.964469 -0.00807778 -0.322178 -0.946645 0.0815623 0.259242 -0.962362 0.0466028 0.296398 -0.953927 0.170454 -0.409632 -0.896185 0.0574704 -0.144292 -0.987865 0.0126949 -0.239934 -0.970706 0.082622 -0.299412 -0.95054 0.1181 0.226981 -0.966712 0.192256 -0.602137 -0.774899 0.0298174 0.115992 -0.992803 0.189753 0.269906 -0.944005 0.1549 -0.281735 -0.946906 0.39943 0.169562 -0.900946 0.0619636 -0.239923 -0.968812 0.520119 -0.309588 -0.79601 0.561608 0.18676 -0.806051 0.559764 0.164736 -0.812112 0.607926 0.0287839 -0.793472 0.598709 0.29505 -0.744643 0.584001 -0.234981 -0.776998 0.518852 -0.106647 -0.848186 0.6285 0.589902 -0.506956 0.625148 -0.272759 -0.731295 0.648923 0.280328 -0.70733 0.570693 0.246588 -0.783265 0.810822 -0.185804 -0.555018 0.670262 -0.277325 -0.68836 0.694463 0.277278 -0.663957 0.678825 -0.268201 -0.683567 0.717121 0.249145 -0.650895 0.71221 -0.257985 -0.65284 0.68663 -0.286546 -0.668155 0.746663 0.142453 -0.64977 0.717431 0.248274 -0.650886 0.775283 0.407376 -0.482682 0.738358 -0.245522 -0.628129 0.749543 0.293862 -0.593153 0.790424 0.282106 -0.543733 0.773719 -0.266377 -0.574806 0.708928 0.621262 -0.333847 0.613966 0.612011 -0.498486 0.690103 -0.149829 -0.708032 0.8053 0.224773 -0.548606 0.923117 -0.105931 -0.36964 0.739319 0.219625 -0.636531 0.951137 -0.018666 -0.308205 0.858737 0.3196 -0.400532 0.899178 -0.041247 -0.435635 0.7039 0.638787 -0.310605 0.83895 0.411096 -0.356599 0.741219 0.654018 -0.151179 0.720632 -0.643076 -0.25912 0.851442 -0.411059 -0.325696 0.64147 -0.643916 -0.416999 0.898907 -0.323985 -0.294958 0.95037 0.0371613 -0.308895 0.895592 0.0276363 -0.444017 0.558357 -0.781838 -0.277429 0.988698 0.021992 -0.1483 0.709176 -0.700322 -0.0813512 0.949219 -0.298416 -0.0996559 0.97605 -0.0143006 -0.217074 0.927064 -0.258154 0.271862 0.925667 -0.273785 0.261117 0.90685 -0.270777 0.322958 0.891259 0.282799 0.354515 0.916797 -0.279909 0.28484 0.907564 0.273773 0.318395 0.876261 0.259724 0.405845 0.88253 -0.289845 0.370312 0.766281 -0.578008 0.280572 0.623136 -0.673887 0.396961 0.918812 0.214021 0.331632 0.858652 -0.248279 0.448413 0.854395 -0.282487 0.436132 0.84161 0.267398 0.469245 0.847437 0.255449 0.465399 0.761193 -0.0154012 0.648343 0.909857 -0.179717 0.373983 0.83291 -0.233312 0.501823 0.833505 -0.223826 0.505145 0.700789 -0.410587 0.583364 0.797766 0.304423 0.520476 0.788401 0.249747 0.562184 0.820317 -0.143516 0.553609 0.780986 0.173374 0.600002 0.775365 -0.294647 0.558563 0.536772 -0.646331 0.54234 0.676055 -0.596809 0.432168 0.819523 0.0653645 0.569306 0.739714 -0.232657 0.631422 0.676407 -0.198511 0.709272 0.716676 0.259889 0.647173 0.85892 0.0660606 0.50783 0.421104 -0.63227 0.650312 0.639173 0.0280106 0.768552 0.527222 -0.649373 0.548044 0.59237 -0.411734 0.692512 0.733101 0.00913412 0.680058 0.53257 0.279718 0.798828 0.438768 0.247154 0.863943 0.674744 -0.0195134 0.737794 0.563103 -0.243607 0.789665 0.486217 0.405154 0.774237 0.789622 0.0286448 0.612925 0.526181 0.100121 0.844458 0.336796 0.717623 0.609578 0.347918 0.721484 0.598677 0.119977 0.0616707 0.990859 0.215493 -0.300305 0.929182 0.189535 0.206175 0.959983 0.125765 0.296694 0.946655 0.159396 -0.164163 0.97347 0.240096 -0.0657446 0.96852 -0.0602814 0.573452 0.817018 0.0953031 -0.205177 0.974074 0.0628947 0.279128 0.958192 -0.114856 -0.176372 0.9776 0.170399 0.260796 0.950236 0.0307245 0.232086 0.97221 -0.156954 -0.405989 0.900299 0.063488 -0.292343 0.954204 0.0210975 -0.150316 0.988413 0.0448425 -0.26966 0.961911 -0.00663054 0.27729 0.960763 -0.112493 0.411026 0.904656 -0.0857245 0.653024 0.75247 0.0563952 -0.0018837 0.998407 -0.230948 0.623898 0.746602 -0.077775 -0.0265292 0.996618 -0.253411 0.650738 0.715767 -0.325728 0.411315 0.851306 -0.424739 0.622988 0.656873 -0.448874 -0.047348 0.89234 -0.287876 0.336142 0.896736 -0.309529 -0.0300226 0.950416 -0.436717 0.0372417 0.898828 -0.313691 -0.643177 0.698514 -0.360395 -0.411336 0.837208 -0.1628 -0.644787 0.746824 -0.399836 -0.327092 0.856237 -0.31094 0.0286647 0.949997 -0.465587 -0.622172 0.629389 -0.581316 0.0284069 0.813182 -0.311384 -0.681159 0.662618 -0.571135 -0.304644 0.762231 -0.519698 -0.00990837 0.854293 -0.743006 -0.282691 0.606653 -0.717742 -0.274067 0.640104 -0.739235 0.279778 0.612581 -0.767402 0.270918 0.581117 -0.82233 0.163627 0.544976 -0.653291 -0.579138 0.487657 -0.637461 -0.702861 0.315642 -0.767162 -0.41131 0.492227 -0.843775 -0.140203 0.51806 -0.938389 -0.0937297 0.332628 -0.888044 0.238499 0.39306 -0.853024 -0.411141 0.321425 -0.894942 -0.141966 0.422995 -0.898136 0.265275 0.350687 -0.879109 -0.286656 0.380783 -0.920125 0.270903 0.28281 -0.921652 0.254752 0.292674 -0.908795 0.281353 0.308111 -0.899885 -0.270734 0.341921 -0.758862 -0.629004 0.168766 -0.741027 -0.671063 0.0235483 -0.987097 0.0483295 0.152655 -0.89836 -0.411865 0.152695 -0.935802 -0.31468 0.15891 -0.999564 0.00685911 0.0287039 -0.90986 -0.411683 -0.0516855 -0.760507 -0.649302 0.00600442 -0.760995 -0.629634 -0.156357 -0.997377 0.0285442 -0.0665111 -0.994976 0.00417805 0.100029 -0.891211 0.411835 -0.190092 -0.727231 0.653321 -0.210491 -0.979577 -0.0247773 -0.199536 -0.785264 0.617689 -0.0426619 -0.92241 0.020956 -0.385643 -0.902361 -0.27311 -0.3334 -0.8877 0.280262 -0.365298 -0.974869 -0.195524 -0.106775 -0.851202 0.249572 -0.461703 -0.771044 0.590776 -0.237644 -0.857599 -0.101 -0.504304 -0.886716 -0.230618 -0.400688 -0.856071 0.296351 -0.42346 -0.84365 -0.277252 -0.459767 -0.847421 -0.273018 -0.455345 -0.826037 0.277381 -0.490635 -0.842222 0.260967 -0.471761 -0.841104 0.272489 -0.467219 -0.853988 -0.287941 -0.433353 -0.833117 -0.27082 -0.482257 -0.818767 0.277306 -0.502715 -0.83649 -0.278661 -0.471839 -0.813554 0.257704 -0.521267 -0.824336 -0.282855 -0.490371 -0.794681 0.27839 -0.539428 -0.816141 -0.268504 -0.511683 -0.81044 0.263986 -0.52297 -0.770136 0.296946 -0.564547 -0.806558 -0.216547 -0.550065 -0.757809 -0.277108 -0.590708 -0.773515 -0.277368 -0.569861 -0.735641 0.27741 -0.617962 -0.350176 0.0374807 -0.935934 -0.235675 0.0444863 -0.970813 -0.418793 -0.645246 -0.63896 -0.293216 -0.643132 -0.707393 -0.356469 -0.411124 -0.838992 -0.121159 -0.588529 -0.799346 -0.285545 -0.657797 -0.69697 -0.210439 -0.282766 -0.93582 -0.177831 0.264603 -0.94782 -0.409043 0.0122476 -0.912433 -0.175489 0.25699 -0.950347 -0.120491 -0.188839 -0.974588 -0.0304123 0.199046 -0.979518 -0.108144 0.255039 -0.960864 -0.141264 -0.291884 -0.945964 -0.21598 -0.241822 -0.945978 -0.100972 -0.2783 -0.955172 -0.0683342 0.246673 -0.966687 -0.0634322 -0.231153 -0.970847 -0.0290471 0.293245 -0.955596 -0.0619266 -0.225984 -0.972161 -0.0300871 -0.277176 -0.960348 0.0345668 0.12819 -0.991147 0.0579756 -0.569128 -0.820202 0.0387279 0.1205 -0.991958 -0.108384 -0.674035 -0.730705 -0.00214007 -0.411732 -0.911303 0.190475 0.235297 -0.953077 -0.00154475 -0.257484 -0.966281 0.075996 -0.286326 -0.955114 0.111654 0.265879 -0.957519 0.131278 -0.275509 -0.952292 0.165805 0.27886 -0.94591 0.182115 -0.278874 -0.942902 0.216319 0.278879 -0.935646 0.215237 0.2756 -0.936866 0.256475 -0.60592 -0.753048 0.345952 -0.704638 -0.619518 0.351323 -0.289435 -0.890393 0.589897 0.311288 -0.745064 0.391177 0.0516586 -0.918865 0.422361 0.0236502 -0.906119 0.399282 -0.629486 -0.666575 0.511038 -0.411829 -0.754478 0.499958 -0.674473 -0.543257 0.569615 0.0472204 -0.820554 0.519981 -0.309487 -0.796139 0.672101 0.00388204 -0.74045 0.739619 0.0285786 -0.672419 0.664197 -0.337918 -0.666823 0.650853 -0.625813 -0.429824 0.832046 0.0508325 -0.552373 0.518102 -0.649568 -0.556446 0.668708 -0.411792 -0.619077 0.567022 0.648233 -0.508212 0.821863 -0.0364673 -0.568516 0.756875 0.411911 -0.507414 0.661774 0.641583 -0.38785 0.738945 -0.0308706 -0.673058 0.79138 0.328223 -0.515739 0.865995 -0.270122 -0.420816 0.877894 0.281301 -0.387521 0.924818 0.235494 -0.298754 0.692978 0.607449 -0.388314 0.760193 -0.155002 -0.630937 0.954885 -0.123576 -0.270043 0.901241 -0.237614 -0.36236 0.898415 0.295168 -0.325157 0.930576 0.277381 -0.238931 0.93249 0.222348 -0.284646 0.902505 -0.299609 -0.309385 0.950634 -0.149514 -0.271921 0.784412 0.593769 -0.179266 0.897873 0.411534 -0.156409 0.968503 -0.141374 -0.204978 0.962063 -0.226122 -0.152657 0.94789 0.295435 -0.119262 0.995751 -0.079829 -0.0459002 0.691076 0.719687 0.066813 0.959616 0.276477 0.0519323 0.944315 0.283721 0.166647 0.911135 0.404269 0.0799979 0.688478 0.720357 0.0841681 0.959629 -0.278037 0.0425278 0.986115 0.151144 0.0688007 0.963299 0.267891 -0.0170387 0.955498 0.278174 0.098198 0.95881 -0.27623 0.0661811 0.795854 -0.605099 -0.0217036 0.95212 -0.0390645 0.303218 0.75742 -0.648442 0.0764028 0.983791 0.014937 0.178694 0.911764 -0.282703 0.297936 0.904938 0.266004 0.332158 0.777 -0.615266 0.13311 0.890184 -0.225169 0.39607 0.985379 0.124711 0.116084 0.885911 0.235487 0.399635 0.883471 -0.297914 0.361561 0.867964 0.140458 0.476351 0.86365 0.256553 0.433923 0.894253 -0.156297 0.419383 0.831763 0.300049 0.467055 0.879429 -0.11236 0.46258 0.698303 -0.665306 0.264085 0.644999 -0.627254 0.436497 0.838844 -0.337588 0.427055 0.84227 -0.146947 0.51864 0.808301 0.260304 0.528102 0.784582 -0.200785 0.586615 0.808374 0.258631 0.528811 0.939966 0.0503419 0.337534 0.729384 -0.386857 0.564218 0.788613 0.289187 0.542642 0.83349 -0.275269 0.479084 0.731991 0.179676 0.657195 0.767834 -0.302931 0.564502 0.699975 0.26438 0.663429 0.68361 0.281522 0.673367 0.709877 -0.268775 0.651025 0.692285 -0.303042 0.65491 0.71247 -0.343104 0.612099 0.655322 0.277262 0.702622 0.640346 0.226083 0.73406 0.651432 -0.2938 0.699513 0.631506 -0.244022 0.735971 0.626377 0.143313 0.766233 0.483204 0.409048 0.774076 0.639762 0.227632 0.73409 0.599433 -0.271557 0.752952 0.571618 0.281946 0.770558 0.561473 -0.281123 0.778279 0.556969 -0.265844 0.786837 0.53649 0.272573 0.798675 0.267024 -0.668339 0.694278 0.226443 -0.303626 0.925492 0.195265 0.0469792 0.979625 -0.0140663 -0.743128 0.669002 0.193624 -0.305529 0.932288 0.0573486 -0.00110785 0.998354 0.258393 -0.0876007 0.96206 0.0794471 -0.158052 0.98423 0.0382338 0.302363 0.952426 0.059218 0.411682 0.909401 0.00414827 0.626364 0.77952 0.162609 0.682721 0.712355 -0.162314 -0.0483331 0.985555 -0.0360976 0.67074 0.740813 -0.168728 0.315468 0.933815 -0.163233 0.411792 0.896539 -0.178543 0.629206 0.756454 -0.0394614 -0.00732125 0.999194 -0.294596 -0.267338 0.917466 -0.324782 0.281733 0.902853 -0.0659169 -0.113602 0.991337 -0.18636 0.623542 0.759253 -0.421888 0.221795 0.8791 -0.368734 0.610697 0.700774 -0.464747 -0.145756 0.873364 -0.316311 0.224194 0.921783 -0.357806 -0.246246 0.900743 -0.382292 0.292814 0.87642 -0.441077 0.177168 0.879809 -0.40109 -0.310265 0.861895 -0.389442 0.059397 0.919134 -0.573361 -0.298961 0.76281 -0.611213 0.215178 0.761654 -0.547071 0.0780216 0.833442 -0.661431 0.141466 0.736544 -0.548668 -0.590725 0.591614 -0.58407 -0.41162 0.699593 -0.723426 -0.279155 0.631448 -0.746841 0.275018 0.605469 -0.789779 -0.263365 0.553974 -0.595285 0.235026 0.768374 -0.546646 -0.570658 0.612803 -0.856282 0.0794441 0.510363 -0.800194 0.212155 0.560963 -0.761918 -0.300655 0.573662 -0.816576 -0.25034 0.520129 -0.824587 0.292554 0.484219 -0.789755 -0.278798 0.546405 -0.812353 0.264573 0.519695 -0.812195 -0.304819 0.497418 -0.876433 -0.148065 0.458195 -0.86539 0.269349 0.422553 -0.763218 0.162994 0.625245 -0.899415 -0.2379 0.366682 -0.646652 -0.600217 0.470723 -0.946472 0.119877 0.299699 -0.903122 0.22789 0.36392 -0.872071 -0.299223 0.387244 -0.904104 0.313829 0.290013 -0.930047 -0.16058 0.330495 -0.926473 -0.055713 0.372216 -0.971641 0.164287 0.170071 -0.929049 -0.316406 0.191717 -0.987914 0.0743336 0.136018 -0.957408 -0.257964 0.129706 -0.952314 0.289416 0.0966295 -0.958844 0.281658 0.0358772 -0.962471 -0.262452 0.0690619 -0.961548 -0.266236 0.0674084 -0.752406 0.649598 -0.109123 -0.970257 0.195393 0.142909 -0.954462 -0.188781 0.231008 -0.970443 0.240192 0.0234082 -0.979554 -0.0305122 -0.198853 -0.798661 0.59458 0.092813 -0.956744 -0.290801 0.00873107 -0.960745 -0.277396 -0.00442445 -0.948052 -0.316542 -0.0316185 -0.970409 0.23462 -0.0570911 -0.964606 0.263416 -0.0121141 -0.935084 -0.279274 -0.218229 -0.924919 -0.356823 -0.131157 -0.719917 -0.674248 -0.164651 -0.701436 -0.700989 -0.128849 -0.438997 -0.720209 0.537198 -0.61907 -0.279831 0.73379 -0.686267 -0.273215 0.674085 -0.422577 -0.720699 0.549565 -0.601365 -0.412751 0.684103 -0.542755 0.719412 0.433432 -0.721934 0.277384 0.633932 -0.530877 0.719909 0.447102 -0.675323 0.411576 0.612 -0.655741 0.276232 0.702637 -0.531852 -0.716659 0.451146 -0.811688 -0.299399 0.501521 -0.442666 -0.65374 0.613735 -0.761936 -0.273805 0.586929 -0.83773 -0.278133 0.469947 -0.696941 -0.706387 0.123653 -0.883313 -0.276767 0.378363 -0.624467 -0.719778 0.303251 -0.678676 -0.717163 0.158354 -0.756029 -0.653844 -0.0301238 -0.945391 -0.273939 0.176615 -0.912118 -0.303686 0.275347 -0.698079 0.715959 0.00943132 -0.960356 0.273515 0.0539131 -0.751467 0.615197 0.238391 -0.946008 0.318967 -0.0576899 -0.961545 -0.27362 -0.0237421 -0.692732 -0.720627 0.0286282 -0.911312 -0.411645 0.007695 -0.69652 -0.717435 0.0121314 -0.952173 -0.297065 0.0715454 -0.394604 0.271663 -0.877774 -0.394538 0.271461 -0.877866 -0.273302 0.720618 -0.637194 -0.415653 0.280699 -0.865124 -0.259299 0.714431 -0.649886 -0.22434 -0.308255 -0.924473 -0.307932 -0.270702 -0.912085 -0.277494 -0.411537 -0.868121 -0.253665 -0.713383 -0.653252 -0.234759 -0.720845 -0.652127 0.0448334 -0.714818 -0.697872 -0.127981 -0.626969 -0.76846 0.20001 -0.312759 -0.928535 0.106485 -0.272812 -0.956156 0.515521 -0.281592 -0.809287 0.437038 -0.2586 -0.861466 0.332722 -0.718234 -0.611095 0.461687 -0.411668 -0.785732 0.346203 -0.722239 -0.59876 0.469032 0.717447 -0.515052 0.689429 0.305035 -0.656994 0.326795 0.646591 -0.689293 0.61535 0.274195 -0.739028 0.652668 0.7113 0.260915 0.914937 0.279281 0.291363 0.909659 0.269377 0.31616 0.913479 0.281677 0.293622 0.65042 0.720365 0.240889 0.245762 -0.411833 0.877493 0.328067 -0.277722 0.902908 0.229502 -0.277061 0.933041 0.173565 -0.828936 0.531734 0.182113 -0.838143 0.514151 0.0486394 0.718591 0.69373 0.00402617 0.2912 0.956654 0.263751 0.677357 0.686748 0.112457 0.275434 0.95472 -0.696418 -0.282762 0.659581 -0.694898 -0.279058 0.662755 -0.501715 -0.710232 0.493814 -0.717062 -0.267311 0.643714 -0.478901 -0.72056 0.501445 -0.720287 0.282792 0.633416 -0.714384 0.276197 0.64294 -0.537903 0.718577 0.440804 -0.564973 0.698981 0.438441 -0.735116 0.264298 0.624301 -0.580445 -0.717929 0.384268 -0.776947 -0.414089 0.474219 -0.762605 -0.198961 0.615506 -0.828143 -0.281463 0.484723 -0.622258 0.706599 0.336917 -0.620057 0.720211 0.311168 -0.837103 0.277366 0.471516 -0.973914 -0.0120178 0.226597 -0.78816 0.190604 0.585212 -0.825482 0.26675 0.497418 -0.682777 -0.625809 0.377066 -0.835157 -0.272916 0.477525 -0.86435 -0.245888 0.438678 -0.596038 -0.708335 0.378154 -0.625093 0.719385 0.302893 -0.843631 0.277303 0.459771 -0.845717 0.28178 0.45317 -0.857309 0.26777 0.439683 -0.643443 0.707036 0.293397 -0.643861 -0.720667 0.257065 -0.90684 -0.281094 0.314049 -0.906288 -0.282058 0.314778 -0.900542 -0.269304 0.341319 -0.644592 -0.711823 0.278944 -0.616522 0.716658 -0.32604 -0.560137 0.64347 -0.521721 -0.870329 0.274379 -0.408955 -0.901607 0.302839 -0.308859 -0.522421 0.719607 -0.45743 -0.534172 0.719986 -0.443036 -0.767886 0.277131 -0.577537 -0.752074 0.277387 -0.597864 -0.752041 0.277154 -0.598013 0.00574814 0.28163 -0.959506 0.0405588 0.720291 -0.692485 0.0101169 0.277872 -0.960565 0.022324 0.711362 -0.702471 -0.0143988 0.26947 -0.962901 0.786921 0.614235 -0.0589169 0.896894 0.273208 -0.347763 0.662956 0.714994 -0.221975 0.842678 0.316748 -0.43539 0.916339 -0.27393 -0.292037 0.654125 -0.716556 -0.242215 0.933432 -0.302121 -0.193463 0.871144 -0.411626 -0.267715 0.65498 -0.720542 -0.22764 0.692159 0.718577 -0.0675462 0.951572 0.275757 -0.135902 0.926355 0.289256 -0.241242 0.729101 0.669684 0.141193 0.790327 -0.422008 0.444176 0.813527 -0.578635 0.0579227 0.488204 0.716976 0.497596 0.472063 0.720494 0.507981 0.68565 0.279377 0.672185 0.705812 0.269725 0.65504 0.70354 0.273301 0.656002 0.515938 -0.720071 0.46401 0.510527 -0.709989 0.485054 0.684014 -0.277398 0.674667 0.668067 -0.268963 0.693791 0.679216 -0.281623 0.677757 0.369203 0.713162 0.595894 0.518792 0.280821 0.807462 0.349535 0.720545 0.598866 0.538224 0.285744 0.792884 -0.505425 -0.278689 0.816626 -0.423148 -0.276801 0.862744 -0.279152 -0.719239 0.636215 -0.415221 -0.411609 0.811277 -0.295589 -0.720203 0.627642 -0.591533 -0.275484 0.757758 -0.665988 -0.288797 0.687791 -0.257097 -0.674534 0.69203 -0.403339 -0.71834 0.566839 -0.527993 -0.718778 0.452306 -0.688785 -0.28905 0.66485 -0.660121 -0.684988 0.308274 -0.758882 -0.275421 0.59012 -0.754805 -0.63196 0.175772 -0.811698 -0.314191 0.492372 -0.871061 -0.272596 0.408588 -0.617829 -0.715502 0.326104 -0.941969 0.276658 0.190142 -0.91942 0.277297 0.278878 -0.672607 0.72018 0.170119 -0.677499 0.719701 0.151746 -0.881519 0.411576 0.231363 -0.880344 -0.411725 0.235536 -0.671122 -0.718036 0.184446 -0.937854 -0.274278 0.212604 -0.66305 -0.720478 0.203165 -0.909747 -0.289061 0.298 -0.839125 -0.27936 0.46672 -0.854367 -0.267836 0.445333 -0.866195 0.282997 0.411849 -0.857667 0.271587 0.436633 -0.171356 -0.161966 -0.971805 -0.347861 -0.194095 -0.917235 -0.120141 -0.0812957 -0.989423 -0.351512 -0.131886 -0.926847 -0.116952 -0.241938 -0.963218 -0.740305 -0.147648 -0.655857 -0.559236 -0.175635 -0.81019 -0.736461 -0.178694 -0.652452 -0.561573 -0.150751 -0.813578 -0.487144 -0.225299 -0.84376 -0.497427 -0.101294 -0.861571 -0.869151 -0.191024 -0.456166 -0.877345 -0.135044 -0.460465 -0.749019 -0.209673 -0.628497 -0.76082 -0.11662 -0.638399 -0.954204 -0.184885 -0.235185 -0.961192 -0.141347 -0.236918 -0.914851 -0.22841 -0.33298 -0.935149 -0.0982109 -0.340368 -0.954204 -0.184885 0.235186 -0.991668 -0.128817 0 -0.961192 -0.141347 0.236918 -0.980389 -0.19707 0 -0.980389 -0.19707 0 -0.991668 -0.128817 0 -0.869151 -0.191024 0.456166 -0.877345 -0.135046 0.460465 -0.935149 -0.0982113 0.340369 -0.914851 -0.22841 0.332981 -0.559236 -0.175635 0.81019 -0.740306 -0.147648 0.655856 -0.561573 -0.150753 0.813578 -0.736462 -0.178696 0.65245 -0.749019 -0.209674 0.628496 -0.76082 -0.116621 0.638398 -0.120138 -0.0812945 0.989423 -0.347861 -0.194095 0.917235 -0.171355 -0.161967 0.971805 -0.116954 -0.241935 0.963218 -0.351508 -0.131886 0.926848 -0.497427 -0.101294 0.861571 -0.487144 -0.225301 0.84376 0 -1 0 0 -1 0 0 -1 0 0 -1 0 0 -1 0 0 -1 0 0 -1 0 0 -1 0 0 -1 0 0 -1 0 0 -1 0 0 -1 0 0 -1 0 0 -1 0 0 -1 0 0 -1 0 0 -1 0 0 -1 0 0 -1 0 0 -1 0 0 -1 0 0 -1 0 0 -1 0 0 -1 0 0 -1 0 0 -1 0 0 -1 0 0 -1 0 0 -1 0 0 -1 0 0 -1 0 0 -1 0 0 -1 0 0 -1 0 0 -1 0 0 -1 0 0 -1 0 0 -1 0 0 -1 0 0 -1 0 0 -1 0 0 -1 0 0 -1 0 0 -1 0 0 -1 0 0 -1 0 0 -1 0 0 -1 0 0 -1 0 0 -1 0 0 -1 0 0 -1 0 -0.120535 0 -0.992709 -0.120535 0 -0.992709 -0.354606 0 -0.935016 -0.354606 0 -0.935016 -0.568068 0 -0.822981 -0.568068 0 -0.822981 -0.748511 0 -0.663123 -0.748511 0 -0.663123 -0.885453 0 -0.46473 -0.885453 0 -0.46473 -0.970942 0 -0.239314 -0.970942 0 -0.239314 -1 0 0 -1 0 0 -0.970942 0 0.239315 -0.970942 0 0.239315 -0.885453 0 0.464729 -0.885453 0 0.464729 -0.748511 0 0.663123 -0.748511 0 0.663123 -0.568068 0 0.822981 -0.568068 0 0.822981 -0.354604 0 0.935017 -0.354604 0 0.935017 -0.120538 0 0.992709 -0.120538 0 0.992709 -0.120534 0 0.992709 -0.120534 0 0.992709 -0.354606 0 0.935016 -0.354606 0 0.935016 -0.568065 0 0.822984 -0.568065 0 0.822984 -0.74851 0 0.663124 -0.74851 0 0.663124 -0.885457 0 0.464722 -0.885457 0 0.464722 -0.97094 0 0.239321 -0.97094 0 0.239321 -1 0 0 -1 0 0 -0.97094 0 -0.239321 -0.97094 0 -0.239321 -0.885457 0 -0.464722 -0.885457 0 -0.464722 -0.748509 0 -0.663125 -0.748509 0 -0.663125 -0.568065 0 -0.822984 -0.568065 0 -0.822984 -0.35461 0 -0.935014 -0.35461 0 -0.935014 -0.120532 0 -0.992709 -0.120532 0 -0.992709 0 1 0 0 1 0 0 1 0 0 1 0 0 1 0 0 1 0 0 1 0 0 1 0 0 1 0 0 1 0 0 1 0 0 1 0 0 1 0 0 1 0 0 1 0 0 1 0 0 1 0 0 1 0 0 1 0 0 1 0 0 1 0 0 1 0 0 1 0 0 1 0 0 1 0 0 1 0 0 1 0 0 1 0 0 1 0 0 1 0 0 1 0 0 1 0 0 1 0 0 1 0 0 1 0 0 1 0 0 1 0 0 1 0 0 1 0 0 1 0 0 1 0 0 1 0 0 1 0 0 1 0 0 1 0 0 1 0 0 1 0 0 1 0 0 1 0 0 1 0 0 1 0 0 1 0 -0.120537 0 0.992709 -0.121818 0.00101065 0.992552 -0.358218 0.00199877 0.933636 -0.354604 -0.00100023 0.935016 -0.57336 0.00296548 0.819298 -0.568065 -0.00198081 0.822981 -0.754466 0.00391532 0.656328 -0.748506 -0.0029393 0.663121 -0.890781 0.00483758 0.454408 -0.885449 -0.00387084 0.46472 -0.974226 0.00574335 0.225501 -0.970932 -0.00478783 0.239309 -0.999838 0.00662226 -0.0167674 -0.999984 -0.00567724 0 -0.966101 0.0074885 -0.258058 -0.970922 -0.00655215 -0.239306 -0.876656 0.00591945 -0.481082 -0.885432 -0.00739571 -0.464711 -0.738844 0.00451905 -0.673862 -0.748495 -0.00602903 -0.663113 -0.559537 0.00306851 -0.8288 -0.56806 -0.00460753 -0.822974 -0.348807 0.00156154 -0.937193 -0.354603 -0.0031256 -0.935012 -0.118489 0 -0.992955 -0.12054 -0.00159068 -0.992707 0.0855424 -0.704542 0.704488 -0.0855417 0.704535 -0.704495 -0.251652 0.70453 -0.663558 0.251651 -0.704541 0.663546 0.403135 -0.704544 0.584038 -0.40314 0.704529 -0.584052 0.531193 -0.704536 0.470598 0.531188 -0.704544 0.470591 0.628382 -0.704534 0.329799 -0.628381 0.704535 -0.329798 -0.689051 0.704531 -0.169837 -0.689047 0.704535 -0.169835 -0.709672 0.704532 0 -0.709673 0.704532 0 0.689045 -0.704537 -0.169836 -0.689051 0.704531 0.169836 -0.628384 0.704532 0.329799 -0.628379 0.704537 0.329798 -0.53119 0.70454 0.470596 -0.531198 0.704531 0.4706 -0.403138 0.704534 0.584047 -0.403135 0.704538 0.584045 -0.251653 0.704535 0.663552 0.251653 -0.704536 -0.663551 0.0855418 -0.704535 -0.704495 -0.0855417 0.704535 0.704495 -0.704509 0.0855462 0.704521 -0.704508 0.0855461 0.704521 -0.704501 0.251663 0.663584 -0.704508 0.251662 0.663577 -0.704508 0.403154 0.584068 -0.7045 0.403157 0.584076 -0.704508 0.531216 0.470616 -0.704506 0.531216 0.470617 -0.704508 0.628404 0.329813 -0.704509 0.628403 0.329812 -0.704512 0.68907 0.169839 -0.704507 0.689074 0.169842 -0.704511 0.709693 0 -0.704511 0.709693 0 -0.704507 0.689074 -0.169841 -0.704511 0.689071 -0.169841 -0.704515 0.628398 -0.32981 0.704508 -0.628405 0.329812 0.704506 -0.531217 0.470616 -0.704516 0.531208 -0.470611 0.704505 -0.403156 0.58407 0.704508 -0.403154 0.584068 -0.704508 0.251661 -0.663577 -0.704508 0.251661 -0.663578 0.704515 -0.0855439 0.704515 0.704509 -0.0855461 0.704521 -0.0855439 -0.704515 0.704514 -0.0855439 -0.704515 0.704515 0.251659 0.704516 -0.66357 -0.251659 -0.704515 0.663571 -0.403149 -0.704514 0.584064 -0.403149 -0.704514 0.584064 -0.531212 -0.704512 0.470614 -0.53121 -0.704515 0.470611 -0.628397 -0.704518 0.329807 -0.628401 -0.704512 0.32981 -0.68907 -0.704512 0.169841 0.689065 0.704517 -0.169838 -0.709692 -0.704512 0 0.709692 0.704512 0 -0.689066 -0.704516 -0.169839 -0.68907 -0.704512 -0.169839 -0.628398 -0.704516 -0.329809 0.628399 0.704515 0.329809 -0.531206 -0.70452 -0.470608 -0.531209 -0.704516 -0.47061 -0.403154 -0.704509 -0.584067 -0.403146 -0.70452 -0.584059 -0.251655 -0.704521 -0.663566 -0.251661 -0.70451 -0.663576 0.0855455 0.704515 0.704515 -0.0855431 -0.704522 -0.704508 0.704527 0.0855436 -0.704503 0.704515 0.0855424 -0.704515 0.704519 0.251658 -0.663567 0.704523 0.251657 -0.663563 0.704523 0.403144 -0.584056 0.70452 0.403146 -0.584059 -0.704525 -0.531204 0.470603 0.704525 0.531204 -0.470603 0.704518 0.628395 -0.32981 0.704525 0.628389 -0.329805 0.704512 0.689069 -0.169842 0.704519 0.689063 -0.169839 0.825119 0.564959 0 0.706278 0.706958 -0.0371782 0.704519 0.689062 0.169841 0.818855 0.549847 0.164757 0.704522 0.628392 0.329807 -0.704518 -0.628396 -0.329808 0.704525 0.531204 0.470604 -0.704521 -0.531207 -0.470605 0.70452 0.403146 0.584058 0.704523 0.403144 0.584056 0.704517 0.251659 0.663569 -0.704519 -0.251657 -0.663567 0.704515 0.085545 0.704515 0.70452 0.0855432 0.70451 0.704514 0.0855447 0.704515 0.704501 0.0855498 0.704528 0.663569 0.251669 0.704514 0.663568 0.251669 0.704515 -0.584051 -0.403137 -0.704532 -0.584069 -0.403139 -0.704516 -0.470615 -0.531211 -0.704512 0.470598 0.531205 0.704528 0.32982 0.62841 0.7045 0.329805 0.6284 0.704516 0.169823 0.689053 0.704533 0.169846 0.689078 0.704503 0 -0.70968 -0.704524 0 0.70968 0.704524 -0.169834 0.689073 0.70451 -0.169837 0.689058 0.704524 -0.329805 0.628378 0.704535 -0.329805 0.6284 0.704516 -0.470612 0.531215 0.70451 -0.470605 0.531185 0.704538 -0.584067 0.403163 0.704503 -0.584063 0.403156 0.704511 -0.66356 0.251636 0.704533 0.663584 -0.251664 -0.704501 0.704502 -0.0855431 -0.704528 -0.7045 0.0855419 0.70453 0.704524 0.085544 0.704506 0.70452 0.0855456 0.70451 0.663581 0.251664 0.704504 0.66358 0.251664 0.704504 -0.584072 -0.403154 -0.704505 0.584073 0.403154 0.704503 0.470624 0.531223 0.704496 0.470614 0.53122 0.704505 0.329812 0.628408 0.704506 0.32982 0.628413 0.704496 0.16984 0.689076 0.704506 -0.16984 -0.689076 -0.704506 0 0.7097 0.704505 0 0.7097 0.704505 -0.169841 0.689074 0.704508 -0.16984 0.689078 0.704504 -0.329814 0.628409 0.704503 -0.329814 0.628403 0.704509 0.470615 -0.531216 -0.704508 -0.470615 0.531217 0.704506 -0.584067 0.403152 0.70451 -0.584068 0.403154 0.704508 -0.663581 0.251662 0.704504 -0.663576 0.251656 0.704511 -0.704523 0.0855457 0.704507 -0.704523 0.085546 0.704506 0.998427 0.0560706 0 0.998427 0.0560706 0 0.985871 0.167506 0 0.985871 0.167506 0 0.960917 0.276836 0 0.960917 0.276836 0 0.92388 0.382682 0 0.92388 0.382682 0 0.875224 0.483718 0 0.875224 0.483718 0 0.815561 0.578672 1.5191e-06 0.815561 0.578671 0 0.745641 0.666348 0 0.74564 0.666349 1.36861e-06 0.666349 0.74564 0 0.666349 0.74564 0 0.57867 0.815562 1.07786e-06 0.578671 0.815561 0 0.483718 0.875224 9.12405e-07 0.483719 0.875224 4.50498e-07 0.382683 0.92388 3.54825e-07 0.382683 0.92388 0 0.276837 0.960917 0 0.276837 0.960917 0 0.167507 0.985871 0 0.167507 0.985871 0 0.0560682 0.998427 -2.45082e-09 0.0560682 0.998427 0 -0.0560683 0.998427 0 -0.0560683 0.998427 0 -0.167507 0.985871 0 -0.167507 0.985871 0 -0.276837 0.960917 0 -0.276837 0.960917 0 -0.382683 0.92388 -1.78201e-07 -0.382683 0.92388 0 -0.483719 0.875223 -2.25249e-07 -0.483719 0.875223 -2.02757e-07 -0.578671 0.815561 -2.69465e-07 -0.578671 0.815561 -2.53446e-07 -0.666347 0.745642 -3.10292e-07 -0.666347 0.745642 -3.04136e-07 -0.745641 0.666348 0 -0.745641 0.666348 -3.54825e-07 -0.815561 0.578672 0 -0.815561 0.578672 0 -0.875224 0.483718 0 -0.875224 0.483718 0 -0.92388 0.382683 0 -0.92388 0.382683 0 -0.960917 0.276837 0 -0.960917 0.276837 0 -0.985871 0.167506 0 -0.985871 0.167506 0 -0.998427 0.0560707 0 -0.998427 0.0560707 0 0.675184 0.0819825 0.733079 0.704887 0.0794132 0.704861 0.695646 0.243424 0.675886 0.613621 0.232713 0.754529 0.644205 0.404782 0.648961 0.524617 0.362119 0.770485 0.551678 0.551678 0.625542 0.413331 0.466556 0.781974 0.422895 0.673027 0.60679 0.285087 0.543186 0.789731 0.265775 0.759525 0.593704 0.145417 0.589975 0.794218 0.0906393 0.804535 0.586949 0 0.605754 0.795652 -0.0906413 0.804537 0.586945 -0.14542 0.589982 0.794213 -0.265775 0.759528 0.593702 -0.285087 0.543192 0.789726 -0.422899 0.673039 0.606774 -0.413336 0.466562 0.781967 -0.551651 0.551665 0.625577 -0.524588 0.362093 0.770517 -0.644179 0.404756 0.649004 -0.613596 0.232708 0.754551 -0.69567 0.243425 0.675861 -0.675209 0.081988 0.733055 -0.704873 0.0794224 0.704873 0.675189 0.0819824 0.733075 0.704887 0.0794135 0.70486 0.69566 0.243427 0.67587 0.613623 0.232715 0.754527 0.644208 0.404782 0.648959 0.524611 0.362117 0.77049 0.551671 0.551673 0.625552 0.413334 0.466557 0.781972 0.422898 0.673032 0.606782 0.285088 0.543189 0.789728 0.265774 0.759543 0.593682 0.145419 0.589997 0.794202 0.0906485 0.804535 0.586946 0 0.605738 0.795664 -0.0906506 0.804538 0.586943 -0.145422 0.590004 0.794197 -0.265773 0.759545 0.593679 -0.285088 0.543195 0.789724 -0.422902 0.673044 0.606766 -0.413338 0.466558 0.781969 -0.551657 0.551662 0.625574 -0.524595 0.362102 0.770508 -0.644182 0.404763 0.648996 -0.613597 0.23271 0.754549 -0.695684 0.243428 0.675845 -0.675214 0.0819879 0.733051 -0.704873 0.0794227 0.704873 0.992707 0.12055 0 0.978713 0.205204 0.00344425 0.935018 0.354601 0 0.935018 0.354601 0 0.822991 0.568054 0 0.822991 0.568054 0 0.663107 0.748524 0 0.663107 0.748524 0 0.464734 0.88545 0 0.464734 0.88545 0 0.239304 0.970945 0 0.239304 0.970945 0 0 1 0 0 1 0 -0.239304 0.970945 0 -0.239304 0.970945 0 -0.464731 0.885452 0 -0.464731 0.885452 0 -0.663107 0.748524 0 -0.663107 0.748524 0 -0.822991 0.568054 0 -0.822991 0.568054 0 -0.935018 0.354601 0 -0.935018 0.354601 0 -0.992709 0.120534 0 -0.992709 0.120534 0 0.992701 0.120548 0.00354748 0.991552 0.12965 0.00392728 0.935019 0.354599 0 0.897762 0.440465 0.00375663 0.822983 0.568066 0 0.822983 0.568066 0 0.663118 0.748515 0 0.663118 0.748515 0 0.46473 0.885453 0 0.46473 0.885453 0 0.239315 0.970942 0 0.239315 0.970942 0 0 1 0 0 1 0 -0.239315 0.970942 0 -0.239315 0.970942 0 -0.464726 0.885454 0 -0.464726 0.885454 0 -0.663118 0.748515 0 -0.663118 0.748515 0 -0.822983 0.568066 0 -0.822983 0.568066 0 -0.935019 0.354599 0 -0.935019 0.354599 0 -0.992709 0.120534 0 -0.992709 0.120534 0 0.0794231 0.704899 0.704847 0.0878459 0.723493 0.684719 0.228408 0.652735 0.722334 0.264276 0.696857 0.666745 0.360202 0.573266 0.735949 0.431178 0.624672 0.651053 0.470726 0.470734 0.746209 0.576267 0.510513 0.638196 0.556635 0.349746 0.753548 0.688534 0.361376 0.628751 0.615272 0.21529 0.758348 0.759534 0.187205 0.622946 0.645045 0.0726857 0.760679 0.783854 0 0.620945 0.645048 -0.072686 0.760677 0.759539 -0.187204 0.622941 0.615266 -0.21529 0.758352 0.68852 -0.361365 0.628774 0.556613 -0.349733 0.753571 0.576239 -0.510503 0.638228 0.470739 -0.470739 0.746196 0.360225 -0.573302 0.73591 0.431189 -0.624699 0.65102 0.228393 -0.652716 0.722356 0.264306 -0.696892 0.666696 0.0794202 -0.704873 0.704873 0.0878426 -0.723467 0.684748 0.0794146 0.704872 0.704875 0.0878498 0.723493 0.684719 0.228407 0.652737 0.722332 0.264292 0.696879 0.666716 0.360216 0.573286 0.735926 0.431189 0.624689 0.65103 0.470737 0.470735 0.7462 0.576249 0.510503 0.638219 0.556622 0.349742 0.75356 0.688526 0.361373 0.628762 0.615265 0.215286 0.758354 0.759531 0.187202 0.622951 0.645046 0.0726862 0.760679 0.783854 0 0.620945 0.645046 -0.0726862 0.760679 0.759531 -0.187202 0.622951 0.615265 -0.215286 0.758354 0.688526 -0.361373 0.628762 0.556627 -0.349743 0.753556 0.576256 -0.510509 0.638208 0.470729 -0.470735 0.746206 0.360219 -0.573283 0.735927 0.431181 -0.624678 0.651045 0.228391 -0.652717 0.722356 0.264292 -0.69688 0.666715 0.0794252 -0.704884 0.704861 0.0878426 -0.723467 0.684748 0.992709 0.120537 0 0.992709 0.120537 0 0.935017 0.354602 0 0.935017 0.354602 0 0.822982 0.568068 0 0.822982 0.568068 0 0.663121 0.748512 0 0.663121 0.748512 0 0.464725 0.885455 0 0.464725 0.885455 0 0.239317 0.970942 0 0.239317 0.970942 0 0 1 0 0 1 0 -0.239319 0.970941 0 -0.239319 0.970941 0 -0.46472 0.885458 0 -0.46472 0.885458 0 -0.663121 0.748512 0 -0.663121 0.748512 0 -0.822987 0.568061 0 -0.822987 0.568061 0 -0.935015 0.354608 0 -0.935015 0.354608 0 -0.992708 0.120541 0 -0.992708 0.120541 0 0.992709 0.120536 0 0.992709 0.120536 0 0.935017 0.354603 0 0.935017 0.354603 0 0.822981 0.568069 0 0.822981 0.568069 0 0.663123 0.748511 0 0.663123 0.748511 0 0.464724 0.885456 0 0.464724 0.885456 0 0.239313 0.970943 0 0.239313 0.970943 0 0 1 0 0 1 0 -0.239315 0.970942 0 -0.239315 0.970942 0 -0.46472 0.885458 0 -0.46472 0.885458 0 -0.663126 0.748507 0 -0.663126 0.748507 0 -0.822984 0.568065 0 -0.822984 0.568065 0 -0.935015 0.354609 0 -0.935015 0.354609 0 -0.992709 0.12054 0 -0.992709 0.12054 0 0.993712 0.111968 0 0.943883 0.330278 0.000778895 0.992708 0.120539 -0.000843425 0.84672 0.532037 0.00142795 0.935013 0.35461 -0.00155851 0.707111 0.707099 0.00194826 0.822984 0.568061 -0.00214229 0.532023 0.846727 0.00233683 0.663113 0.748514 -0.00259888 0.330273 0.943882 0.0025975 0.46472 0.885453 -0.00292351 0.111963 0.993709 0.00272861 0.239323 0.970935 -0.00311768 -0.111964 0.993709 0.00272858 0 0.999995 -0.00318245 -0.330275 0.943881 0.00259742 -0.239324 0.970935 -0.00311775 -0.532026 0.846725 0.00233704 -0.46472 0.885453 -0.00292351 -0.707105 0.707105 0.0019472 -0.663119 0.748509 -0.00259871 -0.846731 0.53202 0.00142815 -0.822984 0.568061 -0.00214375 -0.943883 0.330278 0.000778895 -0.935015 0.354605 -0.00155803 -0.993711 0.111974 0 -0.992708 0.120544 -0.000843382 0.993712 0.111969 0 0.943885 0.330273 0.000779169 0.992708 0.120538 -0.000843312 0.846719 0.532038 0.00142786 0.935014 0.354608 -0.00155861 0.707107 0.707104 0.00194872 0.822985 0.568059 -0.00214208 0.532029 0.846723 0.00233818 0.663116 0.748512 -0.00259761 0.33027 0.943883 0.00259872 0.464721 0.885452 -0.00292251 0.111969 0.993708 0.00272882 0.239314 0.970937 -0.00311682 -0.111969 0.993708 0.00272879 0 0.999995 -0.00318252 -0.330272 0.943882 0.00259865 -0.239315 0.970937 -0.00311688 -0.532032 0.846721 0.0023384 -0.464721 0.885452 -0.00292251 -0.707101 0.70711 0.00194766 -0.663122 0.748507 -0.00259744 -0.84673 0.532021 0.00142805 -0.822985 0.568059 -0.00214354 -0.943885 0.330273 0.000779169 -0.935016 0.354603 -0.00155814 -0.993711 0.111975 0 -0.992708 0.120544 -0.00084327 0 -1 0 0 -1 0 0 -1 0 0 -1 0 0 -1 0 0 -1 0 0 -1 0 -2.93348e-09 -0.999285 -0.0377975 -6.01253e-10 -0.99997 -0.00774709 0.00226103 -0.999997 0.00131881 0.00383167 -0.999992 0.00111107 0.00168505 -0.999997 0.0015844 0.00135963 -0.999997 0.00200571 0.00112118 -0.999995 0.00284222 0.00112199 -0.999995 0.00283799 0.00100162 -0.999992 0.00382741 0 -1 0 0 -1 0 0 -1 0 0 -1 0 0 -1 0 0 -1 0 0 -1 0 0 -1 0 0 -1 0 0 -1 0 0 -1 0 0 -1 0 0 -1 0 0 -1 0 0 -1 0 -7.84573e-05 -0.999981 -0.0061669 0 -1 0 0.00051837 -0.999892 0.0146769 0 -1 0 0 -1 0 -2.06961e-08 0 1 -2.06961e-08 0 1 0 -1 0 0 -1 0 0 -1 0 0 -1 0 0 -1 0 0 -1 0 0 -1 0 0 -1 0 0 -1 0 0 -1 0 0 -1 0 0 -1 0 0 -1 0 0 -1 0 0 -1 0 0 -1 0 0 -1 0 0 -1 0 0 -1 0 0 -1 0 0 -1 0 0 -1 0 0 -1 0 0 -1 0 0 -1 0 0 -1 0 0 -1 0 0 -1 0 1 0 0 1 0 0 1 0 0 1 0 0 1 0 0 1 0 0 1 0 0 1 0 0 1 0 0 1 0 0 1 0 0 1 0 0 1 0 0 1 0 0 1 0 0 1 0 0 1 0 0 1 0 0 1 0 0 1 0 0 1 0 0 1 0 0 1 0 0 1 0 0 1 0 0 1 0 0 1 0 0 1 0 0 0 1 0 0 1 0 0 1 0 0 1 0 0 1 0 0 1 0 0 1 0 0 1 0 0 1 0 0 1 0 0 1 0 0 1 0 0 1 0 0 1 0 0 1 0 0 1 0 0 1 0 0 1 0 0 1 0 0 1 0 0 1 0 0 1 0 0 1 0 0 1 0 0 1 0 0 1 0 0 1 0 0 1 0 -1 0 0 -1 0 0 -1 0 0 -1 0 0 -1 0 0 -1 0 0 -1 0 0 -1 0 0 -1 0 0 -1 0 0 -1 0 0 -1 0 0 -1 0 0 -1 0 0 -1 0 0 -1 0 0 -1 0 0 -1 0 0 -1 0 0 -1 0 0 -1 0 0 -1 0 0 -1 0 0 -1 0 0 -1 0 0 -1 0 0 -1 0 0 -1 0 0 -0.993711 -0.111975 0 -0.943885 -0.330273 0.000779168 -0.992708 -0.120544 -0.00084327 -0.846728 -0.532024 0.00142808 -0.935016 -0.354603 -0.00155815 -0.707107 -0.707104 0.00194745 -0.822983 -0.568062 -0.00214347 -0.532027 -0.846724 0.00233748 -0.663122 -0.748507 -0.0025984 -0.330284 -0.943878 0.00259822 -0.464726 -0.88545 -0.00292269 -0.111957 -0.993709 0.00272811 -0.239315 -0.970937 -0.00311809 0.111956 -0.99371 0.00272815 0 -0.999995 -0.00318252 0.330282 -0.943879 0.0025983 0.239313 -0.970937 -0.00311803 0.532024 -0.846726 0.00233726 0.464726 -0.88545 -0.00292269 0.707113 -0.707098 0.00194851 0.663116 -0.748512 -0.00259856 0.846717 -0.532041 0.00142789 0.822983 -0.568062 -0.00214201 0.943885 -0.330273 0.000779168 0.935014 -0.354608 -0.00155863 0.993712 -0.111969 0 0.992708 -0.120538 -0.000843311 -0.993711 -0.111974 0 -0.943885 -0.330274 0.000779256 -0.992708 -0.120543 -0.00084325 -0.846731 -0.53202 0.00142752 -0.935014 -0.354609 -0.00155839 -0.707099 -0.707111 0.00194823 -0.822991 -0.56805 -0.00214336 -0.532026 -0.846725 0.00233905 -0.663119 -0.748509 -0.00259694 -0.330286 -0.943877 0.00259811 -0.464711 -0.885458 -0.00292209 -0.111964 -0.993709 0.00272858 -0.239324 -0.970935 -0.00311775 0.111963 -0.993709 0.00272861 0 -0.999995 -0.00318245 0.330284 -0.943878 0.00259818 0.239323 -0.970935 -0.00311768 0.532023 -0.846727 0.00233883 0.464711 -0.885458 -0.00292209 0.707105 -0.707105 0.00194929 0.663113 -0.748514 -0.00259711 0.84672 -0.532037 0.00142732 0.822991 -0.56805 -0.0021419 0.943885 -0.330274 0.000779256 0.935012 -0.354613 -0.00155887 0.993712 -0.111968 0 0.992709 -0.120537 -0.000843293 0 0 1 0 0 1 0 0 1 0 0 1 0 0 1 0 0 1 0 0 1 0 0 1 0 0 1 0 0 1 0 0 1 0 0 1 0 0 1 0 0 1 0 0 1 0 0 1 0 0 1 0 0 1 0 0 1 0 0 1 0 0 1 0 0 1 0 0 1 0 0 1 0 0 1 0 0 1 0 0 1 0 0 1 0 0 1 0 0 1 0 0 1 0 0 1 0 0 1 0 0 1 0 0 1 0 0 1 0 0 1 0 0 1 0 0 1 0 0 1 0 0 1 0 0 1 0 0 1 0 0 1 0 0 1 0 0 1 0 0 1 0 0 1 0 0 1 0 0 1 0 0 1 0 0 1 0 0 1 0 0 1 0 0 1 0 0 1 0 0 1 0 0 1 0 0 1 0 0 1 0 0 1 0 0 1 0 0 1 0 0 1 0 0 1 0 0 1 0 0 1 0 0 1 0 0 1 0 0 1 0 0 1 0 0 1 0 0 1 0 0 1 0 0 1 0 0 1 0 0 1 0 0 1 0 0 1 0 0 1 0 0 1 0 0 1 0 0 1 0 0 1 0 0 1 0 0 1 0 0 1 0 0 1 0 0 1 0 0 1 0 0 1 0 0 1 0 0 1 0 0 1 0 0 1 0 0 1 0 0 1 0 0 1 0 0 1 0 0 1 0 0 1 0 0 1 0 0 1 0 0 1 -0.992708 -0.12054 0 -0.992708 -0.12054 0 -0.935015 -0.354608 0 -0.935015 -0.354608 0 -0.822983 -0.568067 0 -0.822983 -0.568067 0 -0.663131 -0.748504 0 -0.663131 -0.748504 0 -0.46472 -0.885458 0 -0.46472 -0.885458 0 -0.239315 -0.970942 0 -0.239315 -0.970942 0 0 -1 0 0 -1 0 0.239313 -0.970943 0 0.239313 -0.970943 0 0.464724 -0.885455 0 0.464724 -0.885455 0 0.663125 -0.748509 0 0.663125 -0.748509 0 0.822981 -0.568069 0 0.822981 -0.568069 0 0.935017 -0.354602 0 0.935017 -0.354602 0 0.992709 -0.120537 0 0.992709 -0.120537 0 -0.992708 -0.120541 0 -0.992708 -0.120541 0 -0.935015 -0.354608 0 -0.935015 -0.354608 0 -0.822984 -0.568064 0 -0.822984 -0.568064 0 -0.663133 -0.748502 0 -0.663133 -0.748502 0 -0.464715 -0.88546 0 -0.464715 -0.88546 0 -0.239313 -0.970943 0 -0.239313 -0.970943 0 0 -1 0 0 -1 0 0.23931 -0.970943 0 0.23931 -0.970943 0 0.464719 -0.885458 0 0.464719 -0.885458 0 0.663129 -0.748505 0 0.663129 -0.748505 0 0.822982 -0.568068 0 0.822982 -0.568068 0 0.935017 -0.354602 0 0.935017 -0.354602 0 0.992709 -0.120537 0 0.992709 -0.120537 0 0 0 -1 0 0 -1 0 0 -1 0 0 -1 0 0 -1 4.18176e-07 -6.22931e-07 -1 7.93706e-07 3.16548e-07 -1 0 0 -1 0 0 -1 7.8108e-07 3.48528e-07 -1 0 0 -1 3.58189e-07 -6.48094e-07 -1 0 0 -1 0 0 -1 0 0 -1 0 0 -1 0 0 -1 -3.69469e-07 -7.78541e-07 -1 0 0 -1 0 0 -1 0 0 -1 0 0 -1 0 0 -1 -7.61084e-07 3.19018e-08 -1 -7.52749e-07 9.5116e-08 -1 -7.33911e-07 1.56029e-07 -1 -7.09714e-07 2.04465e-07 -1 -7.64986e-07 1.29977e-07 -1 0 0 -1 0 0 -1 -8.48795e-07 4.76676e-08 -1 0 0 -1 0 0 -1 -8.48795e-07 -4.76675e-08 -1 -9.552e-07 0 -1 0 0 -1 0 0 -1 0 0 -1 0 0 -1 -7.33912e-07 -1.56028e-07 -1 -7.52749e-07 -9.51168e-08 -1 -7.61084e-07 -3.19018e-08 -1 -7.64986e-07 -1.29977e-07 -1 0 0 -1 0 0 -1 -7.09715e-07 -2.04465e-07 -1 -3.69469e-07 7.7854e-07 -1 0 0 -1 0 0 -1 0 0 -1 0 0 -1 0 0 -1 0 0 -1 0 0 -1 0 0 -1 0 0 -1 0 0 -1 0 0 -1 0 0 -1 0 0 -1 0 0 -1 0 0 -1 0 0 -1 0 0 -1 0 0 -1 0 0 -1 0 0 -1 0 0 -1 0 0 -1 0 0 -1 7.93705e-07 -3.16547e-07 -1 0 0 -1 4.18177e-07 6.22931e-07 -1 3.58189e-07 6.48094e-07 -1 0 0 -1 0 0 -1 7.8108e-07 -3.48529e-07 -1 0 0 -1 0 0 -1 0 0 -1 0 0 -1 -7.09716e-07 -2.04466e-07 -1 -3.69469e-07 7.78539e-07 -1 0 0 -1 0 0 -1 -7.33914e-07 -1.56026e-07 -1 0 0 -1 -7.52751e-07 -9.51162e-08 -1 0 0 -1 -7.61086e-07 -3.19022e-08 -1 0 0 -1 -7.64988e-07 -1.29976e-07 -1 0 0 -1 -8.48797e-07 -4.76677e-08 -1 0 0 -1 -9.55203e-07 0 -1 -7.64989e-07 1.29976e-07 -1 -8.48797e-07 4.76677e-08 -1 0 0 -1 0 0 -1 0 0 -1 -7.61086e-07 3.19016e-08 -1 0 0 -1 -7.52751e-07 9.51171e-08 -1 0 0 -1 -7.09716e-07 2.04467e-07 -1 -7.33914e-07 1.56028e-07 -1 0 0 -1 0 0 -1 0 0 -1 -3.6947e-07 -7.78541e-07 -1 0 0 -1 0 0 -1 0 0 -1 0 0 -1 0 0 -1 0 0 -1 0 0 -1 0 0 -1 0 0 -1 0 0 -1 0 0 -1 0 0 -1 0 0 -1 0 0 -1 0 0 -1 0 0 -1 0 0 -1 -0.0794247 -0.704884 0.704861 -0.0878422 -0.723467 0.684748 -0.22839 -0.652718 0.722355 -0.264291 -0.696881 0.666714 -0.360217 -0.573285 0.735927 -0.431186 -0.624685 0.651036 -0.470737 -0.470735 0.746201 -0.576249 -0.510502 0.63822 -0.556622 -0.349755 0.753554 -0.688559 -0.361391 0.628716 -0.615297 -0.215297 0.758325 -0.759554 -0.187216 0.622919 -0.645052 -0.072683 0.760674 -0.783854 0 0.620945 -0.645052 0.0726831 0.760674 -0.759554 0.187216 0.622919 -0.615298 0.215297 0.758325 -0.688559 0.361391 0.628715 -0.556617 0.349755 0.753558 -0.576242 0.510496 0.638232 -0.470745 0.470734 0.746196 -0.360215 0.573288 0.735926 -0.431193 0.624695 0.651021 -0.228406 0.652738 0.722332 -0.264291 0.69688 0.666715 -0.0794142 0.704872 0.704875 -0.0878494 0.723494 0.684718 -0.0794197 -0.704873 0.704873 -0.0878422 -0.723467 0.684748 -0.228392 -0.652717 0.722356 -0.264304 -0.696894 0.666695 -0.360224 -0.573304 0.735909 -0.431193 -0.624705 0.651011 -0.470747 -0.470739 0.746192 -0.576232 -0.510496 0.63824 -0.556608 -0.349745 0.753569 -0.688553 -0.361382 0.628727 -0.615298 -0.215302 0.758323 -0.759562 -0.187218 0.622909 -0.645055 -0.0726829 0.760672 -0.783854 0 0.620945 -0.645052 0.0726826 0.760674 -0.759557 0.187219 0.622914 -0.615304 0.215301 0.758318 -0.688567 0.361394 0.628705 -0.55663 0.349759 0.753546 -0.576259 0.510506 0.638208 -0.470733 0.470733 0.746204 -0.360201 0.573268 0.735948 -0.431183 0.624678 0.651044 -0.228407 0.652736 0.722334 -0.264275 0.696858 0.666744 -0.0794226 0.704899 0.704847 -0.0878454 0.723494 0.684719 0.0418928 0.999122 -1.90854e-09 0.0418928 0.999122 -1.95078e-09 0.125358 0.992112 -5.83743e-09 0.125358 0.992112 -5.51354e-09 0.207952 0.978139 -9.68352e-09 0.207952 0.978139 -9.33063e-09 0.295446 0.95536 -1.56179e-08 0.295446 0.95536 -1.37578e-08 0.38667 0.922218 0 0.38667 0.922218 -2.08238e-08 0.47425 0.88039 0 0.47425 0.88039 0 0.557364 0.830268 0 0.557364 0.830268 0 0.635227 0.772325 0 0.635227 0.772325 0 0.707107 0.707106 -1.31709e-07 0.707107 0.707107 0 0.772324 0.635229 -1.43857e-07 0.772324 0.635229 -1.35354e-07 0.830269 0.557363 -1.5465e-07 0.830269 0.557363 -1.45767e-07 0.88039 0.47425 -1.63985e-07 0.88039 0.47425 -1.6659e-07 0.922218 0.386671 -1.71776e-07 0.922218 0.386671 -1.71797e-07 0.95536 0.295446 -1.7795e-07 0.95536 0.295446 -1.77002e-07 0.978139 0.20795 -1.8237e-07 0.978139 0.20795 -1.82193e-07 0.992111 0.125363 -1.84795e-07 0.992111 0.125363 -1.84492e-07 0.999123 0.0418795 -1.86101e-07 0.999123 0.0418795 -1.86083e-07 0.999123 -0.0418795 -1.86189e-07 0.999123 -0.0418795 -1.86101e-07 0.992111 -0.125361 -1.84795e-07 0.992111 -0.125361 -1.84914e-07 0.978139 -0.207952 -1.82193e-07 0.978139 -0.207952 -1.82371e-07 0.955359 -0.295446 -1.77003e-07 0.955359 -0.295446 -1.7795e-07 0.922218 -0.38667 -1.71776e-07 0.922218 -0.38667 -1.71796e-07 0.88039 -0.474251 -1.63985e-07 0.88039 -0.474251 -1.66591e-07 0.830269 -0.557363 -1.5465e-07 0.830269 -0.557363 -1.56179e-07 0.772323 -0.63523 -1.43856e-07 0.772323 -0.63523 -1.45766e-07 0.707108 -0.707106 0 0.707108 -0.707106 -1.35355e-07 0.635227 -0.772325 0 0.635227 -0.772325 0 0.557363 -0.830269 0 0.557363 -0.830269 0 0.474252 -0.880389 0 0.474252 -0.880389 0 0.386669 -0.922219 -1.80057e-08 0.386669 -0.922218 0 0.295445 -0.95536 -1.37577e-08 0.295445 -0.95536 -1.04119e-08 0.207956 -0.978138 -9.33063e-09 0.207956 -0.978138 -9.68371e-09 0.125358 -0.992112 -5.83743e-09 0.125358 -0.992112 -5.93766e-09 0.041875 -0.999123 -1.94996e-09 0.041875 -0.999123 -1.90854e-09 -0.0418796 -0.999123 -5.83167e-09 -0.0418794 -0.999123 1.95016e-09 -0.125362 -0.992111 5.83763e-09 -0.125362 -0.992111 5.93766e-09 -0.207955 -0.978138 9.68367e-09 -0.207955 -0.978138 9.33059e-09 -0.295445 -0.95536 1.56179e-08 -0.295445 -0.95536 1.37577e-08 -0.386669 -0.922219 0 -0.386669 -0.922219 1.56179e-08 -0.474251 -0.88039 0 -0.474251 -0.88039 0 -0.557364 -0.830268 0 -0.557364 -0.830268 0 -0.635228 -0.772325 0 -0.635228 -0.772325 0 -0.707106 -0.707107 1.31709e-07 -0.707107 -0.707107 0 -0.772326 -0.635227 1.43857e-07 -0.772326 -0.635227 1.45767e-07 -0.830268 -0.557364 1.54649e-07 -0.830268 -0.557364 1.56179e-07 -0.88039 -0.474251 1.63985e-07 -0.88039 -0.474251 1.66591e-07 -0.922218 -0.386669 1.71777e-07 -0.922218 -0.386669 1.71797e-07 -0.95536 -0.295446 1.7795e-07 -0.95536 -0.295446 1.77002e-07 -0.97814 -0.207948 1.82372e-07 -0.97814 -0.207948 1.82193e-07 -0.992111 -0.125361 1.84795e-07 -0.992111 -0.125361 1.84914e-07 -0.999123 -0.0418799 1.86101e-07 -0.999123 -0.0418799 1.86085e-07 -0.999123 0.0418792 1.86081e-07 -0.999123 0.0418792 1.86101e-07 -0.992111 0.125363 1.84795e-07 -0.992111 0.125363 1.84492e-07 -0.978139 0.20795 1.82193e-07 -0.978139 0.20795 1.8237e-07 -0.955359 0.295446 1.77003e-07 -0.955359 0.295446 1.7795e-07 -0.922218 0.386669 1.71777e-07 -0.922218 0.386669 1.71797e-07 -0.88039 0.474251 1.63985e-07 -0.88039 0.474251 1.66591e-07 -0.830269 0.557364 1.5465e-07 -0.830269 0.557364 1.56179e-07 -0.772326 0.635226 1.43857e-07 -0.772326 0.635226 1.45767e-07 -0.707106 0.707108 0 -0.707106 0.707108 1.35355e-07 -0.635227 0.772326 0 -0.635227 0.772326 0 -0.557364 0.830268 0 -0.557364 0.830268 0 -0.474249 0.880391 0 -0.474249 0.880391 0 -0.38667 0.922218 -1.80057e-08 -0.38667 0.922218 0 -0.295446 0.955359 1.37578e-08 -0.295446 0.95536 -1.04119e-08 -0.207951 0.978139 1.01788e-08 -0.207951 0.978139 9.68347e-09 -0.125358 0.992112 5.83745e-09 -0.125358 0.992112 5.93769e-09 -0.0418928 0.999122 1.95078e-09 -0.0418928 0.999122 1.90854e-09 0.993712 -0.111964 4.41206e-08 0.993712 -0.111966 -4.40698e-08 0.943882 -0.330283 -4.18599e-08 0.943882 -0.330283 -4.10991e-08 0.846721 -0.532038 3.7551e-08 0.84672 -0.532039 -3.86818e-08 0.707109 -0.707105 0 0.707109 -0.707104 3.14284e-08 0.532032 -0.846724 0 0.532032 -0.846724 0 0.330285 -0.943881 0 0.330285 -0.943881 0 0.111967 -0.993712 0 0.111967 -0.993712 0 0.993711 -0.111963 0.00147964 0.99999 -9.12505e-05 -0.00447472 0.915739 -0.401773 -1.62447e-07 0.943875 -0.330275 -0.0042208 0.846725 -0.532031 -1.50205e-07 0.846725 -0.532031 -1.49888e-07 0.707102 -0.707105 -0.00298439 0.666352 -0.745637 -1.16226e-07 0.532033 -0.846723 -9.43799e-08 0.57837 -0.815769 -0.00297 0.330273 -0.943885 -5.85887e-08 0.330273 -0.943885 -5.80221e-08 0.111967 -0.993712 -1.98623e-08 0.111967 -0.993712 -1.99449e-08 0 -1 0 0 -1 0 1 0 4.43487e-08 1 0 4.43487e-08 -0.99271 -0.120532 0 -0.99271 -0.120532 0 -0.935018 -0.3546 0 -0.935018 -0.3546 0 -0.822985 -0.568063 0 -0.822985 -0.568063 0 -0.66312 -0.748513 0 -0.66312 -0.748513 0 -0.464723 -0.885456 0 -0.464723 -0.885456 0 -0.239315 -0.970942 0 -0.239315 -0.970942 0 0 -1 0 0 -1 0 0.239315 -0.970942 0 0.239315 -0.970942 0 0.464727 -0.885454 0 0.464727 -0.885454 0 0.66312 -0.748513 0 0.66312 -0.748513 0 0.822985 -0.568063 0 0.822985 -0.568063 0 0.935018 -0.3546 0 0.935018 -0.3546 0 0.992701 -0.120546 0.00360704 0.97872 -0.205199 0 -0.992709 -0.120533 0 -0.992709 -0.120533 0 -0.935018 -0.354601 0 -0.935018 -0.354601 0 -0.822981 -0.568068 0 -0.822981 -0.568068 0 -0.663125 -0.748509 0 -0.663125 -0.748509 0 -0.464731 -0.885452 0 -0.464731 -0.885452 0 -0.239318 -0.970941 0 -0.239318 -0.970941 0 0 -1 0 0 -1 0 0.239318 -0.970941 0 0.239318 -0.970941 0 0.464734 -0.88545 0 0.464734 -0.88545 0 0.663125 -0.748509 0 0.663125 -0.748509 0 0.822981 -0.568068 0 0.822981 -0.568068 0 0.935011 -0.354599 0.00374018 0.897767 -0.440471 0 0.9927 -0.120547 0.00391978 0.991554 -0.129648 0.00355867 -0.704873 -0.0794227 0.704873 -0.675213 -0.0819881 0.733052 -0.69568 -0.243426 0.67585 -0.613593 -0.232707 0.754553 -0.644176 -0.404763 0.649003 -0.524595 -0.362104 0.770507 -0.551656 -0.551655 0.625581 -0.413337 -0.466551 0.781973 -0.422902 -0.673048 0.606762 -0.285093 -0.543204 0.789716 -0.265779 -0.759553 0.593668 -0.145423 -0.590005 0.794195 -0.0906509 -0.80454 0.58694 0 -0.605739 0.795663 0.0906489 -0.804537 0.586944 0.14542 -0.589998 0.794201 0.265779 -0.759551 0.59367 0.285093 -0.543197 0.789721 0.422898 -0.673036 0.606779 0.413333 -0.466554 0.781974 0.55167 -0.55167 0.625556 0.524611 -0.362117 0.77049 0.644201 -0.40478 0.648967 0.613618 -0.232712 0.754531 0.695656 -0.243424 0.675875 0.675188 -0.0819825 0.733076 0.704887 -0.0794135 0.70486 -0.704873 -0.0794224 0.704873 -0.675209 -0.081988 0.733055 -0.69567 -0.243423 0.675861 -0.613588 -0.232705 0.754558 -0.644167 -0.404755 0.649016 -0.524589 -0.362097 0.770514 -0.551649 -0.551646 0.625595 -0.413334 -0.466545 0.781979 -0.422899 -0.673048 0.606764 -0.285087 -0.5432 0.789721 -0.265771 -0.759551 0.593674 -0.145423 -0.590012 0.79419 -0.0906536 -0.804538 0.586942 0 -0.605732 0.795668 0.0906516 -0.804535 0.586946 0.14542 -0.590006 0.794195 0.265771 -0.759549 0.593676 0.285087 -0.543194 0.789725 0.422895 -0.673036 0.60678 0.41333 -0.466545 0.781981 0.551663 -0.551657 0.625573 0.524606 -0.362112 0.770496 0.644193 -0.404774 0.648979 0.613613 -0.23271 0.754536 0.695646 -0.243422 0.675887 0.675184 -0.0819825 0.733079 0.704887 -0.0794132 0.704861 -1 0 0 -1 0 0 -1 0 0 -1 0 0 -1 0 0 -1 0 0 -1 0 0 -1 0 0 -1 0 0 -1 0 0 -1 0 0 -1 0 0 -1 0 0 -1 0 0 -1 0 0 -1 0 0 -1 0 0 -1 0 0 -1 0 0 -1 0 0 -1 0 0 -1 0 0 -1 0 0 -1 0 0 -1 0 0 -1 0 0 -1 0 0 -1 0 0 -1 0 0 -1 0 0 -1 0 0 -1 0 0 -1 0 0 -1 0 0 -0.111969 0.993712 0 -0.111969 0.993712 0 -0.33027 0.943886 0 -0.33027 0.943886 0 -0.532039 0.84672 0 -0.532039 0.84672 0 -0.707098 0.707115 0 -0.707098 0.707115 0 -0.846719 0.532041 0 -0.846719 0.532041 0 -0.960826 0.277152 0 -0.960826 0.277152 0 -0.985871 0.167509 0 -0.985871 0.167509 0 8.73747e-08 1 -1.02167e-07 9.00674e-08 1 -6.61296e-08 8.40518e-08 1 -1.60698e-07 9.27416e-08 1 -3.88371e-08 9.80228e-08 1 0 9.56548e-08 1 -1.55117e-08 9.69872e-08 1 6.35001e-09 9.40883e-08 1 2.75246e-08 9.15204e-08 1 5.05196e-08 9.06644e-08 1 5.94945e-08 8.83216e-08 1 8.87842e-08 8.49915e-08 1 1.41029e-07 8.32451e-08 1 1.74995e-07 0 1 0 0 1 0 0 1 0 0 1 0 0 1 0 0 1 0 0 1 0 0 1 0 0 1 0 0 1 0 0 1 0 0 1 0 0 1 0 0 1 0 0 1 0 4.3827e-08 1 -1.2499e-06 7.95836e-08 1 -2.61781e-07 0 1 0 1.36858e-09 1 2.42201e-06 4.3827e-08 1 1.21114e-06 7.4376e-08 1 3.90294e-07 0.993712 0.111967 0 0.993712 0.111967 0 0.943884 0.330278 0 0.943884 0.330278 0 0.846728 0.532026 0 0.846728 0.532026 0 0.707102 0.707112 0 0.707102 0.707112 0 0.532036 0.846722 0 0.532036 0.846722 0 0.277167 0.960822 0 0.277167 0.960822 0 0.167517 0.985869 0 0.167517 0.985869 0 1 0 0 1 0 0 1 0 0 1 0 0 1 0 0 1 0 0 1 0 0 1 0 0 1 0 0 1 0 0 1 0 0 1 -1.34967e-07 5.03559e-07 1 -1.3845e-07 4.58958e-07 1 -1.54979e-07 2.75279e-07 1 -1.65679e-07 1.84395e-07 1 -1.75272e-07 1.232e-07 1 -1.85622e-07 7.34629e-08 1 -1.97807e-07 2.78975e-08 1 -2.00815e-07 -1.80917e-08 1 -1.88589e-07 -6.15468e-08 1 -1.78546e-07 -1.06191e-07 1 -1.68929e-07 -1.61583e-07 1 -1.58818e-07 -2.39716e-07 1 -1.41698e-07 -4.14481e-07 1 -1.30418e-07 -5.54335e-07 1 -2.06948e-07 0 1 1.22239e-07 4.30227e-06 1 -5.73122e-08 1.59241e-06 1 0 0 1 0 0 1 0 0 1 -5.73122e-08 -1.62109e-06 1 0 0 1 0 0 0.999986 -0.00521276 -1.55218e-07 0.999999 0 0.001489 0.999921 0.0010436 -0.0125257 0.999796 0 -0.0202037 0.999782 0 -0.0208895 -0.998427 -0.0560708 0 -0.998427 -0.0560708 0 -0.985871 -0.167506 0 -0.985871 -0.167506 0 -0.960917 -0.276836 0 -0.960917 -0.276836 0 -0.92388 -0.382683 0 -0.92388 -0.382683 0 -0.875223 -0.483719 0 -0.875223 -0.483719 0 -0.815561 -0.578671 -7.5955e-07 -0.815561 -0.578672 0 -0.745642 -0.666347 -3.47216e-07 -0.745642 -0.666347 -7.0965e-07 -0.666347 -0.745642 -3.10292e-07 -0.666347 -0.745642 -3.04136e-07 -0.578671 -0.815561 -2.69465e-07 -0.578671 -0.815561 -3.04136e-07 -0.483719 -0.875223 -2.53446e-07 -0.483719 -0.875223 -2.25249e-07 -0.382684 -0.923879 -1.77413e-07 -0.382684 -0.923879 0 -0.276835 -0.960918 0 -0.276835 -0.960918 0 -0.167507 -0.985871 0 -0.167507 -0.985871 0 -0.0560691 -0.998427 2.45086e-09 -0.0560691 -0.998427 0 0.0560691 -0.998427 0 0.0560691 -0.998427 0 0.167507 -0.985871 0 0.167507 -0.985871 0 0.276835 -0.960917 0 0.276835 -0.960917 0 0.382684 -0.923879 3.56402e-07 0.382683 -0.92388 0 0.483719 -0.875224 9.00996e-07 0.483718 -0.875224 4.56203e-07 0.57867 -0.815562 0 0.578671 -0.815561 1.11516e-06 0.666348 -0.745641 0 0.666348 -0.745641 0 0.745642 -0.666347 1.38887e-06 0.745641 -0.666348 0 0.815561 -0.578671 0 0.815562 -0.57867 1.52068e-06 0.875223 -0.483719 0 0.875223 -0.483719 0 0.92388 -0.382682 0 0.92388 -0.382682 0 0.960917 -0.276836 0 0.960917 -0.276836 0 0.985871 -0.167506 0 0.985871 -0.167506 0 0.998427 -0.0560708 0 0.998427 -0.0560708 0 0.222159 -0.97501 0 0.16749 -0.98587 0.00256661 0.277186 -0.960816 0 0.222872 -0.974844 0.00259545 0.532032 -0.846724 0 0.532032 -0.846724 0 0.707103 -0.70711 0 0.707103 -0.70711 0 0.846726 -0.53203 0 0.846726 -0.53203 0 0.943882 -0.330283 0 0.943882 -0.330283 0 0.993713 -0.111962 0 0.993713 -0.111962 0 0.111967 -0.993712 0 0.111967 -0.993712 0 0.330283 -0.943882 0 0.330283 -0.943882 0 0.532038 -0.846721 0 0.532038 -0.846721 0 0.70711 -0.707103 0 0.70711 -0.707103 0 0.84672 -0.532039 -1.31428e-07 0.846721 -0.532037 0 0.943883 -0.330281 -1.4651e-07 0.943883 -0.330281 -1.4702e-07 0.993712 -0.111965 -1.54244e-07 0.993712 -0.111965 -1.54424e-07 0.993712 -0.111964 4.40698e-08 0.943881 -0.330271 -0.0029473 0.985866 -0.167506 -0.0029895 0.846724 -0.532032 3.75511e-08 0.960821 -0.27717 4.26112e-08 0.7071 -0.707114 -3.1359e-08 0.846724 -0.532033 -3.75511e-08 0.532034 -0.846723 7.0785e-08 0.707102 -0.707112 9.40771e-08 0.392426 -0.919784 -1.74036e-08 0.532032 -0.846724 -2.35949e-08 0.0321283 -0.999483 0.000819913 0.831006 -0.556249 -0.00386645 0.277159 -0.9608 -0.0068842 0.088645 -0.996038 -0.00703499 0.167515 -0.985869 0.000690395 -0.704523 -0.0855453 0.704507 -0.704524 -0.0855451 0.704506 -0.663572 -0.25166 0.704514 -0.663582 -0.251658 0.704505 -0.58407 -0.403155 0.704506 -0.584061 -0.403154 0.704514 -0.470615 -0.531214 0.704509 -0.470619 -0.531216 0.704505 -0.329814 -0.628406 0.704506 -0.329814 -0.628406 0.704506 -0.169842 -0.689078 0.704504 -0.169842 -0.689077 0.704505 0 -0.7097 0.704505 0 -0.7097 0.704505 -0.169841 0.689079 -0.704503 0.169842 -0.689075 0.704506 0.329816 -0.628413 0.704499 0.329816 -0.628409 0.704503 -0.47062 0.531217 -0.704503 0.470621 -0.531222 0.704499 -0.584069 0.403153 -0.704507 -0.584072 0.403157 -0.704503 -0.66358 0.251665 -0.704504 0.663579 -0.251663 0.704506 0.70452 -0.0855429 0.70451 0.704523 -0.0855454 0.704506 -0.704502 -0.085543 0.704528 0.704503 0.0855424 -0.704527 -0.66359 -0.25165 0.7045 -0.663564 -0.251654 0.704523 0.584046 0.403154 -0.704526 -0.584071 -0.403157 0.704504 0.470598 0.531191 -0.704538 0.470606 0.531194 -0.704531 0.329798 0.628377 -0.704539 -0.329802 -0.62838 0.704535 -0.169847 -0.689069 0.704511 -0.169828 -0.689048 0.704536 0 -0.709693 0.704511 0 -0.709693 0.704511 0.169838 -0.689053 0.704529 -0.169835 0.689064 -0.704519 -0.329807 0.628399 -0.704516 0.329807 -0.62839 0.704524 0.470595 -0.53118 0.704549 -0.470604 0.531219 -0.704513 0.584062 -0.40315 0.704515 0.584046 -0.403119 0.704546 0.663571 -0.251672 0.70451 0.663568 -0.251669 0.704514 0.704502 -0.0855423 0.704528 -0.704515 0.0855514 -0.704514 0 -1 0 0 -1 0 0 -1 0 0 -1 0 0 -1 0 0 -1 0 0 -1 0 0 -1 0 0 -1 0 0 -1 0 0 -1 0 0 -1 0 0 -1 0 0 -1 0 0 -1 0 0 -1 0 0 -1 0 0 -1 0 0 -1 0 0 -1 0 0 -1 0 0 -1 0 0 -1 0 0 -1 0 0 -1 0 0 -1 0 0 -1 0 0 -1 0 0 -1 0 0 -1 0 0 -1 0 0 -1 0 0 -1 0 0 -1 0 0 -1 0 0 -1 0 1.67934e-06 1.89221e-07 1 2.12003e-06 7.41827e-07 1 2.73286e-06 1.71714e-06 1 3.67643e-06 3.67648e-06 1 5.39355e-06 8.5837e-06 1 1.64502e-05 5.7026e-05 1 0 0 1 0 0 1 0 0 1 0 0 1 0 0 1 0 0 1 0 0 1 0 0 1 0 0 1 0 0 1 0 0 1 0 0 1 0 0 1 0 0 1 0 0 1 -9.92453e-07 1.47161e-06 1 0 0 1 0 0 1 0 0 1 -1.55572e-07 -1.88892e-08 1 0 0 1 0 0 1 0 0 1 0 0 1 0 0 1 0 0 1 0 0 1 0 0 1 0 0 1 0 0 1 0 0 1 0 0 1 0 0 1 -1.38231e-07 -4.85651e-08 1 -6.8794e-08 -1.24474e-07 1 0 0 1 0 0 1 0 0 1 0 0 1 -5.58519e-08 -1.34839e-07 1 -1.30682e-07 -4.57272e-08 1 0 0 1 0 0 1 0 0 1 7.76512e-07 -7.13602e-07 1 0 0 1 0 0 1 -1.42771e-07 -1.60869e-08 1 0 0 1 0 0 1 0 0 1 6.62863e-08 5.92371e-08 1 0 0 1 -4.20301e-08 -1.45889e-07 1 -1.5444e-07 1.74017e-08 1 -2.70006e-08 -1.58913e-07 1 0 0 1 0 0 1 0 0 1 0 0 1 7.35192e-08 5.21647e-08 1 8.15634e-08 4.50785e-08 1 0 0 1 0 0 1 0 0 1 9.08824e-08 3.76446e-08 1 -1.69633e-07 5.93571e-08 1 -9.89033e-09 -1.76121e-07 1 0.00225222 -0.00360157 0.999991 0 0 1 0 0 1 0 0 1 0 0 1 0 0 1 0 0 1 0 0 1 1.02165e-07 2.94334e-08 1 0 0 1 0.00244627 -0.00153706 0.999996 0 0 1 0 0 1 0.00237948 -0.00237954 0.999994 0 0 1 0 0 1 0 0 1 0 0 1 1.46082e-07 -8.37225e-15 1 0 0 1 1.78053e-07 3.02523e-08 1 0 0 1 0 0 1 0 0 1 0 0 1 0 0 1 0 0 1 1.56944e-07 8.81385e-09 1 1.41842e-07 -7.96574e-09 1 0 0 1 0 0 1 0 0 1 0 0 1 0 0 1 0 0 1 1.53527e-05 -3.70457e-05 1 3.67638e-06 -3.67642e-06 1 2.73286e-06 -1.71716e-06 1 2.12003e-06 -7.4184e-07 1 1.67932e-06 -1.89209e-07 1 1.304e-07 -2.21558e-08 1 0 0 1 0 0 1 5.23412e-07 1.83155e-07 1 6.0443e-07 6.80957e-08 1 7.39629e-07 -8.33273e-08 1 1.02963e-06 -3.6029e-07 1 1.01474e-06 -3.47287e-07 1 5.89626e-07 -7.70952e-08 1 8.59486e-08 4.21682e-08 1 4.64636e-07 0 1 9.12832e-07 -5.7728e-07 1 2.27125e-06 -1.11434e-06 1 4.52698e-07 0 1 0 0 1 0 0 1 2.29216e-06 8.02052e-07 1 0 0 1 0 0 1 4.13326e-06 4.62515e-06 1 0 0 1 1.05089e-05 2.18615e-05 1 0.00217201 -0.0057367 0.999981 0.00215091 -0.00614685 0.999979 0.00229438 -0.00365148 0.999991 0 0 1 -4.32318e-08 1.75398e-07 1 -1.44885e-07 -1.44885e-07 1 -5.65163e-08 1.23075e-07 1 0 0 1 0 1.49012e-06 1 2.82147e-07 1.92241e-07 1 -1.25335e-07 -7.87532e-08 1 -6.40823e-08 1.22098e-07 1 -4.58678e-08 -7.29986e-08 1 0 0 1 0 0 1 -1.14834e-07 -4.01818e-08 1 -7.77544e-08 8.7767e-08 1 -4.34712e-08 -1.24234e-07 1 0 0 1 -7.60709e-08 1.02029e-07 1 -8.78093e-08 6.06101e-08 1 -1.07652e-07 -1.21298e-08 1 0 0 1 0 0 1 -1.42771e-07 1.6087e-08 1 -5.58519e-08 1.34839e-07 1 -1.30682e-07 4.57272e-08 1 -6.8794e-08 1.24474e-07 1 0 0 1 0 0 1 -4.3827e-08 -1.15755e-07 1 0 0 1 0 0 1 0 0 1 0 0 1 0 0 1 0 0 1 0 0 1 0 0 1 0 0 1 0 0 1 0 0 1 0 0 1 0 0 1 0 0 1 9.12832e-07 5.77281e-07 1 7.35763e-06 -5.86753e-06 1 0 0 1 0 0 1 0 0 1 0 0 1 0 0 1 6.0443e-07 -6.80959e-08 1 5.23413e-07 -1.83153e-07 1 0 0 1 0 0 1 7.39629e-07 8.33277e-08 1 0 0 1 0 0 1 0 0 1 -1.38231e-07 4.85651e-08 1 0 0 1 0 0 1 0 0 1 0 0 1 0 0 1 1.02963e-06 3.6029e-07 1 -9.92455e-07 -1.47161e-06 1 -1.55572e-07 1.88894e-08 1 0 0 1 0 0 1 0 0 1 0 0 1 0 0 1 0 0 1 0 0 1 0 0 1 0 0 1 0 0 1 0 0 1 0 0 1 0 0 1 0 0 1 0 0 1 0 0 1 0 0 1 0 0 1 0 0 1 9.83694e-07 3.20162e-07 1 0 0 1 0 0 1 0 0 1 0 0 1 0 0 1 0 0 1 0 0 1 -0.073714 0.0132689 0.997191 -0.0603933 -0.000170291 0.998175 -0.00352829 -0.00830744 0.999959 0.00181527 -0.00438244 0.999989 0.00137005 -0.00475552 0.999988 -0.125739 0.0790067 0.988912 -0.273713 0.660769 0.698903 -0.238002 0.430278 0.870756 0.000885609 -0.00521229 0.999986 0.000325569 -0.0057975 0.999983 0 0 1 0 0 1 0 0 1 0 0 1 0 0 1 0 0 1 0 0 1 0 0 1 0 0 1 0 0 1 0 0 1 0 0 1 0 0 1 0 0 1 0 0 1 0 0 1 0 0 1 0 0 1 0 0 1 0 0 1 0 0 1 0 0 1 0 0 1 0 0 1 0 0 1 0 0 1 0 0 1 0 0 1 0 0 1 0 0 1 0 0 1 0 0 1 0 0 1 -0.993713 -0.111953 0 -0.943888 -0.330265 0 -0.993713 -0.111953 0 -0.846714 -0.532043 0.00257968 -0.923875 -0.382685 0.00261663 -0.707097 -0.707117 0 -0.875053 -0.484027 0 -0.532033 -0.84672 0.00257853 -0.666342 -0.745642 0.0026153 -0.330281 -0.943883 0 -0.578378 -0.815769 0 -0.111966 -0.993709 0.0025785 -0.276846 -0.960911 0.00261533 -0.16715 -0.985932 0 0.157388 -0.987507 -0.00765054 0.125776 -0.991838 -0.0209108 0.277103 -0.960615 0.0207949 0.382619 -0.923681 -0.0204052 0.532036 -0.846722 0 0.48392 -0.874865 0.0207935 0.707102 -0.707112 0 0.707102 -0.707112 0 0.846544 -0.531919 0.0206305 0.875057 -0.484021 0 0.943886 -0.330273 0 0.923677 -0.3826 0.0209247 0.996233 -0.0841843 -0.0208154 0.990235 -0.139406 0 -0.00631391 -0.000281939 -0.99998 0.000227496 -0.000142945 -1 0.000147027 -0.000147028 -1 9.53748e-05 -0.000151788 -1 5.51336e-05 -0.000157566 -1 1.8584e-05 -0.000164935 -1 -0.204032 0.324712 -0.923544 -0.254089 0.880834 -0.399463 -0.148139 0.148141 -0.977808 -0.111901 0.0703123 -0.991229 -0.0873046 0.0305485 -0.995713 -0.0701331 0.00882302 -0.997499 -0.0484504 -0.0128399 -0.998743 -9.80259e-08 -0.012855 -0.999917 0 0 -1 0 0 -1 0 0 -1 0 0 -1 0 0 1 0 0 1 0.00695989 -0.00183155 -0.999974 0 0 -1 0.00707989 -0.000797709 -0.999975 0.00693344 -0.00242606 -0.999973 0.00681309 -0.00428094 -0.999968 0.0067098 -0.00670992 -0.999955 0.012514 0.796957 -0.603906 0.00661748 -0.0105316 -0.999923 0 0 1 0 0 1 0 0 1 0 0 1 0 0 1 0 0 1 0 0 1 0 0 1 0 0 1 0 0 1 0 0 1 0 0 1 0 0 1 0 0 1 0 0 1 0 0 1 8.97893e-07 -6.15124e-07 1 0 0 1 -5.99835e-08 -1.27522e-08 1 0 0 1 0 0 1 0 0 1 -8.49577e-08 -3.56114e-09 1 -9.49283e-08 -1.1995e-08 1 8.05641e-08 -4.6173e-15 -1 -8.08089e-08 0 1 0 0 1 0 0 1 0 0 1 0 0 1 0 0 1 0 0 1 -7.82274e-08 3.27897e-09 1 -7.35999e-08 9.30003e-09 1 -6.94997e-08 1.47755e-08 1 -2.06961e-07 2.06962e-07 1 9.78298e-07 5.9026e-07 1 -1.43188e-07 -8.63931e-08 1 9.76072e-08 -4.09249e-08 1 1.12179e-08 -9.9559e-08 1 9.09097e-08 -4.89714e-08 1 3.29362e-08 -9.41251e-08 1 0 0 1 0 0 1 0 0 1 5.34681e-08 -8.50928e-08 1 0 0 1 0 0 1 0 0 1 0 0 1 0 0 1 0 0 1 0 0 1 0 0 1 0 0 1 7.16301e-08 -7.16294e-08 1 8.45799e-08 -5.67789e-08 1 0 0 1 0 0 1 0 0 1 0 0 1 0 0 1 0 0 1 0 0 1 0 0 1 0 0 1 8.5906e-08 -5.39794e-08 1 7.83174e-08 -6.44149e-08 1 9.53203e-08 -3.33542e-08 1 7.19708e-08 -7.19709e-08 1 0 0 1 0 0 1 0 0 1 0 0 1 0 0 1 0 0 1 0 0 1 0 0 1 0 0 1 0 0 1 0 0 1 0 0 1 0 0 1 0 0 1 0 0 1 0 0 1 0 0 1 0 0 1 0 0 1 0 0 1 0 0 1 0 0 1 0 0 1 0 0 1 0 0 1 0 0 1 0 0 1 0 0 1 0 0 1 0 0 1 0 0 1 0 0 1 0 0 1 0 0 1 0 0 1 0 0 1 0 0 1 0 0 1 0 0 1 0 0 1 0 0 1 8.70667e-08 -3.68416e-08 1 6.54873e-08 -7.96212e-08 1 0 0 1 0 0 1 0 0 1 0 0 1 0 0 1 0 0 1 0 0 1 0 0 1 0 0 1 0 0 1 0 0 1 0 0 1 4.00732e-08 -7.6352e-08 1 -5.93454e-07 -6.28925e-07 1 0 0 1 7.7879e-08 -4.19521e-08 1 2.09818e-08 -8.5127e-08 1 8.41455e-08 -3.52808e-08 1 0 -9.16126e-08 1 9.82032e-07 5.89105e-07 1 0 0 1 0 0 1 0 0 1 0 0 1 0 0 1 0 0 1 0 0 1 0 0 1 9.8034e-08 -2.57878e-08 1 0 0 1 0 0 1 0 0 1 0 0 1 0 0 1 0 0 1 0 0 1 0 0 1 0 0 1 0 0 1 0 0 1 0 0 1 0 0 1 0 0 1 0 0 1 0 0 1 0 0 1 0 0 1 0 0 1 0 0 1 0 0 1 0 0 1 0 0 1 0 0 1 0 0 1 0 0 1 -5.93453e-07 6.28925e-07 1 0 0 1 0 0 1 7.78791e-08 4.1952e-08 1 4.00734e-08 7.63518e-08 1 0 0 1 0 0 1 2.09821e-08 8.51267e-08 1 8.41454e-08 3.52808e-08 1 0 0 1 0 0 1 0 9.16127e-08 1 9.82031e-07 -5.89104e-07 1 0 0 1 0 0 1 0 0 1 0 0 1 0 0 1 0 0 1 0 0 1 0 0 1 0 0 1 0 0 1 0 0 1 0 0 1 0 0 1 0 0 1 0 0 1 0 0 1 0 0 1 0 0 1 0 0 1 0 0 1 0 0 1 0 0 1 0 0 1 0 0 1 0 0 1 0 0 1 0 0 1 0 0 1 0 0 1 0 0 1 0 0 1 0 0 1 0 0 1 0 0 1 0 0 1 0 0 1 0 0 1 0 0 1 0 0 1 0 0 1 0 0 1 0 0 1 0 0 1 0 0 1 0 0 1 0 0 1 0 0 1 0 0 1 0 0 1 0 0 1 0 0 1 0 0 1 0 0 1 0 0 1 0 0 1 0 0 1 0 0 1 0 0 1 0 0 1 0 0 1 0 0 1 0 0 1 0 0 1 0 0 1 0 0 1 0 0 1 0 0 1 1 3.91205e-07 -3.46577e-07 1 2.83098e-07 -4.10137e-07 1 5.55392e-07 -2.91492e-07 1 1.89766e-07 -5.0037e-07 1 9.09141e-07 -2.24084e-07 1 7.99589e-08 -6.58519e-07 1 -7.99589e-08 -6.58519e-07 1 0 -8.09845e-07 1 -1.89765e-07 -5.00371e-07 1 0 0 1 0 0 1 0 0 1 1.21811e-06 -1.86264e-07 1 -2.83097e-07 -4.10138e-07 1 0 0 1 -3.91206e-07 -3.46577e-07 1 0 0 1 -5.55392e-07 -2.91492e-07 1 0 0 1 0 0 1 0 0 1 0 0 1 0 0 1 0 0 1 0 0 1 0 0 1 -1.30739e-06 -1.86264e-07 1 0 0 1 -8.10544e-07 -2.42872e-07 1 0 0 0.704515 -0.0855438 0.704515 0.704523 -0.0855447 0.704506 -0.704524 0.251656 -0.663562 0.704526 -0.251656 0.66356 -0.704516 0.403147 -0.584063 -0.704528 0.403143 -0.584052 -0.704511 0.531212 -0.470615 -0.704515 0.53121 -0.470611 0.704518 -0.628396 0.329806 0.70451 -0.628403 0.329811 0.704526 -0.689057 0.169836 0.704519 -0.689063 0.169839 0.704524 -0.70968 0 0.704524 -0.70968 0 0.704519 -0.689063 -0.169838 0.704526 -0.689057 -0.169837 0.704513 -0.6284 -0.329809 0.704518 -0.628395 -0.329808 -0.704515 0.53121 0.470611 0.704515 -0.53121 -0.470611 0.704528 -0.40314 -0.584053 0.704516 -0.40315 -0.584062 0.704532 -0.251653 -0.663555 0.704524 -0.251658 -0.663562 0.704515 -0.0855458 -0.704515 0.70453 -0.0855406 -0.7045 0 -1 0 0 -1 0 0 -1 0 0 -1 0 0 -1 0 0 -1 0 0 -1 0 0 -1 0 0 -1 0 0 -1 0 0 -1 0 0 -1 0 0 -1 0 0 -1 0 0 -1 0 0 -1 0 0 -1 0 0 -1 0 0 -1 0 0 -1 0 0 -1 0 0 -1 0 0 -1 0 0 -1 0 0 -1 0 0 -1 0 0 -1 0 0 -1 0 0 -1 0 0 -1 0 -0.0855437 0.704515 0.704515 -0.0855443 0.704521 0.704509 -0.251659 0.704512 0.663574 0.251658 -0.704519 -0.663567 0.403146 -0.704524 -0.584054 0.40315 -0.704513 -0.584065 -0.531208 0.704517 0.470611 0.531203 -0.704525 -0.470604 0.628398 -0.704515 -0.329809 0.628397 -0.704516 -0.329808 0.689071 -0.704511 -0.169841 0.689066 -0.704516 -0.169838 0.709693 -0.704511 0 0.709693 -0.704511 0 0.689064 -0.704518 0.169839 0.689071 -0.704511 0.169839 0.628401 -0.704513 0.329809 0.628396 -0.704518 0.329807 0.531205 -0.704521 0.470608 0.531212 -0.704512 0.470613 0.403147 -0.704519 0.58406 0.403147 -0.704519 0.58406 0.251662 -0.704513 0.663572 0.251658 -0.704519 0.663567 0.0855436 -0.704515 0.704515 0.0855438 -0.704514 0.704515 -1 0 0 -1 0 0 -1 0 0 -1 0 0 -1 0 0 -1 0 0 -1 0 0 -1 0 0 -1 0 0 -1 0 0 -1 0 0 -1 -2.83098e-07 4.10137e-07 -1 -3.91204e-07 3.46577e-07 -1 -5.55391e-07 2.91492e-07 -1 -9.09141e-07 2.24083e-07 -1 -1.2181e-06 1.86264e-07 -1 0 0 -1 -1.89766e-07 5.0037e-07 -1 0 0 -1 -7.99601e-08 6.58517e-07 -1 5.55392e-07 2.91493e-07 -1 3.91205e-07 3.46577e-07 -1 2.83097e-07 4.10138e-07 -1 1.89766e-07 5.0037e-07 -1 7.99601e-08 6.58517e-07 -1 0 8.09846e-07 -1 1.21811e-06 1.86264e-07 -1 0 0 -1 9.09144e-07 2.24084e-07 -1 0 0 -0.704515 -0.0855453 -0.704515 0.704508 0.0855447 0.704521 0.704512 0.25166 0.663573 0.704508 0.251661 0.663577 0.704508 0.403154 0.584068 -0.704512 -0.403152 -0.584064 0.704506 0.531216 0.470617 0.704506 0.531216 0.470618 -0.704508 -0.628405 -0.329811 -0.704503 -0.628409 -0.329814 -0.704498 -0.689083 -0.169846 -0.704507 -0.689074 -0.169842 -0.704498 -0.709706 0 -0.704498 -0.709706 0 -0.704507 -0.689074 0.169844 -0.704499 -0.689082 0.169844 -0.704497 -0.628415 0.329816 -0.704508 -0.628404 0.329813 -0.704506 -0.531215 0.470618 -0.704498 -0.531223 0.470623 -0.704507 -0.403155 0.584069 -0.704508 -0.403154 0.584068 -0.704508 -0.251662 0.663577 -0.704506 -0.251663 0.663579 -0.704508 -0.0855462 0.704521 -0.704509 -0.0855461 0.704521 0 1 0 0 1 0 0 1 0 0 1 0 0 1 0 0 1 0 0 1 0 0 1 0 0 1 0 0 1 0 0 1 0 0 1 0 0 1 0 0 1 0 0 1 0 0 1 0 0 1 0 0 1 0 0 1 0 0 1 0 0 1 0 0 1 0 0 1 0 0 1 0 0 1 0 0 1 0 0 1 0 0 1 0 0 1 0 0 1 0 0.0855413 0.704535 0.704495 -0.0855413 -0.704534 -0.704496 -0.251652 -0.704539 -0.663548 0.251653 0.704533 0.663554 0.403135 0.704538 0.584044 -0.403136 -0.704538 -0.584044 0.531196 0.704532 0.470601 -0.531191 -0.704541 -0.470594 0.628379 0.704538 0.329797 0.628383 0.704533 0.3298 0.689052 0.704531 0.169836 0.689045 0.704538 0.169833 0.709673 0.704531 0 0.709673 0.704531 0 -0.689046 -0.704536 0.169835 0.689052 0.704531 -0.169835 0.62838 0.704536 -0.329799 0.628381 0.704535 -0.3298 0.531187 0.704545 -0.470592 0.531194 0.704536 -0.470597 -0.403141 -0.704533 0.584047 0.403132 0.704544 -0.58404 0.25165 0.704539 -0.663549 0.251653 0.704532 -0.663555 0.0855427 0.704535 -0.704495 0.0855406 0.704541 -0.704489 0.0980188 0 0.995185 0.0980188 0 0.995185 0.290283 0 0.956941 0.290283 0 0.956941 0.471396 0 0.881922 0.471396 0 0.881922 0.634394 0 0.77301 0.634394 0 0.77301 0.773011 0 0.634393 0.773011 0 0.634393 0.881922 0 0.471396 0.881922 0 0.471396 0.956941 0 0.290283 0.956941 0 0.290283 0.995184 0 0.0980245 0.995184 0 0.0980245 0.995184 0 -0.0980239 0.995184 0 -0.0980239 0.956941 0 -0.290283 0.956941 0 -0.290283 0.881922 0 -0.471395 0.881922 0 -0.471395 0.773011 0 -0.634393 0.773011 0 -0.634393 0.634393 0 -0.773011 0.634393 0 -0.773011 0.471394 0 -0.881923 0.471394 0 -0.881923 0.290286 0 -0.95694 0.290286 0 -0.95694 0.0980161 0 -0.995185 0.0980161 0 -0.995185 -0.0980161 0 -0.995185 -0.0980161 0 -0.995185 -0.290287 0 -0.95694 -0.290287 0 -0.95694 -0.471394 0 -0.881923 -0.471394 0 -0.881923 -0.634393 0 -0.773011 -0.634393 0 -0.773011 -0.773008 0 -0.634396 -0.773008 0 -0.634396 -0.88192 0 -0.471399 -0.88192 0 -0.471399 -0.956942 0 -0.290278 -0.956942 0 -0.290278 -0.995185 0 -0.0980188 -0.995185 0 -0.0980188 -0.995185 0 0.0980191 -0.995185 0 0.0980191 -0.956942 0 0.290278 -0.956942 0 0.290278 -0.88192 0 0.471399 -0.88192 0 0.471399 -0.773008 0 0.634396 -0.773008 0 0.634396 -0.634394 0 0.77301 -0.634394 0 0.77301 -0.471396 0 0.881922 -0.471396 0 0.881922 0 -1 0 0 -1 0 0 -1 0 0 -1 0 0 -1 0 0 -1 0 0 -1 0 0 -1 0 0 -1 0 0 -1 0 0 -1 0 0 -1 0 0 -1 0 0 -1 0 0 -1 0 0 -1 0 0 -1 0 0 -1 0 0 -1 0 0 -1 0 0 -1 0 0 -1 0 0 -1 0 0 -1 0 0 -1 0 0 -1 0 0 -1 0 0 -1 0 0 -1 0 0 -1 0 -0.290285 0 0.95694 -0.290285 0 0.95694 -0.0980188 0 0.995185 -0.0980188 0 0.995185 0 1 0 0 1 0 0 1 0 0 1 0 0 1 0 0 1 0 0 1 0 0 1 0 0 1 0 0 1 0 0 1 0 0 1 0 0 1 0 0 1 0 0 1 0 0 1 0 0 1 0 0 1 0 0 1 0 0 1 0 0 1 0 0 1 0 0 1 0 0 1 0 0 1 0 0 1 0 0 1 0 0 1 0 0 1 0 0 1 0 0 0 1 0 -1 0 0 0 1 0.390934 -0.536506 0.747885 0.00537271 -0.999985 0.00106725 -0.995185 0 0.0980171 -0.995185 0 0.0980171 -0.95694 0 0.290285 -0.95694 0 0.290285 -0.881921 0 0.471397 -0.881921 0 0.471397 -0.77301 0 0.634394 -0.77301 0 0.634394 -0.634393 0 0.77301 -0.634393 0 0.77301 -0.471399 0 0.88192 -0.471399 0 0.88192 -0.290285 0 0.95694 -0.290285 0 0.95694 -0.0980165 0 0.995185 -0.0980165 0 0.995185 0.0980165 0 0.995185 0.0980165 0 0.995185 0.290285 0 0.95694 0.290285 0 0.95694 0.471399 0 0.88192 0.471399 0 0.88192 0.634393 0 0.77301 0.634393 0 0.77301 0.77301 0 0.634394 0.77301 0 0.634394 0.881921 0 0.471397 0.881921 0 0.471397 0.95694 0 0.290285 0.95694 0 0.290285 0.995185 0 0.0980159 0.995185 0 0.0980159 0.995185 0 -0.0980165 0.995185 0 -0.0980165 0.956941 0 -0.290284 0.956941 0 -0.290284 0.881921 0 -0.471398 0.881921 0 -0.471398 0.77301 0 -0.634394 0.77301 0 -0.634394 0.634393 0 -0.77301 0.634393 0 -0.77301 0.471397 0 -0.881921 0.471397 0 -0.881921 0.290285 0 -0.95694 0.290285 0 -0.95694 0.0980188 0 -0.995185 0.0980188 0 -0.995185 -0.0980188 0 -0.995185 -0.0980188 0 -0.995185 -0.290284 0 -0.95694 -0.290284 0 -0.95694 -0.471397 0 -0.881921 -0.471397 0 -0.881921 -0.634392 0 -0.773012 -0.634392 0 -0.773012 -0.77301 0 -0.634394 -0.77301 0 -0.634394 -0.881921 0 -0.471397 -0.881921 0 -0.471397 0 -1 0 0 -1 0 0 -1 0 0 -1 0 0 -1 0 0 -1 0 0 -1 0 0 -1 0 0 -1 0 0 -1 0 0 -1 0 0 -1 0 0 -1 0 0 -1 0 0 -1 0 0 -1 0 0 -1 0 0 -1 0 0 -1 0 0 -1 0 0 -1 0 0 -1 0 0 -1 0 0 -1 0 0 -1 0 0 -1 0 0 -1 0 0 -1 0 0 -1 0 0 -1 0 -0.95694 0 -0.290285 -0.95694 0 -0.290285 -0.995185 0 -0.0980165 -0.995185 0 -0.0980165 0 1 0 0 1 0 0 1 0 0 1 0 0 1 0 0 1 0 0 1 0 0 1 0 0 1 0 0 1 0 0 1 0 0 1 0 0 1 0 0 1 0 0 1 0 0 1 0 0 1 0 0 1 0 0 1 0 0 1 0 0 1 0 0 1 0 0 1 0 0 1 0 0 1 0 0 1 0 0 1 0 0 1 0 0 1 0 0 1 0 0 0.995185 0.0980189 0 0.995185 0.0980189 0 0.956941 0.290284 0 0.956941 0.290284 0 0.881922 0.471396 0 0.881922 0.471396 0 0.773013 0.634391 0 0.773013 0.634391 0 0.63439 0.773013 0 0.63439 0.773013 0 0.471399 0.88192 0 0.471399 0.88192 0 0.290284 0.956941 0 0.290284 0.956941 0 0.0980167 0.995185 0 0.0980167 0.995185 0 -0.0980163 0.995185 0 -0.0980163 0.995185 0 -0.290285 0.95694 0 -0.290285 0.95694 0 -0.471399 0.88192 0 -0.471399 0.88192 0 -0.634392 0.773012 0 -0.634392 0.773012 0 -0.77301 0.634394 0 -0.77301 0.634394 0 -0.881922 0.471396 0 -0.881922 0.471396 0 -0.956941 0.290284 0 -0.956941 0.290284 0 -0.995185 0.0980189 0 -0.995185 0.0980189 0 -0.995185 -0.0980189 0 -0.995185 -0.0980189 0 -0.95694 -0.290284 0 -0.95694 -0.290284 0 -0.881922 -0.471395 0 -0.881922 -0.471395 0 -0.773009 -0.634395 0 -0.773009 -0.634395 0 -0.634393 -0.77301 0 -0.634393 -0.77301 0 -0.471395 -0.881922 0 -0.471395 -0.881922 0 -0.290285 -0.95694 0 -0.290285 -0.95694 0 -0.098021 -0.995184 0 -0.098021 -0.995184 0 0.0980214 -0.995184 0 0.0980214 -0.995184 0 0.290284 -0.956941 0 0.290284 -0.956941 0 0.471395 -0.881922 0 0.471395 -0.881922 0 0.634391 -0.773012 0 0.634391 -0.773012 0 0.773012 -0.634392 0 0.773012 -0.634392 0 0.881922 -0.471395 0 0.881922 -0.471395 -1 0 0 -1 0 0 -1 0 0 -1 0 0 -1 0 0 -1 0 0 -1 0 0 -1 0 0 -1 0 0 -1 0 0 -1 0 0 -1 0 0 -1 0 0 -1 0 0 -1 0 0 -1 0 0 -1 0 0 -1 0 0 -1 0 0 -1 0 0 -1 0 0 -1 0 0 -1 0 0 -1 0 0 -1 0 0 -1 0 0 -1 0 0 -1 0 0 -1 0 0 -1 0 0 0 0.95694 -0.290284 0 0.95694 -0.290284 0 0.995185 -0.0980189 0 0.995185 -0.0980189 1 0 0 1 0 0 1 0 0 1 0 0 1 0 0 1 0 0 1 0 0 1 0 0 1 0 0 1 0 0 1 0 0 1 0 0 1 0 0 1 0 0 1 0 0 1 0 0 1 0 0 1 0 0 1 0 0 1 0 0 1 0 0 1 0 0 1 0 0 1 0 0 1 0 0 1 0 0 1 0 0 1 0 0 1 0 0 1 0 0 -0.995185 0 0.0980171 -0.995185 0 0.0980171 -0.95694 0 0.290285 -0.95694 0 0.290285 -0.881921 0 0.471397 -0.881921 0 0.471397 -0.77301 0 0.634394 -0.77301 0 0.634394 -0.634393 0 0.77301 -0.634393 0 0.77301 -0.471399 0 0.88192 -0.471399 0 0.88192 -0.290285 0 0.95694 -0.290285 0 0.95694 -0.0980164 0 0.995185 -0.0980164 0 0.995185 0.0980164 0 0.995185 0.0980164 0 0.995185 0.290285 0 0.95694 0.290285 0 0.95694 0.471399 0 0.88192 0.471399 0 0.88192 0.634393 0 0.77301 0.634393 0 0.77301 0.77301 0 0.634394 0.77301 0 0.634394 0.881921 0 0.471397 0.881921 0 0.471397 0.95694 0 0.290285 0.95694 0 0.290285 0.995185 0 0.0980159 0.995185 0 0.0980159 0.995185 0 -0.0980165 0.995185 0 -0.0980165 0.956941 0 -0.290284 0.956941 0 -0.290284 0.881921 0 -0.471398 0.881921 0 -0.471398 0.77301 0 -0.634394 0.77301 0 -0.634394 0.634393 0 -0.77301 0.634393 0 -0.77301 0.471397 0 -0.881921 0.471397 0 -0.881921 0.290285 0 -0.95694 0.290285 0 -0.95694 0.0980188 0 -0.995185 0.0980188 0 -0.995185 -0.0980188 0 -0.995185 -0.0980188 0 -0.995185 -0.290284 0 -0.95694 -0.290284 0 -0.95694 -0.471397 0 -0.881921 -0.471397 0 -0.881921 -0.634392 0 -0.773012 -0.634392 0 -0.773012 -0.77301 0 -0.634394 -0.77301 0 -0.634394 -0.881921 0 -0.471397 -0.881921 0 -0.471397 0 -1 0 0 -1 0 0 -1 0 0 -1 0 0 -1 0 0 -1 0 0 -1 0 0 -1 0 0 -1 0 0 -1 0 0 -1 0 0 -1 0 0 -1 0 0 -1 0 0 -1 0 0 -1 0 0 -1 0 0 -1 0 0 -1 0 0 -1 0 0 -1 0 0 -1 0 0 -1 0 0 -1 0 0 -1 0 0 -1 0 0 -1 0 0 -1 0 0 -1 0 0 -1 0 -0.95694 0 -0.290285 -0.95694 0 -0.290285 -0.995185 0 -0.0980165 -0.995185 0 -0.0980165 0 1 0 0 1 0 0 1 0 0 1 0 0 1 0 0 1 0 0 1 0 0 1 0 0 1 0 0 1 0 0 1 0 0 1 0 0 1 0 0 1 0 0 1 0 0 1 0 0 1 0 0 1 0 0 1 0 0 1 0 0 1 0 0 1 0 0 1 0 0 1 0 0 1 0 0 1 0 0 1 0 0 1 0 0 1 0 0 1 0</float_array>
                    <technique_common>
                        <accessor count="8613" source="#shape0-lib-normals-array" stride="3">
                            <param name="X" type="float"/>
                            <param name="Y" type="float"/>
                            <param name="Z" type="float"/>
                        </accessor>
                    </technique_common>
                </source>
                <vertices id="shape0-lib-vertices">
                    <input semantic="POSITION" source="#shape0-lib-positions"/>
                </vertices>
                <triangles count="8613">
                    <input offset="0" semantic="VERTEX" source="#shape0-lib-vertices"/>
                    <input offset="1" semantic="NORMAL" source="#shape0-lib-normals"/>
                    <p>0 0 1 0 2 0 0 1 2 1 3 1 3 2 2 2 4 2 3 3 4 3 5 3 5 4 4 4 6 4 5 5 6 5 7 5 7 6 6 6 8 6 7 7 8 7 9 7 9 8 8 8 10 8 9 9 10 9 11 9 11 10 10 10 12 10 11 11 12 11 13 11 13 12 12 12 14 12 13 13 14 13 15 13 15 14 14 14 16 14 15 15 16 15 17 15 17 16 16 16 18 16 17 17 18 17 19 17 19 18 18 18 20 18 19 19 20 19 21 19 21 20 20 20 22 20 21 21 22 21 23 21 23 22 22 22 24 22 23 23 24 23 25 23 25 24 24 24 26 24 25 25 26 25 27 25 27 26 26 26 28 26 27 27 28 27 29 27 29 28 28 28 30 28 29 29 30 29 31 29 31 30 30 30 32 30 31 31 32 31 33 31 33 32 32 32 34 32 33 33 34 33 35 33 35 34 34 34 36 34 35 35 36 35 37 35 37 36 36 36 38 36 37 37 38 37 39 37 39 38 38 38 40 38 39 39 40 39 41 39 41 40 40 40 42 40 41 41 42 41 43 41 43 42 42 42 44 42 43 43 44 43 45 43 45 44 44 44 46 44 45 45 46 45 47 45 47 46 46 46 48 46 47 47 48 47 49 47 49 48 48 48 50 48 49 49 50 49 51 49 51 50 50 50 52 50 51 51 52 51 53 51 53 52 52 52 54 52 53 53 54 53 55 53 55 54 54 54 56 54 55 55 56 55 57 55 57 56 56 56 58 56 57 57 58 57 59 57 59 58 58 58 60 58 59 59 60 59 61 59 4 60 2 60 1 60 1 61 62 61 60 61 60 62 58 62 56 62 56 63 54 63 52 63 52 64 50 64 48 64 48 65 46 65 44 65 44 66 42 66 40 66 40 67 38 67 36 67 36 68 34 68 32 68 32 69 30 69 28 69 28 70 26 70 24 70 24 71 22 71 20 71 20 72 18 72 16 72 16 73 14 73 12 73 12 74 10 74 8 74 8 75 6 75 4 75 4 76 1 76 60 76 60 77 56 77 52 77 52 78 48 78 44 78 44 79 40 79 36 79 36 80 32 80 28 80 28 81 24 81 20 81 20 82 16 82 12 82 12 83 8 83 4 83 4 84 60 84 52 84 52 85 44 85 36 85 36 86 28 86 20 86 20 87 12 87 4 87 4 88 52 88 36 88 36 89 20 89 4 89 61 90 60 90 62 90 61 91 62 91 63 91 63 92 62 92 1 92 63 93 1 93 0 93 63 94 0 94 3 94 3 95 5 95 7 95 7 96 9 96 11 96 11 97 13 97 15 97 15 98 17 98 19 98 19 99 21 99 23 99 23 100 25 100 27 100 27 101 29 101 31 101 31 102 33 102 35 102 35 103 37 103 39 103 39 104 41 104 43 104 43 105 45 105 47 105 47 106 49 106 51 106 51 107 53 107 55 107 55 108 57 108 59 108 59 109 61 109 63 109 63 110 3 110 7 110 7 111 11 111 15 111 15 112 19 112 23 112 23 113 27 113 31 113 31 114 35 114 39 114 39 115 43 115 47 115 47 116 51 116 55 116 55 117 59 117 63 117 63 118 7 118 15 118 15 119 23 119 31 119 31 120 39 120 47 120 47 121 55 121 63 121 63 122 15 122 31 122 31 123 47 123 63 123 64 124 65 124 66 124 64 125 66 125 67 125 68 126 69 126 67 126 70 127 71 127 72 127 70 128 72 128 73 128 68 129 67 129 66 129 70 130 73 130 68 130 66 131 70 131 68 131 71 132 70 132 74 132 71 133 74 133 75 133 76 134 75 134 74 134 65 135 64 135 77 135 65 136 77 136 78 136 79 137 76 137 74 137 65 138 78 138 79 138 74 139 65 139 79 139 71 140 75 140 76 140 71 141 76 141 72 141 77 142 64 142 67 142 77 143 67 143 69 143 77 144 69 144 68 144 77 145 68 145 78 145 72 146 76 146 79 146 72 147 79 147 73 147 78 148 68 148 73 148 78 149 73 149 79 149 80 150 81 150 82 150 80 151 82 151 83 151 83 152 82 152 84 152 83 153 84 153 85 153 85 154 84 154 86 154 85 155 86 155 87 155 87 156 86 156 81 156 87 157 81 157 80 157 85 158 88 158 89 158 85 159 89 159 90 159 91 160 92 160 83 160 93 161 91 161 83 161 83 162 85 162 90 162 83 163 90 163 94 163 95 164 93 164 83 164 83 165 94 165 96 165 83 166 96 166 95 166 97 167 88 167 85 167 83 168 92 168 98 168 83 169 98 169 99 169 100 170 97 170 85 170 101 171 100 171 85 171 80 172 83 172 99 172 80 173 99 173 102 173 101 174 85 174 87 174 103 175 101 175 87 175 80 176 102 176 104 176 80 177 104 177 105 177 106 178 103 178 87 178 107 179 106 179 87 179 80 180 105 180 108 180 80 181 108 181 109 181 110 182 107 182 87 182 111 183 110 183 87 183 80 184 109 184 112 184 80 185 112 185 113 185 114 186 111 186 87 186 115 187 114 187 87 187 80 188 113 188 116 188 80 189 116 189 117 189 115 190 87 190 80 190 118 191 115 191 80 191 80 192 117 192 119 192 80 193 119 193 118 193 120 194 121 194 84 194 86 195 122 195 123 195 86 196 123 196 124 196 125 197 120 197 84 197 126 198 125 198 84 198 81 199 86 199 124 199 81 200 124 200 127 200 126 201 84 201 82 201 128 202 126 202 82 202 81 203 127 203 129 203 81 204 129 204 130 204 131 205 128 205 82 205 132 206 131 206 82 206 81 207 130 207 133 207 81 208 133 208 134 208 135 209 132 209 82 209 136 210 135 210 82 210 81 211 134 211 137 211 81 212 137 212 138 212 139 213 136 213 82 213 140 214 139 214 82 214 81 215 138 215 141 215 81 216 141 216 142 216 140 217 82 217 81 217 143 218 140 218 81 218 81 219 142 219 144 219 81 220 144 220 143 220 84 221 121 221 145 221 84 222 145 222 146 222 147 223 122 223 86 223 148 224 147 224 86 224 86 225 84 225 146 225 86 226 146 226 149 226 150 227 148 227 86 227 86 228 149 228 151 228 86 229 151 229 150 229 128 230 96 230 94 230 128 231 94 231 126 231 126 232 94 232 90 232 126 233 90 233 125 233 125 234 90 234 89 234 125 235 89 235 120 235 120 236 89 236 88 236 120 237 88 237 121 237 88 238 97 238 145 238 88 239 145 239 121 239 97 240 100 240 146 240 97 241 146 241 145 241 100 242 101 242 149 242 100 243 149 243 146 243 101 244 103 244 151 244 101 245 151 245 149 245 103 246 106 246 150 246 103 247 150 247 151 247 106 248 107 248 148 248 106 249 148 249 150 249 107 250 110 250 147 250 107 251 147 251 148 251 110 252 111 252 122 252 110 253 122 253 147 253 111 254 114 254 123 254 111 255 123 255 122 255 114 256 115 256 124 256 114 257 124 257 123 257 115 258 118 258 127 258 115 259 127 259 124 259 118 260 119 260 129 260 118 261 129 261 127 261 119 262 117 262 130 262 119 263 130 263 129 263 117 264 116 264 133 264 117 265 133 265 130 265 116 266 113 266 134 266 116 267 134 267 133 267 113 268 112 268 137 268 113 269 137 269 134 269 137 270 112 270 109 270 137 271 109 271 138 271 138 272 109 272 108 272 138 273 108 273 141 273 141 274 108 274 105 274 141 275 105 275 142 275 142 276 105 276 104 276 142 277 104 277 144 277 144 278 104 278 102 278 144 279 102 279 143 279 143 280 102 280 99 280 143 281 99 281 140 281 140 282 99 282 98 282 140 283 98 283 139 283 139 284 98 284 92 284 139 285 92 285 136 285 136 286 92 286 91 286 136 287 91 287 135 287 135 288 91 288 93 288 135 289 93 289 132 289 132 290 93 290 95 290 132 291 95 291 131 291 131 292 95 292 96 292 131 293 96 293 128 293 152 294 153 294 154 294 152 295 155 295 153 295 156 296 154 296 157 296 156 297 152 297 154 297 158 298 157 298 159 298 158 299 156 299 157 299 160 300 159 300 161 300 160 301 158 301 159 301 162 302 161 302 163 302 162 303 160 303 161 303 164 304 163 304 165 304 164 305 162 305 163 305 166 306 165 306 167 306 166 307 164 307 165 307 168 308 167 308 169 308 168 309 166 309 167 309 170 310 169 310 171 310 170 311 168 311 169 311 172 312 171 312 173 312 172 313 170 313 171 313 174 314 173 314 175 314 174 315 172 315 173 315 176 316 175 316 177 316 176 317 174 317 175 317 178 318 177 318 179 318 178 319 176 319 177 319 180 320 181 320 153 320 180 321 182 321 181 321 183 322 184 322 182 322 183 323 182 323 180 323 185 324 186 324 184 324 185 325 184 325 183 325 187 326 188 326 186 326 187 327 186 327 185 327 189 328 190 328 188 328 189 329 188 329 187 329 191 330 192 330 190 330 191 331 190 331 189 331 193 332 194 332 192 332 193 333 192 333 191 333 195 334 196 334 194 334 195 335 194 335 193 335 197 336 198 336 196 336 197 337 196 337 195 337 199 338 200 338 198 338 199 339 198 339 197 339 201 340 202 340 200 340 201 341 200 341 199 341 203 342 204 342 202 342 203 343 202 343 201 343 179 344 205 344 204 344 179 345 204 345 203 345 206 346 207 346 208 346 206 347 209 347 207 347 210 348 208 348 211 348 210 349 206 349 208 349 212 350 211 350 213 350 212 351 210 351 211 351 214 352 213 352 215 352 214 353 212 353 213 353 216 354 215 354 217 354 216 355 214 355 215 355 218 356 217 356 219 356 218 357 216 357 217 357 220 358 219 358 221 358 220 359 218 359 219 359 222 360 221 360 223 360 222 361 220 361 221 361 224 362 223 362 225 362 224 363 222 363 223 363 226 364 225 364 227 364 226 365 224 365 225 365 228 366 227 366 229 366 228 367 226 367 227 367 230 368 229 368 231 368 230 369 228 369 229 369 232 370 231 370 233 370 232 371 230 371 231 371 234 372 186 372 188 372 234 373 235 373 186 373 236 374 184 374 186 374 236 375 186 375 235 375 237 376 188 376 190 376 237 377 234 377 188 377 238 378 182 378 184 378 238 379 184 379 236 379 239 380 190 380 192 380 239 381 237 381 190 381 233 382 181 382 182 382 233 383 182 383 238 383 240 384 192 384 194 384 240 385 239 385 192 385 231 386 241 386 181 386 231 387 181 387 233 387 242 388 194 388 196 388 242 389 240 389 194 389 229 390 243 390 241 390 229 391 241 391 231 391 244 392 196 392 198 392 244 393 242 393 196 393 227 394 245 394 243 394 227 395 243 395 229 395 200 396 246 396 244 396 200 397 244 397 198 397 247 398 245 398 227 398 247 399 227 399 225 399 202 400 246 400 200 400 202 401 248 401 246 401 249 402 247 402 225 402 249 403 225 403 223 403 204 404 248 404 202 404 204 405 250 405 248 405 251 406 249 406 223 406 251 407 223 407 221 407 205 408 250 408 204 408 205 409 207 409 250 409 252 410 221 410 219 410 252 411 251 411 221 411 253 412 208 412 207 412 253 413 207 413 205 413 254 414 252 414 219 414 254 415 219 415 217 415 255 416 208 416 253 416 255 417 211 417 208 417 256 418 217 418 215 418 256 419 254 419 217 419 257 420 213 420 211 420 257 421 215 421 213 421 257 422 211 422 255 422 257 423 256 423 215 423 258 424 232 424 233 424 258 425 233 425 238 425 259 426 238 426 236 426 259 427 258 427 238 427 260 428 236 428 235 428 260 429 259 429 236 429 261 430 235 430 234 430 261 431 260 431 235 431 262 432 234 432 237 432 262 433 261 433 234 433 263 434 237 434 239 434 263 435 262 435 237 435 264 436 239 436 240 436 264 437 263 437 239 437 265 438 240 438 242 438 265 439 264 439 240 439 266 440 242 440 244 440 266 441 265 441 242 441 267 442 244 442 246 442 267 443 266 443 244 443 268 444 246 444 248 444 268 445 267 445 246 445 269 446 248 446 250 446 269 447 268 447 248 447 209 448 250 448 207 448 209 449 269 449 250 449 177 450 205 450 179 450 177 451 253 451 205 451 175 452 255 452 253 452 175 453 253 453 177 453 173 454 257 454 255 454 173 455 255 455 175 455 171 456 256 456 257 456 171 457 257 457 173 457 169 458 254 458 256 458 169 459 256 459 171 459 167 460 252 460 254 460 167 461 254 461 169 461 165 462 251 462 252 462 165 463 252 463 167 463 163 464 249 464 251 464 163 465 251 465 165 465 161 466 247 466 249 466 161 467 249 467 163 467 159 468 245 468 247 468 159 469 247 469 161 469 157 470 243 470 245 470 157 471 245 471 159 471 154 472 241 472 243 472 154 473 243 473 157 473 153 474 181 474 241 474 153 475 241 475 154 475 270 476 178 476 179 476 270 477 179 477 203 477 271 478 203 478 201 478 271 479 270 479 203 479 272 480 201 480 199 480 272 481 271 481 201 481 273 482 199 482 197 482 273 483 272 483 199 483 274 484 197 484 195 484 274 485 273 485 197 485 275 486 195 486 193 486 275 487 274 487 195 487 276 488 193 488 191 488 276 489 275 489 193 489 277 490 191 490 189 490 277 491 276 491 191 491 278 492 189 492 187 492 278 493 277 493 189 493 279 494 187 494 185 494 279 495 278 495 187 495 280 496 185 496 183 496 280 497 279 497 185 497 281 498 183 498 180 498 281 499 280 499 183 499 155 500 180 500 153 500 155 501 281 501 180 501 279 502 282 502 283 502 279 503 283 503 284 503 278 504 284 504 285 504 278 505 279 505 284 505 280 506 286 506 282 506 280 507 282 507 279 507 277 508 285 508 287 508 277 509 278 509 285 509 281 510 288 510 286 510 281 511 286 511 280 511 276 512 287 512 289 512 276 513 277 513 287 513 155 514 290 514 288 514 155 515 288 515 281 515 275 516 289 516 291 516 275 517 276 517 289 517 152 518 292 518 290 518 152 519 290 519 155 519 274 520 291 520 293 520 274 521 275 521 291 521 156 522 294 522 292 522 156 523 292 523 152 523 273 524 293 524 295 524 273 525 274 525 293 525 158 526 294 526 156 526 296 527 294 527 158 527 297 528 273 528 295 528 272 529 273 529 297 529 160 530 296 530 158 530 298 531 296 531 160 531 299 532 272 532 297 532 299 533 271 533 272 533 300 534 298 534 160 534 300 535 160 535 162 535 301 536 271 536 299 536 301 537 270 537 271 537 302 538 300 538 162 538 302 539 162 539 164 539 303 540 270 540 301 540 303 541 178 541 270 541 304 542 302 542 164 542 304 543 164 543 166 543 305 544 176 544 178 544 305 545 178 545 303 545 306 546 166 546 168 546 306 547 304 547 166 547 307 548 174 548 176 548 307 549 176 549 305 549 308 550 168 550 170 550 308 551 306 551 168 551 309 552 174 552 307 552 309 553 172 553 174 553 310 554 308 554 170 554 310 555 170 555 172 555 311 556 172 556 309 556 311 557 310 557 172 557 312 558 313 558 314 558 312 559 315 559 313 559 316 560 317 560 315 560 316 561 315 561 312 561 318 562 319 562 317 562 318 563 317 563 316 563 320 564 321 564 319 564 320 565 319 565 318 565 322 566 323 566 321 566 322 567 321 567 320 567 324 568 325 568 323 568 324 569 323 569 322 569 326 570 327 570 325 570 326 571 325 571 324 571 328 572 329 572 327 572 328 573 327 573 326 573 330 574 331 574 329 574 330 575 329 575 328 575 332 576 333 576 331 576 332 577 331 577 330 577 334 578 335 578 333 578 334 579 333 579 332 579 336 580 337 580 335 580 336 581 335 581 334 581 338 582 339 582 337 582 338 583 337 583 336 583 340 584 341 584 342 584 340 585 343 585 341 585 344 586 342 586 345 586 344 587 340 587 342 587 346 588 345 588 347 588 346 589 344 589 345 589 348 590 347 590 349 590 348 591 346 591 347 591 350 592 349 592 351 592 350 593 348 593 349 593 352 594 351 594 353 594 352 595 350 595 351 595 354 596 353 596 355 596 354 597 352 597 353 597 356 598 355 598 357 598 356 599 354 599 355 599 358 600 357 600 359 600 358 601 356 601 357 601 360 602 359 602 361 602 360 603 358 603 359 603 362 604 361 604 363 604 362 605 360 605 361 605 364 606 363 606 365 606 364 607 362 607 363 607 366 608 365 608 367 608 366 609 364 609 365 609 368 610 319 610 321 610 368 611 369 611 319 611 370 612 317 612 319 612 370 613 319 613 369 613 371 614 321 614 323 614 371 615 368 615 321 615 372 616 315 616 317 616 372 617 317 617 370 617 373 618 323 618 325 618 373 619 371 619 323 619 367 620 313 620 315 620 367 621 315 621 372 621 374 622 325 622 327 622 374 623 373 623 325 623 365 624 375 624 313 624 365 625 313 625 367 625 376 626 327 626 329 626 376 627 374 627 327 627 363 628 377 628 375 628 363 629 375 629 365 629 378 630 329 630 331 630 378 631 376 631 329 631 361 632 379 632 377 632 361 633 377 633 363 633 333 634 380 634 378 634 333 635 378 635 331 635 381 636 379 636 361 636 381 637 361 637 359 637 335 638 380 638 333 638 335 639 382 639 380 639 383 640 381 640 359 640 383 641 359 641 357 641 337 642 382 642 335 642 337 643 384 643 382 643 385 644 383 644 357 644 385 645 357 645 355 645 339 646 384 646 337 646 339 647 341 647 384 647 386 648 385 648 355 648 386 649 355 649 353 649 387 650 341 650 339 650 387 651 342 651 341 651 388 652 386 652 353 652 388 653 353 653 351 653 389 654 342 654 387 654 389 655 345 655 342 655 390 656 351 656 349 656 390 657 388 657 351 657 391 658 349 658 347 658 391 659 347 659 345 659 391 660 390 660 349 660 391 661 345 661 389 661 392 662 366 662 367 662 392 663 367 663 372 663 393 664 372 664 370 664 393 665 392 665 372 665 394 666 370 666 369 666 394 667 393 667 370 667 395 668 369 668 368 668 395 669 394 669 369 669 396 670 368 670 371 670 396 671 395 671 368 671 397 672 371 672 373 672 397 673 396 673 371 673 398 674 373 674 374 674 398 675 397 675 373 675 399 676 374 676 376 676 399 677 398 677 374 677 400 678 376 678 378 678 400 679 399 679 376 679 401 680 378 680 380 680 401 681 400 681 378 681 402 682 380 682 382 682 402 683 401 683 380 683 403 684 382 684 384 684 403 685 402 685 382 685 343 686 384 686 341 686 343 687 403 687 384 687 404 688 339 688 338 688 404 689 387 689 339 689 405 690 389 690 387 690 405 691 387 691 404 691 406 692 391 692 389 692 406 693 389 693 405 693 407 694 390 694 391 694 407 695 391 695 406 695 408 696 388 696 390 696 408 697 390 697 407 697 409 698 386 698 388 698 409 699 388 699 408 699 410 700 385 700 386 700 410 701 386 701 409 701 411 702 383 702 385 702 411 703 385 703 410 703 412 704 381 704 383 704 412 705 383 705 411 705 413 706 379 706 381 706 413 707 381 707 412 707 414 708 377 708 379 708 414 709 379 709 413 709 415 710 375 710 377 710 415 711 377 711 414 711 314 712 313 712 375 712 314 713 375 713 415 713 416 714 394 714 395 714 417 715 393 715 394 715 417 716 394 716 416 716 418 717 393 717 417 717 419 718 395 718 396 718 419 719 416 719 395 719 420 720 392 720 393 720 420 721 393 721 418 721 421 722 396 722 397 722 421 723 419 723 396 723 422 724 366 724 392 724 422 725 392 725 420 725 423 726 397 726 398 726 423 727 421 727 397 727 424 728 364 728 366 728 424 729 366 729 422 729 425 730 423 730 398 730 399 731 425 731 398 731 426 732 364 732 424 732 362 733 364 733 426 733 427 734 425 734 399 734 428 735 399 735 400 735 428 736 427 736 399 736 429 737 362 737 426 737 360 738 362 738 429 738 430 739 428 739 400 739 431 740 360 740 429 740 401 741 430 741 400 741 432 742 430 742 401 742 358 743 360 743 431 743 358 744 431 744 433 744 402 745 432 745 401 745 434 746 432 746 402 746 356 747 358 747 433 747 356 748 433 748 435 748 436 749 356 749 435 749 403 750 434 750 402 750 403 751 437 751 434 751 354 752 436 752 438 752 354 753 356 753 436 753 343 754 439 754 437 754 343 755 437 755 403 755 352 756 438 756 440 756 352 757 354 757 438 757 340 758 441 758 439 758 340 759 439 759 343 759 350 760 440 760 442 760 350 761 352 761 440 761 344 762 443 762 444 762 344 763 444 763 441 763 344 764 441 764 340 764 348 765 442 765 445 765 348 766 350 766 442 766 346 767 445 767 443 767 346 768 443 768 344 768 346 769 348 769 445 769 446 770 447 770 448 770 446 771 449 771 447 771 450 772 448 772 451 772 450 773 446 773 448 773 452 774 451 774 453 774 452 775 450 775 451 775 454 776 453 776 455 776 454 777 452 777 453 777 456 778 455 778 457 778 456 779 454 779 455 779 458 780 457 780 459 780 458 781 456 781 457 781 460 782 459 782 461 782 460 783 458 783 459 783 462 784 461 784 463 784 462 785 460 785 461 785 464 786 463 786 465 786 464 787 462 787 463 787 466 788 465 788 467 788 466 789 464 789 465 789 468 790 467 790 469 790 468 791 466 791 467 791 470 792 469 792 471 792 470 793 468 793 469 793 472 794 471 794 473 794 472 795 470 795 471 795 474 796 475 796 447 796 474 797 476 797 475 797 477 798 478 798 476 798 477 799 476 799 474 799 479 800 480 800 478 800 479 801 478 801 477 801 481 802 482 802 480 802 481 803 480 803 479 803 483 804 484 804 482 804 483 805 482 805 481 805 485 806 486 806 484 806 485 807 484 807 483 807 487 808 488 808 486 808 487 809 486 809 485 809 489 810 490 810 488 810 489 811 488 811 487 811 491 812 492 812 490 812 491 813 490 813 489 813 493 814 494 814 492 814 493 815 492 815 491 815 495 816 496 816 494 816 495 817 494 817 493 817 497 818 498 818 496 818 497 819 496 819 495 819 473 820 499 820 498 820 473 821 498 821 497 821 500 822 501 822 502 822 500 823 503 823 501 823 504 824 502 824 505 824 504 825 500 825 502 825 506 826 505 826 507 826 506 827 504 827 505 827 508 828 507 828 509 828 508 829 506 829 507 829 510 830 509 830 511 830 510 831 508 831 509 831 512 832 511 832 513 832 512 833 510 833 511 833 514 834 513 834 515 834 514 835 512 835 513 835 516 836 515 836 517 836 516 837 514 837 515 837 518 838 517 838 519 838 518 839 516 839 517 839 520 840 519 840 521 840 520 841 518 841 519 841 522 842 521 842 523 842 522 843 520 843 521 843 524 844 523 844 525 844 524 845 522 845 523 845 526 846 525 846 527 846 526 847 524 847 525 847 528 848 526 848 527 848 528 849 527 849 529 849 530 850 529 850 531 850 530 851 528 851 529 851 532 852 531 852 533 852 532 853 530 853 531 853 534 854 533 854 535 854 534 855 532 855 533 855 536 856 535 856 537 856 536 857 534 857 535 857 538 858 537 858 539 858 538 859 536 859 537 859 540 860 539 860 541 860 540 861 538 861 539 861 542 862 541 862 543 862 542 863 540 863 541 863 544 864 543 864 545 864 544 865 542 865 543 865 546 866 545 866 547 866 546 867 544 867 545 867 548 868 547 868 549 868 548 869 546 869 547 869 550 870 549 870 551 870 550 871 548 871 549 871 503 872 551 872 501 872 503 873 550 873 551 873 535 874 480 874 482 874 535 875 533 875 480 875 531 876 478 876 480 876 531 877 480 877 533 877 537 878 482 878 484 878 537 879 535 879 482 879 529 880 476 880 478 880 529 881 478 881 531 881 539 882 484 882 486 882 539 883 537 883 484 883 527 884 475 884 476 884 527 885 476 885 529 885 541 886 486 886 488 886 541 887 539 887 486 887 525 888 552 888 475 888 525 889 475 889 527 889 543 890 488 890 490 890 543 891 541 891 488 891 523 892 553 892 552 892 523 893 552 893 525 893 545 894 490 894 492 894 545 895 543 895 490 895 521 896 554 896 553 896 521 897 553 897 523 897 494 898 547 898 545 898 494 899 545 899 492 899 555 900 554 900 521 900 555 901 521 901 519 901 496 902 547 902 494 902 496 903 549 903 547 903 556 904 555 904 519 904 556 905 519 905 517 905 498 906 549 906 496 906 498 907 551 907 549 907 557 908 556 908 517 908 557 909 517 909 515 909 499 910 551 910 498 910 499 911 501 911 551 911 558 912 515 912 513 912 558 913 557 913 515 913 559 914 502 914 501 914 559 915 501 915 499 915 560 916 558 916 513 916 560 917 513 917 511 917 561 918 502 918 559 918 561 919 505 919 502 919 562 920 511 920 509 920 562 921 560 921 511 921 563 922 507 922 505 922 563 923 509 923 507 923 563 924 505 924 561 924 563 925 562 925 509 925 471 926 499 926 473 926 471 927 559 927 499 927 469 928 561 928 559 928 469 929 559 929 471 929 467 930 563 930 561 930 467 931 561 931 469 931 465 932 562 932 563 932 465 933 563 933 467 933 463 934 560 934 562 934 463 935 562 935 465 935 461 936 558 936 560 936 461 937 560 937 463 937 459 938 557 938 558 938 459 939 558 939 461 939 457 940 556 940 557 940 457 941 557 941 459 941 455 942 555 942 556 942 455 943 556 943 457 943 453 944 554 944 555 944 453 945 555 945 455 945 451 946 553 946 554 946 451 947 554 947 453 947 448 948 552 948 553 948 448 949 553 949 451 949 447 950 475 950 552 950 447 951 552 951 448 951 564 952 472 952 473 952 564 953 473 953 497 953 565 954 497 954 495 954 565 955 564 955 497 955 566 956 495 956 493 956 566 957 565 957 495 957 567 958 493 958 491 958 567 959 566 959 493 959 568 960 491 960 489 960 568 961 567 961 491 961 569 962 489 962 487 962 569 963 568 963 489 963 570 964 487 964 485 964 570 965 569 965 487 965 571 966 485 966 483 966 571 967 570 967 485 967 572 968 483 968 481 968 572 969 571 969 483 969 573 970 481 970 479 970 573 971 572 971 481 971 574 972 479 972 477 972 574 973 573 973 479 973 575 974 477 974 474 974 575 975 574 975 477 975 449 976 474 976 447 976 449 977 575 977 474 977 573 978 576 978 577 978 572 979 577 979 578 979 572 980 578 980 579 980 572 981 573 981 577 981 574 982 580 982 576 982 574 983 576 983 573 983 571 984 579 984 581 984 571 985 572 985 579 985 575 986 582 986 580 986 575 987 580 987 574 987 570 988 581 988 583 988 570 989 571 989 581 989 449 990 584 990 582 990 449 991 582 991 575 991 569 992 583 992 585 992 569 993 570 993 583 993 446 994 586 994 584 994 446 995 584 995 449 995 568 996 585 996 587 996 568 997 569 997 585 997 450 998 588 998 586 998 450 999 586 999 446 999 567 1000 587 1000 589 1000 567 1001 568 1001 587 1001 452 1002 588 1002 450 1002 590 1003 588 1003 452 1003 591 1004 567 1004 589 1004 566 1005 567 1005 591 1005 454 1006 590 1006 452 1006 592 1007 590 1007 454 1007 593 1008 566 1008 591 1008 593 1009 565 1009 566 1009 594 1010 592 1010 454 1010 594 1011 454 1011 456 1011 595 1012 565 1012 593 1012 595 1013 564 1013 565 1013 596 1014 594 1014 456 1014 596 1015 456 1015 458 1015 597 1016 564 1016 595 1016 597 1017 472 1017 564 1017 598 1018 596 1018 458 1018 598 1019 458 1019 460 1019 599 1020 472 1020 597 1020 599 1021 470 1021 472 1021 600 1022 460 1022 462 1022 600 1023 598 1023 460 1023 601 1024 470 1024 599 1024 601 1025 468 1025 470 1025 602 1026 600 1026 462 1026 602 1027 462 1027 464 1027 603 1028 466 1028 468 1028 603 1029 468 1029 601 1029 604 1030 602 1030 464 1030 605 1031 464 1031 466 1031 605 1032 466 1032 603 1032 605 1033 604 1033 464 1033 606 1034 607 1034 608 1034 606 1035 609 1035 607 1035 610 1036 609 1036 611 1036 610 1037 609 1037 606 1037 612 1038 613 1038 611 1038 612 1039 611 1039 610 1039 614 1040 613 1040 615 1040 614 1041 613 1041 612 1041 616 1042 617 1042 615 1042 616 1043 615 1043 614 1043 618 1044 619 1044 617 1044 618 1045 617 1045 616 1045 620 1046 621 1046 619 1046 620 1047 619 1047 618 1047 622 1048 621 1048 623 1048 622 1049 620 1049 621 1049 624 1050 625 1050 623 1050 624 1051 622 1051 623 1051 626 1052 627 1052 625 1052 626 1053 625 1053 624 1053 628 1054 629 1054 627 1054 628 1055 627 1055 626 1055 630 1056 631 1056 629 1056 630 1057 629 1057 628 1057 632 1058 633 1058 631 1058 632 1059 631 1059 630 1059 634 1060 635 1060 636 1060 634 1061 636 1061 637 1061 638 1062 639 1062 635 1062 638 1063 635 1063 634 1063 640 1064 639 1064 641 1064 640 1065 639 1065 638 1065 642 1066 643 1066 641 1066 642 1067 640 1067 641 1067 644 1068 645 1068 643 1068 644 1069 642 1069 643 1069 646 1070 647 1070 645 1070 646 1071 645 1071 644 1071 648 1072 649 1072 647 1072 648 1073 646 1073 647 1073 650 1074 651 1074 649 1074 650 1075 649 1075 648 1075 652 1076 653 1076 651 1076 652 1077 651 1077 650 1077 654 1078 655 1078 653 1078 654 1079 653 1079 652 1079 656 1080 657 1080 655 1080 656 1081 655 1081 654 1081 658 1082 659 1082 657 1082 658 1083 657 1083 656 1083 660 1084 661 1084 659 1084 660 1085 659 1085 658 1085 662 1086 615 1086 613 1086 662 1087 613 1087 663 1087 664 1088 613 1088 611 1088 664 1089 663 1089 613 1089 665 1090 617 1090 615 1090 665 1091 615 1091 662 1091 666 1092 611 1092 609 1092 666 1093 664 1093 611 1093 667 1094 619 1094 617 1094 667 1095 617 1095 665 1095 661 1096 609 1096 607 1096 661 1097 666 1097 609 1097 668 1098 621 1098 619 1098 668 1099 619 1099 667 1099 659 1100 607 1100 669 1100 659 1101 661 1101 607 1101 670 1102 623 1102 621 1102 670 1103 621 1103 668 1103 657 1104 669 1104 671 1104 657 1105 659 1105 669 1105 672 1106 625 1106 623 1106 672 1107 623 1107 670 1107 655 1108 671 1108 673 1108 655 1109 657 1109 671 1109 627 1110 672 1110 674 1110 627 1111 625 1111 672 1111 675 1112 655 1112 673 1112 675 1113 653 1113 655 1113 629 1114 627 1114 674 1114 629 1115 674 1115 676 1115 677 1116 653 1116 675 1116 677 1117 651 1117 653 1117 631 1118 629 1118 676 1118 631 1119 676 1119 678 1119 679 1120 651 1120 677 1120 679 1121 649 1121 651 1121 633 1122 631 1122 678 1122 633 1123 678 1123 636 1123 680 1124 649 1124 679 1124 680 1125 647 1125 649 1125 681 1126 633 1126 636 1126 681 1127 636 1127 635 1127 682 1128 647 1128 680 1128 682 1129 645 1129 647 1129 683 1130 681 1130 635 1130 683 1131 635 1131 639 1131 684 1132 643 1132 645 1132 684 1133 645 1133 682 1133 685 1134 641 1134 643 1134 685 1135 639 1135 641 1135 685 1136 643 1136 684 1136 685 1137 683 1137 639 1137 686 1138 661 1138 660 1138 686 1139 666 1139 661 1139 687 1140 664 1140 666 1140 687 1141 666 1141 686 1141 688 1142 663 1142 664 1142 688 1143 664 1143 687 1143 689 1144 662 1144 663 1144 689 1145 663 1145 688 1145 690 1146 665 1146 662 1146 690 1147 662 1147 689 1147 691 1148 667 1148 665 1148 691 1149 665 1149 690 1149 692 1150 668 1150 667 1150 692 1151 667 1151 691 1151 693 1152 670 1152 668 1152 693 1153 668 1153 692 1153 694 1154 672 1154 670 1154 694 1155 670 1155 693 1155 695 1156 674 1156 672 1156 695 1157 672 1157 694 1157 696 1158 676 1158 674 1158 696 1159 674 1159 695 1159 697 1160 678 1160 676 1160 697 1161 676 1161 696 1161 637 1162 636 1162 678 1162 637 1163 678 1163 697 1163 698 1164 633 1164 632 1164 698 1165 681 1165 633 1165 699 1166 683 1166 681 1166 699 1167 681 1167 698 1167 700 1168 685 1168 683 1168 700 1169 683 1169 699 1169 701 1170 685 1170 684 1170 701 1171 685 1171 700 1171 702 1172 682 1172 684 1172 702 1173 684 1173 701 1173 703 1174 682 1174 680 1174 703 1175 682 1175 702 1175 704 1176 680 1176 679 1176 704 1177 703 1177 680 1177 705 1178 679 1178 677 1178 705 1179 679 1179 704 1179 706 1180 675 1180 677 1180 706 1181 677 1181 705 1181 707 1182 675 1182 673 1182 707 1183 675 1183 706 1183 708 1184 673 1184 671 1184 708 1185 673 1185 707 1185 709 1186 669 1186 671 1186 709 1187 671 1187 708 1187 608 1188 607 1188 669 1188 608 1189 669 1189 709 1189 710 1190 687 1190 688 1190 711 1191 689 1191 688 1191 711 1192 688 1192 710 1192 712 1193 710 1193 687 1193 713 1194 690 1194 689 1194 713 1195 689 1195 711 1195 714 1196 687 1196 686 1196 714 1197 712 1197 687 1197 715 1198 691 1198 690 1198 715 1199 713 1199 690 1199 716 1200 686 1200 660 1200 716 1201 714 1201 686 1201 717 1202 692 1202 691 1202 717 1203 691 1203 715 1203 718 1204 660 1204 658 1204 718 1205 716 1205 660 1205 719 1206 692 1206 717 1206 693 1207 692 1207 719 1207 720 1208 718 1208 658 1208 656 1209 720 1209 658 1209 721 1210 719 1210 693 1210 694 1211 693 1211 721 1211 722 1212 656 1212 720 1212 723 1213 721 1213 694 1213 654 1214 722 1214 656 1214 724 1215 723 1215 694 1215 725 1216 722 1216 654 1216 695 1217 724 1217 694 1217 726 1218 724 1218 695 1218 652 1219 727 1219 725 1219 652 1220 725 1220 654 1220 728 1221 727 1221 652 1221 696 1222 726 1222 695 1222 729 1223 726 1223 696 1223 650 1224 728 1224 652 1224 730 1225 728 1225 650 1225 697 1226 729 1226 696 1226 697 1227 731 1227 729 1227 648 1228 732 1228 730 1228 648 1229 730 1229 650 1229 637 1230 733 1230 731 1230 637 1231 731 1231 697 1231 646 1232 734 1232 732 1232 646 1233 732 1233 648 1233 634 1234 733 1234 735 1234 634 1235 733 1235 637 1235 644 1236 736 1236 734 1236 644 1237 646 1237 734 1237 638 1238 737 1238 738 1238 638 1239 735 1239 738 1239 638 1240 735 1240 634 1240 642 1241 736 1241 739 1241 642 1242 736 1242 644 1242 640 1243 737 1243 739 1243 640 1244 737 1244 638 1244 640 1245 739 1245 642 1245 740 1246 741 1246 742 1246 740 1247 743 1247 741 1247 744 1248 745 1248 743 1248 744 1249 743 1249 740 1249 746 1250 747 1250 745 1250 746 1251 745 1251 744 1251 748 1252 749 1252 747 1252 748 1253 747 1253 746 1253 750 1254 751 1254 749 1254 750 1255 749 1255 748 1255 752 1256 753 1256 751 1256 752 1257 751 1257 750 1257 754 1258 753 1258 755 1258 754 1259 753 1259 752 1259 756 1260 755 1260 757 1260 756 1261 754 1261 755 1261 758 1262 759 1262 757 1262 758 1263 756 1263 757 1263 760 1264 759 1264 761 1264 760 1265 759 1265 758 1265 762 1266 763 1266 761 1266 762 1267 760 1267 761 1267 764 1268 765 1268 763 1268 764 1269 762 1269 763 1269 766 1270 765 1270 767 1270 766 1271 764 1271 765 1271 768 1272 769 1272 770 1272 768 1273 770 1273 771 1273 772 1274 773 1274 769 1274 772 1275 769 1275 768 1275 774 1276 775 1276 773 1276 774 1277 772 1277 773 1277 776 1278 777 1278 775 1278 776 1279 774 1279 775 1279 778 1280 777 1280 779 1280 778 1281 777 1281 776 1281 780 1282 779 1282 781 1282 780 1283 779 1283 778 1283 782 1284 781 1284 783 1284 782 1285 781 1285 780 1285 784 1286 785 1286 783 1286 784 1287 783 1287 782 1287 786 1288 787 1288 785 1288 786 1289 785 1289 784 1289 788 1290 789 1290 787 1290 788 1291 787 1291 786 1291 790 1292 791 1292 789 1292 790 1293 789 1293 788 1293 792 1294 793 1294 791 1294 792 1295 791 1295 790 1295 794 1296 795 1296 793 1296 794 1297 793 1297 792 1297 796 1298 749 1298 747 1298 796 1299 747 1299 797 1299 798 1300 747 1300 745 1300 798 1301 797 1301 747 1301 799 1302 751 1302 749 1302 799 1303 749 1303 796 1303 800 1304 745 1304 743 1304 800 1305 798 1305 745 1305 801 1306 753 1306 751 1306 801 1307 751 1307 799 1307 795 1308 743 1308 741 1308 795 1309 800 1309 743 1309 802 1310 755 1310 753 1310 802 1311 753 1311 801 1311 793 1312 741 1312 803 1312 793 1313 795 1313 741 1313 804 1314 757 1314 755 1314 804 1315 755 1315 802 1315 791 1316 803 1316 805 1316 791 1317 793 1317 803 1317 806 1318 759 1318 757 1318 806 1319 757 1319 804 1319 789 1320 805 1320 807 1320 789 1321 791 1321 805 1321 761 1322 806 1322 808 1322 761 1323 759 1323 806 1323 809 1324 789 1324 807 1324 809 1325 787 1325 789 1325 763 1326 761 1326 808 1326 763 1327 808 1327 810 1327 811 1328 787 1328 809 1328 811 1329 785 1329 787 1329 765 1330 763 1330 810 1330 765 1331 810 1331 812 1331 813 1332 785 1332 811 1332 813 1333 783 1333 785 1333 767 1334 765 1334 812 1334 767 1335 812 1335 770 1335 814 1336 783 1336 813 1336 814 1337 781 1337 783 1337 815 1338 767 1338 770 1338 815 1339 770 1339 769 1339 816 1340 781 1340 814 1340 816 1341 779 1341 781 1341 817 1342 815 1342 769 1342 817 1343 769 1343 773 1343 818 1344 777 1344 779 1344 818 1345 779 1345 816 1345 819 1346 775 1346 777 1346 819 1347 773 1347 775 1347 819 1348 777 1348 818 1348 819 1349 817 1349 773 1349 820 1350 795 1350 794 1350 820 1351 800 1351 795 1351 821 1352 798 1352 800 1352 821 1353 800 1353 820 1353 822 1354 797 1354 798 1354 822 1355 798 1355 821 1355 823 1356 796 1356 797 1356 823 1357 797 1357 822 1357 824 1358 799 1358 796 1358 824 1359 796 1359 823 1359 825 1360 801 1360 799 1360 825 1361 799 1361 824 1361 826 1362 802 1362 801 1362 826 1363 801 1363 825 1363 827 1364 802 1364 804 1364 827 1365 802 1365 826 1365 828 1366 806 1366 804 1366 828 1367 804 1367 827 1367 829 1368 808 1368 806 1368 829 1369 806 1369 828 1369 830 1370 810 1370 808 1370 830 1371 808 1371 829 1371 831 1372 812 1372 810 1372 831 1373 810 1373 830 1373 771 1374 770 1374 812 1374 771 1375 812 1375 831 1375 832 1376 767 1376 766 1376 832 1377 767 1377 815 1377 833 1378 817 1378 815 1378 833 1379 832 1379 815 1379 834 1380 817 1380 819 1380 834 1381 817 1381 833 1381 835 1382 818 1382 819 1382 835 1383 819 1383 834 1383 836 1384 816 1384 818 1384 836 1385 818 1385 835 1385 837 1386 814 1386 816 1386 837 1387 816 1387 836 1387 838 1388 813 1388 814 1388 838 1389 837 1389 814 1389 839 1390 813 1390 811 1390 839 1391 813 1391 838 1391 840 1392 809 1392 811 1392 840 1393 811 1393 839 1393 841 1394 807 1394 809 1394 841 1395 809 1395 840 1395 842 1396 805 1396 807 1396 842 1397 807 1397 841 1397 843 1398 803 1398 805 1398 843 1399 805 1399 842 1399 742 1400 741 1400 803 1400 742 1401 803 1401 843 1401 844 1402 823 1402 822 1402 845 1403 824 1403 823 1403 845 1404 823 1404 844 1404 846 1405 822 1405 821 1405 846 1406 844 1406 822 1406 847 1407 824 1407 845 1407 848 1408 821 1408 820 1408 848 1409 846 1409 821 1409 849 1410 820 1410 794 1410 849 1411 848 1411 820 1411 850 1412 825 1412 824 1412 850 1413 824 1413 847 1413 851 1414 794 1414 849 1414 792 1415 851 1415 794 1415 852 1416 826 1416 825 1416 852 1417 825 1417 850 1417 853 1418 851 1418 792 1418 854 1419 827 1419 826 1419 854 1420 826 1420 852 1420 855 1421 792 1421 790 1421 855 1422 853 1422 792 1422 856 1423 827 1423 854 1423 828 1424 827 1424 856 1424 857 1425 855 1425 790 1425 858 1426 856 1426 828 1426 788 1427 857 1427 790 1427 829 1428 828 1428 858 1428 859 1429 857 1429 788 1429 860 1430 829 1430 858 1430 786 1431 859 1431 788 1431 861 1432 859 1432 786 1432 830 1433 860 1433 829 1433 830 1434 862 1434 860 1434 784 1435 861 1435 786 1435 784 1436 863 1436 861 1436 831 1437 864 1437 862 1437 831 1438 862 1438 830 1438 865 1439 864 1439 831 1439 782 1440 863 1440 784 1440 782 1441 866 1441 863 1441 771 1442 865 1442 831 1442 771 1443 867 1443 865 1443 780 1444 866 1444 782 1444 780 1445 868 1445 866 1445 768 1446 867 1446 771 1446 768 1447 869 1447 867 1447 778 1448 870 1448 868 1448 778 1449 871 1449 870 1449 778 1450 868 1450 780 1450 772 1451 869 1451 872 1451 772 1452 869 1452 768 1452 776 1453 873 1453 871 1453 776 1454 778 1454 871 1454 774 1455 872 1455 873 1455 774 1456 872 1456 772 1456 774 1457 873 1457 776 1457 874 1458 875 1458 876 1458 874 1459 877 1459 875 1459 878 1460 874 1460 876 1460 879 1461 876 1461 880 1461 879 1462 878 1462 876 1462 881 1463 880 1463 882 1463 881 1464 879 1464 880 1464 883 1465 881 1465 882 1465 884 1466 882 1466 885 1466 884 1467 883 1467 882 1467 886 1468 884 1468 885 1468 887 1469 885 1469 888 1469 887 1470 886 1470 885 1470 889 1471 888 1471 890 1471 889 1472 887 1472 888 1472 891 1473 890 1473 892 1473 891 1474 889 1474 890 1474 893 1475 892 1475 894 1475 893 1476 891 1476 892 1476 895 1477 894 1477 896 1477 895 1478 893 1478 894 1478 897 1479 896 1479 898 1479 897 1480 895 1480 896 1480 899 1481 900 1481 901 1481 899 1482 902 1482 900 1482 903 1483 904 1483 902 1483 903 1484 902 1484 899 1484 905 1485 906 1485 904 1485 905 1486 904 1486 903 1486 907 1487 908 1487 906 1487 907 1488 906 1488 905 1488 909 1489 910 1489 908 1489 909 1490 908 1490 907 1490 911 1491 912 1491 910 1491 911 1492 910 1492 909 1492 913 1493 914 1493 912 1493 913 1494 912 1494 911 1494 915 1495 916 1495 914 1495 915 1496 914 1496 913 1496 917 1497 918 1497 916 1497 917 1498 916 1498 915 1498 919 1499 920 1499 918 1499 919 1500 918 1500 917 1500 921 1501 922 1501 920 1501 921 1502 920 1502 919 1502 923 1503 924 1503 922 1503 923 1504 922 1504 921 1504 925 1505 926 1505 924 1505 925 1506 924 1506 923 1506 927 1507 901 1507 928 1507 927 1508 929 1508 901 1508 930 1509 928 1509 931 1509 930 1510 927 1510 928 1510 932 1511 931 1511 933 1511 932 1512 930 1512 931 1512 934 1513 933 1513 935 1513 934 1514 932 1514 933 1514 936 1515 935 1515 937 1515 936 1516 934 1516 935 1516 938 1517 937 1517 939 1517 938 1518 936 1518 937 1518 940 1519 939 1519 941 1519 940 1520 938 1520 939 1520 942 1521 941 1521 943 1521 942 1522 940 1522 941 1522 944 1523 943 1523 945 1523 944 1524 942 1524 943 1524 946 1525 945 1525 947 1525 946 1526 944 1526 945 1526 948 1527 947 1527 949 1527 948 1528 946 1528 947 1528 950 1529 949 1529 951 1529 950 1530 948 1530 949 1530 952 1531 951 1531 925 1531 952 1532 950 1532 951 1532 953 1533 954 1533 955 1533 956 1534 955 1534 957 1534 956 1535 953 1535 955 1535 958 1536 959 1536 954 1536 958 1537 954 1537 953 1537 960 1538 957 1538 961 1538 960 1539 956 1539 957 1539 962 1540 963 1540 959 1540 962 1541 959 1541 958 1541 964 1542 961 1542 965 1542 964 1543 960 1543 961 1543 929 1544 966 1544 963 1544 929 1545 967 1545 966 1545 929 1546 963 1546 962 1546 968 1547 965 1547 969 1547 968 1548 969 1548 970 1548 968 1549 964 1549 965 1549 927 1550 971 1550 967 1550 927 1551 967 1551 929 1551 972 1552 968 1552 970 1552 973 1553 972 1553 970 1553 930 1554 971 1554 927 1554 974 1555 971 1555 930 1555 975 1556 972 1556 973 1556 932 1557 974 1557 930 1557 976 1558 975 1558 973 1558 977 1559 974 1559 932 1559 978 1560 975 1560 976 1560 934 1561 977 1561 932 1561 979 1562 978 1562 976 1562 980 1563 978 1563 979 1563 981 1564 977 1564 934 1564 936 1565 981 1565 934 1565 982 1566 980 1566 979 1566 982 1567 983 1567 980 1567 984 1568 981 1568 936 1568 984 1569 936 1569 938 1569 985 1570 983 1570 982 1570 985 1571 952 1571 983 1571 986 1572 984 1572 938 1572 987 1573 952 1573 985 1573 988 1574 938 1574 940 1574 988 1575 986 1575 938 1575 989 1576 952 1576 987 1576 989 1577 950 1577 952 1577 990 1578 940 1578 942 1578 990 1579 988 1579 940 1579 991 1580 948 1580 950 1580 991 1581 950 1581 989 1581 992 1582 942 1582 944 1582 992 1583 990 1583 942 1583 993 1584 948 1584 991 1584 993 1585 946 1585 948 1585 994 1586 944 1586 946 1586 994 1587 946 1587 993 1587 994 1588 992 1588 944 1588 983 1589 952 1589 925 1589 983 1590 925 1590 923 1590 980 1591 923 1591 921 1591 980 1592 983 1592 923 1592 978 1593 921 1593 919 1593 978 1594 980 1594 921 1594 975 1595 919 1595 917 1595 975 1596 978 1596 919 1596 972 1597 917 1597 915 1597 972 1598 975 1598 917 1598 968 1599 915 1599 913 1599 968 1600 972 1600 915 1600 964 1601 913 1601 911 1601 964 1602 968 1602 913 1602 960 1603 911 1603 909 1603 960 1604 964 1604 911 1604 956 1605 909 1605 907 1605 956 1606 960 1606 909 1606 953 1607 907 1607 905 1607 953 1608 956 1608 907 1608 958 1609 905 1609 903 1609 958 1610 953 1610 905 1610 962 1611 903 1611 899 1611 962 1612 958 1612 903 1612 929 1613 899 1613 901 1613 929 1614 962 1614 899 1614 951 1615 926 1615 925 1615 951 1616 995 1616 926 1616 949 1617 996 1617 995 1617 949 1618 995 1618 951 1618 947 1619 997 1619 996 1619 947 1620 996 1620 949 1620 945 1621 998 1621 997 1621 945 1622 997 1622 947 1622 943 1623 999 1623 998 1623 943 1624 998 1624 945 1624 941 1625 1000 1625 999 1625 941 1626 999 1626 943 1626 939 1627 1001 1627 1000 1627 939 1628 1000 1628 941 1628 937 1629 1002 1629 1001 1629 937 1630 1001 1630 939 1630 935 1631 1003 1631 1002 1631 935 1632 1002 1632 937 1632 933 1633 1004 1633 1003 1633 933 1634 1003 1634 935 1634 931 1635 1005 1635 1004 1635 931 1636 1004 1636 933 1636 928 1637 1006 1637 1005 1637 928 1638 1005 1638 931 1638 901 1639 900 1639 1006 1639 901 1640 1006 1640 928 1640 1007 1641 906 1641 908 1641 1007 1642 1008 1642 906 1642 1008 1643 904 1643 906 1643 1009 1644 908 1644 910 1644 1009 1645 1007 1645 908 1645 1010 1646 902 1646 904 1646 1010 1647 904 1647 1008 1647 1009 1648 910 1648 912 1648 898 1649 900 1649 902 1649 898 1650 902 1650 1010 1650 1009 1651 912 1651 914 1651 896 1652 1006 1652 900 1652 896 1653 900 1653 898 1653 1011 1654 914 1654 916 1654 1011 1655 1009 1655 914 1655 894 1656 1005 1656 1006 1656 894 1657 1006 1657 896 1657 1012 1658 916 1658 918 1658 1012 1659 1011 1659 916 1659 892 1660 1004 1660 1005 1660 892 1661 1005 1661 894 1661 920 1662 1013 1662 1012 1662 920 1663 1012 1663 918 1663 1003 1664 1004 1664 892 1664 1003 1665 892 1665 890 1665 922 1666 1013 1666 920 1666 922 1667 1014 1667 1013 1667 1002 1668 1003 1668 890 1668 1002 1669 890 1669 888 1669 924 1670 1014 1670 922 1670 1001 1671 1002 1671 888 1671 1001 1672 888 1672 885 1672 926 1673 875 1673 1014 1673 926 1674 1014 1674 924 1674 1000 1675 1001 1675 885 1675 995 1676 875 1676 926 1676 995 1677 876 1677 875 1677 999 1678 1000 1678 885 1678 999 1679 885 1679 882 1679 996 1680 876 1680 995 1680 1015 1681 1016 1681 1017 1681 998 1682 999 1682 882 1682 997 1683 882 1683 880 1683 997 1684 880 1684 876 1684 997 1685 876 1685 996 1685 997 1686 998 1686 882 1686 1018 1687 897 1687 898 1687 1018 1688 898 1688 1010 1688 1019 1689 1010 1689 1008 1689 1019 1690 1018 1690 1010 1690 1020 1691 1019 1691 1008 1691 1021 1692 1008 1692 1007 1692 1021 1693 1020 1693 1008 1693 1022 1694 1007 1694 1009 1694 1022 1695 1021 1695 1007 1695 1023 1696 1022 1696 1009 1696 1024 1697 1023 1697 1009 1697 1025 1698 1009 1698 1011 1698 1025 1699 1024 1699 1009 1699 1026 1700 1011 1700 1012 1700 1026 1701 1025 1701 1011 1701 1027 1702 1012 1702 1013 1702 1027 1703 1026 1703 1012 1703 1028 1704 1013 1704 1014 1704 1028 1705 1027 1705 1013 1705 1029 1706 1028 1706 1014 1706 877 1707 1014 1707 875 1707 877 1708 1029 1708 1014 1708 1030 1709 1031 1709 1032 1709 1030 1710 1033 1710 1031 1710 1034 1711 1035 1711 1033 1711 1034 1712 1033 1712 1030 1712 1036 1713 1037 1713 1035 1713 1036 1714 1035 1714 1034 1714 1038 1715 1039 1715 1037 1715 1038 1716 1037 1716 1036 1716 1040 1717 1041 1717 1039 1717 1040 1718 1039 1718 1038 1718 1042 1719 1043 1719 1041 1719 1042 1720 1041 1720 1040 1720 1044 1721 1045 1721 1043 1721 1044 1722 1043 1722 1042 1722 1046 1723 1047 1723 1045 1723 1046 1724 1045 1724 1044 1724 1048 1725 1049 1725 1047 1725 1048 1726 1047 1726 1046 1726 1050 1727 1051 1727 1049 1727 1050 1728 1049 1728 1048 1728 1052 1729 1053 1729 1051 1729 1052 1730 1051 1730 1050 1730 1054 1731 1055 1731 1053 1731 1054 1732 1053 1732 1052 1732 1056 1733 1057 1733 1055 1733 1056 1734 1055 1734 1054 1734 1058 1735 1059 1735 1060 1735 1058 1736 1061 1736 1059 1736 1062 1737 1060 1737 1063 1737 1062 1738 1058 1738 1060 1738 1064 1739 1063 1739 1065 1739 1064 1740 1062 1740 1063 1740 1066 1741 1065 1741 1067 1741 1066 1742 1064 1742 1065 1742 1068 1743 1067 1743 1069 1743 1068 1744 1066 1744 1067 1744 1070 1745 1069 1745 1071 1745 1070 1746 1068 1746 1069 1746 1072 1747 1071 1747 1073 1747 1072 1748 1070 1748 1071 1748 1074 1749 1073 1749 1075 1749 1074 1750 1072 1750 1073 1750 1076 1751 1075 1751 1077 1751 1076 1752 1074 1752 1075 1752 1078 1753 1077 1753 1079 1753 1078 1754 1076 1754 1077 1754 1080 1755 1079 1755 1081 1755 1080 1756 1078 1756 1079 1756 1082 1757 1081 1757 1083 1757 1082 1758 1080 1758 1081 1758 1084 1759 1083 1759 1085 1759 1084 1760 1082 1760 1083 1760 1086 1761 1037 1761 1039 1761 1086 1762 1087 1762 1037 1762 1088 1763 1035 1763 1037 1763 1088 1764 1037 1764 1087 1764 1089 1765 1039 1765 1041 1765 1089 1766 1086 1766 1039 1766 1090 1767 1033 1767 1035 1767 1090 1768 1035 1768 1088 1768 1091 1769 1041 1769 1043 1769 1091 1770 1089 1770 1041 1770 1085 1771 1031 1771 1033 1771 1085 1772 1033 1772 1090 1772 1092 1773 1043 1773 1045 1773 1092 1774 1091 1774 1043 1774 1083 1775 1093 1775 1031 1775 1083 1776 1031 1776 1085 1776 1094 1777 1045 1777 1047 1777 1094 1778 1092 1778 1045 1778 1081 1779 1095 1779 1093 1779 1081 1780 1093 1780 1083 1780 1096 1781 1047 1781 1049 1781 1096 1782 1094 1782 1047 1782 1079 1783 1097 1783 1095 1783 1079 1784 1095 1784 1081 1784 1051 1785 1098 1785 1096 1785 1051 1786 1096 1786 1049 1786 1099 1787 1097 1787 1079 1787 1099 1788 1079 1788 1077 1788 1053 1789 1098 1789 1051 1789 1053 1790 1100 1790 1098 1790 1101 1791 1099 1791 1077 1791 1101 1792 1077 1792 1075 1792 1055 1793 1100 1793 1053 1793 1055 1794 1102 1794 1100 1794 1103 1795 1101 1795 1075 1795 1103 1796 1075 1796 1073 1796 1057 1797 1102 1797 1055 1797 1057 1798 1059 1798 1102 1798 1104 1799 1103 1799 1073 1799 1104 1800 1073 1800 1071 1800 1105 1801 1059 1801 1057 1801 1105 1802 1060 1802 1059 1802 1106 1803 1104 1803 1071 1803 1106 1804 1071 1804 1069 1804 1107 1805 1060 1805 1105 1805 1107 1806 1063 1806 1060 1806 1108 1807 1069 1807 1067 1807 1108 1808 1106 1808 1069 1808 1109 1809 1067 1809 1065 1809 1109 1810 1065 1810 1063 1810 1109 1811 1108 1811 1067 1811 1109 1812 1063 1812 1107 1812 1110 1813 1084 1813 1085 1813 1110 1814 1085 1814 1090 1814 1111 1815 1090 1815 1088 1815 1111 1816 1110 1816 1090 1816 1112 1817 1088 1817 1087 1817 1112 1818 1111 1818 1088 1818 1113 1819 1087 1819 1086 1819 1113 1820 1112 1820 1087 1820 1114 1821 1086 1821 1089 1821 1114 1822 1113 1822 1086 1822 1115 1823 1089 1823 1091 1823 1115 1824 1114 1824 1089 1824 1116 1825 1091 1825 1092 1825 1116 1826 1115 1826 1091 1826 1117 1827 1092 1827 1094 1827 1117 1828 1116 1828 1092 1828 1118 1829 1094 1829 1096 1829 1118 1830 1117 1830 1094 1830 1119 1831 1096 1831 1098 1831 1119 1832 1118 1832 1096 1832 1120 1833 1098 1833 1100 1833 1120 1834 1119 1834 1098 1834 1121 1835 1100 1835 1102 1835 1121 1836 1120 1836 1100 1836 1061 1837 1102 1837 1059 1837 1061 1838 1121 1838 1102 1838 1122 1839 1057 1839 1056 1839 1122 1840 1105 1840 1057 1840 1123 1841 1107 1841 1105 1841 1123 1842 1105 1842 1122 1842 1124 1843 1109 1843 1107 1843 1124 1844 1107 1844 1123 1844 1125 1845 1108 1845 1109 1845 1125 1846 1109 1846 1124 1846 1126 1847 1106 1847 1108 1847 1126 1848 1108 1848 1125 1848 1127 1849 1104 1849 1106 1849 1127 1850 1106 1850 1126 1850 1128 1851 1103 1851 1104 1851 1128 1852 1104 1852 1127 1852 1129 1853 1101 1853 1103 1853 1129 1854 1103 1854 1128 1854 1130 1855 1099 1855 1101 1855 1130 1856 1101 1856 1129 1856 1131 1857 1097 1857 1099 1857 1131 1858 1099 1858 1130 1858 1132 1859 1095 1859 1097 1859 1132 1860 1097 1860 1131 1860 1133 1861 1093 1861 1095 1861 1133 1862 1095 1862 1132 1862 1032 1863 1031 1863 1093 1863 1032 1864 1093 1864 1133 1864 1134 1865 1112 1865 1113 1865 1135 1866 1111 1866 1112 1866 1135 1867 1112 1867 1134 1867 1136 1868 1113 1868 1114 1868 1136 1869 1134 1869 1113 1869 1137 1870 1110 1870 1111 1870 1137 1871 1111 1871 1135 1871 1138 1872 1136 1872 1114 1872 1139 1873 1084 1873 1110 1873 1139 1874 1110 1874 1137 1874 1140 1875 1114 1875 1115 1875 1140 1876 1138 1876 1114 1876 1141 1877 1084 1877 1139 1877 1142 1878 1115 1878 1116 1878 1142 1879 1140 1879 1115 1879 1143 1880 1082 1880 1084 1880 1143 1881 1084 1881 1141 1881 1144 1882 1116 1882 1117 1882 1144 1883 1142 1883 1116 1883 1145 1884 1080 1884 1082 1884 1145 1885 1082 1885 1143 1885 1146 1886 1144 1886 1117 1886 1118 1887 1146 1887 1117 1887 1147 1888 1080 1888 1145 1888 1148 1889 1146 1889 1118 1889 1078 1890 1080 1890 1147 1890 1119 1891 1148 1891 1118 1891 1149 1892 1078 1892 1147 1892 1150 1893 1148 1893 1119 1893 1076 1894 1078 1894 1149 1894 1151 1895 1076 1895 1149 1895 1120 1896 1150 1896 1119 1896 1120 1897 1152 1897 1150 1897 1074 1898 1076 1898 1151 1898 1074 1899 1151 1899 1153 1899 1121 1900 1152 1900 1120 1900 1121 1901 1154 1901 1152 1901 1072 1902 1153 1902 1155 1902 1072 1903 1074 1903 1153 1903 1061 1904 1154 1904 1121 1904 1061 1905 1156 1905 1157 1905 1061 1906 1157 1906 1154 1906 1070 1907 1155 1907 1158 1907 1070 1908 1072 1908 1155 1908 1058 1909 1159 1909 1156 1909 1058 1910 1156 1910 1061 1910 1068 1911 1158 1911 1160 1911 1068 1912 1160 1912 1161 1912 1068 1913 1070 1913 1158 1913 1062 1914 1162 1914 1159 1914 1062 1915 1159 1915 1058 1915 1066 1916 1161 1916 1163 1916 1066 1917 1068 1917 1161 1917 1064 1918 1163 1918 1162 1918 1064 1919 1066 1919 1163 1919 1064 1920 1162 1920 1062 1920 1164 1921 1165 1921 1166 1921 1164 1922 1167 1922 1165 1922 1168 1923 1166 1923 1169 1923 1168 1924 1164 1924 1166 1924 1170 1925 1168 1925 1169 1925 1171 1926 1169 1926 1172 1926 1171 1927 1170 1927 1169 1927 1173 1928 1171 1928 1172 1928 1174 1929 1172 1929 1175 1929 1174 1930 1173 1930 1172 1930 1176 1931 1175 1931 1177 1931 1176 1932 1174 1932 1175 1932 1178 1933 1176 1933 1177 1933 1179 1934 1177 1934 1180 1934 1179 1935 1178 1935 1177 1935 1181 1936 1179 1936 1180 1936 1182 1937 1180 1937 1183 1937 1182 1938 1181 1938 1180 1938 1184 1939 1183 1939 1185 1939 1184 1940 1182 1940 1183 1940 1186 1941 1187 1941 1188 1941 1186 1942 1189 1942 1187 1942 1190 1943 1191 1943 1189 1943 1190 1944 1189 1944 1186 1944 1192 1945 1193 1945 1191 1945 1192 1946 1191 1946 1190 1946 1194 1947 1195 1947 1193 1947 1194 1948 1193 1948 1192 1948 1196 1949 1197 1949 1195 1949 1196 1950 1195 1950 1194 1950 1198 1951 1199 1951 1197 1951 1198 1952 1197 1952 1196 1952 1200 1953 1201 1953 1199 1953 1200 1954 1199 1954 1198 1954 1202 1955 1203 1955 1201 1955 1202 1956 1201 1956 1200 1956 1204 1957 1205 1957 1203 1957 1204 1958 1203 1958 1202 1958 1206 1959 1207 1959 1205 1959 1206 1960 1205 1960 1204 1960 1208 1961 1209 1961 1207 1961 1208 1962 1207 1962 1206 1962 1210 1963 1211 1963 1209 1963 1210 1964 1209 1964 1208 1964 1212 1965 1213 1965 1211 1965 1212 1966 1211 1966 1210 1966 1214 1967 1188 1967 1215 1967 1214 1968 1216 1968 1188 1968 1217 1969 1215 1969 1218 1969 1217 1970 1214 1970 1215 1970 1219 1971 1218 1971 1220 1971 1219 1972 1217 1972 1218 1972 1221 1973 1220 1973 1222 1973 1221 1974 1219 1974 1220 1974 1223 1975 1222 1975 1224 1975 1223 1976 1221 1976 1222 1976 1225 1977 1224 1977 1226 1977 1225 1978 1223 1978 1224 1978 1227 1979 1226 1979 1228 1979 1227 1980 1225 1980 1226 1980 1229 1981 1228 1981 1230 1981 1229 1982 1227 1982 1228 1982 1231 1983 1230 1983 1232 1983 1231 1984 1229 1984 1230 1984 1233 1985 1232 1985 1234 1985 1233 1986 1231 1986 1232 1986 1235 1987 1234 1987 1236 1987 1235 1988 1233 1988 1234 1988 1237 1989 1236 1989 1238 1989 1237 1990 1235 1990 1236 1990 1239 1991 1238 1991 1212 1991 1239 1992 1237 1992 1238 1992 1240 1993 1241 1993 1242 1993 1243 1994 1242 1994 1244 1994 1243 1995 1240 1995 1242 1995 1245 1996 1246 1996 1241 1996 1245 1997 1241 1997 1240 1997 1247 1998 1244 1998 1248 1998 1247 1999 1243 1999 1244 1999 1249 2000 1250 2000 1246 2000 1249 2001 1246 2001 1245 2001 1251 2002 1248 2002 1252 2002 1251 2003 1247 2003 1248 2003 1216 2004 1253 2004 1254 2004 1216 2005 1254 2005 1250 2005 1216 2006 1250 2006 1249 2006 1255 2007 1252 2007 1256 2007 1255 2008 1256 2008 1257 2008 1255 2009 1251 2009 1252 2009 1214 2010 1258 2010 1253 2010 1214 2011 1253 2011 1216 2011 1259 2012 1255 2012 1257 2012 1260 2013 1259 2013 1257 2013 1217 2014 1258 2014 1214 2014 1261 2015 1258 2015 1217 2015 1262 2016 1259 2016 1260 2016 1219 2017 1261 2017 1217 2017 1263 2018 1262 2018 1260 2018 1264 2019 1261 2019 1219 2019 1265 2020 1262 2020 1263 2020 1221 2021 1264 2021 1219 2021 1266 2022 1265 2022 1263 2022 1267 2023 1265 2023 1266 2023 1268 2024 1264 2024 1221 2024 1223 2025 1268 2025 1221 2025 1269 2026 1270 2026 1267 2026 1269 2027 1267 2027 1266 2027 1271 2028 1268 2028 1223 2028 1271 2029 1223 2029 1225 2029 1272 2030 1270 2030 1269 2030 1272 2031 1239 2031 1270 2031 1273 2032 1271 2032 1225 2032 1274 2033 1239 2033 1272 2033 1275 2034 1225 2034 1227 2034 1275 2035 1273 2035 1225 2035 1276 2036 1239 2036 1274 2036 1276 2037 1237 2037 1239 2037 1277 2038 1227 2038 1229 2038 1277 2039 1275 2039 1227 2039 1278 2040 1235 2040 1237 2040 1278 2041 1237 2041 1276 2041 1279 2042 1229 2042 1231 2042 1279 2043 1277 2043 1229 2043 1280 2044 1235 2044 1278 2044 1280 2045 1233 2045 1235 2045 1281 2046 1233 2046 1280 2046 1281 2047 1231 2047 1233 2047 1281 2048 1279 2048 1231 2048 1270 2049 1239 2049 1212 2049 1270 2050 1212 2050 1210 2050 1267 2051 1210 2051 1208 2051 1267 2052 1270 2052 1210 2052 1265 2053 1208 2053 1206 2053 1265 2054 1267 2054 1208 2054 1262 2055 1206 2055 1204 2055 1262 2056 1265 2056 1206 2056 1259 2057 1204 2057 1202 2057 1259 2058 1262 2058 1204 2058 1255 2059 1202 2059 1200 2059 1255 2060 1259 2060 1202 2060 1251 2061 1200 2061 1198 2061 1251 2062 1255 2062 1200 2062 1247 2063 1198 2063 1196 2063 1247 2064 1251 2064 1198 2064 1243 2065 1196 2065 1194 2065 1243 2066 1247 2066 1196 2066 1240 2067 1194 2067 1192 2067 1240 2068 1243 2068 1194 2068 1245 2069 1192 2069 1190 2069 1245 2070 1240 2070 1192 2070 1249 2071 1190 2071 1186 2071 1249 2072 1245 2072 1190 2072 1216 2073 1186 2073 1188 2073 1216 2074 1249 2074 1186 2074 1238 2075 1213 2075 1212 2075 1238 2076 1282 2076 1213 2076 1236 2077 1283 2077 1282 2077 1236 2078 1282 2078 1238 2078 1234 2079 1284 2079 1283 2079 1234 2080 1283 2080 1236 2080 1232 2081 1285 2081 1284 2081 1232 2082 1284 2082 1234 2082 1230 2083 1286 2083 1285 2083 1230 2084 1285 2084 1232 2084 1228 2085 1287 2085 1286 2085 1228 2086 1286 2086 1230 2086 1226 2087 1288 2087 1287 2087 1226 2088 1287 2088 1228 2088 1224 2089 1289 2089 1288 2089 1224 2090 1288 2090 1226 2090 1222 2091 1290 2091 1289 2091 1222 2092 1289 2092 1224 2092 1220 2093 1291 2093 1290 2093 1220 2094 1290 2094 1222 2094 1218 2095 1292 2095 1291 2095 1218 2096 1291 2096 1220 2096 1215 2097 1293 2097 1292 2097 1215 2098 1292 2098 1218 2098 1188 2099 1187 2099 1293 2099 1188 2100 1293 2100 1215 2100 1294 2101 1193 2101 1195 2101 1294 2102 1295 2102 1193 2102 1296 2103 1191 2103 1193 2103 1296 2104 1193 2104 1295 2104 1294 2105 1195 2105 1197 2105 1296 2106 1189 2106 1191 2106 1297 2107 1197 2107 1199 2107 1297 2108 1294 2108 1197 2108 1185 2109 1187 2109 1189 2109 1185 2110 1189 2110 1296 2110 1298 2111 1199 2111 1201 2111 1298 2112 1297 2112 1199 2112 1183 2113 1293 2113 1187 2113 1183 2114 1187 2114 1185 2114 1298 2115 1201 2115 1203 2115 1183 2116 1292 2116 1293 2116 1299 2117 1203 2117 1205 2117 1299 2118 1298 2118 1203 2118 1180 2119 1291 2119 1292 2119 1180 2120 1292 2120 1183 2120 1207 2121 1300 2121 1299 2121 1207 2122 1299 2122 1205 2122 1290 2123 1291 2123 1180 2123 1209 2124 1300 2124 1207 2124 1289 2125 1290 2125 1180 2125 1289 2126 1180 2126 1177 2126 1211 2127 1300 2127 1209 2127 1211 2128 1165 2128 1300 2128 1288 2129 1289 2129 1177 2129 1213 2130 1165 2130 1211 2130 1287 2131 1288 2131 1177 2131 1287 2132 1177 2132 1175 2132 1282 2133 1165 2133 1213 2133 1282 2134 1166 2134 1165 2134 1286 2135 1287 2135 1175 2135 1286 2136 1175 2136 1172 2136 1283 2137 1166 2137 1282 2137 1283 2138 1169 2138 1166 2138 1285 2139 1286 2139 1172 2139 1284 2140 1172 2140 1169 2140 1284 2141 1169 2141 1283 2141 1284 2142 1285 2142 1172 2142 1301 2143 1184 2143 1185 2143 1301 2144 1185 2144 1296 2144 1302 2145 1301 2145 1296 2145 1303 2146 1296 2146 1295 2146 1303 2147 1302 2147 1296 2147 1304 2148 1295 2148 1294 2148 1304 2149 1303 2149 1295 2149 1305 2150 1304 2150 1294 2150 1306 2151 1294 2151 1297 2151 1306 2152 1305 2152 1294 2152 1307 2153 1297 2153 1298 2153 1307 2154 1306 2154 1297 2154 1308 2155 1307 2155 1298 2155 1309 2156 1298 2156 1299 2156 1309 2157 1308 2157 1298 2157 1310 2158 1299 2158 1300 2158 1310 2159 1309 2159 1299 2159 1311 2160 1310 2160 1300 2160 1312 2161 1300 2161 1165 2161 1312 2162 1311 2162 1300 2162 1167 2163 1312 2163 1165 2163 1313 2164 1314 2164 1315 2164 1313 2165 1316 2165 1314 2165 1317 2166 1315 2166 1318 2166 1317 2167 1313 2167 1315 2167 1319 2168 1318 2168 1320 2168 1319 2169 1317 2169 1318 2169 1321 2170 1320 2170 1322 2170 1321 2171 1319 2171 1320 2171 1323 2172 1322 2172 1324 2172 1323 2173 1321 2173 1322 2173 1325 2174 1324 2174 1326 2174 1325 2175 1323 2175 1324 2175 1327 2176 1326 2176 1328 2176 1327 2177 1325 2177 1326 2177 1329 2178 1328 2178 1330 2178 1329 2179 1327 2179 1328 2179 1331 2180 1330 2180 1332 2180 1331 2181 1329 2181 1330 2181 1333 2182 1332 2182 1334 2182 1333 2183 1331 2183 1332 2183 1335 2184 1334 2184 1336 2184 1335 2185 1333 2185 1334 2185 1337 2186 1336 2186 1338 2186 1337 2187 1335 2187 1336 2187 1339 2188 1338 2188 1340 2188 1339 2189 1337 2189 1338 2189 1341 2190 1339 2190 1340 2190 1341 2191 1340 2191 1342 2191 1343 2192 1342 2192 1344 2192 1343 2193 1341 2193 1342 2193 1345 2194 1344 2194 1346 2194 1345 2195 1343 2195 1344 2195 1347 2196 1346 2196 1348 2196 1347 2197 1345 2197 1346 2197 1349 2198 1348 2198 1350 2198 1349 2199 1347 2199 1348 2199 1351 2200 1350 2200 1352 2200 1351 2201 1349 2201 1350 2201 1353 2202 1352 2202 1354 2202 1353 2203 1351 2203 1352 2203 1355 2204 1354 2204 1356 2204 1355 2205 1353 2205 1354 2205 1357 2206 1356 2206 1358 2206 1357 2207 1355 2207 1356 2207 1359 2208 1358 2208 1360 2208 1359 2209 1357 2209 1358 2209 1361 2210 1360 2210 1362 2210 1361 2211 1359 2211 1360 2211 1363 2212 1362 2212 1364 2212 1363 2213 1361 2213 1362 2213 1316 2214 1364 2214 1314 2214 1316 2215 1363 2215 1364 2215 1320 2216 1342 2216 1340 2216 1320 2217 1344 2217 1342 2217 1320 2218 1346 2218 1344 2218 1320 2219 1348 2219 1346 2219 1320 2220 1350 2220 1348 2220 1320 2221 1352 2221 1350 2221 1320 2222 1354 2222 1352 2222 1320 2223 1356 2223 1354 2223 1320 2224 1358 2224 1356 2224 1320 2225 1360 2225 1358 2225 1320 2226 1362 2226 1360 2226 1320 2227 1364 2227 1362 2227 1320 2228 1315 2228 1314 2228 1320 2229 1314 2229 1364 2229 1320 2230 1318 2230 1315 2230 1322 2231 1320 2231 1328 2231 1328 2232 1326 2232 1324 2232 1328 2233 1324 2233 1322 2233 1320 2234 1330 2234 1328 2234 1320 2235 1332 2235 1330 2235 1320 2236 1334 2236 1332 2236 1320 2237 1336 2237 1334 2237 1320 2238 1338 2238 1336 2238 1320 2239 1340 2239 1338 2239 1365 2240 1366 2240 1367 2240 1365 2241 1368 2241 1366 2241 1369 2242 1367 2242 1370 2242 1369 2243 1365 2243 1367 2243 1371 2244 1370 2244 1372 2244 1371 2245 1369 2245 1370 2245 1373 2246 1372 2246 1374 2246 1373 2247 1371 2247 1372 2247 1375 2248 1374 2248 1376 2248 1375 2249 1373 2249 1374 2249 1377 2250 1376 2250 1378 2250 1377 2251 1375 2251 1376 2251 1379 2252 1378 2252 1380 2252 1379 2253 1377 2253 1378 2253 1381 2254 1380 2254 1382 2254 1381 2255 1379 2255 1380 2255 1383 2256 1382 2256 1384 2256 1383 2257 1381 2257 1382 2257 1385 2258 1384 2258 1386 2258 1385 2259 1383 2259 1384 2259 1387 2260 1386 2260 1388 2260 1387 2261 1385 2261 1386 2261 1389 2262 1388 2262 1390 2262 1389 2263 1387 2263 1388 2263 1391 2264 1390 2264 1392 2264 1391 2265 1389 2265 1390 2265 1393 2266 1391 2266 1392 2266 1393 2267 1392 2267 1394 2267 1395 2268 1394 2268 1396 2268 1395 2269 1393 2269 1394 2269 1397 2270 1396 2270 1398 2270 1397 2271 1395 2271 1396 2271 1399 2272 1398 2272 1400 2272 1399 2273 1397 2273 1398 2273 1401 2274 1400 2274 1402 2274 1401 2275 1399 2275 1400 2275 1403 2276 1402 2276 1404 2276 1403 2277 1401 2277 1402 2277 1405 2278 1404 2278 1406 2278 1405 2279 1403 2279 1404 2279 1407 2280 1406 2280 1408 2280 1407 2281 1405 2281 1406 2281 1409 2282 1408 2282 1410 2282 1409 2283 1407 2283 1408 2283 1411 2284 1410 2284 1412 2284 1411 2285 1409 2285 1410 2285 1413 2286 1412 2286 1414 2286 1413 2287 1411 2287 1412 2287 1415 2288 1414 2288 1416 2288 1415 2289 1413 2289 1414 2289 1368 2290 1416 2290 1366 2290 1368 2291 1415 2291 1416 2291 1372 2292 1394 2292 1392 2292 1372 2293 1396 2293 1394 2293 1372 2294 1398 2294 1396 2294 1372 2295 1400 2295 1398 2295 1372 2296 1402 2296 1400 2296 1372 2297 1404 2297 1402 2297 1372 2298 1406 2298 1404 2298 1372 2299 1408 2299 1406 2299 1372 2300 1410 2300 1408 2300 1372 2301 1412 2301 1410 2301 1372 2302 1414 2302 1412 2302 1372 2303 1416 2303 1414 2303 1372 2304 1367 2304 1366 2304 1372 2305 1366 2305 1416 2305 1372 2306 1380 2306 1378 2306 1372 2307 1378 2307 1376 2307 1372 2308 1382 2308 1380 2308 1372 2309 1384 2309 1382 2309 1372 2310 1386 2310 1384 2310 1372 2311 1388 2311 1386 2311 1372 2312 1390 2312 1388 2312 1372 2313 1392 2313 1390 2313 1417 2314 1418 2314 1419 2314 1420 2315 1418 2315 1417 2315 1421 2316 1422 2316 1423 2316 1424 2317 1422 2317 1421 2317 1425 2318 1426 2318 1427 2318 1425 2319 1427 2319 1418 2319 1425 2320 1428 2320 1429 2320 1425 2321 1420 2321 1428 2321 1425 2322 1418 2322 1420 2322 1430 2323 1431 2323 1432 2323 1430 2324 1433 2324 1431 2324 1430 2325 1434 2325 1433 2325 1430 2326 1435 2326 1434 2326 1430 2327 1429 2327 1435 2327 1430 2328 1425 2328 1429 2328 1436 2329 1422 2329 1437 2329 1436 2330 1438 2330 1423 2330 1436 2331 1432 2331 1438 2331 1436 2332 1430 2332 1432 2332 1436 2333 1423 2333 1422 2333 1439 2334 1440 2334 1441 2334 1439 2335 1441 2335 1426 2335 1439 2336 1426 2336 1425 2336 1439 2337 1425 2337 1430 2337 1442 2338 1437 2338 1443 2338 1442 2339 1430 2339 1436 2339 1442 2340 1436 2340 1437 2340 1443 2341 1440 2341 1439 2341 1443 2342 1430 2342 1442 2342 1443 2343 1439 2343 1430 2343 1444 2344 1419 2344 1445 2344 1444 2345 1446 2345 1419 2345 1447 2346 1445 2346 1448 2346 1447 2347 1444 2347 1445 2347 1449 2348 1448 2348 1450 2348 1449 2349 1447 2349 1448 2349 1451 2350 1450 2350 1452 2350 1451 2351 1449 2351 1450 2351 1453 2352 1452 2352 1454 2352 1453 2353 1451 2353 1452 2353 1455 2354 1454 2354 1456 2354 1455 2355 1453 2355 1454 2355 1457 2356 1456 2356 1458 2356 1457 2357 1455 2357 1456 2357 1459 2358 1458 2358 1460 2358 1459 2359 1457 2359 1458 2359 1461 2360 1460 2360 1462 2360 1461 2361 1459 2361 1460 2361 1463 2362 1462 2362 1464 2362 1463 2363 1461 2363 1462 2363 1465 2364 1464 2364 1466 2364 1465 2365 1463 2365 1464 2365 1467 2366 1466 2366 1468 2366 1467 2367 1465 2367 1466 2367 1469 2368 1468 2368 1424 2368 1469 2369 1467 2369 1468 2369 1470 2370 1469 2370 1424 2370 1470 2371 1424 2371 1421 2371 1471 2372 1421 2372 1423 2372 1471 2373 1470 2373 1421 2373 1472 2374 1423 2374 1438 2374 1472 2375 1471 2375 1423 2375 1473 2376 1438 2376 1432 2376 1473 2377 1472 2377 1438 2377 1474 2378 1432 2378 1431 2378 1474 2379 1473 2379 1432 2379 1475 2380 1431 2380 1433 2380 1475 2381 1474 2381 1431 2381 1476 2382 1433 2382 1434 2382 1476 2383 1475 2383 1433 2383 1477 2384 1434 2384 1435 2384 1477 2385 1476 2385 1434 2385 1478 2386 1435 2386 1429 2386 1478 2387 1477 2387 1435 2387 1479 2388 1429 2388 1428 2388 1479 2389 1478 2389 1429 2389 1480 2390 1428 2390 1420 2390 1480 2391 1479 2391 1428 2391 1481 2392 1420 2392 1417 2392 1481 2393 1480 2393 1420 2393 1446 2394 1417 2394 1419 2394 1446 2395 1481 2395 1417 2395 1468 2396 1422 2396 1424 2396 1466 2397 1422 2397 1468 2397 1445 2398 1418 2398 1448 2398 1419 2399 1418 2399 1445 2399 1482 2400 1437 2400 1422 2400 1482 2401 1464 2401 1462 2401 1482 2402 1466 2402 1464 2402 1482 2403 1422 2403 1466 2403 1483 2404 1454 2404 1452 2404 1483 2405 1456 2405 1454 2405 1483 2406 1458 2406 1456 2406 1483 2407 1460 2407 1458 2407 1483 2408 1462 2408 1460 2408 1483 2409 1482 2409 1462 2409 1484 2410 1427 2410 1426 2410 1484 2411 1450 2411 1448 2411 1484 2412 1452 2412 1450 2412 1484 2413 1483 2413 1452 2413 1484 2414 1448 2414 1418 2414 1484 2415 1418 2415 1427 2415 1443 2416 1437 2416 1482 2416 1443 2417 1482 2417 1483 2417 1485 2418 1441 2418 1440 2418 1485 2419 1426 2419 1441 2419 1485 2420 1483 2420 1484 2420 1485 2421 1484 2421 1426 2421 1443 2422 1485 2422 1440 2422 1486 2423 1485 2423 1443 2423 1486 2424 1483 2424 1485 2424 1486 2425 1443 2425 1483 2425 1487 2426 1488 2426 1489 2426 1490 2427 1487 2427 1489 2427 1491 2428 1487 2428 1490 2428 1492 2429 1493 2429 1494 2429 1492 2430 1495 2430 1496 2430 1492 2431 1497 2431 1495 2431 1492 2432 1494 2432 1498 2432 1492 2433 1498 2433 1497 2433 1499 2434 1500 2434 1501 2434 1499 2435 1502 2435 1500 2435 1499 2436 1503 2436 1502 2436 1499 2437 1504 2437 1503 2437 1499 2438 1496 2438 1504 2438 1499 2439 1492 2439 1496 2439 1505 2440 1506 2440 1507 2440 1505 2441 1488 2441 1506 2441 1505 2442 1508 2442 1489 2442 1505 2443 1501 2443 1508 2443 1505 2444 1499 2444 1501 2444 1505 2445 1489 2445 1488 2445 1509 2446 1510 2446 1511 2446 1509 2447 1493 2447 1492 2447 1509 2448 1492 2448 1499 2448 1512 2449 1513 2449 1510 2449 1512 2450 1507 2450 1513 2450 1512 2451 1499 2451 1505 2451 1512 2452 1505 2452 1507 2452 1514 2453 1512 2453 1510 2453 1514 2454 1510 2454 1509 2454 1514 2455 1499 2455 1512 2455 1514 2456 1509 2456 1499 2456 1515 2457 1498 2457 1516 2457 1515 2458 1517 2458 1498 2458 1518 2459 1516 2459 1519 2459 1518 2460 1515 2460 1516 2460 1520 2461 1519 2461 1521 2461 1520 2462 1518 2462 1519 2462 1522 2463 1521 2463 1523 2463 1522 2464 1520 2464 1521 2464 1524 2465 1523 2465 1525 2465 1524 2466 1522 2466 1523 2466 1526 2467 1525 2467 1527 2467 1526 2468 1524 2468 1525 2468 1528 2469 1527 2469 1529 2469 1528 2470 1526 2470 1527 2470 1530 2471 1529 2471 1531 2471 1530 2472 1528 2472 1529 2472 1532 2473 1531 2473 1533 2473 1532 2474 1530 2474 1531 2474 1534 2475 1533 2475 1535 2475 1534 2476 1532 2476 1533 2476 1536 2477 1535 2477 1537 2477 1536 2478 1534 2478 1535 2478 1538 2479 1537 2479 1539 2479 1538 2480 1536 2480 1537 2480 1540 2481 1539 2481 1491 2481 1540 2482 1538 2482 1539 2482 1541 2483 1540 2483 1491 2483 1541 2484 1491 2484 1490 2484 1542 2485 1490 2485 1489 2485 1542 2486 1541 2486 1490 2486 1543 2487 1489 2487 1508 2487 1543 2488 1542 2488 1489 2488 1544 2489 1508 2489 1501 2489 1544 2490 1543 2490 1508 2490 1545 2491 1501 2491 1500 2491 1545 2492 1544 2492 1501 2492 1546 2493 1500 2493 1502 2493 1546 2494 1545 2494 1500 2494 1547 2495 1502 2495 1503 2495 1547 2496 1546 2496 1502 2496 1548 2497 1503 2497 1504 2497 1548 2498 1547 2498 1503 2498 1549 2499 1504 2499 1496 2499 1549 2500 1548 2500 1504 2500 1550 2501 1496 2501 1495 2501 1550 2502 1549 2502 1496 2502 1551 2503 1495 2503 1497 2503 1551 2504 1550 2504 1495 2504 1552 2505 1551 2505 1497 2505 1517 2506 1497 2506 1498 2506 1517 2507 1552 2507 1497 2507 1539 2508 1487 2508 1491 2508 1537 2509 1488 2509 1487 2509 1537 2510 1487 2510 1539 2510 1553 2511 1507 2511 1506 2511 1553 2512 1506 2512 1488 2512 1553 2513 1535 2513 1533 2513 1553 2514 1537 2514 1535 2514 1553 2515 1488 2515 1537 2515 1554 2516 1525 2516 1523 2516 1554 2517 1527 2517 1525 2517 1554 2518 1529 2518 1527 2518 1554 2519 1531 2519 1529 2519 1554 2520 1533 2520 1531 2520 1554 2521 1553 2521 1533 2521 1555 2522 1494 2522 1493 2522 1555 2523 1521 2523 1519 2523 1555 2524 1523 2524 1521 2524 1555 2525 1554 2525 1523 2525 1555 2526 1519 2526 1498 2526 1555 2527 1498 2527 1494 2527 1556 2528 1510 2528 1513 2528 1556 2529 1513 2529 1507 2529 1556 2530 1507 2530 1553 2530 1556 2531 1553 2531 1554 2531 1557 2532 1509 2532 1511 2532 1557 2533 1493 2533 1509 2533 1557 2534 1554 2534 1555 2534 1557 2535 1555 2535 1493 2535 1558 2536 1557 2536 1511 2536 1558 2537 1511 2537 1510 2537 1558 2538 1510 2538 1556 2538 1558 2539 1554 2539 1557 2539 1558 2540 1556 2540 1554 2540 1559 2541 1560 2541 1561 2541 1562 2542 1563 2542 1564 2542 1565 2543 1563 2543 1562 2543 1566 2544 1567 2544 1568 2544 1569 2545 1567 2545 1566 2545 1570 2546 1571 2546 1563 2546 1570 2547 1572 2547 1573 2547 1570 2548 1565 2548 1572 2548 1570 2549 1563 2549 1565 2549 1574 2550 1575 2550 1576 2550 1574 2551 1577 2551 1575 2551 1574 2552 1578 2552 1577 2552 1574 2553 1579 2553 1578 2553 1574 2554 1573 2554 1579 2554 1574 2555 1570 2555 1573 2555 1580 2556 1567 2556 1581 2556 1580 2557 1582 2557 1568 2557 1580 2558 1576 2558 1582 2558 1580 2559 1574 2559 1576 2559 1580 2560 1568 2560 1567 2560 1583 2561 1584 2561 1571 2561 1583 2562 1571 2562 1570 2562 1583 2563 1570 2563 1574 2563 1585 2564 1581 2564 1586 2564 1585 2565 1574 2565 1580 2565 1585 2566 1580 2566 1581 2566 1583 2567 1585 2567 1587 2567 1588 2568 1585 2568 1583 2568 1588 2569 1574 2569 1585 2569 1588 2570 1583 2570 1574 2570 1589 2571 1564 2571 1590 2571 1589 2572 1591 2572 1564 2572 1592 2573 1590 2573 1593 2573 1592 2574 1589 2574 1590 2574 1594 2575 1593 2575 1595 2575 1594 2576 1592 2576 1593 2576 1596 2577 1595 2577 1597 2577 1596 2578 1594 2578 1595 2578 1598 2579 1597 2579 1599 2579 1598 2580 1596 2580 1597 2580 1600 2581 1599 2581 1601 2581 1600 2582 1598 2582 1599 2582 1602 2583 1601 2583 1603 2583 1602 2584 1600 2584 1601 2584 1604 2585 1603 2585 1605 2585 1604 2586 1602 2586 1603 2586 1606 2587 1605 2587 1607 2587 1606 2588 1604 2588 1605 2588 1608 2589 1607 2589 1609 2589 1608 2590 1606 2590 1607 2590 1610 2591 1609 2591 1611 2591 1610 2592 1608 2592 1609 2592 1612 2593 1611 2593 1613 2593 1612 2594 1610 2594 1611 2594 1614 2595 1613 2595 1569 2595 1614 2596 1612 2596 1613 2596 1615 2597 1614 2597 1569 2597 1615 2598 1569 2598 1566 2598 1616 2599 1566 2599 1568 2599 1616 2600 1615 2600 1566 2600 1617 2601 1568 2601 1582 2601 1617 2602 1616 2602 1568 2602 1618 2603 1582 2603 1576 2603 1618 2604 1617 2604 1582 2604 1619 2605 1576 2605 1575 2605 1619 2606 1618 2606 1576 2606 1620 2607 1575 2607 1577 2607 1620 2608 1619 2608 1575 2608 1621 2609 1577 2609 1578 2609 1621 2610 1620 2610 1577 2610 1622 2611 1578 2611 1579 2611 1622 2612 1621 2612 1578 2612 1623 2613 1579 2613 1573 2613 1623 2614 1622 2614 1579 2614 1624 2615 1573 2615 1572 2615 1624 2616 1623 2616 1573 2616 1625 2617 1572 2617 1565 2617 1625 2618 1624 2618 1572 2618 1626 2619 1565 2619 1562 2619 1626 2620 1625 2620 1565 2620 1591 2621 1562 2621 1564 2621 1591 2622 1626 2622 1562 2622 1613 2623 1567 2623 1569 2623 1611 2624 1567 2624 1613 2624 1590 2625 1563 2625 1593 2625 1564 2626 1563 2626 1590 2626 1627 2627 1581 2627 1567 2627 1627 2628 1609 2628 1607 2628 1627 2629 1611 2629 1609 2629 1627 2630 1567 2630 1611 2630 1628 2631 1599 2631 1597 2631 1628 2632 1601 2632 1599 2632 1628 2633 1603 2633 1601 2633 1628 2634 1605 2634 1603 2634 1628 2635 1607 2635 1605 2635 1628 2636 1627 2636 1607 2636 1629 2637 1563 2637 1571 2637 1629 2638 1595 2638 1593 2638 1629 2639 1597 2639 1595 2639 1629 2640 1628 2640 1597 2640 1629 2641 1593 2641 1563 2641 1630 2642 1587 2642 1585 2642 1630 2643 1585 2643 1586 2643 1630 2644 1586 2644 1581 2644 1630 2645 1581 2645 1627 2645 1630 2646 1627 2646 1628 2646 1583 2647 1628 2647 1629 2647 1583 2648 1629 2648 1571 2648 1631 2649 1583 2649 1587 2649 1631 2650 1587 2650 1630 2650 1631 2651 1628 2651 1583 2651 1631 2652 1630 2652 1628 2652 1632 2653 1633 2653 1634 2653 1635 2654 1636 2654 1633 2654 1635 2655 1633 2655 1632 2655 1637 2656 1638 2656 1639 2656 1640 2657 1638 2657 1637 2657 1641 2658 1642 2658 1636 2658 1641 2659 1643 2659 1644 2659 1641 2660 1635 2660 1643 2660 1641 2661 1636 2661 1635 2661 1645 2662 1646 2662 1647 2662 1645 2663 1648 2663 1646 2663 1645 2664 1649 2664 1648 2664 1645 2665 1650 2665 1649 2665 1645 2666 1644 2666 1650 2666 1645 2667 1641 2667 1644 2667 1651 2668 1638 2668 1652 2668 1651 2669 1653 2669 1639 2669 1651 2670 1647 2670 1653 2670 1651 2671 1645 2671 1647 2671 1651 2672 1639 2672 1638 2672 1654 2673 1655 2673 1656 2673 1656 2674 1642 2674 1641 2674 1656 2675 1641 2675 1645 2675 1657 2676 1652 2676 1655 2676 1657 2677 1645 2677 1651 2677 1657 2678 1651 2678 1652 2678 1655 2679 1645 2679 1657 2679 1655 2680 1656 2680 1645 2680 1658 2681 1634 2681 1659 2681 1658 2682 1660 2682 1634 2682 1661 2683 1659 2683 1662 2683 1661 2684 1658 2684 1659 2684 1663 2685 1662 2685 1664 2685 1663 2686 1661 2686 1662 2686 1665 2687 1664 2687 1666 2687 1665 2688 1663 2688 1664 2688 1667 2689 1666 2689 1668 2689 1667 2690 1665 2690 1666 2690 1669 2691 1668 2691 1670 2691 1669 2692 1667 2692 1668 2692 1671 2693 1670 2693 1672 2693 1671 2694 1669 2694 1670 2694 1673 2695 1672 2695 1674 2695 1673 2696 1671 2696 1672 2696 1675 2697 1674 2697 1676 2697 1675 2698 1673 2698 1674 2698 1677 2699 1676 2699 1678 2699 1677 2700 1675 2700 1676 2700 1679 2701 1678 2701 1680 2701 1679 2702 1677 2702 1678 2702 1681 2703 1680 2703 1682 2703 1681 2704 1679 2704 1680 2704 1683 2705 1682 2705 1640 2705 1683 2706 1681 2706 1682 2706 1684 2707 1683 2707 1640 2707 1684 2708 1640 2708 1637 2708 1685 2709 1637 2709 1639 2709 1685 2710 1684 2710 1637 2710 1686 2711 1639 2711 1653 2711 1686 2712 1685 2712 1639 2712 1687 2713 1653 2713 1647 2713 1687 2714 1686 2714 1653 2714 1688 2715 1647 2715 1646 2715 1688 2716 1687 2716 1647 2716 1689 2717 1646 2717 1648 2717 1689 2718 1688 2718 1646 2718 1690 2719 1648 2719 1649 2719 1690 2720 1689 2720 1648 2720 1691 2721 1649 2721 1650 2721 1691 2722 1690 2722 1649 2722 1692 2723 1650 2723 1644 2723 1692 2724 1691 2724 1650 2724 1693 2725 1644 2725 1643 2725 1693 2726 1692 2726 1644 2726 1694 2727 1643 2727 1635 2727 1694 2728 1693 2728 1643 2728 1695 2729 1635 2729 1632 2729 1695 2730 1694 2730 1635 2730 1660 2731 1632 2731 1634 2731 1660 2732 1695 2732 1632 2732 1682 2733 1638 2733 1640 2733 1680 2734 1638 2734 1682 2734 1633 2735 1636 2735 1662 2735 1659 2736 1633 2736 1662 2736 1634 2737 1633 2737 1659 2737 1696 2738 1652 2738 1638 2738 1696 2739 1678 2739 1676 2739 1696 2740 1680 2740 1678 2740 1696 2741 1638 2741 1680 2741 1697 2742 1668 2742 1666 2742 1697 2743 1670 2743 1668 2743 1697 2744 1672 2744 1670 2744 1697 2745 1674 2745 1672 2745 1697 2746 1676 2746 1674 2746 1697 2747 1696 2747 1676 2747 1698 2748 1636 2748 1642 2748 1698 2749 1664 2749 1662 2749 1698 2750 1666 2750 1664 2750 1698 2751 1697 2751 1666 2751 1698 2752 1662 2752 1636 2752 1699 2753 1655 2753 1652 2753 1699 2754 1652 2754 1696 2754 1699 2755 1696 2755 1697 2755 1700 2756 1656 2756 1655 2756 1700 2757 1642 2757 1656 2757 1700 2758 1697 2758 1698 2758 1700 2759 1698 2759 1642 2759 1655 2760 1697 2760 1700 2760 1655 2761 1699 2761 1697 2761 1701 2762 1702 2762 1703 2762 1701 2763 1704 2763 1702 2763 1705 2764 1703 2764 1706 2764 1705 2765 1701 2765 1703 2765 1707 2766 1706 2766 1708 2766 1707 2767 1705 2767 1706 2767 1709 2768 1708 2768 1710 2768 1709 2769 1707 2769 1708 2769 1711 2770 1710 2770 1712 2770 1711 2771 1709 2771 1710 2771 1713 2772 1712 2772 1714 2772 1713 2773 1711 2773 1712 2773 1715 2774 1714 2774 1716 2774 1715 2775 1713 2775 1714 2775 1717 2776 1716 2776 1718 2776 1717 2777 1715 2777 1716 2777 1719 2778 1718 2778 1720 2778 1719 2779 1717 2779 1718 2779 1721 2780 1720 2780 1722 2780 1721 2781 1719 2781 1720 2781 1723 2782 1722 2782 1724 2782 1723 2783 1721 2783 1722 2783 1725 2784 1724 2784 1726 2784 1725 2785 1723 2785 1724 2785 1727 2786 1726 2786 1728 2786 1727 2787 1725 2787 1726 2787 1729 2788 1730 2788 1731 2788 1729 2789 1732 2789 1730 2789 1733 2790 1731 2790 1734 2790 1733 2791 1729 2791 1731 2791 1735 2792 1734 2792 1736 2792 1735 2793 1733 2793 1734 2793 1737 2794 1736 2794 1738 2794 1737 2795 1735 2795 1736 2795 1739 2796 1738 2796 1740 2796 1739 2797 1737 2797 1738 2797 1741 2798 1740 2798 1742 2798 1741 2799 1739 2799 1740 2799 1743 2800 1742 2800 1744 2800 1743 2801 1741 2801 1742 2801 1745 2802 1744 2802 1746 2802 1745 2803 1743 2803 1744 2803 1747 2804 1746 2804 1748 2804 1747 2805 1745 2805 1746 2805 1749 2806 1748 2806 1750 2806 1749 2807 1747 2807 1748 2807 1751 2808 1750 2808 1752 2808 1751 2809 1749 2809 1750 2809 1753 2810 1752 2810 1754 2810 1753 2811 1751 2811 1752 2811 1755 2812 1754 2812 1756 2812 1755 2813 1753 2813 1754 2813 1757 2814 1758 2814 1759 2814 1757 2815 1760 2815 1758 2815 1761 2816 1762 2816 1760 2816 1761 2817 1760 2817 1757 2817 1763 2818 1764 2818 1762 2818 1763 2819 1762 2819 1761 2819 1765 2820 1766 2820 1764 2820 1765 2821 1764 2821 1763 2821 1767 2822 1768 2822 1766 2822 1767 2823 1766 2823 1765 2823 1769 2824 1770 2824 1768 2824 1769 2825 1768 2825 1767 2825 1771 2826 1772 2826 1770 2826 1771 2827 1770 2827 1769 2827 1773 2828 1774 2828 1772 2828 1773 2829 1772 2829 1771 2829 1775 2830 1776 2830 1774 2830 1775 2831 1774 2831 1773 2831 1777 2832 1778 2832 1776 2832 1777 2833 1776 2833 1775 2833 1779 2834 1780 2834 1778 2834 1779 2835 1778 2835 1777 2835 1781 2836 1782 2836 1780 2836 1781 2837 1780 2837 1779 2837 1783 2838 1784 2838 1782 2838 1783 2839 1782 2839 1781 2839 1785 2840 1786 2840 1787 2840 1785 2841 1788 2841 1786 2841 1785 2842 1751 2842 1753 2842 1785 2843 1753 2843 1755 2843 1785 2844 1755 2844 1788 2844 1789 2845 1790 2845 1791 2845 1789 2846 1787 2846 1790 2846 1789 2847 1747 2847 1749 2847 1789 2848 1749 2848 1751 2848 1789 2849 1751 2849 1785 2849 1789 2850 1785 2850 1787 2850 1792 2851 1791 2851 1793 2851 1792 2852 1745 2852 1747 2852 1792 2853 1789 2853 1791 2853 1792 2854 1747 2854 1789 2854 1794 2855 1793 2855 1795 2855 1794 2856 1743 2856 1745 2856 1794 2857 1745 2857 1792 2857 1794 2858 1792 2858 1793 2858 1796 2859 1797 2859 1798 2859 1796 2860 1795 2860 1797 2860 1796 2861 1739 2861 1741 2861 1796 2862 1741 2862 1743 2862 1796 2863 1743 2863 1794 2863 1796 2864 1794 2864 1795 2864 1799 2865 1798 2865 1800 2865 1799 2866 1737 2866 1739 2866 1799 2867 1796 2867 1798 2867 1799 2868 1739 2868 1796 2868 1801 2869 1802 2869 1803 2869 1801 2870 1800 2870 1802 2870 1801 2871 1733 2871 1735 2871 1801 2872 1735 2872 1737 2872 1801 2873 1737 2873 1799 2873 1801 2874 1799 2874 1800 2874 1804 2875 1805 2875 1806 2875 1804 2876 1803 2876 1805 2876 1804 2877 1806 2877 1732 2877 1804 2878 1732 2878 1729 2878 1804 2879 1729 2879 1733 2879 1804 2880 1801 2880 1803 2880 1804 2881 1733 2881 1801 2881 1807 2882 1808 2882 1809 2882 1807 2883 1810 2883 1808 2883 1811 2884 1809 2884 1812 2884 1811 2885 1807 2885 1809 2885 1813 2886 1812 2886 1814 2886 1813 2887 1811 2887 1812 2887 1815 2888 1814 2888 1816 2888 1815 2889 1813 2889 1814 2889 1817 2890 1816 2890 1818 2890 1817 2891 1815 2891 1816 2891 1819 2892 1818 2892 1820 2892 1819 2893 1817 2893 1818 2893 1821 2894 1820 2894 1822 2894 1821 2895 1819 2895 1820 2895 1823 2896 1822 2896 1824 2896 1823 2897 1821 2897 1822 2897 1825 2898 1824 2898 1826 2898 1825 2899 1823 2899 1824 2899 1827 2900 1826 2900 1828 2900 1827 2901 1825 2901 1826 2901 1829 2902 1827 2902 1828 2902 1830 2903 1828 2903 1831 2903 1830 2904 1829 2904 1828 2904 1832 2905 1831 2905 1833 2905 1832 2906 1830 2906 1831 2906 1834 2907 1832 2907 1833 2907 1835 2908 1833 2908 1836 2908 1835 2909 1834 2909 1833 2909 1837 2910 1835 2910 1836 2910 1838 2911 1837 2911 1836 2911 1839 2912 1838 2912 1836 2912 1840 2913 1841 2913 1842 2913 1843 2914 1841 2914 1840 2914 1844 2915 1840 2915 1845 2915 1846 2916 1844 2916 1845 2916 1847 2917 1846 2917 1845 2917 1848 2918 1846 2918 1847 2918 1849 2919 1848 2919 1847 2919 1850 2920 1848 2920 1849 2920 1851 2921 1849 2921 1852 2921 1851 2922 1850 2922 1849 2922 1853 2923 1852 2923 1854 2923 1853 2924 1851 2924 1852 2924 1855 2925 1854 2925 1856 2925 1855 2926 1853 2926 1854 2926 1857 2927 1855 2927 1856 2927 1858 2928 1855 2928 1857 2928 1859 2929 1860 2929 1861 2929 1862 2930 1859 2930 1861 2930 1863 2931 1859 2931 1862 2931 1864 2932 1862 2932 1865 2932 1864 2933 1863 2933 1862 2933 1866 2934 1865 2934 1867 2934 1866 2935 1864 2935 1865 2935 1868 2936 1867 2936 1869 2936 1868 2937 1866 2937 1867 2937 1870 2938 1868 2938 1869 2938 1871 2939 1870 2939 1869 2939 1872 2940 1870 2940 1871 2940 1873 2941 1872 2941 1871 2941 1874 2942 1872 2942 1873 2942 1875 2943 1874 2943 1873 2943 1876 2944 1875 2944 1877 2944 1876 2945 1874 2945 1875 2945 1878 2946 1877 2946 1879 2946 1878 2947 1876 2947 1877 2947 1880 2948 1879 2948 1881 2948 1880 2949 1878 2949 1879 2949 1882 2950 1880 2950 1881 2950 1883 2951 1882 2951 1881 2951 1884 2952 1882 2952 1883 2952 1885 2953 1884 2953 1883 2953 1886 2954 1884 2954 1885 2954 1887 2955 1886 2955 1885 2955 1888 2956 1886 2956 1887 2956 1888 2957 1887 2957 1889 2957 1890 2958 1888 2958 1889 2958 1890 2959 1889 2959 1891 2959 1892 2960 1890 2960 1891 2960 1892 2961 1891 2961 1893 2961 1894 2962 1892 2962 1893 2962 1894 2963 1893 2963 1895 2963 1896 2964 1894 2964 1895 2964 1897 2965 1894 2965 1896 2965 1897 2966 1896 2966 1898 2966 1899 2967 1858 2967 1857 2967 1900 2968 1899 2968 1857 2968 1901 2969 1899 2969 1900 2969 1902 2970 1900 2970 1903 2970 1902 2971 1901 2971 1900 2971 1904 2972 1903 2972 1905 2972 1904 2973 1902 2973 1903 2973 1906 2974 1905 2974 1907 2974 1906 2975 1904 2975 1905 2975 1908 2976 1906 2976 1907 2976 1909 2977 1908 2977 1907 2977 1910 2978 1908 2978 1909 2978 1911 2979 1910 2979 1909 2979 1912 2980 1910 2980 1911 2980 1913 2981 1912 2981 1911 2981 1914 2982 1913 2982 1915 2982 1914 2983 1912 2983 1913 2983 1916 2984 1915 2984 1917 2984 1916 2985 1914 2985 1915 2985 1918 2986 1917 2986 1919 2986 1918 2987 1916 2987 1917 2987 1920 2988 1918 2988 1919 2988 1921 2989 1920 2989 1919 2989 1922 2990 1920 2990 1921 2990 1923 2991 1922 2991 1921 2991 1924 2992 1922 2992 1923 2992 1925 2993 1924 2993 1923 2993 1926 2994 1924 2994 1925 2994 1926 2995 1925 2995 1927 2995 1928 2996 1926 2996 1927 2996 1928 2997 1927 2997 1929 2997 1930 2998 1928 2998 1929 2998 1930 2999 1929 2999 1931 2999 1932 3000 1930 3000 1931 3000 1932 3001 1931 3001 1933 3001 1934 3002 1932 3002 1933 3002 1860 3003 1932 3003 1934 3003 1860 3004 1934 3004 1861 3004 1935 3005 1897 3005 1898 3005 1936 3006 1897 3006 1935 3006 1937 3007 1935 3007 1938 3007 1937 3008 1936 3008 1935 3008 1939 3009 1938 3009 1940 3009 1939 3010 1937 3010 1938 3010 1941 3011 1940 3011 1942 3011 1941 3012 1939 3012 1940 3012 1943 3013 1941 3013 1942 3013 1944 3014 1941 3014 1943 3014 1945 3015 1944 3015 1943 3015 1946 3016 1945 3016 1947 3016 1946 3017 1944 3017 1945 3017 1948 3018 1947 3018 1949 3018 1948 3019 1946 3019 1947 3019 1950 3020 1948 3020 1949 3020 1951 3021 1950 3021 1952 3021 1951 3022 1948 3022 1950 3022 1953 3023 1952 3023 1954 3023 1953 3024 1951 3024 1952 3024 1955 3025 1953 3025 1954 3025 1956 3026 1953 3026 1955 3026 1957 3027 1956 3027 1955 3027 1958 3028 1957 3028 1959 3028 1958 3029 1956 3029 1957 3029 1960 3030 1959 3030 1961 3030 1960 3031 1958 3031 1959 3031 1962 3032 1960 3032 1961 3032 1963 3033 1964 3033 1962 3033 1965 3034 1964 3034 1963 3034 1966 3035 1965 3035 1967 3035 1968 3036 1969 3036 1970 3036 1971 3037 1970 3037 1972 3037 1971 3038 1968 3038 1970 3038 1973 3039 1974 3039 1969 3039 1973 3040 1969 3040 1968 3040 1975 3041 1971 3041 1972 3041 1976 3042 1975 3042 1972 3042 1977 3043 1978 3043 1974 3043 1977 3044 1974 3044 1973 3044 1979 3045 1975 3045 1976 3045 1980 3046 1979 3046 1976 3046 1728 3047 1981 3047 1978 3047 1728 3048 1978 3048 1977 3048 1982 3049 1979 3049 1980 3049 1983 3050 1982 3050 1980 3050 1984 3051 1981 3051 1728 3051 1726 3052 1984 3052 1728 3052 1985 3053 1982 3053 1983 3053 1986 3054 1984 3054 1726 3054 1724 3055 1986 3055 1726 3055 1987 3056 1985 3056 1988 3056 1989 3057 1986 3057 1724 3057 1722 3058 1989 3058 1724 3058 1990 3059 1987 3059 1988 3059 1991 3060 1987 3060 1990 3060 1992 3061 1989 3061 1722 3061 1720 3062 1992 3062 1722 3062 1993 3063 1991 3063 1990 3063 1994 3064 1991 3064 1993 3064 1995 3065 1992 3065 1720 3065 1995 3066 1720 3066 1718 3066 1996 3067 1994 3067 1993 3067 1997 3068 1994 3068 1996 3068 1998 3069 1997 3069 1996 3069 1999 3070 1995 3070 1718 3070 1999 3071 1718 3071 1716 3071 1702 3072 1997 3072 1998 3072 2000 3073 1702 3073 1998 3073 2001 3074 1999 3074 1716 3074 2001 3075 1716 3075 1714 3075 1703 3076 1702 3076 2000 3076 2002 3077 1703 3077 2000 3077 1706 3078 1703 3078 2002 3078 2003 3079 2001 3079 1714 3079 2003 3080 1714 3080 1712 3080 2004 3081 1706 3081 2002 3081 2004 3082 1708 3082 1706 3082 2005 3083 2003 3083 1712 3083 2005 3084 1712 3084 1710 3084 2006 3085 1708 3085 2004 3085 2006 3086 1710 3086 1708 3086 2006 3087 2005 3087 1710 3087 2007 3088 1966 3088 1967 3088 2008 3089 2007 3089 1967 3089 2009 3090 2008 3090 1967 3090 2010 3091 1839 3091 1836 3091 2010 3092 1836 3092 2011 3092 2012 3093 2011 3093 2013 3093 2012 3094 2010 3094 2011 3094 2014 3095 2013 3095 2015 3095 2014 3096 2012 3096 2013 3096 2016 3097 2015 3097 2017 3097 2016 3098 2014 3098 2015 3098 2018 3099 2017 3099 2019 3099 2018 3100 2016 3100 2017 3100 2020 3101 2019 3101 2021 3101 2020 3102 2018 3102 2019 3102 2022 3103 2021 3103 2023 3103 2022 3104 2020 3104 2021 3104 2024 3105 2023 3105 2025 3105 2024 3106 2022 3106 2023 3106 2026 3107 2025 3107 2027 3107 2026 3108 2024 3108 2025 3108 2028 3109 2027 3109 2029 3109 2028 3110 2026 3110 2027 3110 2030 3111 2029 3111 2031 3111 2030 3112 2028 3112 2029 3112 2032 3113 2031 3113 2033 3113 2032 3114 2030 3114 2031 3114 1810 3115 2033 3115 1808 3115 1810 3116 2032 3116 2033 3116 2034 3117 2035 3117 2036 3117 2034 3118 1835 3118 2035 3118 2037 3119 2034 3119 2036 3119 2038 3120 2034 3120 2037 3120 2039 3121 2038 3121 2037 3121 2040 3122 2038 3122 2039 3122 2040 3123 2039 3123 2041 3123 2042 3124 2040 3124 2041 3124 2042 3125 2041 3125 2043 3125 2044 3126 2043 3126 2045 3126 2044 3127 2042 3127 2043 3127 2046 3128 2045 3128 2047 3128 2046 3129 2044 3129 2045 3129 2048 3130 2047 3130 2049 3130 2048 3131 2046 3131 2047 3131 2050 3132 2048 3132 2049 3132 2051 3133 2050 3133 2049 3133 2052 3134 2050 3134 2051 3134 2053 3135 2052 3135 2051 3135 2054 3136 2052 3136 2053 3136 2055 3137 2054 3137 2053 3137 2056 3138 2054 3138 2055 3138 2057 3139 2056 3139 2055 3139 2058 3140 2056 3140 2057 3140 2059 3141 2058 3141 2057 3141 2059 3142 2057 3142 2060 3142 2061 3143 2059 3143 2060 3143 2061 3144 2060 3144 2062 3144 2063 3145 2061 3145 2062 3145 2063 3146 2062 3146 2064 3146 2065 3147 2063 3147 2064 3147 2065 3148 2064 3148 2066 3148 2067 3149 2065 3149 2066 3149 2067 3150 2066 3150 2068 3150 2069 3151 2067 3151 2068 3151 2070 3152 2067 3152 2069 3152 2071 3153 2070 3153 2069 3153 2071 3154 2069 3154 2072 3154 2073 3155 2071 3155 2072 3155 2073 3156 2072 3156 2074 3156 2075 3157 2073 3157 2074 3157 2075 3158 2074 3158 2076 3158 2077 3159 2075 3159 2076 3159 2077 3160 2078 3160 1842 3160 2077 3161 1842 3161 1841 3161 2077 3162 2076 3162 2078 3162 2079 3163 2077 3163 1841 3163 2079 3164 1841 3164 1843 3164 2080 3165 2079 3165 1843 3165 2080 3166 1844 3166 1846 3166 2080 3167 1843 3167 1840 3167 2080 3168 1840 3168 1844 3168 2081 3169 1846 3169 1848 3169 2081 3170 2080 3170 1846 3170 2082 3171 1848 3171 1850 3171 2082 3172 2081 3172 1848 3172 2083 3173 1850 3173 1851 3173 2083 3174 2082 3174 1850 3174 2084 3175 1851 3175 1853 3175 2084 3176 2083 3176 1851 3176 2085 3177 1853 3177 1855 3177 2085 3178 2084 3178 1853 3178 2086 3179 1858 3179 1899 3179 2086 3180 1855 3180 1858 3180 2086 3181 2087 3181 2085 3181 2086 3182 2085 3182 1855 3182 2088 3183 1901 3183 1902 3183 2088 3184 1899 3184 1901 3184 2088 3185 2086 3185 1899 3185 2089 3186 1902 3186 1904 3186 2089 3187 2088 3187 1902 3187 2090 3188 1904 3188 1906 3188 2090 3189 2089 3189 1904 3189 2091 3190 2090 3190 1906 3190 2091 3191 1906 3191 1908 3191 2092 3192 2091 3192 1908 3192 2092 3193 1910 3193 1912 3193 2092 3194 1908 3194 1910 3194 2093 3195 2092 3195 1912 3195 2093 3196 1912 3196 1914 3196 2094 3197 2093 3197 1914 3197 2094 3198 1914 3198 1916 3198 2095 3199 2094 3199 1916 3199 2095 3200 1918 3200 1920 3200 2095 3201 1916 3201 1918 3201 2096 3202 2095 3202 1920 3202 2096 3203 1920 3203 1922 3203 2097 3204 2096 3204 1922 3204 2097 3205 1922 3205 1924 3205 2098 3206 2097 3206 1924 3206 2098 3207 1924 3207 1926 3207 2099 3208 1928 3208 1930 3208 2099 3209 1926 3209 1928 3209 2099 3210 2098 3210 1926 3210 2100 3211 1930 3211 1932 3211 2100 3212 2099 3212 1930 3212 2101 3213 1932 3213 1860 3213 2101 3214 2100 3214 1932 3214 2102 3215 1860 3215 1859 3215 2102 3216 2101 3216 1860 3216 2103 3217 1863 3217 1864 3217 2103 3218 1859 3218 1863 3218 2103 3219 2102 3219 1859 3219 2104 3220 1864 3220 1866 3220 2104 3221 2103 3221 1864 3221 2105 3222 1866 3222 1868 3222 2105 3223 2104 3223 1866 3223 2106 3224 1870 3224 1872 3224 2106 3225 1868 3225 1870 3225 2106 3226 2105 3226 1868 3226 2107 3227 1872 3227 1874 3227 2107 3228 2106 3228 1872 3228 2108 3229 1874 3229 1876 3229 2108 3230 2107 3230 1874 3230 2109 3231 1878 3231 1880 3231 2109 3232 1876 3232 1878 3232 2109 3233 2108 3233 1876 3233 2110 3234 1880 3234 1882 3234 2110 3235 2109 3235 1880 3235 2111 3236 1882 3236 1884 3236 2111 3237 2110 3237 1882 3237 2112 3238 1884 3238 1886 3238 2112 3239 2113 3239 2111 3239 2112 3240 2111 3240 1884 3240 2114 3241 2112 3241 1886 3241 2114 3242 1888 3242 1890 3242 2114 3243 1886 3243 1888 3243 2115 3244 2114 3244 1890 3244 2115 3245 1890 3245 1892 3245 2116 3246 2115 3246 1892 3246 2116 3247 1892 3247 1894 3247 2117 3248 2118 3248 2116 3248 2117 3249 2116 3249 1894 3249 2117 3250 1894 3250 1897 3250 2119 3251 1897 3251 1936 3251 2119 3252 2117 3252 1897 3252 2120 3253 1936 3253 1937 3253 2120 3254 2119 3254 1936 3254 2121 3255 1937 3255 1939 3255 2121 3256 2120 3256 1937 3256 2122 3257 1939 3257 1941 3257 2122 3258 2121 3258 1939 3258 2123 3259 1941 3259 1944 3259 2123 3260 2122 3260 1941 3260 2124 3261 1944 3261 1946 3261 2124 3262 2123 3262 1944 3262 2125 3263 1946 3263 1948 3263 2125 3264 2124 3264 1946 3264 2126 3265 1948 3265 1951 3265 2126 3266 2125 3266 1948 3266 2127 3267 1951 3267 1953 3267 2127 3268 2126 3268 1951 3268 2128 3269 1953 3269 2129 3269 2128 3270 2127 3270 1953 3270 2130 3271 2129 3271 2131 3271 2130 3272 2128 3272 2129 3272 1990 3273 2130 3273 2131 3273 2132 3274 1990 3274 2131 3274 1993 3275 1990 3275 2132 3275 2133 3276 1993 3276 2132 3276 1996 3277 1993 3277 2133 3277 1998 3278 1996 3278 2133 3278 2134 3279 2041 3279 2039 3279 2043 3280 2041 3280 2134 3280 2135 3281 2043 3281 2134 3281 2045 3282 2043 3282 2135 3282 2136 3283 2045 3283 2135 3283 2047 3284 2045 3284 2136 3284 2137 3285 2047 3285 2136 3285 2049 3286 2047 3286 2137 3286 2138 3287 2049 3287 2137 3287 2051 3288 2049 3288 2138 3288 2139 3289 2051 3289 2138 3289 2053 3290 2051 3290 2139 3290 2140 3291 2053 3291 2139 3291 2055 3292 2053 3292 2140 3292 2141 3293 2055 3293 2140 3293 2057 3294 2055 3294 2141 3294 2142 3295 2057 3295 2141 3295 2060 3296 2057 3296 2142 3296 2143 3297 2060 3297 2142 3297 2062 3298 2060 3298 2143 3298 2144 3299 2062 3299 2143 3299 2064 3300 2062 3300 2144 3300 2145 3301 2146 3301 2147 3301 2148 3302 2146 3302 2145 3302 2149 3303 2148 3303 2145 3303 2150 3304 2148 3304 2149 3304 2150 3305 2149 3305 1825 3305 2151 3306 1825 3306 2152 3306 2151 3307 2150 3307 1825 3307 2153 3308 2152 3308 2154 3308 2153 3309 2151 3309 2152 3309 1852 3310 2154 3310 2155 3310 1852 3311 2153 3311 2154 3311 1854 3312 1852 3312 2155 3312 1856 3313 2155 3313 2156 3313 1856 3314 1854 3314 2155 3314 1857 3315 2156 3315 2157 3315 1857 3316 1856 3316 2156 3316 1900 3317 2157 3317 2158 3317 1900 3318 1857 3318 2157 3318 1903 3319 2158 3319 2159 3319 1903 3320 1900 3320 2158 3320 1905 3321 1903 3321 2159 3321 1907 3322 1905 3322 2159 3322 1907 3323 2159 3323 2160 3323 1909 3324 1907 3324 2160 3324 1909 3325 2160 3325 2161 3325 1911 3326 1909 3326 2161 3326 1911 3327 2161 3327 2162 3327 1913 3328 1911 3328 2162 3328 1915 3329 1913 3329 2162 3329 1915 3330 2162 3330 2163 3330 1917 3331 1915 3331 2163 3331 1917 3332 2163 3332 2164 3332 1919 3333 1917 3333 2164 3333 1919 3334 2164 3334 2165 3334 1921 3335 1919 3335 2165 3335 1923 3336 1921 3336 2165 3336 1923 3337 2165 3337 2166 3337 1925 3338 1923 3338 2166 3338 1925 3339 2166 3339 2167 3339 1927 3340 1925 3340 2167 3340 1929 3341 1927 3341 2167 3341 1929 3342 2167 3342 2168 3342 1931 3343 1929 3343 2168 3343 1931 3344 2168 3344 2169 3344 1933 3345 1931 3345 2169 3345 1934 3346 1933 3346 2169 3346 1934 3347 2169 3347 2170 3347 1861 3348 1934 3348 2170 3348 1862 3349 2170 3349 2171 3349 1862 3350 1861 3350 2170 3350 1865 3351 2171 3351 2172 3351 1865 3352 1862 3352 2171 3352 1867 3353 2172 3353 2173 3353 1867 3354 1865 3354 2172 3354 1869 3355 2173 3355 2174 3355 1869 3356 1867 3356 2173 3356 1871 3357 1869 3357 2174 3357 1873 3358 2174 3358 2175 3358 1873 3359 1871 3359 2174 3359 1875 3360 2175 3360 2176 3360 1875 3361 1873 3361 2175 3361 1877 3362 2176 3362 2177 3362 1877 3363 1875 3363 2176 3363 1879 3364 1877 3364 2177 3364 1881 3365 2177 3365 2178 3365 1881 3366 1879 3366 2177 3366 1883 3367 2178 3367 2179 3367 1883 3368 1881 3368 2178 3368 1885 3369 1883 3369 2179 3369 1887 3370 2179 3370 2180 3370 1887 3371 1885 3371 2179 3371 1889 3372 2180 3372 2181 3372 1889 3373 1887 3373 2180 3373 1891 3374 1889 3374 2181 3374 1891 3375 2181 3375 2182 3375 1893 3376 1891 3376 2182 3376 1895 3377 1893 3377 2182 3377 1895 3378 2182 3378 2183 3378 1896 3379 1895 3379 2183 3379 1898 3380 1896 3380 2183 3380 1898 3381 2183 3381 2184 3381 1935 3382 1898 3382 2184 3382 1935 3383 2184 3383 2185 3383 1938 3384 1935 3384 2185 3384 1938 3385 2185 3385 2186 3385 1940 3386 1938 3386 2186 3386 1940 3387 2186 3387 2187 3387 1942 3388 1940 3388 2187 3388 1943 3389 2187 3389 2188 3389 1943 3390 1942 3390 2187 3390 1945 3391 2188 3391 2189 3391 1945 3392 1943 3392 2188 3392 1947 3393 1945 3393 2189 3393 1949 3394 2189 3394 2190 3394 1949 3395 1947 3395 2189 3395 1950 3396 2190 3396 2191 3396 1950 3397 1949 3397 2190 3397 1952 3398 2191 3398 2192 3398 1952 3399 1950 3399 2191 3399 1954 3400 1952 3400 2192 3400 1955 3401 2192 3401 2193 3401 1955 3402 1954 3402 2192 3402 1957 3403 2193 3403 2194 3403 1957 3404 1955 3404 2193 3404 1959 3405 1957 3405 2194 3405 1961 3406 2194 3406 2195 3406 1961 3407 1959 3407 2194 3407 1962 3408 2195 3408 2196 3408 1962 3409 1961 3409 2195 3409 1963 3410 1962 3410 2196 3410 1965 3411 2196 3411 2197 3411 1965 3412 1963 3412 2196 3412 1967 3413 1965 3413 2197 3413 2009 3414 2197 3414 2198 3414 2009 3415 1967 3415 2197 3415 2199 3416 2198 3416 2200 3416 2199 3417 2009 3417 2198 3417 2201 3418 2200 3418 2202 3418 2201 3419 2199 3419 2200 3419 2203 3420 2202 3420 2204 3420 2203 3421 2201 3421 2202 3421 2205 3422 2203 3422 2204 3422 2205 3423 2204 3423 2206 3423 2207 3424 2205 3424 2206 3424 2207 3425 2206 3425 2208 3425 2209 3426 2207 3426 2208 3426 2209 3427 2208 3427 2210 3427 2211 3428 2209 3428 2210 3428 2211 3429 2210 3429 2212 3429 2213 3430 2212 3430 2214 3430 2213 3431 2211 3431 2212 3431 2215 3432 2214 3432 2216 3432 2215 3433 2213 3433 2214 3433 2217 3434 2216 3434 2218 3434 2217 3435 2215 3435 2216 3435 2219 3436 2218 3436 2220 3436 2219 3437 2217 3437 2218 3437 2221 3438 2220 3438 2222 3438 2221 3439 2219 3439 2220 3439 2223 3440 2221 3440 2222 3440 2224 3441 2223 3441 2222 3441 2225 3442 2224 3442 2222 3442 2226 3443 2224 3443 2225 3443 2227 3444 2226 3444 2225 3444 1974 3445 2226 3445 2227 3445 2228 3446 1974 3446 2227 3446 1969 3447 1974 3447 2228 3447 2229 3448 1969 3448 2228 3448 1970 3449 1969 3449 2229 3449 2230 3450 1970 3450 2229 3450 1972 3451 1970 3451 2230 3451 2231 3452 1972 3452 2230 3452 1976 3453 1972 3453 2231 3453 1980 3454 1976 3454 2231 3454 2066 3455 2064 3455 2144 3455 2066 3456 2144 3456 2232 3456 2068 3457 2232 3457 2233 3457 2068 3458 2066 3458 2232 3458 2069 3459 2233 3459 2234 3459 2069 3460 2068 3460 2233 3460 2072 3461 2234 3461 2235 3461 2072 3462 2069 3462 2234 3462 2074 3463 2235 3463 2236 3463 2074 3464 2072 3464 2235 3464 2076 3465 2236 3465 2237 3465 2076 3466 2074 3466 2236 3466 2146 3467 2237 3467 2147 3467 1842 3468 2078 3468 2237 3468 2078 3469 2076 3469 2237 3469 1842 3470 2237 3470 2146 3470 1840 3471 2146 3471 2148 3471 1840 3472 1842 3472 2146 3472 1845 3473 1840 3473 2148 3473 2150 3474 1845 3474 2148 3474 1847 3475 1845 3475 2150 3475 2151 3476 1847 3476 2150 3476 1849 3477 1847 3477 2151 3477 2153 3478 1849 3478 2151 3478 1852 3479 1849 3479 2153 3479 2226 3480 1974 3480 1978 3480 2224 3481 1978 3481 1981 3481 2224 3482 2226 3482 1978 3482 2223 3483 2224 3483 1981 3483 1984 3484 2223 3484 1981 3484 2221 3485 2223 3485 1984 3485 2219 3486 1984 3486 1986 3486 2219 3487 2221 3487 1984 3487 2217 3488 1986 3488 1989 3488 2217 3489 2219 3489 1986 3489 2215 3490 1989 3490 1992 3490 2215 3491 2217 3491 1989 3491 2213 3492 1992 3492 1995 3492 2213 3493 2215 3493 1992 3493 2211 3494 1995 3494 1999 3494 2211 3495 2213 3495 1995 3495 2209 3496 1999 3496 2001 3496 2209 3497 2211 3497 1999 3497 2207 3498 2001 3498 2003 3498 2207 3499 2209 3499 2001 3499 2205 3500 2003 3500 2005 3500 2205 3501 2207 3501 2003 3501 2203 3502 2005 3502 2006 3502 2203 3503 2205 3503 2005 3503 2201 3504 2006 3504 2004 3504 2201 3505 2203 3505 2006 3505 2199 3506 2004 3506 2002 3506 2199 3507 2201 3507 2004 3507 2009 3508 2002 3508 2000 3508 2009 3509 2199 3509 2002 3509 2008 3510 2009 3510 2000 3510 2007 3511 2008 3511 2000 3511 1966 3512 2007 3512 2000 3512 1966 3513 2000 3513 1998 3513 1964 3514 1965 3514 1966 3514 1964 3515 1966 3515 1998 3515 2133 3516 1964 3516 1998 3516 1960 3517 1962 3517 1964 3517 1960 3518 1964 3518 2133 3518 2132 3519 1960 3519 2133 3519 1958 3520 1960 3520 2132 3520 2131 3521 1958 3521 2132 3521 1956 3522 1958 3522 2131 3522 2129 3523 1956 3523 2131 3523 1953 3524 1956 3524 2129 3524 2152 3525 1825 3525 1827 3525 1829 3526 2152 3526 1827 3526 2154 3527 2152 3527 1829 3527 1988 3528 2128 3528 2130 3528 1990 3529 1988 3529 2130 3529 2238 3530 2155 3530 2154 3530 2238 3531 1830 3531 1832 3531 2239 3532 2156 3532 2155 3532 2240 3533 1835 3533 2034 3533 2241 3534 2157 3534 2156 3534 2242 3535 2034 3535 2038 3535 2243 3536 2158 3536 2157 3536 2244 3537 2042 3537 2044 3537 2245 3538 2164 3538 2163 3538 2246 3539 2165 3539 2164 3539 2247 3540 2054 3540 2056 3540 2248 3541 2166 3541 2165 3541 2249 3542 2167 3542 2166 3542 2250 3543 2058 3543 2059 3543 2251 3544 2067 3544 2070 3544 2252 3545 2173 3545 2172 3545 2253 3546 2174 3546 2173 3546 2254 3547 2073 3547 2075 3547 2255 3548 2175 3548 2174 3548 2256 3549 2176 3549 2175 3549 2257 3550 2177 3550 2176 3550 2258 3551 2182 3551 2181 3551 2259 3552 2183 3552 2182 3552 2260 3553 2184 3553 2183 3553 2261 3554 2088 3554 2089 3554 2262 3555 2185 3555 2184 3555 2263 3556 2186 3556 2185 3556 2264 3557 2191 3557 2190 3557 2265 3558 2095 3558 2096 3558 2266 3559 2192 3559 2191 3559 2267 3560 2193 3560 2192 3560 2268 3561 2098 3561 2099 3561 2269 3562 2194 3562 2193 3562 2270 3563 2195 3563 2194 3563 2271 3564 2202 3564 2200 3564 2272 3565 2105 3565 2106 3565 2273 3566 2204 3566 2202 3566 2274 3567 2206 3567 2204 3567 2275 3568 2208 3568 2206 3568 2276 3569 2210 3569 2208 3569 2277 3570 2222 3570 2220 3570 2278 3571 2279 3571 2117 3571 2278 3572 2117 3572 2119 3572 2280 3573 2225 3573 2222 3573 2281 3574 2227 3574 2225 3574 2282 3575 2121 3575 2122 3575 2283 3576 2228 3576 2227 3576 2284 3577 2238 3577 2154 3577 2284 3578 2154 3578 1829 3578 2284 3579 1830 3579 2238 3579 2284 3580 1829 3580 1830 3580 2285 3581 2155 3581 2238 3581 2285 3582 2238 3582 1832 3582 2286 3583 2285 3583 1832 3583 2286 3584 2155 3584 2285 3584 2286 3585 1832 3585 1834 3585 2286 3586 1834 3586 2287 3586 2288 3587 2287 3587 2239 3587 2288 3588 2286 3588 2287 3588 2288 3589 2155 3589 2286 3589 2288 3590 2239 3590 2155 3590 2289 3591 2239 3591 2287 3591 2289 3592 1834 3592 1835 3592 2289 3593 2287 3593 1834 3593 2290 3594 2240 3594 2241 3594 2290 3595 2241 3595 2156 3595 2291 3596 2240 3596 2034 3596 2291 3597 2241 3597 2240 3597 2292 3598 2242 3598 2293 3598 2292 3599 2293 3599 2243 3599 2294 3600 2292 3600 2243 3600 2294 3601 2243 3601 2157 3601 2295 3602 2242 3602 2038 3602 2296 3603 2293 3603 2242 3603 2296 3604 2243 3604 2293 3604 2296 3605 2242 3605 2295 3605 2297 3606 2298 3606 2159 3606 2297 3607 2159 3607 2158 3607 2299 3608 2298 3608 2300 3608 2301 3609 2159 3609 2298 3609 2301 3610 2298 3610 2299 3610 2302 3611 2042 3611 2244 3611 2303 3612 2244 3612 2304 3612 2303 3613 2304 3613 2305 3613 2303 3614 2302 3614 2244 3614 2306 3615 2304 3615 2244 3615 2306 3616 2305 3616 2304 3616 2307 3617 2160 3617 2305 3617 2307 3618 2305 3618 2306 3618 2308 3619 2309 3619 2310 3619 2311 3620 2308 3620 2310 3620 2312 3621 2161 3621 2313 3621 2312 3622 2313 3622 2310 3622 2314 3623 2044 3623 2046 3623 2314 3624 2310 3624 2309 3624 2314 3625 2309 3625 2044 3625 2315 3626 2046 3626 2048 3626 2316 3627 2317 3627 2162 3627 2316 3628 2318 3628 2317 3628 2319 3629 2318 3629 2315 3629 2319 3630 2315 3630 2048 3630 2320 3631 2318 3631 2319 3631 2320 3632 2317 3632 2318 3632 2321 3633 2322 3633 2245 3633 2321 3634 2323 3634 2322 3634 2324 3635 2321 3635 2245 3635 2324 3636 2245 3636 2163 3636 2325 3637 2323 3637 2050 3637 2326 3638 2323 3638 2325 3638 2326 3639 2322 3639 2323 3639 2327 3640 2052 3640 2328 3640 2329 3641 2246 3641 2330 3641 2329 3642 2327 3642 2328 3642 2329 3643 2331 3643 2246 3643 2329 3644 2328 3644 2331 3644 2332 3645 2246 3645 2331 3645 2332 3646 2331 3646 2328 3646 2333 3647 2246 3647 2332 3647 2333 3648 2165 3648 2246 3648 2334 3649 2054 3649 2247 3649 2335 3650 2336 3650 2248 3650 2335 3651 2247 3651 2336 3651 2335 3652 2334 3652 2247 3652 2337 3653 2248 3653 2336 3653 2337 3654 2336 3654 2247 3654 2338 3655 2166 3655 2248 3655 2338 3656 2248 3656 2337 3656 2339 3657 2056 3657 2058 3657 2340 3658 2339 3658 2341 3658 2340 3659 2341 3659 2249 3659 2342 3660 2341 3660 2339 3660 2342 3661 2339 3661 2058 3661 2343 3662 2167 3662 2249 3662 2344 3663 2345 3663 2346 3663 2344 3664 2250 3664 2345 3664 2347 3665 2168 3665 2167 3665 2347 3666 2346 3666 2168 3666 2347 3667 2344 3667 2346 3667 2348 3668 2345 3668 2250 3668 2348 3669 2250 3669 2059 3669 2349 3670 2168 3670 2346 3670 2350 3671 2061 3671 2351 3671 2352 3672 2351 3672 2353 3672 2352 3673 2350 3673 2351 3673 2354 3674 2353 3674 2351 3674 2354 3675 2355 3675 2353 3675 2356 3676 2169 3676 2355 3676 2356 3677 2355 3677 2354 3677 2357 3678 2358 3678 2359 3678 2360 3679 2357 3679 2359 3679 2361 3680 2358 3680 2063 3680 2361 3681 2359 3681 2358 3681 2361 3682 2063 3682 2065 3682 2362 3683 2065 3683 2067 3683 2363 3684 2364 3684 2365 3684 2363 3685 2365 3685 2171 3685 2366 3686 2364 3686 2362 3686 2366 3687 2362 3687 2067 3687 2367 3688 2365 3688 2364 3688 2367 3689 2366 3689 2067 3689 2367 3690 2364 3690 2366 3690 2368 3691 2369 3691 2251 3691 2368 3692 2370 3692 2252 3692 2368 3693 2251 3693 2370 3693 2371 3694 2172 3694 2368 3694 2371 3695 2368 3695 2252 3695 2371 3696 2252 3696 2172 3696 2372 3697 2251 3697 2070 3697 2373 3698 2252 3698 2370 3698 2373 3699 2251 3699 2372 3699 2373 3700 2370 3700 2251 3700 2374 3701 2375 3701 2253 3701 2376 3702 2253 3702 2173 3702 2376 3703 2374 3703 2253 3703 2377 3704 2174 3704 2253 3704 2378 3705 2073 3705 2254 3705 2379 3706 2378 3706 2254 3706 2379 3707 2254 3707 2380 3707 2379 3708 2380 3708 2255 3708 2379 3709 2255 3709 2381 3709 2379 3710 2073 3710 2378 3710 2382 3711 2380 3711 2254 3711 2382 3712 2255 3712 2380 3712 2383 3713 2175 3713 2255 3713 2383 3714 2255 3714 2382 3714 2384 3715 2385 3715 2256 3715 2384 3716 2386 3716 2385 3716 2387 3717 2386 3717 2075 3717 2387 3718 2075 3718 2077 3718 2387 3719 2385 3719 2386 3719 2388 3720 2256 3720 2385 3720 2388 3721 2176 3721 2256 3721 2389 3722 2077 3722 2079 3722 2390 3723 2389 3723 2391 3723 2390 3724 2391 3724 2257 3724 2392 3725 2389 3725 2079 3725 2392 3726 2391 3726 2389 3726 2393 3727 2177 3727 2257 3727 2393 3728 2257 3728 2391 3728 2394 3729 2079 3729 2080 3729 2394 3730 2080 3730 2395 3730 2394 3731 2395 3731 2396 3731 2397 3732 2178 3732 2177 3732 2397 3733 2398 3733 2178 3733 2399 3734 2395 3734 2080 3734 2399 3735 2396 3735 2395 3735 2400 3736 2396 3736 2399 3736 2401 3737 2396 3737 2400 3737 2401 3738 2178 3738 2398 3738 2401 3739 2398 3739 2396 3739 2402 3740 2403 3740 2404 3740 2405 3741 2402 3741 2404 3741 2406 3742 2081 3742 2082 3742 2406 3743 2403 3743 2081 3743 2407 3744 2408 3744 2180 3744 2407 3745 2409 3745 2408 3745 2410 3746 2082 3746 2083 3746 2410 3747 2411 3747 2082 3747 2410 3748 2409 3748 2411 3748 2412 3749 2408 3749 2409 3749 2412 3750 2409 3750 2410 3750 2413 3751 2083 3751 2084 3751 2414 3752 2258 3752 2181 3752 2414 3753 2415 3753 2258 3753 2416 3754 2413 3754 2084 3754 2416 3755 2415 3755 2413 3755 2417 3756 2416 3756 2084 3756 2417 3757 2258 3757 2415 3757 2417 3758 2415 3758 2416 3758 2418 3759 2258 3759 2417 3759 2419 3760 2085 3760 2420 3760 2419 3761 2420 3761 2259 3761 2419 3762 2418 3762 2085 3762 2421 3763 2419 3763 2259 3763 2421 3764 2259 3764 2182 3764 2421 3765 2182 3765 2419 3765 2422 3766 2085 3766 2423 3766 2422 3767 2420 3767 2085 3767 2422 3768 2259 3768 2420 3768 2424 3769 2086 3769 2425 3769 2426 3770 2424 3770 2425 3770 2426 3771 2425 3771 2427 3771 2428 3772 2427 3772 2425 3772 2428 3773 2260 3773 2427 3773 2429 3774 2260 3774 2428 3774 2429 3775 2184 3775 2260 3775 2430 3776 2088 3776 2261 3776 2431 3777 2430 3777 2261 3777 2431 3778 2261 3778 2432 3778 2431 3779 2088 3779 2430 3779 2431 3780 2432 3780 2262 3780 2433 3781 2432 3781 2261 3781 2433 3782 2262 3782 2432 3782 2434 3783 2262 3783 2433 3783 2434 3784 2185 3784 2262 3784 2435 3785 2089 3785 2090 3785 2436 3786 2437 3786 2263 3786 2436 3787 2435 3787 2437 3787 2438 3788 2435 3788 2090 3788 2438 3789 2437 3789 2435 3789 2439 3790 2263 3790 2437 3790 2439 3791 2186 3791 2263 3791 2440 3792 2090 3792 2091 3792 2441 3793 2442 3793 2443 3793 2441 3794 2440 3794 2442 3794 2444 3795 2442 3795 2440 3795 2444 3796 2440 3796 2091 3796 2445 3797 2443 3797 2442 3797 2445 3798 2187 3798 2443 3798 2446 3799 2092 3799 2447 3799 2448 3800 2446 3800 2447 3800 2449 3801 2092 3801 2093 3801 2450 3802 2451 3802 2189 3802 2450 3803 2452 3803 2451 3803 2453 3804 2454 3804 2093 3804 2453 3805 2093 3805 2094 3805 2453 3806 2452 3806 2454 3806 2455 3807 2452 3807 2453 3807 2455 3808 2451 3808 2452 3808 2456 3809 2094 3809 2095 3809 2457 3810 2264 3810 2190 3810 2457 3811 2458 3811 2264 3811 2459 3812 2458 3812 2456 3812 2459 3813 2456 3813 2095 3813 2460 3814 2458 3814 2459 3814 2460 3815 2264 3815 2458 3815 2461 3816 2265 3816 2462 3816 2461 3817 2462 3817 2266 3817 2463 3818 2461 3818 2266 3818 2463 3819 2266 3819 2191 3819 2464 3820 2265 3820 2096 3820 2465 3821 2462 3821 2265 3821 2465 3822 2464 3822 2096 3822 2465 3823 2265 3823 2464 3823 2465 3824 2266 3824 2462 3824 2466 3825 2266 3825 2465 3825 2467 3826 2267 3826 2192 3826 2467 3827 2468 3827 2469 3827 2470 3828 2471 3828 2097 3828 2470 3829 2472 3829 2471 3829 2473 3830 2193 3830 2267 3830 2474 3831 2098 3831 2268 3831 2475 3832 2098 3832 2474 3832 2475 3833 2268 3833 2476 3833 2475 3834 2474 3834 2268 3834 2475 3835 2476 3835 2269 3835 2475 3836 2269 3836 2477 3836 2478 3837 2476 3837 2268 3837 2478 3838 2269 3838 2476 3838 2479 3839 2478 3839 2194 3839 2479 3840 2194 3840 2269 3840 2479 3841 2269 3841 2478 3841 2480 3842 2481 3842 2270 3842 2480 3843 2099 3843 2482 3843 2480 3844 2482 3844 2481 3844 2483 3845 2099 3845 2100 3845 2483 3846 2482 3846 2099 3846 2483 3847 2481 3847 2482 3847 2484 3848 2195 3848 2270 3848 2484 3849 2270 3849 2481 3849 2485 3850 2100 3850 2101 3850 2486 3851 2487 3851 2488 3851 2486 3852 2485 3852 2487 3852 2489 3853 2485 3853 2101 3853 2489 3854 2487 3854 2485 3854 2490 3855 2196 3855 2488 3855 2490 3856 2488 3856 2487 3856 2491 3857 2101 3857 2102 3857 2491 3858 2102 3858 2492 3858 2493 3859 2492 3859 2102 3859 2494 3860 2492 3860 2493 3860 2494 3861 2495 3861 2492 3861 2494 3862 2496 3862 2495 3862 2497 3863 2496 3863 2197 3863 2497 3864 2495 3864 2496 3864 2498 3865 2499 3865 2500 3865 2501 3866 2498 3866 2500 3866 2501 3867 2500 3867 2502 3867 2501 3868 2502 3868 2198 3868 2503 3869 2500 3869 2499 3869 2503 3870 2499 3870 2103 3870 2503 3871 2103 3871 2104 3871 2504 3872 2500 3872 2503 3872 2504 3873 2502 3873 2500 3873 2505 3874 2506 3874 2271 3874 2505 3875 2271 3875 2200 3875 2507 3876 2506 3876 2508 3876 2507 3877 2508 3877 2104 3877 2507 3878 2104 3878 2105 3878 2509 3879 2506 3879 2507 3879 2509 3880 2271 3880 2506 3880 2510 3881 2272 3881 2511 3881 2510 3882 2511 3882 2273 3882 2512 3883 2202 3883 2510 3883 2512 3884 2510 3884 2273 3884 2512 3885 2273 3885 2202 3885 2513 3886 2272 3886 2106 3886 2514 3887 2272 3887 2513 3887 2514 3888 2511 3888 2272 3888 2514 3889 2273 3889 2511 3889 2515 3890 2516 3890 2274 3890 2515 3891 2517 3891 2516 3891 2518 3892 2274 3892 2204 3892 2518 3893 2515 3893 2274 3893 2519 3894 2517 3894 2107 3894 2520 3895 2274 3895 2516 3895 2520 3896 2517 3896 2519 3896 2520 3897 2516 3897 2517 3897 2521 3898 2274 3898 2520 3898 2522 3899 2108 3899 2523 3899 2524 3900 2523 3900 2525 3900 2524 3901 2522 3901 2523 3901 2526 3902 2208 3902 2275 3902 2526 3903 2275 3903 2527 3903 2528 3904 2276 3904 2529 3904 2528 3905 2109 3905 2530 3905 2528 3906 2530 3906 2531 3906 2528 3907 2531 3907 2276 3907 2532 3908 2276 3908 2531 3908 2532 3909 2210 3909 2276 3909 2533 3910 2530 3910 2109 3910 2533 3911 2531 3911 2530 3911 2533 3912 2109 3912 2110 3912 2534 3913 2110 3913 2111 3913 2535 3914 2110 3914 2534 3914 2535 3915 2534 3915 2536 3915 2535 3916 2536 3916 2537 3916 2538 3917 2212 3917 2537 3917 2538 3918 2537 3918 2536 3918 2539 3919 2534 3919 2111 3919 2539 3920 2536 3920 2534 3920 2540 3921 2113 3921 2112 3921 2540 3922 2541 3922 2113 3922 2542 3923 2541 3923 2543 3923 2542 3924 2543 3924 2214 3924 2544 3925 2541 3925 2540 3925 2545 3926 2541 3926 2544 3926 2546 3927 2547 3927 2548 3927 2546 3928 2548 3928 2549 3928 2550 3929 2549 3929 2216 3929 2550 3930 2546 3930 2549 3930 2551 3931 2216 3931 2549 3931 2551 3932 2218 3932 2216 3932 2552 3933 2115 3933 2553 3933 2552 3934 2553 3934 2554 3934 2555 3935 2556 3935 2218 3935 2557 3936 2553 3936 2115 3936 2557 3937 2554 3937 2553 3937 2557 3938 2115 3938 2116 3938 2558 3939 2218 3939 2556 3939 2558 3940 2220 3940 2218 3940 2559 3941 2560 3941 2277 3941 2559 3942 2277 3942 2220 3942 2118 3943 2560 3943 2561 3943 2118 3944 2561 3944 2116 3944 2562 3945 2277 3945 2560 3945 2562 3946 2560 3946 2118 3946 2563 3947 2278 3947 2564 3947 2563 3948 2564 3948 2280 3948 2565 3949 2563 3949 2280 3949 2565 3950 2280 3950 2222 3950 2566 3951 2278 3951 2119 3951 2567 3952 2564 3952 2278 3952 2567 3953 2280 3953 2564 3953 2567 3954 2278 3954 2566 3954 2568 3955 2281 3955 2225 3955 2569 3956 2570 3956 2120 3956 2569 3957 2571 3957 2570 3957 2572 3958 2227 3958 2281 3958 2573 3959 2121 3959 2282 3959 2574 3960 2573 3960 2282 3960 2574 3961 2282 3961 2575 3961 2574 3962 2575 3962 2283 3962 2576 3963 2575 3963 2282 3963 2576 3964 2283 3964 2575 3964 2577 3965 2283 3965 2576 3965 2577 3966 2576 3966 2228 3966 2577 3967 2228 3967 2283 3967 2578 3968 2576 3968 2282 3968 2579 3969 2580 3969 2581 3969 2579 3970 2581 3970 2582 3970 2583 3971 2582 3971 2581 3971 2583 3972 2229 3972 2582 3972 2584 3973 2580 3973 2122 3973 2584 3974 2581 3974 2580 3974 2584 3975 2122 3975 2123 3975 2585 3976 2123 3976 2124 3976 2586 3977 2587 3977 2230 3977 2586 3978 2588 3978 2587 3978 2589 3979 2585 3979 2124 3979 2589 3980 2588 3980 2585 3980 2590 3981 2589 3981 2591 3981 2590 3982 2588 3982 2589 3982 2592 3983 2593 3983 2594 3983 2592 3984 2595 3984 2593 3984 2596 3985 2594 3985 2231 3985 2596 3986 2592 3986 2594 3986 2597 3987 2595 3987 2125 3987 2598 3988 2594 3988 2593 3988 2598 3989 2593 3989 2595 3989 2598 3990 2595 3990 2597 3990 2599 3991 2126 3991 2600 3991 2599 3992 2600 3992 2601 3992 2602 3993 1983 3993 2603 3993 2602 3994 2603 3994 2127 3994 2604 3995 2127 3995 2128 3995 2605 3996 1988 3996 1985 3996 2605 3997 1985 3997 2604 3997 2605 3998 2604 3998 2128 3998 2605 3999 2128 3999 1988 3999 2606 4000 2156 4000 2239 4000 2606 4001 2607 4001 2156 4001 2606 4002 2239 4002 2289 4002 2608 4003 1835 4003 2240 4003 2608 4004 2607 4004 1835 4004 2608 4005 2240 4005 2290 4005 2609 4006 2241 4006 2291 4006 2609 4007 2610 4007 2157 4007 2609 4008 2157 4008 2241 4008 2611 4009 2610 4009 2612 4009 2611 4010 2292 4010 2294 4010 2611 4011 2034 4011 2242 4011 2611 4012 2242 4012 2292 4012 2611 4013 2612 4013 2034 4013 2613 4014 2296 4014 2295 4014 2613 4015 2295 4015 2038 4015 2613 4016 2614 4016 2296 4016 2615 4017 2243 4017 2296 4017 2615 4018 2158 4018 2243 4018 2615 4019 2296 4019 2614 4019 2616 4020 2038 4020 2040 4020 2616 4021 2613 4021 2038 4021 2616 4022 2614 4022 2613 4022 2616 4023 2617 4023 2297 4023 2618 4024 2619 4024 2300 4024 2618 4025 2300 4025 2298 4025 2618 4026 2616 4026 2040 4026 2618 4027 2617 4027 2616 4027 2618 4028 2298 4028 2297 4028 2618 4029 2297 4029 2617 4029 2618 4030 2040 4030 2619 4030 2620 4031 2300 4031 2619 4031 2620 4032 2299 4032 2300 4032 2620 4033 2621 4033 2299 4033 2620 4034 2619 4034 2040 4034 2622 4035 2040 4035 2042 4035 2622 4036 2621 4036 2620 4036 2622 4037 2620 4037 2040 4037 2623 4038 2299 4038 2621 4038 2623 4039 2159 4039 2301 4039 2623 4040 2301 4040 2299 4040 2624 4041 2160 4041 2159 4041 2624 4042 2305 4042 2160 4042 2625 4043 2622 4043 2042 4043 2625 4044 2626 4044 2622 4044 2627 4045 2244 4045 2044 4045 2628 4046 2309 4046 2308 4046 2628 4047 2044 4047 2309 4047 2629 4048 2161 4048 2160 4048 2629 4049 2160 4049 2630 4049 2629 4050 2630 4050 2631 4050 2632 4051 2161 4051 2629 4051 2632 4052 2313 4052 2161 4052 2632 4053 2629 4053 2311 4053 2632 4054 2310 4054 2313 4054 2632 4055 2311 4055 2310 4055 2633 4056 2312 4056 2310 4056 2633 4057 2161 4057 2312 4057 2634 4058 2314 4058 2046 4058 2634 4059 2635 4059 2314 4059 2636 4060 2633 4060 2635 4060 2636 4061 2162 4061 2161 4061 2636 4062 2161 4062 2633 4062 2637 4063 2315 4063 2638 4063 2637 4064 2046 4064 2315 4064 2639 4065 2315 4065 2318 4065 2639 4066 2318 4066 2316 4066 2640 4067 2315 4067 2639 4067 2640 4068 2316 4068 2162 4068 2640 4069 2638 4069 2315 4069 2640 4070 2639 4070 2316 4070 2641 4071 2162 4071 2636 4071 2641 4072 2636 4072 2638 4072 2641 4073 2638 4073 2640 4073 2641 4074 2640 4074 2162 4074 2642 4075 2162 4075 2317 4075 2642 4076 2317 4076 2320 4076 2642 4077 2163 4077 2162 4077 2643 4078 2642 4078 2644 4078 2643 4079 2163 4079 2642 4079 2645 4080 2646 4080 2048 4080 2645 4081 2048 4081 2050 4081 2645 4082 2644 4082 2646 4082 2645 4083 2050 4083 2323 4083 2645 4084 2323 4084 2321 4084 2647 4085 2050 4085 2052 4085 2647 4086 2648 4086 2649 4086 2647 4087 2649 4087 2050 4087 2650 4088 2164 4088 2245 4088 2650 4089 2245 4089 2648 4089 2651 4090 2330 4090 2647 4090 2651 4091 2647 4091 2052 4091 2651 4092 2329 4092 2330 4092 2651 4093 2327 4093 2329 4093 2651 4094 2052 4094 2327 4094 2652 4095 2330 4095 2246 4095 2652 4096 2246 4096 2164 4096 2653 4097 2332 4097 2328 4097 2653 4098 2328 4098 2052 4098 2653 4099 2052 4099 2054 4099 2654 4100 2653 4100 2054 4100 2654 4101 2655 4101 2653 4101 2654 4102 2054 4102 2334 4102 2654 4103 2334 4103 2335 4103 2656 4104 2248 4104 2165 4104 2656 4105 2655 4105 2654 4105 2656 4106 2654 4106 2335 4106 2656 4107 2165 4107 2657 4107 2656 4108 2657 4108 2655 4108 2656 4109 2335 4109 2248 4109 2658 4110 2247 4110 2056 4110 2658 4111 2337 4111 2247 4111 2659 4112 2658 4112 2056 4112 2659 4113 2660 4113 2658 4113 2661 4114 2166 4114 2662 4114 2661 4115 2662 4115 2660 4115 2661 4116 2340 4116 2249 4116 2661 4117 2249 4117 2166 4117 2663 4118 2341 4118 2342 4118 2663 4119 2343 4119 2249 4119 2663 4120 2664 4120 2343 4120 2663 4121 2249 4121 2341 4121 2665 4122 2664 4122 2663 4122 2665 4123 2342 4123 2058 4123 2665 4124 2663 4124 2342 4124 2666 4125 2167 4125 2343 4125 2666 4126 2343 4126 2664 4126 2667 4127 2665 4127 2058 4127 2667 4128 2058 4128 2250 4128 2667 4129 2250 4129 2344 4129 2667 4130 2344 4130 2347 4130 2668 4131 2346 4131 2345 4131 2668 4132 2345 4132 2348 4132 2668 4133 2349 4133 2346 4133 2668 4134 2669 4134 2349 4134 2670 4135 2348 4135 2059 4135 2670 4136 2668 4136 2348 4136 2670 4137 2669 4137 2668 4137 2671 4138 2168 4138 2349 4138 2671 4139 2349 4139 2669 4139 2672 4140 2059 4140 2061 4140 2672 4141 2670 4141 2059 4141 2673 4142 2355 4142 2169 4142 2673 4143 2169 4143 2168 4143 2673 4144 2674 4144 2355 4144 2675 4145 2672 4145 2061 4145 2675 4146 2674 4146 2672 4146 2676 4147 2354 4147 2351 4147 2676 4148 2061 4148 2063 4148 2676 4149 2351 4149 2061 4149 2677 4150 2678 4150 2676 4150 2677 4151 2676 4151 2063 4151 2679 4152 2063 4152 2358 4152 2679 4153 2358 4153 2357 4153 2680 4154 2170 4154 2169 4154 2680 4155 2681 4155 2678 4155 2680 4156 2169 4156 2681 4156 2682 4157 2170 4157 2680 4157 2682 4158 2360 4158 2359 4158 2682 4159 2359 4159 2683 4159 2682 4160 2683 4160 2170 4160 2682 4161 2680 4161 2360 4161 2684 4162 2683 4162 2359 4162 2684 4163 2170 4163 2683 4163 2685 4164 2686 4164 2361 4164 2685 4165 2361 4165 2065 4165 2685 4166 2687 4166 2686 4166 2688 4167 2065 4167 2362 4167 2688 4168 2362 4168 2689 4168 2690 4169 2684 4169 2687 4169 2690 4170 2170 4170 2684 4170 2690 4171 2171 4171 2170 4171 2691 4172 2362 4172 2364 4172 2691 4173 2364 4173 2363 4173 2692 4174 2691 4174 2363 4174 2692 4175 2689 4175 2362 4175 2692 4176 2362 4176 2691 4176 2692 4177 2363 4177 2171 4177 2693 4178 2690 4178 2689 4178 2693 4179 2171 4179 2690 4179 2693 4180 2689 4180 2692 4180 2693 4181 2692 4181 2171 4181 2694 4182 2367 4182 2067 4182 2694 4183 2369 4183 2367 4183 2694 4184 2067 4184 2251 4184 2694 4185 2251 4185 2369 4185 2695 4186 2172 4186 2171 4186 2695 4187 2171 4187 2365 4187 2695 4188 2365 4188 2367 4188 2695 4189 2367 4189 2369 4189 2695 4190 2369 4190 2368 4190 2695 4191 2368 4191 2172 4191 2696 4192 2173 4192 2252 4192 2697 4193 2070 4193 2071 4193 2697 4194 2698 4194 2699 4194 2697 4195 2699 4195 2070 4195 2700 4196 2701 4196 2374 4196 2700 4197 2376 4197 2173 4197 2700 4198 2374 4198 2376 4198 2702 4199 2703 4199 2375 4199 2702 4200 2701 4200 2697 4200 2702 4201 2697 4201 2071 4201 2702 4202 2375 4202 2374 4202 2702 4203 2374 4203 2701 4203 2702 4204 2071 4204 2703 4204 2704 4205 2703 4205 2071 4205 2705 4206 2071 4206 2073 4206 2705 4207 2706 4207 2704 4207 2705 4208 2704 4208 2071 4208 2707 4209 2708 4209 2706 4209 2707 4210 2174 4210 2377 4210 2707 4211 2377 4211 2708 4211 2709 4212 2381 4212 2705 4212 2709 4213 2379 4213 2381 4213 2709 4214 2073 4214 2379 4214 2709 4215 2705 4215 2073 4215 2710 4216 2255 4216 2174 4216 2710 4217 2381 4217 2255 4217 2711 4218 2254 4218 2075 4218 2711 4219 2382 4219 2254 4219 2712 4220 2713 4220 2711 4220 2712 4221 2711 4221 2075 4221 2714 4222 2384 4222 2256 4222 2714 4223 2256 4223 2175 4223 2714 4224 2715 4224 2713 4224 2714 4225 2175 4225 2715 4225 2716 4226 2388 4226 2385 4226 2716 4227 2385 4227 2387 4227 2716 4228 2387 4228 2717 4228 2718 4229 2387 4229 2077 4229 2718 4230 2717 4230 2387 4230 2719 4231 2176 4231 2388 4231 2719 4232 2388 4232 2716 4232 2719 4233 2716 4233 2717 4233 2720 4234 2389 4234 2390 4234 2720 4235 2390 4235 2257 4235 2720 4236 2257 4236 2176 4236 2720 4237 2176 4237 2719 4237 2720 4238 2719 4238 2717 4238 2721 4239 2391 4239 2392 4239 2721 4240 2393 4240 2391 4240 2721 4241 2392 4241 2722 4241 2723 4242 2079 4242 2394 4242 2723 4243 2722 4243 2392 4243 2723 4244 2392 4244 2079 4244 2724 4245 2177 4245 2393 4245 2724 4246 2397 4246 2177 4246 2724 4247 2722 4247 2397 4247 2724 4248 2393 4248 2721 4248 2724 4249 2721 4249 2722 4249 2725 4250 2722 4250 2723 4250 2725 4251 2394 4251 2396 4251 2725 4252 2397 4252 2722 4252 2725 4253 2398 4253 2397 4253 2725 4254 2396 4254 2398 4254 2725 4255 2723 4255 2394 4255 2726 4256 2399 4256 2080 4256 2726 4257 2400 4257 2399 4257 2727 4258 2401 4258 2400 4258 2727 4259 2178 4259 2401 4259 2728 4260 2080 4260 2081 4260 2728 4261 2726 4261 2080 4261 2729 4262 2730 4262 2728 4262 2729 4263 2728 4263 2081 4263 2731 4264 2732 4264 2730 4264 2731 4265 2178 4265 2732 4265 2731 4266 2179 4266 2178 4266 2733 4267 2403 4267 2402 4267 2733 4268 2081 4268 2403 4268 2733 4269 2402 4269 2405 4269 2734 4270 2179 4270 2731 4270 2734 4271 2405 4271 2404 4271 2734 4272 2404 4272 2735 4272 2734 4273 2735 4273 2179 4273 2736 4274 2735 4274 2404 4274 2736 4275 2179 4275 2735 4275 2737 4276 2406 4276 2082 4276 2737 4277 2738 4277 2406 4277 2737 4278 2739 4278 2738 4278 2740 4279 2082 4279 2411 4279 2740 4280 2411 4280 2741 4280 2742 4281 2180 4281 2179 4281 2742 4282 2179 4282 2736 4282 2742 4283 2736 4283 2739 4283 2743 4284 2411 4284 2409 4284 2743 4285 2741 4285 2411 4285 2743 4286 2409 4286 2407 4286 2744 4287 2180 4287 2742 4287 2744 4288 2741 4288 2743 4288 2744 4289 2743 4289 2407 4289 2744 4290 2407 4290 2180 4290 2745 4291 2083 4291 2413 4291 2745 4292 2413 4292 2746 4292 2747 4293 2181 4293 2180 4293 2747 4294 2745 4294 2746 4294 2747 4295 2180 4295 2408 4295 2747 4296 2408 4296 2412 4296 2748 4297 2181 4297 2747 4297 2748 4298 2747 4298 2746 4298 2413 4299 2415 4299 2414 4299 2749 4300 2084 4300 2085 4300 2749 4301 2417 4301 2084 4301 2749 4302 2085 4302 2418 4302 2749 4303 2418 4303 2417 4303 2750 4304 2418 4304 2419 4304 2750 4305 2182 4305 2258 4305 2750 4306 2419 4306 2182 4306 2750 4307 2258 4307 2418 4307 2751 4308 2183 4308 2259 4308 2751 4309 2259 4309 2752 4309 2087 4310 2753 4310 2085 4310 2087 4311 2752 4311 2753 4311 2754 4312 2755 4312 2260 4312 2754 4313 2260 4313 2183 4313 2756 4314 2755 4314 2087 4314 2756 4315 2086 4315 2424 4315 2756 4316 2087 4316 2086 4316 2757 4317 2086 4317 2088 4317 2757 4318 2428 4318 2425 4318 2757 4319 2425 4319 2086 4319 2758 4320 2759 4320 2431 4320 2758 4321 2757 4321 2759 4321 2758 4322 2262 4322 2184 4322 2758 4323 2431 4323 2262 4323 2760 4324 2088 4324 2431 4324 2760 4325 2431 4325 2759 4325 2760 4326 2757 4326 2088 4326 2760 4327 2759 4327 2757 4327 2761 4328 2433 4328 2261 4328 2761 4329 2261 4329 2089 4329 2762 4330 2763 4330 2761 4330 2762 4331 2761 4331 2089 4331 2764 4332 2185 4332 2765 4332 2764 4333 2436 4333 2263 4333 2764 4334 2765 4334 2763 4334 2764 4335 2263 4335 2185 4335 2766 4336 2438 4336 2767 4336 2766 4337 2439 4337 2437 4337 2766 4338 2437 4338 2438 4338 2768 4339 2438 4339 2090 4339 2768 4340 2767 4340 2438 4340 2769 4341 2186 4341 2439 4341 2769 4342 2439 4342 2766 4342 2769 4343 2766 4343 2767 4343 2770 4344 2769 4344 2767 4344 2770 4345 2440 4345 2441 4345 2770 4346 2187 4346 2186 4346 2770 4347 2186 4347 2769 4347 2770 4348 2441 4348 2443 4348 2770 4349 2443 4349 2187 4349 2771 4350 2442 4350 2444 4350 2771 4351 2445 4351 2442 4351 2771 4352 2444 4352 2772 4352 2773 4353 2444 4353 2091 4353 2773 4354 2772 4354 2444 4354 2774 4355 2445 4355 2771 4355 2774 4356 2771 4356 2772 4356 2774 4357 2187 4357 2445 4357 2775 4358 2091 4358 2092 4358 2775 4359 2092 4359 2776 4359 2775 4360 2776 4360 2777 4360 2778 4361 2188 4361 2187 4361 2779 4362 2188 4362 2778 4362 2779 4363 2777 4363 2776 4363 2779 4364 2778 4364 2777 4364 2780 4365 2449 4365 2093 4365 2780 4366 2781 4366 2449 4366 2780 4367 2782 4367 2781 4367 2783 4368 2189 4368 2188 4368 2783 4369 2784 4369 2782 4369 2783 4370 2188 4370 2784 4370 2785 4371 2093 4371 2454 4371 2785 4372 2454 4372 2786 4372 2787 4373 2452 4373 2450 4373 2787 4374 2786 4374 2454 4374 2787 4375 2454 4375 2452 4375 2788 4376 2786 4376 2787 4376 2788 4377 2450 4377 2189 4377 2788 4378 2189 4378 2783 4378 2788 4379 2787 4379 2450 4379 2789 4380 2456 4380 2790 4380 2789 4381 2094 4381 2456 4381 2791 4382 2190 4382 2189 4382 2791 4383 2451 4383 2455 4383 2791 4384 2189 4384 2451 4384 2792 4385 2190 4385 2791 4385 2792 4386 2791 4386 2790 4386 2793 4387 2790 4387 2456 4387 2793 4388 2457 4388 2190 4388 2793 4389 2190 4389 2792 4389 2793 4390 2792 4390 2790 4390 2794 4391 2458 4391 2457 4391 2794 4392 2456 4392 2458 4392 2794 4393 2793 4393 2456 4393 2794 4394 2457 4394 2793 4394 2795 4395 2191 4395 2264 4395 2795 4396 2264 4396 2460 4396 2795 4397 2796 4397 2797 4397 2798 4398 2796 4398 2095 4398 2798 4399 2095 4399 2265 4399 2798 4400 2265 4400 2461 4400 2798 4401 2797 4401 2796 4401 2799 4402 2191 4402 2795 4402 2799 4403 2797 4403 2798 4403 2799 4404 2795 4404 2797 4404 2800 4405 2465 4405 2096 4405 2800 4406 2466 4406 2465 4406 2801 4407 2800 4407 2096 4407 2801 4408 2096 4408 2097 4408 2801 4409 2466 4409 2800 4409 2802 4410 2192 4410 2266 4410 2802 4411 2266 4411 2466 4411 2803 4412 2469 4412 2468 4412 2803 4413 2467 4413 2192 4413 2803 4414 2468 4414 2467 4414 2804 4415 2097 4415 2471 4415 2804 4416 2801 4416 2097 4416 2804 4417 2469 4417 2801 4417 2805 4418 2470 4418 2097 4418 2806 4419 2193 4419 2473 4419 2806 4420 2473 4420 2807 4420 2808 4421 2097 4421 2098 4421 2808 4422 2805 4422 2097 4422 2808 4423 2807 4423 2805 4423 2809 4424 2269 4424 2193 4424 2809 4425 2477 4425 2269 4425 2810 4426 2477 4426 2808 4426 2810 4427 2098 4427 2475 4427 2810 4428 2475 4428 2477 4428 2810 4429 2808 4429 2098 4429 2811 4430 2270 4430 2194 4430 2811 4431 2194 4431 2478 4431 2811 4432 2480 4432 2270 4432 2811 4433 2812 4433 2480 4433 2811 4434 2478 4434 2812 4434 2813 4435 2268 4435 2099 4435 2813 4436 2480 4436 2812 4436 2813 4437 2478 4437 2268 4437 2813 4438 2812 4438 2478 4438 2813 4439 2099 4439 2480 4439 2814 4440 2481 4440 2483 4440 2814 4441 2484 4441 2481 4441 2815 4442 2814 4442 2483 4442 2815 4443 2484 4443 2814 4443 2815 4444 2195 4444 2484 4444 2815 4445 2483 4445 2816 4445 2817 4446 2483 4446 2100 4446 2817 4447 2816 4447 2483 4447 2818 4448 2195 4448 2815 4448 2818 4449 2815 4449 2816 4449 2819 4450 2196 4450 2195 4450 2819 4451 2816 4451 2817 4451 2819 4452 2195 4452 2818 4452 2819 4453 2818 4453 2816 4453 2819 4454 2488 4454 2196 4454 2819 4455 2486 4455 2488 4455 2820 4456 2487 4456 2489 4456 2820 4457 2490 4457 2487 4457 2820 4458 2489 4458 2821 4458 2822 4459 2489 4459 2101 4459 2822 4460 2821 4460 2489 4460 2823 4461 2196 4461 2490 4461 2823 4462 2490 4462 2820 4462 2823 4463 2820 4463 2821 4463 2824 4464 2491 4464 2825 4464 2824 4465 2101 4465 2491 4465 2826 4466 2197 4466 2196 4466 2826 4467 2196 4467 2823 4467 2827 4468 2197 4468 2826 4468 2827 4469 2826 4469 2825 4469 2828 4470 2198 4470 2197 4470 2828 4471 2197 4471 2496 4471 2829 4472 2830 4472 2831 4472 2829 4473 2831 4473 2102 4473 2829 4474 2102 4474 2103 4474 2832 4475 2828 4475 2830 4475 2832 4476 2198 4476 2828 4476 2833 4477 2499 4477 2498 4477 2833 4478 2498 4478 2829 4478 2833 4479 2829 4479 2103 4479 2833 4480 2103 4480 2499 4480 2834 4481 2498 4481 2501 4481 2834 4482 2501 4482 2198 4482 2834 4483 2198 4483 2832 4483 2835 4484 2504 4484 2503 4484 2835 4485 2502 4485 2504 4485 2835 4486 2198 4486 2502 4486 2835 4487 2200 4487 2198 4487 2836 4488 2508 4488 2837 4488 2836 4489 2104 4489 2508 4489 2838 4490 2505 4490 2200 4490 2838 4491 2200 4491 2835 4491 2839 4492 2837 4492 2508 4492 2839 4493 2508 4493 2506 4493 2839 4494 2506 4494 2505 4494 2839 4495 2505 4495 2838 4495 2839 4496 2838 4496 2837 4496 2840 4497 2271 4497 2509 4497 2840 4498 2202 4498 2271 4498 2841 4499 2842 4499 2105 4499 2841 4500 2105 4500 2272 4500 2841 4501 2843 4501 2842 4501 2841 4502 2272 4502 2510 4502 2844 4503 2510 4503 2202 4503 2844 4504 2202 4504 2840 4504 2844 4505 2840 4505 2843 4505 2844 4506 2843 4506 2841 4506 2844 4507 2841 4507 2510 4507 2845 4508 2273 4508 2514 4508 2845 4509 2204 4509 2273 4509 2846 4510 2106 4510 2107 4510 2846 4511 2107 4511 2517 4511 2846 4512 2517 4512 2515 4512 2846 4513 2847 4513 2848 4513 2846 4514 2848 4514 2106 4514 2849 4515 2204 4515 2845 4515 2849 4516 2845 4516 2847 4516 2850 4517 2519 4517 2107 4517 2850 4518 2520 4518 2519 4518 2850 4519 2521 4519 2520 4519 2851 4520 2107 4520 2108 4520 2851 4521 2850 4521 2107 4521 2851 4522 2521 4522 2850 4522 2852 4523 2206 4523 2274 4523 2852 4524 2274 4524 2521 4524 2853 4525 2854 4525 2275 4525 2853 4526 2275 4526 2206 4526 2855 4527 2851 4527 2108 4527 2855 4528 2854 4528 2851 4528 2856 4529 2523 4529 2108 4529 2856 4530 2525 4530 2523 4530 2856 4531 2275 4531 2525 4531 2856 4532 2527 4532 2275 4532 2857 4533 2527 4533 2856 4533 2857 4534 2108 4534 2109 4534 2857 4535 2856 4535 2108 4535 2858 4536 2529 4536 2276 4536 2858 4537 2276 4537 2208 4537 2859 4538 2857 4538 2109 4538 2859 4539 2529 4539 2857 4539 2859 4540 2109 4540 2528 4540 2859 4541 2528 4541 2529 4541 2860 4542 2531 4542 2533 4542 2860 4543 2532 4543 2531 4543 2861 4544 2533 4544 2110 4544 2861 4545 2862 4545 2533 4545 2863 4546 2864 4546 2862 4546 2863 4547 2210 4547 2864 4547 2863 4548 2537 4548 2212 4548 2863 4549 2862 4549 2861 4549 2863 4550 2535 4550 2537 4550 2863 4551 2212 4551 2210 4551 2865 4552 2538 4552 2536 4552 2865 4553 2536 4553 2539 4553 2865 4554 2539 4554 2866 4554 2867 4555 2212 4555 2538 4555 2867 4556 2538 4556 2865 4556 2867 4557 2865 4557 2866 4557 2868 4558 2539 4558 2111 4558 2868 4559 2866 4559 2539 4559 2869 4560 2867 4560 2866 4560 2869 4561 2212 4561 2867 4561 2869 4562 2214 4562 2212 4562 2870 4563 2111 4563 2113 4563 2870 4564 2113 4564 2871 4564 2872 4565 2214 4565 2869 4565 2872 4566 2869 4566 2871 4566 2872 4567 2542 4567 2214 4567 2872 4568 2541 4568 2542 4568 2873 4569 2544 4569 2540 4569 2873 4570 2540 4570 2112 4570 2874 4571 2543 4571 2541 4571 2874 4572 2214 4572 2543 4572 2874 4573 2541 4573 2545 4573 2875 4574 2214 4574 2874 4574 2875 4575 2216 4575 2214 4575 2876 4576 2877 4576 2878 4576 2876 4577 2878 4577 2112 4577 2876 4578 2112 4578 2114 4578 2879 4579 2875 4579 2877 4579 2879 4580 2216 4580 2875 4580 2880 4581 2114 4581 2881 4581 2880 4582 2881 4582 2548 4582 2880 4583 2548 4583 2547 4583 2880 4584 2876 4584 2114 4584 2882 4585 2547 4585 2546 4585 2882 4586 2550 4586 2216 4586 2882 4587 2546 4587 2550 4587 2883 4588 2884 4588 2114 4588 2883 4589 2114 4589 2115 4589 2883 4590 2885 4590 2884 4590 2886 4591 2887 4591 2885 4591 2886 4592 2551 4592 2887 4592 2886 4593 2218 4593 2551 4593 2888 4594 2115 4594 2552 4594 2888 4595 2883 4595 2115 4595 2889 4596 2555 4596 2218 4596 2889 4597 2890 4597 2555 4597 2891 4598 2888 4598 2552 4598 2891 4599 2554 4599 2556 4599 2891 4600 2556 4600 2555 4600 2891 4601 2552 4601 2554 4601 2891 4602 2890 4602 2888 4602 2891 4603 2555 4603 2890 4603 2892 4604 2556 4604 2554 4604 2892 4605 2558 4605 2556 4605 2892 4606 2554 4606 2557 4606 2892 4607 2893 4607 2558 4607 2116 4608 2892 4608 2557 4608 2116 4609 2893 4609 2892 4609 2116 4610 2561 4610 2893 4610 2894 4611 2220 4611 2558 4611 2894 4612 2558 4612 2893 4612 2894 4613 2559 4613 2220 4613 2895 4614 2560 4614 2559 4614 2895 4615 2561 4615 2560 4615 2895 4616 2893 4616 2561 4616 2895 4617 2894 4617 2893 4617 2895 4618 2559 4618 2894 4618 2896 4619 2277 4619 2562 4619 2896 4620 2222 4620 2277 4620 2279 4621 2897 4621 2898 4621 2279 4622 2898 4622 2117 4622 2279 4623 2278 4623 2563 4623 2899 4624 2222 4624 2896 4624 2899 4625 2896 4625 2897 4625 2900 4626 2567 4626 2566 4626 2900 4627 2566 4627 2119 4627 2901 4628 2900 4628 2902 4628 2901 4629 2567 4629 2900 4629 2901 4630 2280 4630 2567 4630 2901 4631 2225 4631 2280 4631 2903 4632 2900 4632 2119 4632 2903 4633 2902 4633 2900 4633 2903 4634 2119 4634 2120 4634 2904 4635 2225 4635 2901 4635 2904 4636 2901 4636 2902 4636 2905 4637 2120 4637 2570 4637 2905 4638 2906 4638 2903 4638 2905 4639 2903 4639 2120 4639 2905 4640 2281 4640 2568 4640 2905 4641 2568 4641 2906 4641 2905 4642 2570 4642 2571 4642 2905 4643 2571 4643 2281 4643 2907 4644 2569 4644 2120 4644 2908 4645 2907 4645 2909 4645 2908 4646 2571 4646 2569 4646 2908 4647 2569 4647 2907 4647 2908 4648 2909 4648 2572 4648 2908 4649 2572 4649 2281 4649 2908 4650 2281 4650 2571 4650 2910 4651 2909 4651 2907 4651 2910 4652 2907 4652 2120 4652 2910 4653 2120 4653 2121 4653 2911 4654 2227 4654 2572 4654 2911 4655 2572 4655 2909 4655 2912 4656 2913 4656 2283 4656 2912 4657 2283 4657 2227 4657 2914 4658 2913 4658 2910 4658 2914 4659 2910 4659 2121 4659 2915 4660 2576 4660 2578 4660 2915 4661 2228 4661 2576 4661 2916 4662 2282 4662 2122 4662 2916 4663 2578 4663 2282 4663 2917 4664 2579 4664 2582 4664 2917 4665 2228 4665 2915 4665 2917 4666 2915 4666 2578 4666 2917 4667 2229 4667 2228 4667 2917 4668 2582 4668 2229 4668 2918 4669 2583 4669 2581 4669 2918 4670 2581 4670 2584 4670 2919 4671 2918 4671 2584 4671 2919 4672 2583 4672 2918 4672 2919 4673 2584 4673 2920 4673 2919 4674 2229 4674 2583 4674 2921 4675 2919 4675 2920 4675 2921 4676 2229 4676 2919 4676 2922 4677 2920 4677 2584 4677 2922 4678 2584 4678 2123 4678 2923 4679 2229 4679 2921 4679 2923 4680 2921 4680 2920 4680 2923 4681 2230 4681 2229 4681 2924 4682 2585 4682 2925 4682 2924 4683 2123 4683 2585 4683 2926 4684 2923 4684 2925 4684 2926 4685 2230 4685 2923 4685 2926 4686 2588 4686 2586 4686 2926 4687 2586 4687 2230 4687 2927 4688 2588 4688 2590 4688 2927 4689 2230 4689 2587 4689 2927 4690 2587 4690 2588 4690 2928 4691 2591 4691 2589 4691 2928 4692 2589 4692 2124 4692 2929 4693 2927 4693 2590 4693 2929 4694 2231 4694 2230 4694 2929 4695 2230 4695 2927 4695 2930 4696 2124 4696 2125 4696 2930 4697 2595 4697 2931 4697 2930 4698 2125 4698 2595 4698 2932 4699 2231 4699 2929 4699 2932 4700 2929 4700 2931 4700 2933 4701 2934 4701 2125 4701 2933 4702 2125 4702 2126 4702 2933 4703 2935 4703 2934 4703 2936 4704 2231 4704 2594 4704 2936 4705 2594 4705 2935 4705 2936 4706 1980 4706 2231 4706 2937 4707 2126 4707 2599 4707 2937 4708 2933 4708 2126 4708 2938 4709 2939 4709 2940 4709 2938 4710 2940 4710 1980 4710 2941 4711 2599 4711 2601 4711 2941 4712 2939 4712 2937 4712 2941 4713 2940 4713 2939 4713 2941 4714 2937 4714 2599 4714 2942 4715 2600 4715 2126 4715 2942 4716 2127 4716 2603 4716 2942 4717 2126 4717 2127 4717 2943 4718 1983 4718 1980 4718 2943 4719 2941 4719 2601 4719 2943 4720 2940 4720 2941 4720 2943 4721 2603 4721 1983 4721 2943 4722 1980 4722 2940 4722 2944 4723 1985 4723 1983 4723 2944 4724 2604 4724 1985 4724 2944 4725 1983 4725 2602 4725 2945 4726 2289 4726 1835 4726 2945 4727 1835 4727 2607 4727 2945 4728 2606 4728 2289 4728 2945 4729 2607 4729 2606 4729 2946 4730 2156 4730 2607 4730 2946 4731 2290 4731 2156 4731 2946 4732 2607 4732 2608 4732 2946 4733 2608 4733 2290 4733 2947 4734 2291 4734 2034 4734 2947 4735 2609 4735 2291 4735 2947 4736 2612 4736 2610 4736 2947 4737 2610 4737 2609 4737 2947 4738 2034 4738 2612 4738 2948 4739 2157 4739 2610 4739 2948 4740 2610 4740 2611 4740 2948 4741 2294 4741 2157 4741 2948 4742 2611 4742 2294 4742 2949 4743 2158 4743 2615 4743 2949 4744 2615 4744 2614 4744 2949 4745 2616 4745 2297 4745 2949 4746 2614 4746 2616 4746 2949 4747 2297 4747 2158 4747 2950 4748 2621 4748 2622 4748 2950 4749 2623 4749 2621 4749 2951 4750 2623 4750 2950 4750 2951 4751 2950 4751 2622 4751 2951 4752 2159 4752 2623 4752 2951 4753 2624 4753 2159 4753 2952 4754 2951 4754 2622 4754 2952 4755 2624 4755 2951 4755 2952 4756 2622 4756 2626 4756 2952 4757 2626 4757 2624 4757 2953 4758 2305 4758 2624 4758 2953 4759 2624 4759 2626 4759 2953 4760 2626 4760 2625 4760 2953 4761 2303 4761 2305 4761 2954 4762 2306 4762 2244 4762 2954 4763 2631 4763 2630 4763 2954 4764 2244 4764 2627 4764 2954 4765 2627 4765 2631 4765 2955 4766 2631 4766 2627 4766 2955 4767 2629 4767 2631 4767 2956 4768 2629 4768 2955 4768 2956 4769 2044 4769 2628 4769 2957 4770 2629 4770 2956 4770 2957 4771 2956 4771 2628 4771 2957 4772 2628 4772 2308 4772 2957 4773 2311 4773 2629 4773 2957 4774 2308 4774 2311 4774 2958 4775 2635 4775 2633 4775 2958 4776 2633 4776 2310 4776 2958 4777 2310 4777 2314 4777 2958 4778 2314 4778 2635 4778 2959 4779 2636 4779 2635 4779 2959 4780 2635 4780 2634 4780 2960 4781 2959 4781 2634 4781 2960 4782 2634 4782 2046 4782 2960 4783 2636 4783 2959 4783 2961 4784 2636 4784 2960 4784 2961 4785 2638 4785 2636 4785 2961 4786 2637 4786 2638 4786 2962 4787 2319 4787 2048 4787 2962 4788 2320 4788 2319 4788 2962 4789 2642 4789 2320 4789 2963 4790 2644 4790 2642 4790 2963 4791 2646 4791 2644 4791 2963 4792 2642 4792 2962 4792 2964 4793 2644 4793 2645 4793 2964 4794 2643 4794 2644 4794 2965 4795 2645 4795 2321 4795 2965 4796 2321 4796 2324 4796 2965 4797 2324 4797 2163 4797 2965 4798 2964 4798 2645 4798 2966 4799 2649 4799 2648 4799 2966 4800 2322 4800 2326 4800 2966 4801 2648 4801 2245 4801 2966 4802 2245 4802 2322 4802 2967 4803 2648 4803 2647 4803 2967 4804 2650 4804 2648 4804 2968 4805 2647 4805 2330 4805 2968 4806 2330 4806 2652 4806 2969 4807 2967 4807 2647 4807 2969 4808 2164 4808 2650 4808 2969 4809 2652 4809 2164 4809 2969 4810 2650 4810 2967 4810 2969 4811 2647 4811 2968 4811 2969 4812 2968 4812 2652 4812 2970 4813 2653 4813 2655 4813 2970 4814 2657 4814 2165 4814 2970 4815 2655 4815 2657 4815 2970 4816 2332 4816 2653 4816 2970 4817 2165 4817 2333 4817 2970 4818 2333 4818 2332 4818 2971 4819 2658 4819 2660 4819 2971 4820 2662 4820 2166 4820 2971 4821 2660 4821 2662 4821 2971 4822 2337 4822 2658 4822 2971 4823 2166 4823 2338 4823 2971 4824 2338 4824 2337 4824 2972 4825 2056 4825 2339 4825 2972 4826 2660 4826 2659 4826 2972 4827 2340 4827 2661 4827 2972 4828 2659 4828 2056 4828 2972 4829 2339 4829 2340 4829 2972 4830 2661 4830 2660 4830 2973 4831 2347 4831 2167 4831 2973 4832 2667 4832 2347 4832 2973 4833 2666 4833 2664 4833 2973 4834 2665 4834 2667 4834 2973 4835 2167 4835 2666 4835 2973 4836 2664 4836 2665 4836 2974 4837 2669 4837 2670 4837 2974 4838 2671 4838 2669 4838 2974 4839 2670 4839 2672 4839 2975 4840 2974 4840 2672 4840 2975 4841 2674 4841 2673 4841 2975 4842 2672 4842 2674 4842 2976 4843 2352 4843 2353 4843 2976 4844 2674 4844 2675 4844 2976 4845 2353 4845 2355 4845 2976 4846 2355 4846 2674 4846 2977 4847 2354 4847 2676 4847 2977 4848 2169 4848 2356 4848 2977 4849 2356 4849 2354 4849 2977 4850 2681 4850 2169 4850 2978 4851 2681 4851 2977 4851 2978 4852 2977 4852 2676 4852 2978 4853 2676 4853 2678 4853 2978 4854 2678 4854 2681 4854 2979 4855 2678 4855 2677 4855 2979 4856 2680 4856 2678 4856 2980 4857 2063 4857 2679 4857 2980 4858 2979 4858 2677 4858 2980 4859 2677 4859 2063 4859 2980 4860 2680 4860 2979 4860 2981 4861 2980 4861 2679 4861 2981 4862 2680 4862 2980 4862 2981 4863 2357 4863 2360 4863 2981 4864 2360 4864 2680 4864 2981 4865 2679 4865 2357 4865 2982 4866 2687 4866 2684 4866 2982 4867 2684 4867 2359 4867 2982 4868 2361 4868 2686 4868 2982 4869 2686 4869 2687 4869 2982 4870 2359 4870 2361 4870 2983 4871 2687 4871 2685 4871 2983 4872 2690 4872 2687 4872 2984 4873 2065 4873 2688 4873 2984 4874 2690 4874 2983 4874 2985 4875 2689 4875 2690 4875 2985 4876 2688 4876 2689 4876 2985 4877 2690 4877 2984 4877 2985 4878 2984 4878 2688 4878 2986 4879 2699 4879 2698 4879 2986 4880 2698 4880 2696 4880 2986 4881 2696 4881 2252 4881 2986 4882 2252 4882 2373 4882 2987 4883 2696 4883 2698 4883 2987 4884 2698 4884 2697 4884 2988 4885 2987 4885 2697 4885 2988 4886 2700 4886 2173 4886 2989 4887 2697 4887 2701 4887 2989 4888 2701 4888 2700 4888 2989 4889 2700 4889 2988 4889 2989 4890 2988 4890 2697 4890 2990 4891 2375 4891 2703 4891 2990 4892 2253 4892 2375 4892 2990 4893 2703 4893 2704 4893 2991 4894 2253 4894 2990 4894 2991 4895 2704 4895 2706 4895 2991 4896 2990 4896 2704 4896 2991 4897 2706 4897 2708 4897 2991 4898 2377 4898 2253 4898 2991 4899 2708 4899 2377 4899 2992 4900 2706 4900 2705 4900 2992 4901 2707 4901 2706 4901 2993 4902 2381 4902 2710 4902 2993 4903 2705 4903 2381 4903 2994 4904 2710 4904 2174 4904 2994 4905 2174 4905 2707 4905 2994 4906 2992 4906 2705 4906 2994 4907 2707 4907 2992 4907 2994 4908 2705 4908 2993 4908 2994 4909 2993 4909 2710 4909 2995 4910 2711 4910 2713 4910 2995 4911 2713 4911 2715 4911 2995 4912 2382 4912 2711 4912 2995 4913 2175 4913 2383 4913 2995 4914 2383 4914 2382 4914 2995 4915 2715 4915 2175 4915 2996 4916 2075 4916 2386 4916 2996 4917 2386 4917 2384 4917 2996 4918 2712 4918 2075 4918 2996 4919 2713 4919 2712 4919 2996 4920 2384 4920 2714 4920 2996 4921 2714 4921 2713 4921 2997 4922 2718 4922 2077 4922 2997 4923 2389 4923 2720 4923 2997 4924 2077 4924 2389 4924 2997 4925 2717 4925 2718 4925 2997 4926 2720 4926 2717 4926 2998 4927 2726 4927 2728 4927 2998 4928 2400 4928 2726 4928 2999 4929 2728 4929 2730 4929 2999 4930 2730 4930 2732 4930 2999 4931 2998 4931 2728 4931 2999 4932 2732 4932 2998 4932 3000 4933 2731 4933 2730 4933 3000 4934 2730 4934 2729 4934 3001 4935 2729 4935 2081 4935 3001 4936 2081 4936 2733 4936 3001 4937 2731 4937 3000 4937 3001 4938 3000 4938 2729 4938 3002 4939 2733 4939 2405 4939 3002 4940 2405 4940 2734 4940 3002 4941 2734 4941 2731 4941 3002 4942 2731 4942 3001 4942 3002 4943 3001 4943 2733 4943 3003 4944 2404 4944 2403 4944 3003 4945 2403 4945 2406 4945 3003 4946 2406 4946 2738 4946 3003 4947 2736 4947 2404 4947 3003 4948 2739 4948 2736 4948 3003 4949 2738 4949 2739 4949 3004 4950 2742 4950 2739 4950 3004 4951 2739 4951 2737 4951 3005 4952 2082 4952 2740 4952 3005 4953 2737 4953 2082 4953 3005 4954 2742 4954 3004 4954 3005 4955 3004 4955 2737 4955 2742 4956 2740 4956 2741 4956 2742 4957 2741 4957 2744 4957 2742 4958 3005 4958 2740 4958 3006 4959 2083 4959 2745 4959 3006 4960 2747 4960 2412 4960 3006 4961 2410 4961 2083 4961 3006 4962 2412 4962 2410 4962 3006 4963 2745 4963 2747 4963 3007 4964 2748 4964 2746 4964 3007 4965 3008 4965 2748 4965 3007 4966 2413 4966 3008 4966 3007 4967 2746 4967 2413 4967 3009 4968 2748 4968 3008 4968 3009 4969 3008 4969 2413 4969 3009 4970 2413 4970 2414 4970 3009 4971 2414 4971 2181 4971 3009 4972 2181 4972 2748 4972 3010 4973 2259 4973 2422 4973 3010 4974 2753 4974 2752 4974 3010 4975 2752 4975 2259 4975 3011 4976 2751 4976 2752 4976 3011 4977 2752 4977 2087 4977 3012 4978 3011 4978 2087 4978 3012 4979 2754 4979 2183 4979 3013 4980 2087 4980 2755 4980 3013 4981 2755 4981 2754 4981 3013 4982 3012 4982 2087 4982 3013 4983 2754 4983 3012 4983 3014 4984 2260 4984 2755 4984 3014 4985 2424 4985 2426 4985 3014 4986 2755 4986 2756 4986 3014 4987 2426 4987 2427 4987 3014 4988 2756 4988 2424 4988 3014 4989 2427 4989 2260 4989 3015 4990 2429 4990 2428 4990 3015 4991 2184 4991 2429 4991 3015 4992 2757 4992 2758 4992 3015 4993 2758 4993 2184 4993 3015 4994 2428 4994 2757 4994 3016 4995 2185 4995 2434 4995 3016 4996 2434 4996 2433 4996 3016 4997 2765 4997 2185 4997 3016 4998 2761 4998 2763 4998 3016 4999 2763 4999 2765 4999 3016 5000 2433 5000 2761 5000 3017 5001 2436 5001 2764 5001 3017 5002 2089 5002 2435 5002 3017 5003 2435 5003 2436 5003 3017 5004 2762 5004 2089 5004 3017 5005 2763 5005 2762 5005 3017 5006 2764 5006 2763 5006 3018 5007 2090 5007 2440 5007 3018 5008 2440 5008 2770 5008 3018 5009 2768 5009 2090 5009 3018 5010 2767 5010 2768 5010 3018 5011 2770 5011 2767 5011 3019 5012 2775 5012 2777 5012 3019 5013 3020 5013 2775 5013 3019 5014 2778 5014 3020 5014 3019 5015 2777 5015 2778 5015 3021 5016 2779 5016 2776 5016 3021 5017 2776 5017 2092 5017 3021 5018 2092 5018 2446 5018 3021 5019 2446 5019 2448 5019 3022 5020 3021 5020 2448 5020 3022 5021 2779 5021 3021 5021 3023 5022 2782 5022 2784 5022 3023 5023 2449 5023 2781 5023 3023 5024 2781 5024 2782 5024 3024 5025 2783 5025 2782 5025 3024 5026 2782 5026 2780 5026 3025 5027 2786 5027 2788 5027 3025 5028 2788 5028 2783 5028 3025 5029 2783 5029 3024 5029 3025 5030 3024 5030 2780 5030 3026 5031 2453 5031 2094 5031 3026 5032 2094 5032 2789 5032 3026 5033 2791 5033 2455 5033 3026 5034 2455 5034 2453 5034 3026 5035 2789 5035 2790 5035 3026 5036 2790 5036 2791 5036 3027 5037 2460 5037 2459 5037 3027 5038 2459 5038 2095 5038 3027 5039 2095 5039 2796 5039 3027 5040 2795 5040 2460 5040 3027 5041 2796 5041 2795 5041 3028 5042 2461 5042 2463 5042 3028 5043 2463 5043 2191 5043 3028 5044 2798 5044 2461 5044 3028 5045 2191 5045 2799 5045 3028 5046 2799 5046 2798 5046 3029 5047 2466 5047 2801 5047 3029 5048 2802 5048 2466 5048 3030 5049 3029 5049 2801 5049 3030 5050 2802 5050 3029 5050 3030 5051 2192 5051 2802 5051 3031 5052 3030 5052 2801 5052 3031 5053 2801 5053 2469 5053 3031 5054 2469 5054 2803 5054 3032 5055 2471 5055 2472 5055 3032 5056 2804 5056 2471 5056 3032 5057 2472 5057 2267 5057 3032 5058 2267 5058 2467 5058 3032 5059 2467 5059 2469 5059 3032 5060 2469 5060 2804 5060 3033 5061 2470 5061 2805 5061 3033 5062 2267 5062 2472 5062 3033 5063 2472 5063 2470 5063 3033 5064 2473 5064 2267 5064 3034 5065 3033 5065 2805 5065 3034 5066 2807 5066 2473 5066 3034 5067 2805 5067 2807 5067 3034 5068 2473 5068 3033 5068 3035 5069 2806 5069 2807 5069 3035 5070 2807 5070 2808 5070 3036 5071 2808 5071 2477 5071 3036 5072 3035 5072 2808 5072 3036 5073 2477 5073 2809 5073 3037 5074 2486 5074 2819 5074 3037 5075 2819 5075 2817 5075 3037 5076 2817 5076 2100 5076 3037 5077 2100 5077 2485 5077 3037 5078 2485 5078 2486 5078 3038 5079 2101 5079 2824 5079 3038 5080 2822 5080 2101 5080 3039 5081 2821 5081 2822 5081 3039 5082 2823 5082 2821 5082 3039 5083 3038 5083 2826 5083 3039 5084 2826 5084 2823 5084 3039 5085 2822 5085 3038 5085 3040 5086 2826 5086 3038 5086 3040 5087 2825 5087 2826 5087 3040 5088 2824 5088 2825 5088 3040 5089 3038 5089 2824 5089 3041 5090 2825 5090 2491 5090 3041 5091 2827 5091 2825 5091 3042 5092 3041 5092 2491 5092 3042 5093 2827 5093 3041 5093 3042 5094 2491 5094 2492 5094 3042 5095 2492 5095 2495 5095 3043 5096 2496 5096 2494 5096 3043 5097 2102 5097 2831 5097 3043 5098 2828 5098 2496 5098 3043 5099 2493 5099 2102 5099 3043 5100 2494 5100 2493 5100 3044 5101 2828 5101 3043 5101 3044 5102 3043 5102 2831 5102 3044 5103 2831 5103 2830 5103 3044 5104 2830 5104 2828 5104 3045 5105 2830 5105 2829 5105 3045 5106 2832 5106 2830 5106 3045 5107 2829 5107 2498 5107 3045 5108 2498 5108 2834 5108 3045 5109 2834 5109 2832 5109 3046 5110 2503 5110 2104 5110 3046 5111 2104 5111 2836 5111 3046 5112 2836 5112 2837 5112 3046 5113 2837 5113 2838 5113 3046 5114 2838 5114 2835 5114 3046 5115 2835 5115 2503 5115 3047 5116 2507 5116 2105 5116 3047 5117 2509 5117 2507 5117 3047 5118 2105 5118 2842 5118 3047 5119 2840 5119 2509 5119 3047 5120 2842 5120 2843 5120 3047 5121 2843 5121 2840 5121 3048 5122 2845 5122 2514 5122 3048 5123 2848 5123 2847 5123 3048 5124 2106 5124 2848 5124 3048 5125 2847 5125 2845 5125 3048 5126 2513 5126 2106 5126 3048 5127 2514 5127 2513 5127 3049 5128 2204 5128 2849 5128 3049 5129 2846 5129 2515 5129 3049 5130 2515 5130 2518 5130 3049 5131 2518 5131 2204 5131 3049 5132 2847 5132 2846 5132 3049 5133 2849 5133 2847 5133 3050 5134 2521 5134 2851 5134 3050 5135 2852 5135 2521 5135 3051 5136 2852 5136 3050 5136 3051 5137 2206 5137 2852 5137 3051 5138 3050 5138 2851 5138 3052 5139 3051 5139 2851 5139 3052 5140 2851 5140 2854 5140 3052 5141 2854 5141 2853 5141 3053 5142 2525 5142 2275 5142 3053 5143 2275 5143 2854 5143 3053 5144 2854 5144 2855 5144 3053 5145 2524 5145 2525 5145 3054 5146 2208 5146 2526 5146 3054 5147 2526 5147 2527 5147 3054 5148 2527 5148 2857 5148 3055 5149 2857 5149 2529 5149 3055 5150 2529 5150 2858 5150 3055 5151 3054 5151 2857 5151 3056 5152 2210 5152 2532 5152 3056 5153 2532 5153 2860 5153 3056 5154 2860 5154 3057 5154 3056 5155 3057 5155 2864 5155 3056 5156 2864 5156 2210 5156 3058 5157 2860 5157 2533 5157 3058 5158 3057 5158 2860 5158 3058 5159 2864 5159 3057 5159 3058 5160 2862 5160 2864 5160 3058 5161 2533 5161 2862 5161 3059 5162 2861 5162 2110 5162 3059 5163 2863 5163 2861 5163 3059 5164 2110 5164 2535 5164 3059 5165 2535 5165 2863 5165 3060 5166 2866 5166 2868 5166 3060 5167 2869 5167 2866 5167 3061 5168 2868 5168 2111 5168 3061 5169 3060 5169 2868 5169 3061 5170 2869 5170 3060 5170 3062 5171 2871 5171 2869 5171 3062 5172 2870 5172 2871 5172 3062 5173 2869 5173 3061 5173 3063 5174 2872 5174 2871 5174 3063 5175 2871 5175 2113 5175 3063 5176 2541 5176 2872 5176 3063 5177 2113 5177 2541 5177 3064 5178 2873 5178 2112 5178 3064 5179 2112 5179 2878 5179 3065 5180 2544 5180 2873 5180 3065 5181 2545 5181 2544 5181 3065 5182 2874 5182 2545 5182 3065 5183 2873 5183 3064 5183 3065 5184 2875 5184 2874 5184 3065 5185 3064 5185 2875 5185 3066 5186 2878 5186 2877 5186 3066 5187 2877 5187 2875 5187 3066 5188 3064 5188 2878 5188 3066 5189 2875 5189 3064 5189 3067 5190 2877 5190 2876 5190 3067 5191 2879 5191 2877 5191 3068 5192 2547 5192 2882 5192 3068 5193 2880 5193 2547 5193 3068 5194 2876 5194 2880 5194 3068 5195 3067 5195 2876 5195 3069 5196 2549 5196 2548 5196 3069 5197 2551 5197 2549 5197 3070 5198 3069 5198 2884 5198 3070 5199 2884 5199 2885 5199 3070 5200 2885 5200 2887 5200 3070 5201 2887 5201 2551 5201 3070 5202 2551 5202 3069 5202 3071 5203 2885 5203 2883 5203 3071 5204 2886 5204 2885 5204 2890 5205 3071 5205 2883 5205 2890 5206 2883 5206 2888 5206 2890 5207 2886 5207 3071 5207 3072 5208 2118 5208 2117 5208 3072 5209 2898 5209 2897 5209 3072 5210 2896 5210 2562 5210 3072 5211 2117 5211 2898 5211 3072 5212 2562 5212 2118 5212 3072 5213 2897 5213 2896 5213 3073 5214 2897 5214 2279 5214 3073 5215 2279 5215 2563 5215 3073 5216 2899 5216 2897 5216 3073 5217 2563 5217 2565 5217 3073 5218 2565 5218 2222 5218 3073 5219 2222 5219 2899 5219 3074 5220 2903 5220 2906 5220 3074 5221 2225 5221 2904 5221 3074 5222 2904 5222 2902 5222 3074 5223 2906 5223 2568 5223 3074 5224 2568 5224 2225 5224 3074 5225 2902 5225 2903 5225 3075 5226 2909 5226 2910 5226 3075 5227 2911 5227 2909 5227 3076 5228 3075 5228 2910 5228 3076 5229 2227 5229 2911 5229 3076 5230 2911 5230 3075 5230 3076 5231 2912 5231 2227 5231 3077 5232 3076 5232 2910 5232 3077 5233 2912 5233 3076 5233 3077 5234 2910 5234 2913 5234 3077 5235 2913 5235 2912 5235 3078 5236 2283 5236 2913 5236 3078 5237 2913 5237 2914 5237 3078 5238 2574 5238 2283 5238 3079 5239 2578 5239 2916 5239 3079 5240 2917 5240 2578 5240 3080 5241 2917 5241 3079 5241 3080 5242 2579 5242 2917 5242 3080 5243 2122 5243 2580 5243 3080 5244 2580 5244 2579 5244 3081 5245 2920 5245 2922 5245 3081 5246 2923 5246 2920 5246 3082 5247 3081 5247 2922 5247 3082 5248 2923 5248 3081 5248 3082 5249 2922 5249 2123 5249 3083 5250 2923 5250 3082 5250 3083 5251 2925 5251 2923 5251 3083 5252 2924 5252 2925 5252 3084 5253 2585 5253 2588 5253 3084 5254 2588 5254 2926 5254 3084 5255 2925 5255 2585 5255 3084 5256 2926 5256 2925 5256 3085 5257 2591 5257 2928 5257 3085 5258 2590 5258 2591 5258 3085 5259 2929 5259 2590 5259 3086 5260 2929 5260 3085 5260 3086 5261 3085 5261 2928 5261 3086 5262 2928 5262 2124 5262 3087 5263 2929 5263 3086 5263 3087 5264 2931 5264 2929 5264 3087 5265 2930 5265 2931 5265 3088 5266 2932 5266 2931 5266 3088 5267 2931 5267 2595 5267 3088 5268 2595 5268 2592 5268 3089 5269 2935 5269 2594 5269 3089 5270 2934 5270 2935 5270 3089 5271 2594 5271 2598 5271 3090 5272 2935 5272 2933 5272 3090 5273 2936 5273 2935 5273 3091 5274 2939 5274 2938 5274 3091 5275 2933 5275 2937 5275 3091 5276 2937 5276 2939 5276 3092 5277 2938 5277 1980 5277 3092 5278 3091 5278 2938 5278 3092 5279 3090 5279 2933 5279 3092 5280 2936 5280 3090 5280 3092 5281 2933 5281 3091 5281 3092 5282 1980 5282 2936 5282 3093 5283 2600 5283 2942 5283 3093 5284 2601 5284 2600 5284 3093 5285 2942 5285 2603 5285 3093 5286 2603 5286 2943 5286 3093 5287 2943 5287 2601 5287 3094 5288 2604 5288 2944 5288 3094 5289 2944 5289 2602 5289 3094 5290 2602 5290 2127 5290 3094 5291 2127 5291 2604 5291 3095 5292 2042 5292 2302 5292 3095 5293 2953 5293 2625 5293 3095 5294 2303 5294 2953 5294 3095 5295 2625 5295 2042 5295 3095 5296 2302 5296 2303 5296 3096 5297 2630 5297 2160 5297 3096 5298 2954 5298 2630 5298 3096 5299 2160 5299 2307 5299 3096 5300 2307 5300 2306 5300 3096 5301 2306 5301 2954 5301 3097 5302 2627 5302 2044 5302 3097 5303 2956 5303 2955 5303 3097 5304 2044 5304 2956 5304 3097 5305 2955 5305 2627 5305 3098 5306 2961 5306 2960 5306 3098 5307 2960 5307 2046 5307 3098 5308 2637 5308 2961 5308 3098 5309 2046 5309 2637 5309 3099 5310 2048 5310 2646 5310 3099 5311 2962 5311 2048 5311 3099 5312 2646 5312 2963 5312 3099 5313 2963 5313 2962 5313 3100 5314 2163 5314 2643 5314 3100 5315 2643 5315 2964 5315 3100 5316 2965 5316 2163 5316 3100 5317 2964 5317 2965 5317 3101 5318 2649 5318 2966 5318 3101 5319 2325 5319 2050 5319 3101 5320 2326 5320 2325 5320 3101 5321 2050 5321 2649 5321 3101 5322 2966 5322 2326 5322 3102 5323 2974 5323 2975 5323 3102 5324 2975 5324 2673 5324 3102 5325 2168 5325 2671 5325 3102 5326 2671 5326 2974 5326 3102 5327 2673 5327 2168 5327 3103 5328 2352 5328 2976 5328 3103 5329 2976 5329 2675 5329 3103 5330 2350 5330 2352 5330 3103 5331 2675 5331 2061 5331 3103 5332 2061 5332 2350 5332 3104 5333 2685 5333 2065 5333 3104 5334 2065 5334 2984 5334 3104 5335 2984 5335 2983 5335 3104 5336 2983 5336 2685 5336 3105 5337 2699 5337 2986 5337 3105 5338 2986 5338 2373 5338 3105 5339 2372 5339 2070 5339 3105 5340 2373 5340 2372 5340 3105 5341 2070 5341 2699 5341 3106 5342 2173 5342 2696 5342 3106 5343 2987 5343 2988 5343 3106 5344 2988 5344 2173 5344 3106 5345 2696 5345 2987 5345 3107 5346 2732 5346 2178 5346 3107 5347 2727 5347 2400 5347 3107 5348 2998 5348 2732 5348 3107 5349 2400 5349 2998 5349 3107 5350 2178 5350 2727 5350 3108 5351 2422 5351 2423 5351 3108 5352 3010 5352 2422 5352 3108 5353 2753 5353 3010 5353 3108 5354 2085 5354 2753 5354 3108 5355 2423 5355 2085 5355 3109 5356 2183 5356 2751 5356 3109 5357 3011 5357 3012 5357 3109 5358 3012 5358 2183 5358 3109 5359 2751 5359 3011 5359 3110 5360 3020 5360 2772 5360 3110 5361 2772 5361 2773 5361 3110 5362 2091 5362 2775 5362 3110 5363 2775 5363 3020 5363 3110 5364 2773 5364 2091 5364 3111 5365 2772 5365 3020 5365 3111 5366 2774 5366 2772 5366 3111 5367 2187 5367 2774 5367 3111 5368 2778 5368 2187 5368 3111 5369 3020 5369 2778 5369 3112 5370 2447 5370 2092 5370 3112 5371 2448 5371 2447 5371 3112 5372 3113 5372 2448 5372 3112 5373 3114 5373 3113 5373 3115 5374 2188 5374 2779 5374 3115 5375 3116 5375 2188 5375 3115 5376 3113 5376 3116 5376 3115 5377 2448 5377 3113 5377 3115 5378 3022 5378 2448 5378 3115 5379 2779 5379 3022 5379 3117 5380 2092 5380 2449 5380 3117 5381 3114 5381 3112 5381 3117 5382 2449 5382 3023 5382 3117 5383 3112 5383 2092 5383 3118 5384 2188 5384 3116 5384 3118 5385 3116 5385 3113 5385 3118 5386 3113 5386 3114 5386 3118 5387 3114 5387 2784 5387 3118 5388 2784 5388 2188 5388 3119 5389 2093 5389 2785 5389 3119 5390 2785 5390 2786 5390 3119 5391 2786 5391 3025 5391 3119 5392 3025 5392 2780 5392 3119 5393 2780 5393 2093 5393 3120 5394 2803 5394 2192 5394 3120 5395 2192 5395 3030 5395 3120 5396 3031 5396 2803 5396 3120 5397 3030 5397 3031 5397 3121 5398 2809 5398 2193 5398 3121 5399 2193 5399 2806 5399 3121 5400 2806 5400 3035 5400 3121 5401 3035 5401 3036 5401 3121 5402 3036 5402 2809 5402 3122 5403 3042 5403 2495 5403 3122 5404 2497 5404 2197 5404 3122 5405 2495 5405 2497 5405 3122 5406 2197 5406 2827 5406 3122 5407 2827 5407 3042 5407 3123 5408 2206 5408 3051 5408 3123 5409 3052 5409 2853 5409 3123 5410 2853 5410 2206 5410 3123 5411 3051 5411 3052 5411 3124 5412 3053 5412 2855 5412 3124 5413 2855 5413 2108 5413 3124 5414 2524 5414 3053 5414 3124 5415 2522 5415 2524 5415 3124 5416 2108 5416 2522 5416 3125 5417 2858 5417 2208 5417 3125 5418 3055 5418 2858 5418 3125 5419 3054 5419 3055 5419 3125 5420 2208 5420 3054 5420 2111 5421 2870 5421 3062 5421 2111 5422 3062 5422 3061 5422 3126 5423 2216 5423 2879 5423 3126 5424 2882 5424 2216 5424 3126 5425 3068 5425 2882 5425 3126 5426 2879 5426 3067 5426 3126 5427 3067 5427 3068 5427 3127 5428 2881 5428 2114 5428 3127 5429 2114 5429 2884 5429 3127 5430 2548 5430 2881 5430 3127 5431 2884 5431 3069 5431 3127 5432 3069 5432 2548 5432 3128 5433 2218 5433 2886 5433 3128 5434 2890 5434 2889 5434 3128 5435 2889 5435 2218 5435 3128 5436 2886 5436 2890 5436 3129 5437 2574 5437 3078 5437 3129 5438 3078 5438 2914 5438 3129 5439 2914 5439 2121 5439 3129 5440 2573 5440 2574 5440 3129 5441 2121 5441 2573 5441 3130 5442 3079 5442 2916 5442 3130 5443 3080 5443 3079 5443 3130 5444 2122 5444 3080 5444 3130 5445 2916 5445 2122 5445 3131 5446 2123 5446 2924 5446 3131 5447 3083 5447 3082 5447 3131 5448 3082 5448 2123 5448 3131 5449 2924 5449 3083 5449 3132 5450 3086 5450 2124 5450 3132 5451 3087 5451 3086 5451 3132 5452 2930 5452 3087 5452 3132 5453 2124 5453 2930 5453 3133 5454 3088 5454 2592 5454 3133 5455 2932 5455 3088 5455 3133 5456 2231 5456 2932 5456 3133 5457 2596 5457 2231 5457 3133 5458 2592 5458 2596 5458 3134 5459 2598 5459 2597 5459 3134 5460 2125 5460 2934 5460 3134 5461 2934 5461 3089 5461 3134 5462 2597 5462 2125 5462 3134 5463 3089 5463 2598 5463 3135 5464 3114 5464 3117 5464 3135 5465 3117 5465 3023 5465 3135 5466 3023 5466 2784 5466 3135 5467 2784 5467 3114 5467 3136 5468 1732 5468 1806 5468 3136 5469 3137 5469 3138 5469 3136 5470 1806 5470 3137 5470 3136 5471 3139 5471 3140 5471 3136 5472 3140 5472 1732 5472 3141 5473 3142 5473 3143 5473 3141 5474 3138 5474 3142 5474 3141 5475 3144 5475 3145 5475 3141 5476 3145 5476 3139 5476 3141 5477 3139 5477 3136 5477 3141 5478 3136 5478 3138 5478 3146 5479 3143 5479 3147 5479 3146 5480 3148 5480 3144 5480 3146 5481 3144 5481 3141 5481 3146 5482 3141 5482 3143 5482 3149 5483 3147 5483 3150 5483 3149 5484 3151 5484 3148 5484 3149 5485 3148 5485 3146 5485 3149 5486 3146 5486 3147 5486 3152 5487 3153 5487 3154 5487 3152 5488 3150 5488 3153 5488 3152 5489 3155 5489 3156 5489 3152 5490 3156 5490 3151 5490 3152 5491 3151 5491 3149 5491 3152 5492 3149 5492 3150 5492 3157 5493 3154 5493 3158 5493 3157 5494 3159 5494 3155 5494 3157 5495 3152 5495 3154 5495 3157 5496 3155 5496 3152 5496 3160 5497 3161 5497 3162 5497 3160 5498 3158 5498 3161 5498 3160 5499 3163 5499 3164 5499 3160 5500 3164 5500 3159 5500 3160 5501 3159 5501 3157 5501 3160 5502 3157 5502 3158 5502 3165 5503 3166 5503 1788 5503 3165 5504 3162 5504 3166 5504 3165 5505 1788 5505 1755 5505 3165 5506 1755 5506 3167 5506 3165 5507 3167 5507 3163 5507 3165 5508 3160 5508 3162 5508 3165 5509 3163 5509 3160 5509 1776 5510 3161 5510 3158 5510 1776 5511 1778 5511 3161 5511 1780 5512 3162 5512 3161 5512 1780 5513 3161 5513 1778 5513 1774 5514 3158 5514 3154 5514 1774 5515 1776 5515 3158 5515 1782 5516 3166 5516 3162 5516 1782 5517 3162 5517 1780 5517 1772 5518 3154 5518 3153 5518 1772 5519 1774 5519 3154 5519 1784 5520 1788 5520 3166 5520 1784 5521 3166 5521 1782 5521 1770 5522 3153 5522 3150 5522 1770 5523 1772 5523 3153 5523 3168 5524 1786 5524 1788 5524 3168 5525 1788 5525 1784 5525 1768 5526 3150 5526 3147 5526 1768 5527 1770 5527 3150 5527 3169 5528 1787 5528 1786 5528 3169 5529 1786 5529 3168 5529 1766 5530 3147 5530 3143 5530 1766 5531 1768 5531 3147 5531 3170 5532 1790 5532 1787 5532 3170 5533 1787 5533 3169 5533 3142 5534 1764 5534 1766 5534 3142 5535 1766 5535 3143 5535 1791 5536 1790 5536 3170 5536 1791 5537 3170 5537 3171 5537 3138 5538 1764 5538 3142 5538 3138 5539 1762 5539 1764 5539 1793 5540 1791 5540 3171 5540 1793 5541 3171 5541 3172 5541 3137 5542 1762 5542 3138 5542 3137 5543 1760 5543 1762 5543 1795 5544 3172 5544 3173 5544 1795 5545 1793 5545 3172 5545 1806 5546 1760 5546 3137 5546 1806 5547 1758 5547 1760 5547 1797 5548 3173 5548 3174 5548 1797 5549 1795 5549 3173 5549 1805 5550 1758 5550 1806 5550 1805 5551 3175 5551 1758 5551 1798 5552 3174 5552 3176 5552 1798 5553 1797 5553 3174 5553 1803 5554 3175 5554 1805 5554 1803 5555 3177 5555 3175 5555 1800 5556 3176 5556 3178 5556 1800 5557 1798 5557 3176 5557 1802 5558 1800 5558 3178 5558 1802 5559 3178 5559 3179 5559 1802 5560 3179 5560 3177 5560 1802 5561 3177 5561 1803 5561 3180 5562 1784 5562 1783 5562 3180 5563 3168 5563 1784 5563 3181 5564 3169 5564 3168 5564 3181 5565 3168 5565 3180 5565 3182 5566 3170 5566 3169 5566 3182 5567 3169 5567 3181 5567 3183 5568 3171 5568 3170 5568 3183 5569 3170 5569 3182 5569 3184 5570 3172 5570 3171 5570 3184 5571 3171 5571 3183 5571 3185 5572 3173 5572 3172 5572 3185 5573 3172 5573 3184 5573 3186 5574 3174 5574 3173 5574 3186 5575 3173 5575 3185 5575 3187 5576 3176 5576 3174 5576 3187 5577 3174 5577 3186 5577 3188 5578 3178 5578 3176 5578 3188 5579 3176 5579 3187 5579 3189 5580 3179 5580 3178 5580 3189 5581 3178 5581 3188 5581 3190 5582 3177 5582 3179 5582 3190 5583 3179 5583 3189 5583 3191 5584 3175 5584 3177 5584 3191 5585 3177 5585 3190 5585 1759 5586 1758 5586 3175 5586 1759 5587 3175 5587 3191 5587 3167 5588 1755 5588 1756 5588 3167 5589 1756 5589 3192 5589 3163 5590 3192 5590 3193 5590 3163 5591 3167 5591 3192 5591 3164 5592 3193 5592 3194 5592 3164 5593 3163 5593 3193 5593 3159 5594 3194 5594 3195 5594 3159 5595 3164 5595 3194 5595 3155 5596 3195 5596 3196 5596 3155 5597 3159 5597 3195 5597 3156 5598 3196 5598 3197 5598 3156 5599 3155 5599 3196 5599 3151 5600 3197 5600 3198 5600 3151 5601 3156 5601 3197 5601 3148 5602 3198 5602 3199 5602 3148 5603 3151 5603 3198 5603 3144 5604 3199 5604 3200 5604 3144 5605 3148 5605 3199 5605 3145 5606 3200 5606 3201 5606 3145 5607 3144 5607 3200 5607 3139 5608 3201 5608 3202 5608 3139 5609 3145 5609 3201 5609 3140 5610 3202 5610 3203 5610 3140 5611 3139 5611 3202 5611 1732 5612 3203 5612 1730 5612 1732 5613 3140 5613 3203 5613 3204 5614 3201 5614 3200 5614 3204 5615 3205 5615 3201 5615 3206 5616 3202 5616 3201 5616 3206 5617 3201 5617 3205 5617 3207 5618 3200 5618 3199 5618 3207 5619 3204 5619 3200 5619 3208 5620 3203 5620 3202 5620 3208 5621 3202 5621 3206 5621 3209 5622 3199 5622 3198 5622 3209 5623 3207 5623 3199 5623 1704 5624 1730 5624 3203 5624 1704 5625 3203 5625 3208 5625 3210 5626 3198 5626 3197 5626 3210 5627 3209 5627 3198 5627 1701 5628 1731 5628 1730 5628 1701 5629 1730 5629 1704 5629 3211 5630 3197 5630 3196 5630 3211 5631 3210 5631 3197 5631 1705 5632 1734 5632 1731 5632 1705 5633 1731 5633 1701 5633 3212 5634 3196 5634 3195 5634 3212 5635 3211 5635 3196 5635 1707 5636 1736 5636 1734 5636 1707 5637 1734 5637 1705 5637 3194 5638 3213 5638 3212 5638 3194 5639 3212 5639 3195 5639 1738 5640 1736 5640 1707 5640 1738 5641 1707 5641 1709 5641 3193 5642 3213 5642 3194 5642 3193 5643 3214 5643 3213 5643 1740 5644 1738 5644 1709 5644 1740 5645 1709 5645 1711 5645 3192 5646 3214 5646 3193 5646 3192 5647 3215 5647 3214 5647 1742 5648 1711 5648 1713 5648 1742 5649 1740 5649 1711 5649 1756 5650 3215 5650 3192 5650 1756 5651 1727 5651 3215 5651 1744 5652 1713 5652 1715 5652 1744 5653 1742 5653 1713 5653 1754 5654 1727 5654 1756 5654 1754 5655 1725 5655 1727 5655 1746 5656 1715 5656 1717 5656 1746 5657 1744 5657 1715 5657 1752 5658 1725 5658 1754 5658 1752 5659 1723 5659 1725 5659 1748 5660 1746 5660 1717 5660 1748 5661 1717 5661 1719 5661 1750 5662 1719 5662 1721 5662 1750 5663 1721 5663 1723 5663 1750 5664 1723 5664 1752 5664 1750 5665 1748 5665 1719 5665 3215 5666 1727 5666 1728 5666 3215 5667 1728 5667 1977 5667 3214 5668 1977 5668 1973 5668 3214 5669 3215 5669 1977 5669 3213 5670 1973 5670 1968 5670 3213 5671 3214 5671 1973 5671 3212 5672 1968 5672 1971 5672 3212 5673 3213 5673 1968 5673 3211 5674 1971 5674 1975 5674 3211 5675 3212 5675 1971 5675 3210 5676 1975 5676 1979 5676 3210 5677 3211 5677 1975 5677 3209 5678 1979 5678 1982 5678 3209 5679 3210 5679 1979 5679 3207 5680 1982 5680 1985 5680 3207 5681 3209 5681 1982 5681 3204 5682 1985 5682 1987 5682 3204 5683 3207 5683 1985 5683 3205 5684 1987 5684 1991 5684 3205 5685 3204 5685 1987 5685 3206 5686 1991 5686 1994 5686 3206 5687 3205 5687 1991 5687 3208 5688 1994 5688 1997 5688 3208 5689 3206 5689 1994 5689 1704 5690 1997 5690 1702 5690 1704 5691 3208 5691 1997 5691 3216 5692 3217 5692 3218 5692 3216 5693 3217 5693 3219 5693 3220 5694 3221 5694 3218 5694 3220 5695 3216 5695 3218 5695 3222 5696 3221 5696 3223 5696 3222 5697 3221 5697 3220 5697 3224 5698 3223 5698 3225 5698 3224 5699 3222 5699 3223 5699 3226 5700 3225 5700 3227 5700 3226 5701 3225 5701 3224 5701 3228 5702 3229 5702 3227 5702 3228 5703 3227 5703 3226 5703 3230 5704 3231 5704 3229 5704 3230 5705 3229 5705 3228 5705 3232 5706 3231 5706 3233 5706 3232 5707 3231 5707 3230 5707 3234 5708 3235 5708 3233 5708 3234 5709 3233 5709 3232 5709 3236 5710 3237 5710 3235 5710 3236 5711 3235 5711 3234 5711 3238 5712 3239 5712 3237 5712 3238 5713 3237 5713 3236 5713 3240 5714 3241 5714 3239 5714 3240 5715 3238 5715 3239 5715 3242 5716 3241 5716 3243 5716 3242 5717 3241 5717 3240 5717 3244 5718 3245 5718 3246 5718 3244 5719 3246 5719 3247 5719 3248 5720 3249 5720 3245 5720 3248 5721 3245 5721 3244 5721 3250 5722 3251 5722 3249 5722 3250 5723 3249 5723 3248 5723 3252 5724 3253 5724 3251 5724 3252 5725 3251 5725 3250 5725 3254 5726 3255 5726 3253 5726 3254 5727 3253 5727 3252 5727 3256 5728 3257 5728 3255 5728 3256 5729 3255 5729 3254 5729 3258 5730 3259 5730 3257 5730 3258 5731 3257 5731 3256 5731 3260 5732 3261 5732 3259 5732 3260 5733 3259 5733 3258 5733 3262 5734 3263 5734 3261 5734 3262 5735 3260 5735 3261 5735 3264 5736 3263 5736 3265 5736 3264 5737 3263 5737 3262 5737 3266 5738 3265 5738 3267 5738 3266 5739 3264 5739 3265 5739 3268 5740 3269 5740 3267 5740 3268 5741 3267 5741 3266 5741 3270 5742 3269 5742 3271 5742 3270 5743 3268 5743 3269 5743 3272 5744 3273 5744 3274 5744 3272 5745 3274 5745 3275 5745 3276 5746 3273 5746 3277 5746 3276 5747 3273 5747 3272 5747 3278 5748 3279 5748 3277 5748 3278 5749 3277 5749 3276 5749 3280 5750 3281 5750 3279 5750 3280 5751 3279 5751 3278 5751 3282 5752 3283 5752 3281 5752 3282 5753 3281 5753 3280 5753 3284 5754 3285 5754 3283 5754 3284 5755 3282 5755 3283 5755 3286 5756 3287 5756 3285 5756 3286 5757 3284 5757 3285 5757 3288 5758 3289 5758 3287 5758 3288 5759 3287 5759 3286 5759 3290 5760 3291 5760 3289 5760 3290 5761 3288 5761 3289 5761 3292 5762 3293 5762 3291 5762 3292 5763 3291 5763 3290 5763 3294 5764 3295 5764 3293 5764 3294 5765 3293 5765 3292 5765 3296 5766 3297 5766 3295 5766 3296 5767 3295 5767 3294 5767 3298 5768 3297 5768 3299 5768 3298 5769 3297 5769 3296 5769 3300 5770 3301 5770 3302 5770 3300 5771 3302 5771 3303 5771 3304 5772 3305 5772 3301 5772 3304 5773 3301 5773 3300 5773 3306 5774 3307 5774 3305 5774 3306 5775 3305 5775 3304 5775 3308 5776 3307 5776 3309 5776 3308 5777 3307 5777 3306 5777 3310 5778 3311 5778 3309 5778 3310 5779 3309 5779 3308 5779 3312 5780 3313 5780 3311 5780 3312 5781 3311 5781 3310 5781 3314 5782 3315 5782 3313 5782 3314 5783 3313 5783 3312 5783 3316 5784 3317 5784 3315 5784 3316 5785 3315 5785 3314 5785 3318 5786 3319 5786 3317 5786 3318 5787 3316 5787 3317 5787 3320 5788 3321 5788 3319 5788 3320 5789 3318 5789 3319 5789 3322 5790 3323 5790 3321 5790 3322 5791 3321 5791 3320 5791 3324 5792 3325 5792 3323 5792 3324 5793 3322 5793 3323 5793 3326 5794 3327 5794 3325 5794 3326 5795 3325 5795 3324 5795 3328 5796 3329 5796 3330 5796 3328 5797 3330 5797 3331 5797 3332 5798 3333 5798 3329 5798 3332 5799 3329 5799 3328 5799 3334 5800 3333 5800 3335 5800 3334 5801 3332 5801 3333 5801 3336 5802 3335 5802 3337 5802 3336 5803 3335 5803 3334 5803 3338 5804 3339 5804 3337 5804 3338 5805 3337 5805 3336 5805 3340 5806 3341 5806 3339 5806 3340 5807 3339 5807 3338 5807 3342 5808 3341 5808 3343 5808 3342 5809 3341 5809 3340 5809 3344 5810 3345 5810 3343 5810 3344 5811 3343 5811 3342 5811 3346 5812 3347 5812 3345 5812 3346 5813 3345 5813 3344 5813 3348 5814 3349 5814 3347 5814 3348 5815 3347 5815 3346 5815 3350 5816 3351 5816 3349 5816 3350 5817 3349 5817 3348 5817 3352 5818 3353 5818 3351 5818 3352 5819 3350 5819 3351 5819 3354 5820 3353 5820 3355 5820 3354 5821 3353 5821 3352 5821 3356 5822 3357 5822 3358 5822 3356 5823 3358 5823 3359 5823 3360 5824 3361 5824 3357 5824 3360 5825 3357 5825 3356 5825 3362 5826 3361 5826 3363 5826 3362 5827 3361 5827 3360 5827 3364 5828 3365 5828 3363 5828 3364 5829 3363 5829 3362 5829 3366 5830 3367 5830 3365 5830 3366 5831 3365 5831 3364 5831 3368 5832 3369 5832 3367 5832 3368 5833 3366 5833 3367 5833 3370 5834 3371 5834 3369 5834 3370 5835 3369 5835 3368 5835 3372 5836 3373 5836 3371 5836 3372 5837 3371 5837 3370 5837 3374 5838 3375 5838 3373 5838 3374 5839 3373 5839 3372 5839 3376 5840 3375 5840 3377 5840 3376 5841 3375 5841 3374 5841 3378 5842 3379 5842 3377 5842 3378 5843 3377 5843 3376 5843 3380 5844 3381 5844 3379 5844 3380 5845 3379 5845 3378 5845 3382 5846 3383 5846 3381 5846 3382 5847 3381 5847 3380 5847 3384 5848 3385 5848 3386 5848 3384 5849 3386 5849 3387 5849 3388 5850 3389 5850 3385 5850 3388 5851 3385 5851 3384 5851 3390 5852 3391 5852 3389 5852 3390 5853 3389 5853 3388 5853 3392 5854 3393 5854 3391 5854 3392 5855 3391 5855 3390 5855 3394 5856 3395 5856 3393 5856 3394 5857 3393 5857 3392 5857 3396 5858 3397 5858 3395 5858 3396 5859 3395 5859 3394 5859 3398 5860 3399 5860 3397 5860 3398 5861 3397 5861 3396 5861 3400 5862 3401 5862 3399 5862 3400 5863 3399 5863 3398 5863 3402 5864 3403 5864 3401 5864 3402 5865 3401 5865 3400 5865 3404 5866 3403 5866 3402 5866 3404 5867 3405 5867 3403 5867 3406 5868 3405 5868 3404 5868 3406 5869 3407 5869 3405 5869 3408 5870 3407 5870 3406 5870 3408 5871 3409 5871 3407 5871 3410 5872 3411 5872 3409 5872 3410 5873 3409 5873 3408 5873 3412 5874 3413 5874 3411 5874 3412 5875 3411 5875 3410 5875 3414 5876 3415 5876 3413 5876 3414 5877 3413 5877 3412 5877 3416 5878 3415 5878 3414 5878 3416 5879 3417 5879 3415 5879 3418 5880 3419 5880 3417 5880 3418 5881 3417 5881 3416 5881 3420 5882 3421 5882 3419 5882 3420 5883 3419 5883 3418 5883 3422 5884 3423 5884 3421 5884 3422 5885 3421 5885 3420 5885 3424 5886 3425 5886 3423 5886 3424 5887 3423 5887 3422 5887 3426 5888 3427 5888 3425 5888 3426 5889 3425 5889 3424 5889 3428 5890 3429 5890 3427 5890 3428 5891 3427 5891 3426 5891 3430 5892 3431 5892 3429 5892 3430 5893 3429 5893 3428 5893 3432 5894 3433 5894 3431 5894 3432 5895 3431 5895 3430 5895 3434 5896 3435 5896 3433 5896 3434 5897 3433 5897 3432 5897 3436 5898 3437 5898 3435 5898 3436 5899 3435 5899 3434 5899 3438 5900 3439 5900 3437 5900 3438 5901 3437 5901 3436 5901 3440 5902 3441 5902 3439 5902 3440 5903 3439 5903 3438 5903 3442 5904 3443 5904 3444 5904 3442 5905 3444 5905 3445 5905 3446 5906 3443 5906 3442 5906 3447 5907 3443 5907 3446 5907 3448 5908 3447 5908 3446 5908 3449 5909 3447 5909 3448 5909 3450 5910 3449 5910 3448 5910 3451 5911 3449 5911 3450 5911 3452 5912 3451 5912 3450 5912 3453 5913 3451 5913 3452 5913 3454 5914 3453 5914 3452 5914 3455 5915 3453 5915 3454 5915 3456 5916 3455 5916 3454 5916 3457 5917 3455 5917 3456 5917 3458 5918 3457 5918 3456 5918 3459 5919 3457 5919 3458 5919 3460 5920 3459 5920 3458 5920 3461 5921 3459 5921 3460 5921 3462 5922 3461 5922 3460 5922 3463 5923 3461 5923 3462 5923 3464 5924 3463 5924 3462 5924 3465 5925 3463 5925 3464 5925 3466 5926 3465 5926 3464 5926 3467 5927 3465 5927 3466 5927 3468 5928 3467 5928 3466 5928 3469 5929 3467 5929 3468 5929 3470 5930 3469 5930 3468 5930 3471 5931 3472 5931 3473 5931 3471 5932 3473 5932 3474 5932 3475 5933 3472 5933 3471 5933 3476 5934 3472 5934 3475 5934 3477 5935 3476 5935 3475 5935 3478 5936 3476 5936 3477 5936 3479 5937 3478 5937 3477 5937 3480 5938 3478 5938 3479 5938 3481 5939 3480 5939 3479 5939 3482 5940 3480 5940 3481 5940 3483 5941 3482 5941 3481 5941 3484 5942 3482 5942 3483 5942 3485 5943 3484 5943 3483 5943 3486 5944 3484 5944 3485 5944 3487 5945 3486 5945 3485 5945 3488 5946 3486 5946 3487 5946 3489 5947 3488 5947 3487 5947 3490 5948 3488 5948 3489 5948 3491 5949 3490 5949 3489 5949 3492 5950 3490 5950 3491 5950 3493 5951 3492 5951 3491 5951 3494 5952 3492 5952 3493 5952 3495 5953 3494 5953 3493 5953 3496 5954 3494 5954 3495 5954 3497 5955 3496 5955 3495 5955 3498 5956 3496 5956 3497 5956 3499 5957 3498 5957 3497 5957 3500 5958 3501 5958 3502 5958 3500 5959 3502 5959 3503 5959 3504 5960 3505 5960 3501 5960 3504 5961 3501 5961 3500 5961 3506 5962 3507 5962 3505 5962 3506 5963 3505 5963 3504 5963 3508 5964 3509 5964 3507 5964 3508 5965 3507 5965 3506 5965 3510 5966 3511 5966 3509 5966 3510 5967 3509 5967 3508 5967 3512 5968 3513 5968 3511 5968 3512 5969 3511 5969 3510 5969 3514 5970 3515 5970 3513 5970 3514 5971 3513 5971 3512 5971 3516 5972 3517 5972 3515 5972 3516 5973 3515 5973 3514 5973 3518 5974 3519 5974 3517 5974 3518 5975 3517 5975 3516 5975 3520 5976 3521 5976 3519 5976 3520 5977 3519 5977 3518 5977 3522 5978 3523 5978 3521 5978 3522 5979 3521 5979 3520 5979 3524 5980 3525 5980 3523 5980 3524 5981 3523 5981 3522 5981 3526 5982 3527 5982 3525 5982 3526 5983 3525 5983 3524 5983 3528 5984 3529 5984 3530 5984 3528 5985 3530 5985 3531 5985 3532 5986 3533 5986 3529 5986 3532 5987 3529 5987 3528 5987 3534 5988 3535 5988 3533 5988 3534 5989 3533 5989 3532 5989 3536 5990 3537 5990 3535 5990 3536 5991 3535 5991 3534 5991 3538 5992 3539 5992 3537 5992 3538 5993 3537 5993 3536 5993 3540 5994 3541 5994 3539 5994 3540 5995 3539 5995 3538 5995 3542 5996 3543 5996 3541 5996 3542 5997 3541 5997 3540 5997 3544 5998 3545 5998 3543 5998 3544 5999 3543 5999 3542 5999 3546 6000 3547 6000 3545 6000 3546 6001 3545 6001 3544 6001 3548 6002 3549 6002 3547 6002 3548 6003 3547 6003 3546 6003 3550 6004 3551 6004 3549 6004 3550 6005 3549 6005 3548 6005 3552 6006 3553 6006 3551 6006 3552 6007 3551 6007 3550 6007 3554 6008 3555 6008 3553 6008 3554 6009 3553 6009 3552 6009 3556 6010 3557 6010 3558 6010 3559 6011 3557 6011 3556 6011 3560 6012 3559 6012 3556 6012 3561 6013 3559 6013 3560 6013 3562 6014 3561 6014 3560 6014 3563 6015 3561 6015 3562 6015 3564 6016 3563 6016 3562 6016 3565 6017 3563 6017 3564 6017 3566 6018 3565 6018 3564 6018 3567 6019 3565 6019 3566 6019 3568 6020 3567 6020 3566 6020 3569 6021 3567 6021 3568 6021 3570 6022 3569 6022 3568 6022 3571 6023 3569 6023 3570 6023 3572 6024 3571 6024 3570 6024 3573 6025 3571 6025 3572 6025 3574 6026 3573 6026 3572 6026 3575 6027 3573 6027 3574 6027 3576 6028 3575 6028 3574 6028 3577 6029 3575 6029 3576 6029 3578 6030 3577 6030 3576 6030 3579 6031 3578 6031 3580 6031 3579 6032 3577 6032 3578 6032 3581 6033 3580 6033 3582 6033 3581 6034 3579 6034 3580 6034 3583 6035 3582 6035 3584 6035 3583 6036 3581 6036 3582 6036 3585 6037 3586 6037 3587 6037 3588 6038 3586 6038 3585 6038 3589 6039 3588 6039 3585 6039 3590 6040 3588 6040 3589 6040 3591 6041 3590 6041 3589 6041 3592 6042 3590 6042 3591 6042 3593 6043 3592 6043 3591 6043 3594 6044 3592 6044 3593 6044 3595 6045 3594 6045 3593 6045 3596 6046 3594 6046 3595 6046 3597 6047 3596 6047 3595 6047 3598 6048 3596 6048 3597 6048 3599 6049 3598 6049 3597 6049 3600 6050 3598 6050 3599 6050 3601 6051 3600 6051 3599 6051 3602 6052 3600 6052 3601 6052 3603 6053 3602 6053 3601 6053 3604 6054 3602 6054 3603 6054 3605 6055 3604 6055 3603 6055 3606 6056 3604 6056 3605 6056 3607 6057 3606 6057 3605 6057 3608 6058 3607 6058 3609 6058 3608 6059 3606 6059 3607 6059 3610 6060 3609 6060 3611 6060 3610 6061 3608 6061 3609 6061 3612 6062 3611 6062 3613 6062 3612 6063 3610 6063 3611 6063 3443 6064 3614 6064 3615 6064 3443 6065 3615 6065 3444 6065 3447 6066 3616 6066 3614 6066 3447 6067 3614 6067 3443 6067 3449 6068 3617 6068 3616 6068 3449 6069 3616 6069 3447 6069 3451 6070 3618 6070 3617 6070 3451 6071 3617 6071 3449 6071 3453 6072 3619 6072 3618 6072 3453 6073 3618 6073 3451 6073 3455 6074 3620 6074 3619 6074 3455 6075 3619 6075 3453 6075 3457 6076 3621 6076 3620 6076 3457 6077 3620 6077 3455 6077 3459 6078 3622 6078 3621 6078 3459 6079 3621 6079 3457 6079 3461 6080 3623 6080 3622 6080 3461 6081 3622 6081 3459 6081 3463 6082 3624 6082 3623 6082 3463 6083 3623 6083 3461 6083 3465 6084 3625 6084 3624 6084 3465 6085 3624 6085 3463 6085 3467 6086 3626 6086 3625 6086 3467 6087 3625 6087 3465 6087 3469 6088 3627 6088 3626 6088 3469 6089 3626 6089 3467 6089 3472 6090 3628 6090 3629 6090 3472 6091 3629 6091 3473 6091 3476 6092 3630 6092 3628 6092 3476 6093 3628 6093 3472 6093 3478 6094 3631 6094 3630 6094 3478 6095 3630 6095 3476 6095 3480 6096 3632 6096 3631 6096 3480 6097 3631 6097 3478 6097 3482 6098 3633 6098 3632 6098 3482 6099 3632 6099 3480 6099 3484 6100 3634 6100 3633 6100 3484 6101 3633 6101 3482 6101 3486 6102 3635 6102 3634 6102 3486 6103 3634 6103 3484 6103 3488 6104 3636 6104 3635 6104 3488 6105 3635 6105 3486 6105 3490 6106 3637 6106 3636 6106 3490 6107 3636 6107 3488 6107 3492 6108 3638 6108 3637 6108 3492 6109 3637 6109 3490 6109 3494 6110 3639 6110 3638 6110 3494 6111 3638 6111 3492 6111 3496 6112 3640 6112 3639 6112 3496 6113 3639 6113 3494 6113 3498 6114 3641 6114 3640 6114 3498 6115 3640 6115 3496 6115 3642 6116 3643 6116 3644 6116 3645 6117 3646 6117 3643 6117 3645 6118 3643 6118 3642 6118 3647 6119 3648 6119 3646 6119 3647 6120 3646 6120 3645 6120 3649 6121 3650 6121 3648 6121 3649 6122 3648 6122 3647 6122 3651 6123 3652 6123 3650 6123 3651 6124 3650 6124 3649 6124 3653 6125 3654 6125 3652 6125 3653 6126 3652 6126 3651 6126 3655 6127 3584 6127 3654 6127 3655 6128 3654 6128 3653 6128 3656 6129 3582 6129 3584 6129 3656 6130 3584 6130 3655 6130 3657 6131 3580 6131 3582 6131 3657 6132 3582 6132 3656 6132 3658 6133 3578 6133 3580 6133 3658 6134 3580 6134 3657 6134 3659 6135 3576 6135 3578 6135 3659 6136 3578 6136 3658 6136 3660 6137 3574 6137 3576 6137 3660 6138 3576 6138 3659 6138 3661 6139 3572 6139 3574 6139 3661 6140 3574 6140 3660 6140 3662 6141 3570 6141 3572 6141 3662 6142 3572 6142 3661 6142 3663 6143 3664 6143 3665 6143 3666 6144 3667 6144 3664 6144 3666 6145 3664 6145 3663 6145 3668 6146 3669 6146 3667 6146 3668 6147 3667 6147 3666 6147 3670 6148 3671 6148 3669 6148 3670 6149 3669 6149 3668 6149 3672 6150 3673 6150 3671 6150 3672 6151 3671 6151 3670 6151 3674 6152 3675 6152 3673 6152 3674 6153 3673 6153 3672 6153 3676 6154 3613 6154 3675 6154 3676 6155 3675 6155 3674 6155 3677 6156 3611 6156 3613 6156 3677 6157 3613 6157 3676 6157 3678 6158 3609 6158 3611 6158 3678 6159 3611 6159 3677 6159 3679 6160 3607 6160 3609 6160 3679 6161 3609 6161 3678 6161 3680 6162 3605 6162 3607 6162 3680 6163 3607 6163 3679 6163 3681 6164 3603 6164 3605 6164 3681 6165 3605 6165 3680 6165 3682 6166 3601 6166 3603 6166 3682 6167 3603 6167 3681 6167 3683 6168 3599 6168 3601 6168 3683 6169 3601 6169 3682 6169 3684 6170 3685 6170 3686 6170 3687 6171 3686 6171 3685 6171 3688 6172 3684 6172 3686 6172 3689 6173 3686 6173 3687 6173 3690 6174 3688 6174 3686 6174 3691 6175 3686 6175 3689 6175 3692 6176 3686 6176 3691 6176 3693 6177 3694 6177 3695 6177 3693 6178 3695 6178 3696 6178 3693 6179 1561 6179 1560 6179 3693 6180 1560 6180 1559 6180 3697 6181 1561 6181 3693 6181 3698 6182 3697 6182 3693 6182 3699 6183 3698 6183 3693 6183 3700 6184 3699 6184 3693 6184 3701 6185 3700 6185 3693 6185 3702 6186 3703 6186 3704 6186 3702 6187 3704 6187 3705 6187 3702 6188 3705 6188 3706 6188 3702 6189 3706 6189 3707 6189 3702 6190 3707 6190 3708 6190 3702 6191 3708 6191 3709 6191 3702 6192 3686 6192 3692 6192 3702 6193 3692 6193 3703 6193 3710 6194 3709 6194 3711 6194 3710 6195 3711 6195 3712 6195 3710 6196 3712 6196 3713 6196 3710 6197 3713 6197 3714 6197 3710 6198 3714 6198 3715 6198 3710 6199 3702 6199 3709 6199 3716 6200 3690 6200 3686 6200 3710 6201 3693 6201 3696 6201 3710 6202 3717 6202 3701 6202 3710 6203 3701 6203 3693 6203 3710 6204 3718 6204 3717 6204 3710 6205 3715 6205 3718 6205 66 6206 65 6206 74 6206 66 6207 74 6207 70 6207 3712 6208 3714 6208 3713 6208 3712 6209 3715 6209 3714 6209 3709 6210 3712 6210 3711 6210 3709 6211 3718 6211 3715 6211 3709 6212 3715 6212 3712 6212 3698 6213 3717 6213 3718 6213 3698 6214 3699 6214 3701 6214 3698 6215 3701 6215 3717 6215 1561 6216 3697 6216 3698 6216 3704 6217 3706 6217 3705 6217 3704 6218 3707 6218 3706 6218 3704 6219 3708 6219 3707 6219 3704 6220 3709 6220 3708 6220 3719 6221 3718 6221 3709 6221 3719 6222 3698 6222 3718 6222 3719 6223 3709 6223 3704 6223 3719 6224 1559 6224 1561 6224 3719 6225 1561 6225 3698 6225 3691 6226 3704 6226 3703 6226 3691 6227 3703 6227 3692 6227 3689 6228 3719 6228 3704 6228 3689 6229 3704 6229 3691 6229 3688 6230 3690 6230 3716 6230 3688 6231 3716 6231 3719 6231 3687 6232 3719 6232 3689 6232 3687 6233 3688 6233 3719 6233 3685 6234 3684 6234 3688 6234 3685 6235 3688 6235 3687 6235 3720 6236 3721 6236 3722 6236 3720 6237 3722 6237 3723 6237 3724 6238 3723 6238 3725 6238 3724 6239 3720 6239 3723 6239 3726 6240 3727 6240 3728 6240 3726 6241 3728 6241 3720 6241 3729 6242 3724 6242 3730 6242 3731 6243 3732 6243 3726 6243 3731 6244 3726 6244 3720 6244 3733 6245 3729 6245 3734 6245 3735 6246 3724 6246 3729 6246 3735 6247 3729 6247 3733 6247 3736 6248 3737 6248 3738 6248 3736 6249 3738 6249 3731 6249 3739 6250 3740 6250 3736 6250 3739 6251 3731 6251 3720 6251 3739 6252 3736 6252 3731 6252 3741 6253 3742 6253 3743 6253 3741 6254 3743 6254 3744 6254 3741 6255 3720 6255 3724 6255 3741 6256 3724 6256 3735 6256 3741 6257 3735 6257 3745 6257 3741 6258 3745 6258 3742 6258 3741 6259 3739 6259 3720 6259 3746 6260 3747 6260 3739 6260 3746 6261 3739 6261 3741 6261 3748 6262 3741 6262 3749 6262 3748 6263 3746 6263 3741 6263 3750 6264 3751 6264 3752 6264 3750 6265 3752 6265 3753 6265 3754 6266 3755 6266 3751 6266 3754 6267 3751 6267 3750 6267 3756 6268 3750 6268 3757 6268 3758 6269 3750 6269 3756 6269 3759 6270 3760 6270 3761 6270 3759 6271 3761 6271 3754 6271 3762 6272 3758 6272 3763 6272 3762 6273 3750 6273 3758 6273 3764 6274 3765 6274 3759 6274 3764 6275 3754 6275 3750 6275 3764 6276 3759 6276 3754 6276 3766 6277 3762 6277 3767 6277 3768 6278 3769 6278 3764 6278 3770 6279 3766 6279 3771 6279 3772 6280 3762 6280 3766 6280 3772 6281 3766 6281 3770 6281 3773 6282 3774 6282 3775 6282 3773 6283 3775 6283 3768 6283 3773 6284 3764 6284 3750 6284 3773 6285 3750 6285 3762 6285 3773 6286 3768 6286 3764 6286 3773 6287 3762 6287 3772 6287 3776 6288 3773 6288 3772 6288 3776 6289 3772 6289 3777 6289 3778 6290 3779 6290 3773 6290 3778 6291 3773 6291 3776 6291 3780 6292 3781 6292 3782 6292 3783 6293 3781 6293 3780 6293 3784 6294 3785 6294 3781 6294 3784 6295 3781 6295 3783 6295 3786 6296 3787 6296 3784 6296 3788 6297 3789 6297 3790 6297 3788 6298 3790 6298 3791 6298 3788 6299 3783 6299 3792 6299 3788 6300 3792 6300 3789 6300 3788 6301 3784 6301 3783 6301 3793 6302 3794 6302 3795 6302 3793 6303 3795 6303 3786 6303 3793 6304 3786 6304 3784 6304 3793 6305 3784 6305 3788 6305 3796 6306 3788 6306 3797 6306 3798 6307 3788 6307 3796 6307 3799 6308 3800 6308 3801 6308 3799 6309 3801 6309 3793 6309 3802 6310 3798 6310 3803 6310 3802 6311 3793 6311 3788 6311 3802 6312 3788 6312 3798 6312 3804 6313 3793 6313 3802 6313 3804 6314 3805 6314 3799 6314 3804 6315 3799 6315 3793 6315 3806 6316 3802 6316 3807 6316 3806 6317 3808 6317 3804 6317 3806 6318 3804 6318 3802 6318 3809 6319 3808 6319 3806 6319 3683 6320 3597 6320 3599 6320 3810 6321 3595 6321 3597 6321 3810 6322 3597 6322 3683 6322 3811 6323 3593 6323 3595 6323 3811 6324 3595 6324 3810 6324 3812 6325 3591 6325 3593 6325 3812 6326 3593 6326 3811 6326 3813 6327 3589 6327 3591 6327 3813 6328 3591 6328 3812 6328 3814 6329 3585 6329 3589 6329 3814 6330 3589 6330 3813 6330 3815 6331 3587 6331 3585 6331 3815 6332 3585 6332 3814 6332 3816 6333 3817 6333 3587 6333 3816 6334 3587 6334 3815 6334 3818 6335 3819 6335 3817 6335 3818 6336 3817 6336 3816 6336 3820 6337 3821 6337 3819 6337 3820 6338 3819 6338 3818 6338 3822 6339 3823 6339 3821 6339 3822 6340 3821 6340 3820 6340 3824 6341 3825 6341 3823 6341 3824 6342 3823 6342 3822 6342 3826 6343 3827 6343 3825 6343 3826 6344 3825 6344 3824 6344 3663 6345 3665 6345 3827 6345 3663 6346 3827 6346 3826 6346 3662 6347 3568 6347 3570 6347 3828 6348 3566 6348 3568 6348 3828 6349 3568 6349 3662 6349 3829 6350 3564 6350 3566 6350 3829 6351 3566 6351 3828 6351 3830 6352 3562 6352 3564 6352 3830 6353 3564 6353 3829 6353 3831 6354 3560 6354 3562 6354 3831 6355 3562 6355 3830 6355 3832 6356 3556 6356 3560 6356 3832 6357 3560 6357 3831 6357 3833 6358 3558 6358 3556 6358 3833 6359 3556 6359 3832 6359 3834 6360 3835 6360 3558 6360 3834 6361 3558 6361 3833 6361 3836 6362 3837 6362 3835 6362 3836 6363 3835 6363 3834 6363 3838 6364 3839 6364 3837 6364 3838 6365 3837 6365 3836 6365 3840 6366 3841 6366 3839 6366 3840 6367 3839 6367 3838 6367 3842 6368 3843 6368 3841 6368 3842 6369 3841 6369 3840 6369 3844 6370 3845 6370 3843 6370 3844 6371 3843 6371 3842 6371 3642 6372 3644 6372 3845 6372 3642 6373 3845 6373 3844 6373 3820 6374 3846 6374 3847 6374 3820 6375 3847 6375 3822 6375 3824 6376 3847 6376 3848 6376 3824 6377 3822 6377 3847 6377 3818 6378 3849 6378 3846 6378 3818 6379 3846 6379 3820 6379 3826 6380 3848 6380 3850 6380 3826 6381 3824 6381 3848 6381 3816 6382 3851 6382 3849 6382 3816 6383 3849 6383 3818 6383 3663 6384 3850 6384 3629 6384 3663 6385 3826 6385 3850 6385 3815 6386 3852 6386 3851 6386 3815 6387 3851 6387 3816 6387 3666 6388 3629 6388 3628 6388 3666 6389 3663 6389 3629 6389 3814 6390 3853 6390 3852 6390 3814 6391 3852 6391 3815 6391 3668 6392 3628 6392 3630 6392 3668 6393 3666 6393 3628 6393 3813 6394 3854 6394 3853 6394 3813 6395 3853 6395 3814 6395 3670 6396 3630 6396 3631 6396 3670 6397 3668 6397 3630 6397 3855 6398 3813 6398 3812 6398 3855 6399 3854 6399 3813 6399 3632 6400 3672 6400 3670 6400 3632 6401 3670 6401 3631 6401 3856 6402 3855 6402 3812 6402 3856 6403 3812 6403 3811 6403 3633 6404 3672 6404 3632 6404 3633 6405 3674 6405 3672 6405 3857 6406 3856 6406 3811 6406 3857 6407 3811 6407 3810 6407 3634 6408 3674 6408 3633 6408 3634 6409 3676 6409 3674 6409 3641 6410 3857 6410 3810 6410 3641 6411 3810 6411 3683 6411 3635 6412 3677 6412 3676 6412 3635 6413 3676 6413 3634 6413 3640 6414 3683 6414 3682 6414 3640 6415 3641 6415 3683 6415 3636 6416 3678 6416 3677 6416 3636 6417 3677 6417 3635 6417 3639 6418 3682 6418 3681 6418 3639 6419 3640 6419 3682 6419 3637 6420 3679 6420 3678 6420 3637 6421 3678 6421 3636 6421 3638 6422 3639 6422 3681 6422 3638 6423 3680 6423 3679 6423 3638 6424 3681 6424 3680 6424 3638 6425 3679 6425 3637 6425 3838 6426 3858 6426 3859 6426 3838 6427 3859 6427 3840 6427 3842 6428 3859 6428 3860 6428 3842 6429 3840 6429 3859 6429 3836 6430 3861 6430 3858 6430 3836 6431 3858 6431 3838 6431 3844 6432 3860 6432 3862 6432 3844 6433 3842 6433 3860 6433 3834 6434 3863 6434 3861 6434 3834 6435 3861 6435 3836 6435 3642 6436 3862 6436 3615 6436 3642 6437 3844 6437 3862 6437 3833 6438 3864 6438 3863 6438 3833 6439 3863 6439 3834 6439 3645 6440 3615 6440 3614 6440 3645 6441 3642 6441 3615 6441 3832 6442 3865 6442 3864 6442 3832 6443 3864 6443 3833 6443 3647 6444 3614 6444 3616 6444 3647 6445 3645 6445 3614 6445 3831 6446 3866 6446 3865 6446 3831 6447 3865 6447 3832 6447 3649 6448 3616 6448 3617 6448 3649 6449 3647 6449 3616 6449 3867 6450 3831 6450 3830 6450 3867 6451 3866 6451 3831 6451 3618 6452 3651 6452 3649 6452 3618 6453 3649 6453 3617 6453 3868 6454 3867 6454 3830 6454 3868 6455 3830 6455 3829 6455 3619 6456 3651 6456 3618 6456 3619 6457 3653 6457 3651 6457 3869 6458 3868 6458 3829 6458 3869 6459 3829 6459 3828 6459 3620 6460 3653 6460 3619 6460 3620 6461 3655 6461 3653 6461 3627 6462 3869 6462 3828 6462 3627 6463 3828 6463 3662 6463 3621 6464 3656 6464 3655 6464 3621 6465 3655 6465 3620 6465 3626 6466 3662 6466 3661 6466 3626 6467 3627 6467 3662 6467 3622 6468 3657 6468 3656 6468 3622 6469 3656 6469 3621 6469 3625 6470 3661 6470 3660 6470 3625 6471 3626 6471 3661 6471 3623 6472 3658 6472 3657 6472 3623 6473 3657 6473 3622 6473 3624 6474 3625 6474 3660 6474 3624 6475 3659 6475 3658 6475 3624 6476 3660 6476 3659 6476 3624 6477 3658 6477 3623 6477 3870 6478 3641 6478 3498 6478 3870 6479 3857 6479 3641 6479 3871 6480 3856 6480 3857 6480 3871 6481 3857 6481 3870 6481 3872 6482 3855 6482 3856 6482 3872 6483 3856 6483 3871 6483 3873 6484 3854 6484 3855 6484 3873 6485 3855 6485 3872 6485 3874 6486 3853 6486 3854 6486 3874 6487 3854 6487 3873 6487 3875 6488 3852 6488 3853 6488 3875 6489 3853 6489 3874 6489 3876 6490 3851 6490 3852 6490 3876 6491 3852 6491 3875 6491 3877 6492 3849 6492 3851 6492 3877 6493 3851 6493 3876 6493 3878 6494 3846 6494 3849 6494 3878 6495 3849 6495 3877 6495 3879 6496 3847 6496 3846 6496 3879 6497 3846 6497 3878 6497 3880 6498 3848 6498 3847 6498 3880 6499 3847 6499 3879 6499 3881 6500 3850 6500 3848 6500 3881 6501 3848 6501 3880 6501 3473 6502 3629 6502 3850 6502 3473 6503 3850 6503 3881 6503 3882 6504 3627 6504 3469 6504 3882 6505 3869 6505 3627 6505 3883 6506 3868 6506 3869 6506 3883 6507 3869 6507 3882 6507 3884 6508 3867 6508 3868 6508 3884 6509 3868 6509 3883 6509 3885 6510 3866 6510 3867 6510 3885 6511 3867 6511 3884 6511 3886 6512 3865 6512 3866 6512 3886 6513 3866 6513 3885 6513 3887 6514 3864 6514 3865 6514 3887 6515 3865 6515 3886 6515 3888 6516 3863 6516 3864 6516 3888 6517 3864 6517 3887 6517 3889 6518 3861 6518 3863 6518 3889 6519 3863 6519 3888 6519 3890 6520 3858 6520 3861 6520 3890 6521 3861 6521 3889 6521 3891 6522 3859 6522 3858 6522 3891 6523 3858 6523 3890 6523 3892 6524 3860 6524 3859 6524 3892 6525 3859 6525 3891 6525 3893 6526 3862 6526 3860 6526 3893 6527 3860 6527 3892 6527 3444 6528 3615 6528 3862 6528 3444 6529 3862 6529 3893 6529 3894 6530 3895 6530 3896 6530 3897 6531 3898 6531 3895 6531 3897 6532 3895 6532 3894 6532 3899 6533 3896 6533 3900 6533 3899 6534 3894 6534 3896 6534 3901 6535 3900 6535 3902 6535 3901 6536 3899 6536 3900 6536 3903 6537 3904 6537 3898 6537 3903 6538 3898 6538 3897 6538 3905 6539 3902 6539 3906 6539 3905 6540 3906 6540 3907 6540 3905 6541 3901 6541 3902 6541 3908 6542 3909 6542 3910 6542 3908 6543 3910 6543 3904 6543 3908 6544 3904 6544 3903 6544 3911 6545 3907 6545 3912 6545 3911 6546 3905 6546 3907 6546 3913 6547 3914 6547 3909 6547 3913 6548 3909 6548 3908 6548 3915 6549 3912 6549 3916 6549 3915 6550 3916 6550 3917 6550 3915 6551 3917 6551 3918 6551 3915 6552 3911 6552 3912 6552 3919 6553 3920 6553 3921 6553 3919 6554 3921 6554 3922 6554 3919 6555 3922 6555 3914 6555 3919 6556 3914 6556 3913 6556 3923 6557 3920 6557 3919 6557 3924 6558 3915 6558 3918 6558 3925 6559 3924 6559 3918 6559 3386 6560 3920 6560 3923 6560 3926 6561 3927 6561 3925 6561 3926 6562 3925 6562 3918 6562 3928 6563 3386 6563 3385 6563 3928 6564 3920 6564 3386 6564 3929 6565 3927 6565 3926 6565 3929 6566 3926 6566 3930 6566 3929 6567 3930 6567 3931 6567 3929 6568 3931 6568 3932 6568 3389 6569 3933 6569 3934 6569 3389 6570 3934 6570 3935 6570 3389 6571 3935 6571 3928 6571 3389 6572 3928 6572 3385 6572 3936 6573 3932 6573 3937 6573 3936 6574 3929 6574 3932 6574 3391 6575 3933 6575 3389 6575 3391 6576 3938 6576 3933 6576 3939 6577 3937 6577 3940 6577 3939 6578 3936 6578 3937 6578 3393 6579 3941 6579 3938 6579 3393 6580 3938 6580 3391 6580 3942 6581 3939 6581 3940 6581 3943 6582 3941 6582 3393 6582 3944 6583 3939 6583 3942 6583 3395 6584 3943 6584 3393 6584 3945 6585 3944 6585 3942 6585 3946 6586 3943 6586 3395 6586 3947 6587 3944 6587 3945 6587 3397 6588 3946 6588 3395 6588 3948 6589 3947 6589 3945 6589 3949 6590 3946 6590 3397 6590 3950 6591 3947 6591 3948 6591 3399 6592 3949 6592 3397 6592 3951 6593 3950 6593 3948 6593 3952 6594 3949 6594 3399 6594 3401 6595 3952 6595 3399 6595 3953 6596 3950 6596 3951 6596 3954 6597 3953 6597 3951 6597 3955 6598 3952 6598 3401 6598 3956 6599 3953 6599 3954 6599 3403 6600 3955 6600 3401 6600 3957 6601 3956 6601 3954 6601 3958 6602 3955 6602 3403 6602 3405 6603 3958 6603 3403 6603 3959 6604 3956 6604 3957 6604 3960 6605 3959 6605 3957 6605 3961 6606 3958 6606 3405 6606 3962 6607 3963 6607 3959 6607 3962 6608 3959 6608 3960 6608 3964 6609 3405 6609 3407 6609 3964 6610 3961 6610 3405 6610 3965 6611 3966 6611 3963 6611 3965 6612 3963 6612 3962 6612 3967 6613 3407 6613 3409 6613 3967 6614 3964 6614 3407 6614 3968 6615 3966 6615 3965 6615 3969 6616 3967 6616 3409 6616 3970 6617 3966 6617 3968 6617 3971 6618 3969 6618 3409 6618 3972 6619 3966 6619 3970 6619 3973 6620 3971 6620 3409 6620 3974 6621 3966 6621 3972 6621 3411 6622 3973 6622 3409 6622 3441 6623 3974 6623 3972 6623 3413 6624 3973 6624 3411 6624 3975 6625 3441 6625 3972 6625 3975 6626 3437 6626 3439 6626 3975 6627 3439 6627 3441 6627 3976 6628 3413 6628 3415 6628 3976 6629 3415 6629 3417 6629 3976 6630 3973 6630 3413 6630 3977 6631 3437 6631 3975 6631 3978 6632 3976 6632 3417 6632 3979 6633 3437 6633 3977 6633 3980 6634 3978 6634 3417 6634 3981 6635 3435 6635 3437 6635 3981 6636 3437 6636 3979 6636 3982 6637 3417 6637 3419 6637 3982 6638 3980 6638 3417 6638 3983 6639 3433 6639 3435 6639 3983 6640 3435 6640 3981 6640 3984 6641 3419 6641 3421 6641 3984 6642 3982 6642 3419 6642 3985 6643 3433 6643 3983 6643 3986 6644 3984 6644 3421 6644 3987 6645 3431 6645 3433 6645 3987 6646 3433 6646 3985 6646 3988 6647 3421 6647 3423 6647 3988 6648 3986 6648 3421 6648 3989 6649 3429 6649 3431 6649 3989 6650 3431 6650 3987 6650 3990 6651 3423 6651 3425 6651 3990 6652 3988 6652 3423 6652 3991 6653 3425 6653 3427 6653 3991 6654 3990 6654 3425 6654 3992 6655 3427 6655 3429 6655 3992 6656 3991 6656 3427 6656 3992 6657 3429 6657 3989 6657 3675 6658 3612 6658 3613 6658 3993 6659 3612 6659 3675 6659 3673 6660 3993 6660 3675 6660 3994 6661 3993 6661 3673 6661 3671 6662 3994 6662 3673 6662 3995 6663 3994 6663 3671 6663 3669 6664 3995 6664 3671 6664 3996 6665 3995 6665 3669 6665 3667 6666 3996 6666 3669 6666 3997 6667 3996 6667 3667 6667 3664 6668 3997 6668 3667 6668 3998 6669 3997 6669 3664 6669 3665 6670 3998 6670 3664 6670 3999 6671 3998 6671 3665 6671 3827 6672 3999 6672 3665 6672 4000 6673 3999 6673 3827 6673 3825 6674 4000 6674 3827 6674 4001 6675 4000 6675 3825 6675 3823 6676 4001 6676 3825 6676 4002 6677 4001 6677 3823 6677 3821 6678 4002 6678 3823 6678 4003 6679 3821 6679 3819 6679 4003 6680 4002 6680 3821 6680 4004 6681 3819 6681 3817 6681 4004 6682 4003 6682 3819 6682 3586 6683 3817 6683 3587 6683 3586 6684 4004 6684 3817 6684 3654 6685 3583 6685 3584 6685 4005 6686 3583 6686 3654 6686 3652 6687 4005 6687 3654 6687 4006 6688 4005 6688 3652 6688 3650 6689 4006 6689 3652 6689 4007 6690 4006 6690 3650 6690 3648 6691 4007 6691 3650 6691 4008 6692 4007 6692 3648 6692 3646 6693 4008 6693 3648 6693 4009 6694 4008 6694 3646 6694 3643 6695 4009 6695 3646 6695 4010 6696 4009 6696 3643 6696 3644 6697 4010 6697 3643 6697 4011 6698 4010 6698 3644 6698 3845 6699 4011 6699 3644 6699 4012 6700 4011 6700 3845 6700 3843 6701 4012 6701 3845 6701 4013 6702 4012 6702 3843 6702 3841 6703 4013 6703 3843 6703 4014 6704 4013 6704 3841 6704 3839 6705 4014 6705 3841 6705 4015 6706 3839 6706 3837 6706 4015 6707 4014 6707 3839 6707 4016 6708 3837 6708 3835 6708 4016 6709 4015 6709 3837 6709 3557 6710 3835 6710 3558 6710 3557 6711 4016 6711 3835 6711 4017 6712 3973 6712 4018 6712 4017 6713 3971 6713 3973 6713 4019 6714 3969 6714 3971 6714 4019 6715 3971 6715 4017 6715 4020 6716 3967 6716 3969 6716 4020 6717 3969 6717 4019 6717 4021 6718 3967 6718 4020 6718 4021 6719 3964 6719 3967 6719 4022 6720 3961 6720 3964 6720 4022 6721 3964 6721 4021 6721 4023 6722 3958 6722 3961 6722 4023 6723 3961 6723 4022 6723 4024 6724 3955 6724 3958 6724 4024 6725 3958 6725 4023 6725 4025 6726 3952 6726 3955 6726 4025 6727 3955 6727 4024 6727 4026 6728 3949 6728 3952 6728 4026 6729 3952 6729 4025 6729 4027 6730 3946 6730 3949 6730 4027 6731 3949 6731 4026 6731 4028 6732 3943 6732 3946 6732 4028 6733 3946 6733 4027 6733 4029 6734 3941 6734 3943 6734 4029 6735 3943 6735 4028 6735 4030 6736 3938 6736 3941 6736 4030 6737 3941 6737 4029 6737 4031 6738 3933 6738 3938 6738 4031 6739 3938 6739 4030 6739 4032 6740 3933 6740 4031 6740 4032 6741 3934 6741 3933 6741 4033 6742 3935 6742 3934 6742 4033 6743 3934 6743 4032 6743 4034 6744 3928 6744 3935 6744 4034 6745 3935 6745 4033 6745 4035 6746 3920 6746 4036 6746 4035 6747 3921 6747 3920 6747 4037 6748 3922 6748 3921 6748 4037 6749 3921 6749 4035 6749 4038 6750 3914 6750 3922 6750 4038 6751 3922 6751 4037 6751 4039 6752 3914 6752 4038 6752 4039 6753 3909 6753 3914 6753 4040 6754 3910 6754 3909 6754 4040 6755 3909 6755 4039 6755 4041 6756 3904 6756 3910 6756 4041 6757 3910 6757 4040 6757 4042 6758 3898 6758 3904 6758 4042 6759 3904 6759 4041 6759 4043 6760 3895 6760 3898 6760 4043 6761 3898 6761 4042 6761 4044 6762 3896 6762 3895 6762 4044 6763 3895 6763 4043 6763 4045 6764 3900 6764 3896 6764 4045 6765 3896 6765 4044 6765 4046 6766 3902 6766 3900 6766 4046 6767 3900 6767 4045 6767 4047 6768 3906 6768 3902 6768 4047 6769 3902 6769 4046 6769 4048 6770 3907 6770 3906 6770 4048 6771 3906 6771 4047 6771 4049 6772 3912 6772 3907 6772 4049 6773 3907 6773 4048 6773 4050 6774 3912 6774 4049 6774 4050 6775 3916 6775 3912 6775 4051 6776 3917 6776 3916 6776 4051 6777 3916 6777 4050 6777 4052 6778 3918 6778 3917 6778 4052 6779 3917 6779 4051 6779 4053 6780 3926 6780 4054 6780 4053 6781 3930 6781 3926 6781 4055 6782 3931 6782 3930 6782 4055 6783 3930 6783 4053 6783 4056 6784 3932 6784 3931 6784 4056 6785 3931 6785 4055 6785 4057 6786 3932 6786 4056 6786 4057 6787 3937 6787 3932 6787 4058 6788 3940 6788 3937 6788 4058 6789 3937 6789 4057 6789 4059 6790 3942 6790 3940 6790 4059 6791 3940 6791 4058 6791 4060 6792 3945 6792 3942 6792 4060 6793 3942 6793 4059 6793 4061 6794 3948 6794 3945 6794 4061 6795 3945 6795 4060 6795 4062 6796 3951 6796 3948 6796 4062 6797 3948 6797 4061 6797 4063 6798 3954 6798 3951 6798 4063 6799 3951 6799 4062 6799 4064 6800 3957 6800 3954 6800 4064 6801 3954 6801 4063 6801 4065 6802 3960 6802 3957 6802 4065 6803 3957 6803 4064 6803 4066 6804 3962 6804 3960 6804 4066 6805 3960 6805 4065 6805 4067 6806 3965 6806 3962 6806 4067 6807 3962 6807 4066 6807 4068 6808 3965 6808 4067 6808 4068 6809 3968 6809 3965 6809 4069 6810 3970 6810 3968 6810 4069 6811 3968 6811 4068 6811 4070 6812 3972 6812 3970 6812 4070 6813 3970 6813 4069 6813 4071 6814 3975 6814 4072 6814 4071 6815 3977 6815 3975 6815 4073 6816 3979 6816 3977 6816 4073 6817 3977 6817 4071 6817 4074 6818 3981 6818 3979 6818 4074 6819 3979 6819 4073 6819 4075 6820 3981 6820 4074 6820 4075 6821 3983 6821 3981 6821 4076 6822 3985 6822 3983 6822 4076 6823 3983 6823 4075 6823 4077 6824 3987 6824 3985 6824 4077 6825 3985 6825 4076 6825 4078 6826 3989 6826 3987 6826 4078 6827 3987 6827 4077 6827 4079 6828 3992 6828 3989 6828 4079 6829 3989 6829 4078 6829 4080 6830 3991 6830 3992 6830 4080 6831 3992 6831 4079 6831 4081 6832 3990 6832 3991 6832 4081 6833 3991 6833 4080 6833 4082 6834 3988 6834 3990 6834 4082 6835 3990 6835 4081 6835 4083 6836 3986 6836 3988 6836 4083 6837 3988 6837 4082 6837 4084 6838 3984 6838 3986 6838 4084 6839 3986 6839 4083 6839 4085 6840 3982 6840 3984 6840 4085 6841 3984 6841 4084 6841 4086 6842 3982 6842 4085 6842 4086 6843 3980 6843 3982 6843 4087 6844 3978 6844 3980 6844 4087 6845 3980 6845 4086 6845 4088 6846 3976 6846 3978 6846 4088 6847 3978 6847 4087 6847 4089 6848 4090 6848 4091 6848 4089 6849 4092 6849 4090 6849 4093 6850 4094 6850 4092 6850 4093 6851 4092 6851 4089 6851 4095 6852 4096 6852 4094 6852 4095 6853 4094 6853 4093 6853 4097 6854 4098 6854 4096 6854 4097 6855 4096 6855 4095 6855 4099 6856 4100 6856 4098 6856 4099 6857 4098 6857 4097 6857 4101 6858 4102 6858 4100 6858 4101 6859 4100 6859 4099 6859 4103 6860 4104 6860 4102 6860 4103 6861 4102 6861 4101 6861 4105 6862 4106 6862 4107 6862 4105 6863 4107 6863 4108 6863 4109 6864 4108 6864 4110 6864 4109 6865 4105 6865 4108 6865 4111 6866 4110 6866 4112 6866 4111 6867 4109 6867 4110 6867 4113 6868 4112 6868 4114 6868 4113 6869 4111 6869 4112 6869 4115 6870 4114 6870 4116 6870 4115 6871 4113 6871 4114 6871 4117 6872 4116 6872 4118 6872 4117 6873 4115 6873 4116 6873 4119 6874 4118 6874 4120 6874 4119 6875 4117 6875 4118 6875 4119 6876 4104 6876 4103 6876 4119 6877 4120 6877 4104 6877 4121 6878 4122 6878 4091 6878 4121 6879 4091 6879 4090 6879 4123 6880 3555 6880 3554 6880 4123 6881 4124 6881 3555 6881 4125 6882 4126 6882 4124 6882 4125 6883 4124 6883 4123 6883 4127 6884 4128 6884 4126 6884 4127 6885 4126 6885 4125 6885 4129 6886 4130 6886 4128 6886 4129 6887 4128 6887 4127 6887 4131 6888 4132 6888 4130 6888 4131 6889 4130 6889 4129 6889 4133 6890 4134 6890 4132 6890 4133 6891 4132 6891 4131 6891 4135 6892 4136 6892 4134 6892 4135 6893 4134 6893 4133 6893 4137 6894 4138 6894 4136 6894 4137 6895 4136 6895 4135 6895 4139 6896 4140 6896 4138 6896 4139 6897 4138 6897 4137 6897 4141 6898 4142 6898 4140 6898 4141 6899 4140 6899 4139 6899 4143 6900 4144 6900 4142 6900 4143 6901 4142 6901 4141 6901 4145 6902 4146 6902 4144 6902 4145 6903 4144 6903 4143 6903 3531 6904 3530 6904 4146 6904 3531 6905 4146 6905 4145 6905 4147 6906 3527 6906 3526 6906 4147 6907 4148 6907 3527 6907 4149 6908 4150 6908 4148 6908 4149 6909 4148 6909 4147 6909 4151 6910 4152 6910 4150 6910 4151 6911 4150 6911 4149 6911 4153 6912 4154 6912 4152 6912 4153 6913 4152 6913 4151 6913 4155 6914 4156 6914 4154 6914 4155 6915 4154 6915 4153 6915 4157 6916 4158 6916 4156 6916 4157 6917 4156 6917 4155 6917 4159 6918 4160 6918 4158 6918 4159 6919 4158 6919 4157 6919 4161 6920 4162 6920 4160 6920 4161 6921 4160 6921 4159 6921 4163 6922 4164 6922 4162 6922 4163 6923 4162 6923 4161 6923 4165 6924 4166 6924 4164 6924 4165 6925 4164 6925 4163 6925 4167 6926 4168 6926 4166 6926 4167 6927 4166 6927 4165 6927 4169 6928 4170 6928 4168 6928 4169 6929 4168 6929 4167 6929 3503 6930 3502 6930 4170 6930 3503 6931 4170 6931 4169 6931 4171 6932 3498 6932 3499 6932 4171 6933 3870 6933 3498 6933 4172 6934 3870 6934 4171 6934 3871 6935 3870 6935 4172 6935 4173 6936 3871 6936 4172 6936 3872 6937 3871 6937 4173 6937 4174 6938 3872 6938 4173 6938 3873 6939 3872 6939 4174 6939 4175 6940 3873 6940 4174 6940 3874 6941 3873 6941 4175 6941 4176 6942 3874 6942 4175 6942 3875 6943 3874 6943 4176 6943 4177 6944 3875 6944 4176 6944 3876 6945 3875 6945 4177 6945 4178 6946 3876 6946 4177 6946 3877 6947 3876 6947 4178 6947 4179 6948 3877 6948 4178 6948 3878 6949 3877 6949 4179 6949 4180 6950 3878 6950 4179 6950 3879 6951 3878 6951 4180 6951 4181 6952 3879 6952 4180 6952 3880 6953 3879 6953 4181 6953 4182 6954 3880 6954 4181 6954 3881 6955 3880 6955 4182 6955 4183 6956 3881 6956 4182 6956 3473 6957 3881 6957 4183 6957 3474 6958 3473 6958 4183 6958 4184 6959 3469 6959 3470 6959 4184 6960 3882 6960 3469 6960 4185 6961 3882 6961 4184 6961 3883 6962 3882 6962 4185 6962 4186 6963 3883 6963 4185 6963 3884 6964 3883 6964 4186 6964 4187 6965 3884 6965 4186 6965 3885 6966 3884 6966 4187 6966 4188 6967 3885 6967 4187 6967 3886 6968 3885 6968 4188 6968 4189 6969 3886 6969 4188 6969 3887 6970 3886 6970 4189 6970 4190 6971 3887 6971 4189 6971 3888 6972 3887 6972 4190 6972 4191 6973 3888 6973 4190 6973 3889 6974 3888 6974 4191 6974 4192 6975 3889 6975 4191 6975 3890 6976 3889 6976 4192 6976 4193 6977 3890 6977 4192 6977 3891 6978 3890 6978 4193 6978 4194 6979 3891 6979 4193 6979 3892 6980 3891 6980 4194 6980 4195 6981 3892 6981 4194 6981 3893 6982 3892 6982 4195 6982 4196 6983 3893 6983 4195 6983 3444 6984 3893 6984 4196 6984 3445 6985 3444 6985 4196 6985 3788 6986 4197 6986 3797 6986 3796 6987 3797 6987 4197 6987 3791 6988 4197 6988 3788 6988 3798 6989 3796 6989 4197 6989 3790 6990 4197 6990 3791 6990 3789 6991 4197 6991 3790 6991 3803 6992 4197 6992 4198 6992 3803 6993 3798 6993 4197 6993 3802 6994 3803 6994 4198 6994 3807 6995 3802 6995 4198 6995 3806 6996 3807 6996 4198 6996 3809 6997 3806 6997 4198 6997 3808 6998 3809 6998 4198 6998 3804 6999 3808 6999 4198 6999 4199 7000 3784 7000 3787 7000 4199 7001 3785 7001 3784 7001 4199 7002 3781 7002 3785 7002 4199 7003 3782 7003 3781 7003 4199 7004 3780 7004 3782 7004 4199 7005 3783 7005 3780 7005 4199 7006 3792 7006 3783 7006 4199 7007 4197 7007 3789 7007 4199 7008 3789 7008 3792 7008 4200 7009 4199 7009 3787 7009 4200 7010 3794 7010 3793 7010 4200 7011 3795 7011 3794 7011 4200 7012 3786 7012 3795 7012 4200 7013 3787 7013 3786 7013 4200 7014 3793 7014 3801 7014 4200 7015 3799 7015 3805 7015 4200 7016 3805 7016 4198 7016 3805 7017 3804 7017 4198 7017 4200 7018 3800 7018 3799 7018 4200 7019 3801 7019 3800 7019 4201 7020 4202 7020 4203 7020 4201 7021 4203 7021 4204 7021 4205 7022 4204 7022 4206 7022 4205 7023 4201 7023 4204 7023 4207 7024 4206 7024 4208 7024 4207 7025 4205 7025 4206 7025 4209 7026 4208 7026 4210 7026 4209 7027 4207 7027 4208 7027 4211 7028 4210 7028 4212 7028 4211 7029 4209 7029 4210 7029 4213 7030 4212 7030 4214 7030 4213 7031 4211 7031 4212 7031 4200 7032 4214 7032 4199 7032 4200 7033 4213 7033 4214 7033 3767 7034 3762 7034 4202 7034 3763 7035 4202 7035 3762 7035 3766 7036 3767 7036 4202 7036 3758 7037 4202 7037 3763 7037 3756 7038 4203 7038 4202 7038 3756 7039 4202 7039 3758 7039 3757 7040 4203 7040 3756 7040 3750 7041 4203 7041 3757 7041 3753 7042 4203 7042 3750 7042 3752 7043 4203 7043 3753 7043 3751 7044 4203 7044 3752 7044 3755 7045 4203 7045 3751 7045 3754 7046 4203 7046 3755 7046 4215 7047 3774 7047 3773 7047 4215 7048 3775 7048 3774 7048 4215 7049 3777 7049 3772 7049 4215 7050 3776 7050 3777 7050 4215 7051 3778 7051 3776 7051 4215 7052 3779 7052 3778 7052 4215 7053 3773 7053 3779 7053 4216 7054 3768 7054 3775 7054 4216 7055 3769 7055 3768 7055 4216 7056 3764 7056 3769 7056 4216 7057 3765 7057 3764 7057 4216 7058 3759 7058 3765 7058 4216 7059 3760 7059 3759 7059 4216 7060 3775 7060 4215 7060 4215 7061 3770 7061 3771 7061 4215 7062 3771 7062 4202 7062 3771 7063 3766 7063 4202 7063 4215 7064 3772 7064 3770 7064 4203 7065 3761 7065 3760 7065 4203 7066 3760 7066 4216 7066 4203 7067 3754 7067 3761 7067 4217 7068 4218 7068 4219 7068 4217 7069 4219 7069 4220 7069 4221 7070 4220 7070 4222 7070 4221 7071 4217 7071 4220 7071 4223 7072 4222 7072 4224 7072 4223 7073 4221 7073 4222 7073 4225 7074 4224 7074 4226 7074 4225 7075 4223 7075 4224 7075 4227 7076 4226 7076 4228 7076 4227 7077 4225 7077 4226 7077 4229 7078 4228 7078 4230 7078 4229 7079 4227 7079 4228 7079 4215 7080 4230 7080 4216 7080 4215 7081 4229 7081 4230 7081 3734 7082 4218 7082 3733 7082 3735 7083 3733 7083 4218 7083 3729 7084 4218 7084 3734 7084 3730 7085 4218 7085 3729 7085 3724 7086 4219 7086 4218 7086 3724 7087 4218 7087 3730 7087 3725 7088 4219 7088 3724 7088 3723 7089 4219 7089 3725 7089 3722 7090 4219 7090 3723 7090 3721 7091 4219 7091 3722 7091 3720 7092 4219 7092 3721 7092 4231 7093 3744 7093 3743 7093 4231 7094 3741 7094 3744 7094 4231 7095 3749 7095 3741 7095 4231 7096 3748 7096 3749 7096 4231 7097 3746 7097 3748 7097 4231 7098 3747 7098 3746 7098 4231 7099 3739 7099 3747 7099 4232 7100 3740 7100 3739 7100 4232 7101 3736 7101 3740 7101 4232 7102 3737 7102 3736 7102 4232 7103 3738 7103 3737 7103 4232 7104 3731 7104 3738 7104 4232 7105 3732 7105 3731 7105 4232 7106 3726 7106 3732 7106 4232 7107 3739 7107 4231 7107 4231 7108 3743 7108 3742 7108 4231 7109 3742 7109 4218 7109 3742 7110 3745 7110 4218 7110 3745 7111 3735 7111 4218 7111 4219 7112 3727 7112 3726 7112 4219 7113 3726 7113 4232 7113 4219 7114 3728 7114 3727 7114 4219 7115 3720 7115 3728 7115 4233 7116 4234 7116 4107 7116 4106 7117 4233 7117 4107 7117 4235 7118 4107 7118 4234 7118 4236 7119 4108 7119 4107 7119 4236 7120 4107 7120 4235 7120 4237 7121 3441 7121 3440 7121 4237 7122 3974 7122 3441 7122 4238 7123 3966 7123 3974 7123 4238 7124 3974 7124 4237 7124 4239 7125 3963 7125 3966 7125 4239 7126 3966 7126 4238 7126 4240 7127 3959 7127 3963 7127 4240 7128 3963 7128 4239 7128 4241 7129 3956 7129 3959 7129 4241 7130 3959 7130 4240 7130 4242 7131 3953 7131 3956 7131 4242 7132 3956 7132 4241 7132 4243 7133 3950 7133 3953 7133 4243 7134 3953 7134 4242 7134 4244 7135 3947 7135 3950 7135 4244 7136 3950 7136 4243 7136 4245 7137 3944 7137 3947 7137 4245 7138 3947 7138 4244 7138 4246 7139 3944 7139 4245 7139 4246 7140 3939 7140 3944 7140 4247 7141 3939 7141 4246 7141 4247 7142 3936 7142 3939 7142 4248 7143 3936 7143 4247 7143 4248 7144 3929 7144 3936 7144 4249 7145 3927 7145 3929 7145 4249 7146 3929 7146 4248 7146 4250 7147 3925 7147 3927 7147 4250 7148 3927 7148 4249 7148 4251 7149 3924 7149 3925 7149 4251 7150 3925 7150 4250 7150 4252 7151 3924 7151 4251 7151 4252 7152 3915 7152 3924 7152 4253 7153 3911 7153 3915 7153 4253 7154 3915 7154 4252 7154 4254 7155 3905 7155 3911 7155 4254 7156 3911 7156 4253 7156 4255 7157 3901 7157 3905 7157 4255 7158 3905 7158 4254 7158 4256 7159 3899 7159 3901 7159 4256 7160 3901 7160 4255 7160 4257 7161 3894 7161 3899 7161 4257 7162 3899 7162 4256 7162 4258 7163 3897 7163 3894 7163 4258 7164 3894 7164 4257 7164 4259 7165 3903 7165 3897 7165 4259 7166 3897 7166 4258 7166 4260 7167 3908 7167 3903 7167 4260 7168 3903 7168 4259 7168 4261 7169 3913 7169 3908 7169 4261 7170 3908 7170 4260 7170 4262 7171 3919 7171 3913 7171 4262 7172 3913 7172 4261 7172 4263 7173 3923 7173 3919 7173 4263 7174 3919 7174 4262 7174 3387 7175 3386 7175 3923 7175 3387 7176 3923 7176 4263 7176 1015 7177 4264 7177 4265 7177 1015 7178 4265 7178 4266 7178 1016 7179 4266 7179 4267 7179 1016 7180 1015 7180 4266 7180 1017 7181 4267 7181 4268 7181 1017 7182 1016 7182 4267 7182 4269 7183 4268 7183 4270 7183 4269 7184 1017 7184 4268 7184 4271 7185 4270 7185 4272 7185 4271 7186 4269 7186 4270 7186 4273 7187 4272 7187 4274 7187 4273 7188 4271 7188 4272 7188 4231 7189 4274 7189 4232 7189 4231 7190 4273 7190 4274 7190 4275 7191 4276 7191 4277 7191 4275 7192 4278 7192 4276 7192 4279 7193 4280 7193 4278 7193 4279 7194 4278 7194 4275 7194 4281 7195 4282 7195 4280 7195 4281 7196 4280 7196 4279 7196 4283 7197 4284 7197 4282 7197 4283 7198 4282 7198 4281 7198 4285 7199 4286 7199 4284 7199 4285 7200 4284 7200 4283 7200 4287 7201 4288 7201 4286 7201 4287 7202 4286 7202 4285 7202 4234 7203 4233 7203 4288 7203 4234 7204 4288 7204 4287 7204 4122 7205 4121 7205 4289 7205 4290 7206 4289 7206 4291 7206 4290 7207 4122 7207 4289 7207 4292 7208 4291 7208 4293 7208 4292 7209 4290 7209 4291 7209 4294 7210 4293 7210 4295 7210 4294 7211 4292 7211 4293 7211 4296 7212 4295 7212 4297 7212 4296 7213 4294 7213 4295 7213 4298 7214 4297 7214 3694 7214 4298 7215 4296 7215 4297 7215 3716 7216 3694 7216 3693 7216 3716 7217 3693 7217 3719 7217 4299 7218 4298 7218 3694 7218 4299 7219 3694 7219 3716 7219 3686 7220 4299 7220 3716 7220 4300 7221 3383 7221 3382 7221 4300 7222 4301 7222 3383 7222 4302 7223 4303 7223 4301 7223 4302 7224 4301 7224 4300 7224 4304 7225 4305 7225 4303 7225 4304 7226 4303 7226 4302 7226 4306 7227 4307 7227 4305 7227 4306 7228 4305 7228 4304 7228 4308 7229 4309 7229 4307 7229 4308 7230 4307 7230 4306 7230 4310 7231 4311 7231 4309 7231 4310 7232 4309 7232 4308 7232 4312 7233 4313 7233 4311 7233 4312 7234 4311 7234 4310 7234 4314 7235 4313 7235 4315 7235 4314 7236 4313 7236 4312 7236 4316 7237 4317 7237 4315 7237 4316 7238 4315 7238 4314 7238 4318 7239 4317 7239 4319 7239 4318 7240 4317 7240 4316 7240 4320 7241 4319 7241 4321 7241 4320 7242 4318 7242 4319 7242 4322 7243 4321 7243 4323 7243 4322 7244 4321 7244 4320 7244 3359 7245 3358 7245 4323 7245 3359 7246 4323 7246 4322 7246 4324 7247 3355 7247 3354 7247 4324 7248 3355 7248 4325 7248 4326 7249 4327 7249 4325 7249 4326 7250 4325 7250 4324 7250 4328 7251 4327 7251 4329 7251 4328 7252 4327 7252 4326 7252 4330 7253 4329 7253 4331 7253 4330 7254 4328 7254 4329 7254 4332 7255 4331 7255 4333 7255 4332 7256 4331 7256 4330 7256 4334 7257 4335 7257 4333 7257 4334 7258 4333 7258 4332 7258 4336 7259 4337 7259 4335 7259 4336 7260 4335 7260 4334 7260 4338 7261 4339 7261 4337 7261 4338 7262 4336 7262 4337 7262 4340 7263 4339 7263 4341 7263 4340 7264 4339 7264 4338 7264 4342 7265 4343 7265 4341 7265 4342 7266 4340 7266 4341 7266 4344 7267 4345 7267 4343 7267 4344 7268 4343 7268 4342 7268 4346 7269 4347 7269 4345 7269 4346 7270 4345 7270 4344 7270 3331 7271 3330 7271 4347 7271 3331 7272 4346 7272 4347 7272 4348 7273 4349 7273 4265 7273 4350 7274 4265 7274 4349 7274 4351 7275 4348 7275 4265 7275 4352 7276 4351 7276 4265 7276 4353 7277 4265 7277 4350 7277 4354 7278 4352 7278 4265 7278 4355 7279 4265 7279 4353 7279 4276 7280 4356 7280 4357 7280 4276 7281 4358 7281 4356 7281 4276 7282 4355 7282 4358 7282 4276 7283 4265 7283 4355 7283 4359 7284 4276 7284 4357 7284 4360 7285 4276 7285 4359 7285 4361 7286 4276 7286 4360 7286 4264 7287 4362 7287 4354 7287 4264 7288 4363 7288 4362 7288 4264 7289 4364 7289 4363 7289 4264 7290 4365 7290 4364 7290 4264 7291 4366 7291 4365 7291 4264 7292 4354 7292 4265 7292 4367 7293 4366 7293 4264 7293 4368 7294 4276 7294 4361 7294 4369 7295 4367 7295 4264 7295 4370 7296 4276 7296 4368 7296 4371 7297 4369 7297 4264 7297 4372 7298 4371 7298 4264 7298 4373 7299 4276 7299 4370 7299 4277 7300 4374 7300 4372 7300 4277 7301 4375 7301 4374 7301 4277 7302 4376 7302 4375 7302 4277 7303 4377 7303 4376 7303 4277 7304 4378 7304 4377 7304 4277 7305 4379 7305 4378 7305 4277 7306 4373 7306 4379 7306 4277 7307 4372 7307 4264 7307 4277 7308 4276 7308 4373 7308 4215 7309 4218 7309 4217 7309 4215 7310 4217 7310 4221 7310 4215 7311 4221 7311 4223 7311 4215 7312 4223 7312 4225 7312 4215 7313 4225 7313 4227 7313 4215 7314 4227 7314 4229 7314 4306 7315 4304 7315 4215 7315 4151 7316 3396 7316 3342 7316 4151 7317 3398 7317 3396 7317 4153 7318 3342 7318 3340 7318 4153 7319 4151 7319 3342 7319 4302 7320 4215 7320 4304 7320 4308 7321 4306 7321 4215 7321 4300 7322 4215 7322 4302 7322 4310 7323 4308 7323 4215 7323 3382 7324 4215 7324 4300 7324 4149 7325 3398 7325 4151 7325 4149 7326 3400 7326 3398 7326 4155 7327 3340 7327 3338 7327 4155 7328 4153 7328 3340 7328 4312 7329 4310 7329 4215 7329 4147 7330 3402 7330 3400 7330 4147 7331 3400 7331 4149 7331 4157 7332 3338 7332 3336 7332 4157 7333 4155 7333 3338 7333 3526 7334 3402 7334 4147 7334 4159 7335 3336 7335 3334 7335 4159 7336 4157 7336 3336 7336 4161 7337 3334 7337 3332 7337 4161 7338 4159 7338 3334 7338 4163 7339 3332 7339 3328 7339 4163 7340 4161 7340 3332 7340 4165 7341 3328 7341 3331 7341 4165 7342 4163 7342 3328 7342 4167 7343 3331 7343 3532 7343 4167 7344 4165 7344 3331 7344 4186 7345 3526 7345 3524 7345 4187 7346 4186 7346 3524 7346 4187 7347 3524 7347 3522 7347 4185 7348 3402 7348 3526 7348 4185 7349 3404 7349 3402 7349 4185 7350 3526 7350 4186 7350 4188 7351 3522 7351 3520 7351 4188 7352 3520 7352 3518 7352 4188 7353 4187 7353 3522 7353 4184 7354 3406 7354 3404 7354 4184 7355 3404 7355 4185 7355 4189 7356 4188 7356 3518 7356 4189 7357 3518 7357 3516 7357 4189 7358 3516 7358 3514 7358 4243 7359 4218 7359 4215 7359 4190 7360 4189 7360 3514 7360 4190 7361 3514 7361 3512 7361 3470 7362 3406 7362 4184 7362 4243 7363 4215 7363 3382 7363 4244 7364 4243 7364 3382 7364 4244 7365 3382 7365 3380 7365 4242 7366 4218 7366 4243 7366 4245 7367 3380 7367 3378 7367 3470 7368 3408 7368 3406 7368 3468 7369 3408 7369 3470 7369 3468 7370 3410 7370 3408 7370 4191 7371 3512 7371 3510 7371 4191 7372 3510 7372 3508 7372 4191 7373 4190 7373 3512 7373 4245 7374 4244 7374 3380 7374 4241 7375 4218 7375 4242 7375 4240 7376 4218 7376 4241 7376 4246 7377 4245 7377 3378 7377 4246 7378 3378 7378 3376 7378 4246 7379 3376 7379 3374 7379 4239 7380 4218 7380 4240 7380 3466 7381 3410 7381 3468 7381 3466 7382 3412 7382 3410 7382 3466 7383 3696 7383 3412 7383 4192 7384 4191 7384 3508 7384 4192 7385 3508 7385 3506 7385 4192 7386 3506 7386 3504 7386 4193 7387 4192 7387 3504 7387 4247 7388 3374 7388 3372 7388 4247 7389 3372 7389 3370 7389 4247 7390 4246 7390 3374 7390 4238 7391 4218 7391 4239 7391 4193 7392 3504 7392 3500 7392 3464 7393 3696 7393 3466 7393 4194 7394 4193 7394 3500 7394 4194 7395 3500 7395 3503 7395 3462 7396 3696 7396 3464 7396 4248 7397 3370 7397 3368 7397 4248 7398 3368 7398 3366 7398 4248 7399 3366 7399 3364 7399 4248 7400 4247 7400 3370 7400 4231 7401 4218 7401 4238 7401 4195 7402 4194 7402 3503 7402 4237 7403 4231 7403 4238 7403 4249 7404 3364 7404 3362 7404 4249 7405 3362 7405 3360 7405 4249 7406 4248 7406 3364 7406 4250 7407 3360 7407 3356 7407 4250 7408 3356 7408 3359 7408 4250 7409 4249 7409 3360 7409 3440 7410 4231 7410 4237 7410 3438 7411 4231 7411 3440 7411 4251 7412 3359 7412 4322 7412 3710 7413 3458 7413 3456 7413 3710 7414 3456 7414 3454 7414 3710 7415 3454 7415 3452 7415 3710 7416 3452 7416 3450 7416 4251 7417 4250 7417 3359 7417 4264 7418 1015 7418 1017 7418 4264 7419 1017 7419 4269 7419 4264 7420 4269 7420 4271 7420 4264 7421 4271 7421 4273 7421 4264 7422 4273 7422 4231 7422 3436 7423 4231 7423 3438 7423 3710 7424 3450 7424 3448 7424 3710 7425 3448 7425 3446 7425 4198 7426 3446 7426 3442 7426 4198 7427 3442 7427 3445 7427 4198 7428 3445 7428 4196 7428 4198 7429 4196 7429 4195 7429 4198 7430 4195 7430 3503 7430 4198 7431 3503 7431 4169 7431 4198 7432 3532 7432 3528 7432 4198 7433 3528 7433 4200 7433 4198 7434 3710 7434 3446 7434 4198 7435 4169 7435 4167 7435 4198 7436 4167 7436 3532 7436 4252 7437 4322 7437 4320 7437 4252 7438 4251 7438 4322 7438 4380 7439 3710 7439 4198 7439 4380 7440 4198 7440 4381 7440 4380 7441 4381 7441 4382 7441 3710 7442 4380 7442 4383 7442 4383 7443 4384 7443 4385 7443 4383 7444 4385 7444 3710 7444 3710 7445 3696 7445 3458 7445 3458 7446 3696 7446 3460 7446 3460 7447 3696 7447 3462 7447 4253 7448 4252 7448 4320 7448 4173 7449 4314 7449 4312 7449 4174 7450 4173 7450 4312 7450 4174 7451 4312 7451 4215 7451 4277 7452 3436 7452 3434 7452 4277 7453 4264 7453 4231 7453 4277 7454 4231 7454 3436 7454 4172 7455 4314 7455 4173 7455 4172 7456 4316 7456 4314 7456 4175 7457 4174 7457 4215 7457 4275 7458 4277 7458 3434 7458 4275 7459 3434 7459 3432 7459 4171 7460 4316 7460 4172 7460 4171 7461 4318 7461 4316 7461 4176 7462 4175 7462 4215 7462 4279 7463 4275 7463 3432 7463 3499 7464 4253 7464 4320 7464 3499 7465 4320 7465 4318 7465 3499 7466 4318 7466 4171 7466 3430 7467 4279 7467 3432 7467 3430 7468 4281 7468 4279 7468 3497 7469 4253 7469 3499 7469 3497 7470 4254 7470 4253 7470 3495 7471 4254 7471 3497 7471 3495 7472 4255 7472 4254 7472 3428 7473 4283 7473 4281 7473 3428 7474 4281 7474 3430 7474 4202 7475 4176 7475 4215 7475 4202 7476 4180 7476 4179 7476 4202 7477 4179 7477 4178 7477 4202 7478 4178 7478 4177 7478 4202 7479 4177 7479 4176 7479 4181 7480 4180 7480 4202 7480 4182 7481 4181 7481 4202 7481 3426 7482 4287 7482 4285 7482 3426 7483 4285 7483 4283 7483 3426 7484 4283 7484 3428 7484 4129 7485 3489 7485 3487 7485 4129 7486 4127 7486 3489 7486 4125 7487 3491 7487 3489 7487 4125 7488 3489 7488 4127 7488 4131 7489 4129 7489 3487 7489 4200 7490 4182 7490 4202 7490 4200 7491 4202 7491 4201 7491 4200 7492 4201 7492 4205 7492 4200 7493 4205 7493 4207 7493 4200 7494 4207 7494 4209 7494 4200 7495 4209 7495 4211 7495 4200 7496 4211 7496 4213 7496 4200 7497 3474 7497 4183 7497 4200 7498 4183 7498 4182 7498 4123 7499 3493 7499 3491 7499 4123 7500 3491 7500 4125 7500 3471 7501 3474 7501 4200 7501 4133 7502 3487 7502 3485 7502 4133 7503 4131 7503 3487 7503 3554 7504 3495 7504 3493 7504 3554 7505 4255 7505 3495 7505 3554 7506 3493 7506 4123 7506 3424 7507 4287 7507 3426 7507 3424 7508 4234 7508 4287 7508 4135 7509 3485 7509 3483 7509 4135 7510 4133 7510 3485 7510 3475 7511 3471 7511 4200 7511 3552 7512 4256 7512 4255 7512 3552 7513 4255 7513 3554 7513 4137 7514 4135 7514 3483 7514 3550 7515 4256 7515 3552 7515 3550 7516 4257 7516 4256 7516 4139 7517 4137 7517 3483 7517 4139 7518 3483 7518 3481 7518 3548 7519 4257 7519 3550 7519 3548 7520 4258 7520 4257 7520 4141 7521 4139 7521 3481 7521 3546 7522 4258 7522 3548 7522 4143 7523 4141 7523 3481 7523 4143 7524 3481 7524 3479 7524 3422 7525 4234 7525 3424 7525 4259 7526 4258 7526 3546 7526 4259 7527 3546 7527 3544 7527 4145 7528 3479 7528 3477 7528 4145 7529 4143 7529 3479 7529 3531 7530 4145 7530 3477 7530 3531 7531 3477 7531 3475 7531 3528 7532 3531 7532 3475 7532 3528 7533 3475 7533 4200 7533 3420 7534 4234 7534 3422 7534 4260 7535 4259 7535 3544 7535 4260 7536 3544 7536 3542 7536 4261 7537 4260 7537 3542 7537 4261 7538 3542 7538 3540 7538 4386 7539 4387 7539 4388 7539 4386 7540 4388 7540 4389 7540 3696 7541 4389 7541 4235 7541 3696 7542 4235 7542 4234 7542 3696 7543 4234 7543 3420 7543 3696 7544 3420 7544 3418 7544 3696 7545 3418 7545 3416 7545 3696 7546 4386 7546 4389 7546 3696 7547 4390 7547 4391 7547 3696 7548 4391 7548 4386 7548 3414 7549 3696 7549 3416 7549 3412 7550 3696 7550 3414 7550 4330 7551 4328 7551 3384 7551 4330 7552 3384 7552 3387 7552 4326 7553 3384 7553 4328 7553 4326 7554 3388 7554 3384 7554 4332 7555 4330 7555 3387 7555 4324 7556 3388 7556 4326 7556 4334 7557 4332 7557 3387 7557 4334 7558 3387 7558 4263 7558 3354 7559 3388 7559 4324 7559 3354 7560 3390 7560 3388 7560 4336 7561 4334 7561 4263 7561 3352 7562 3390 7562 3354 7562 4338 7563 4336 7563 4263 7563 4338 7564 4263 7564 4262 7564 3350 7565 3390 7565 3352 7565 3350 7566 3392 7566 3390 7566 4340 7567 4338 7567 4262 7567 4340 7568 4261 7568 3540 7568 4340 7569 4262 7569 4261 7569 4340 7570 3540 7570 3538 7570 3348 7571 3392 7571 3350 7571 4342 7572 4340 7572 3538 7572 4342 7573 3538 7573 3536 7573 3346 7574 3392 7574 3348 7574 3346 7575 3394 7575 3392 7575 4344 7576 4342 7576 3536 7576 4344 7577 3536 7577 3534 7577 3344 7578 3394 7578 3346 7578 3344 7579 3396 7579 3394 7579 4346 7580 4344 7580 3534 7580 4346 7581 3534 7581 3532 7581 3342 7582 3396 7582 3344 7582 3331 7583 4346 7583 3532 7583 4198 7584 4197 7584 4392 7584 4381 7585 4392 7585 4393 7585 4381 7586 4198 7586 4392 7586 4382 7587 4393 7587 4394 7587 4382 7588 4381 7588 4393 7588 4380 7589 4394 7589 4395 7589 4380 7590 4382 7590 4394 7590 4383 7591 4395 7591 4396 7591 4383 7592 4380 7592 4395 7592 4384 7593 4396 7593 4397 7593 4384 7594 4383 7594 4396 7594 4385 7595 4397 7595 3702 7595 4385 7596 4384 7596 4397 7596 3710 7597 4385 7597 3702 7597 3696 7598 3695 7598 4398 7598 4390 7599 3696 7599 4398 7599 4391 7600 4398 7600 4399 7600 4391 7601 4390 7601 4398 7601 4386 7602 4399 7602 4400 7602 4386 7603 4391 7603 4399 7603 4387 7604 4400 7604 4401 7604 4387 7605 4386 7605 4400 7605 4388 7606 4401 7606 4402 7606 4388 7607 4387 7607 4401 7607 4389 7608 4402 7608 4403 7608 4389 7609 4388 7609 4402 7609 4235 7610 4403 7610 4236 7610 4235 7611 4389 7611 4403 7611 4236 7612 4110 7612 4108 7612 4236 7613 4112 7613 4110 7613 4236 7614 4114 7614 4112 7614 4236 7615 4116 7615 4114 7615 4236 7616 4118 7616 4116 7616 4236 7617 4120 7617 4118 7617 3695 7618 4400 7618 4399 7618 3695 7619 4399 7619 4398 7619 3695 7620 4401 7620 4400 7620 3695 7621 4402 7621 4401 7621 3695 7622 4403 7622 4402 7622 3695 7623 4236 7623 4403 7623 3695 7624 4120 7624 4236 7624 4104 7625 4120 7625 3695 7625 4090 7626 4102 7626 4104 7626 4090 7627 4100 7627 4102 7627 4090 7628 4098 7628 4100 7628 4090 7629 4096 7629 4098 7629 4090 7630 4096 7630 4094 7630 4090 7631 4094 7631 4092 7631 4121 7632 4104 7632 3695 7632 4121 7633 4090 7633 4104 7633 4289 7634 4121 7634 3695 7634 4291 7635 4289 7635 3695 7635 4293 7636 4291 7636 3695 7636 4295 7637 4293 7637 3695 7637 3694 7638 4297 7638 3695 7638 4297 7639 4295 7639 3695 7639 4216 7640 4219 7640 4220 7640 4216 7641 4220 7641 4222 7641 4216 7642 4222 7642 4224 7642 4216 7643 4224 7643 4226 7643 4216 7644 4226 7644 4228 7644 4216 7645 4228 7645 4230 7645 4061 7646 4219 7646 4216 7646 4061 7647 4062 7647 4219 7647 4063 7648 4219 7648 4062 7648 4060 7649 4061 7649 4216 7649 4064 7650 4219 7650 4063 7650 4059 7651 4060 7651 4216 7651 4065 7652 4219 7652 4064 7652 4058 7653 4059 7653 4216 7653 4066 7654 4219 7654 4065 7654 4057 7655 4058 7655 4216 7655 4067 7656 4219 7656 4066 7656 4056 7657 4057 7657 4216 7657 4068 7658 4219 7658 4067 7658 4055 7659 4056 7659 4216 7659 4053 7660 4055 7660 4216 7660 4054 7661 4053 7661 4216 7661 4232 7662 4069 7662 4070 7662 4232 7663 4068 7663 4069 7663 4232 7664 4068 7664 4219 7664 4072 7665 4232 7665 4070 7665 4265 7666 4266 7666 4267 7666 4265 7667 4267 7667 4268 7667 4265 7668 4268 7668 4270 7668 4265 7669 4270 7669 4272 7669 4265 7670 4272 7670 4274 7670 4265 7671 4274 7671 4232 7671 4071 7672 4232 7672 4072 7672 4073 7673 4232 7673 4071 7673 4074 7674 4232 7674 4073 7674 4276 7675 4265 7675 4232 7675 4276 7676 4074 7676 4075 7676 4276 7677 4232 7677 4074 7677 4278 7678 4075 7678 4076 7678 4278 7679 4276 7679 4075 7679 4280 7680 4076 7680 4077 7680 4280 7681 4278 7681 4076 7681 3594 7682 4052 7682 4054 7682 3594 7683 4216 7683 3592 7683 3594 7684 4054 7684 4216 7684 4282 7685 4280 7685 4077 7685 3590 7686 3592 7686 4216 7686 3596 7687 4052 7687 3594 7687 3596 7688 4051 7688 4052 7688 3596 7689 4050 7689 4051 7689 3596 7690 4049 7690 4050 7690 3598 7691 4049 7691 3596 7691 3598 7692 4048 7692 4049 7692 3600 7693 4048 7693 3598 7693 3600 7694 4047 7694 4048 7694 4078 7695 4284 7695 4282 7695 4078 7696 4282 7696 4077 7696 3602 7697 4047 7697 3600 7697 3602 7698 4046 7698 4047 7698 4203 7699 3590 7699 4216 7699 4203 7700 3586 7700 3588 7700 4203 7701 3588 7701 3590 7701 4203 7702 4002 7702 4003 7702 4203 7703 4003 7703 4004 7703 4203 7704 4004 7704 3586 7704 4001 7705 4002 7705 4203 7705 4079 7706 4286 7706 4284 7706 4079 7707 4284 7707 4078 7707 4080 7708 4288 7708 4286 7708 4080 7709 4286 7709 4079 7709 4128 7710 3606 7710 3608 7710 4130 7711 4128 7711 3608 7711 4126 7712 3604 7712 3606 7712 4126 7713 3606 7713 4128 7713 4132 7714 3608 7714 3610 7714 4132 7715 4130 7715 3608 7715 4199 7716 4203 7716 4204 7716 4199 7717 4204 7717 4206 7717 4199 7718 4206 7718 4208 7718 4199 7719 4208 7719 4210 7719 4199 7720 4210 7720 4212 7720 4199 7721 4212 7721 4214 7721 4199 7722 3997 7722 3998 7722 4199 7723 3998 7723 3999 7723 4199 7724 3999 7724 4000 7724 4199 7725 4000 7725 4001 7725 4199 7726 4001 7726 4203 7726 4124 7727 3604 7727 4126 7727 4124 7728 3602 7728 3604 7728 4134 7729 3610 7729 3612 7729 4134 7730 4132 7730 3610 7730 3555 7731 3602 7731 4124 7731 3555 7732 4046 7732 3602 7732 3555 7733 4045 7733 4046 7733 4136 7734 3612 7734 3993 7734 4136 7735 4134 7735 3612 7735 3553 7736 4045 7736 3555 7736 3553 7737 4044 7737 4045 7737 4138 7738 4136 7738 3993 7738 4138 7739 3993 7739 3994 7739 3551 7740 4044 7740 3553 7740 3551 7741 4043 7741 4044 7741 4140 7742 4138 7742 3994 7742 4119 7743 4115 7743 4113 7743 4119 7744 4113 7744 4111 7744 4119 7745 4117 7745 4115 7745 4119 7746 4111 7746 4109 7746 4119 7747 4109 7747 4105 7747 4119 7748 4105 7748 4106 7748 4119 7749 4106 7749 4233 7749 4119 7750 4233 7750 4288 7750 4081 7751 4119 7751 4288 7751 4081 7752 4288 7752 4080 7752 3549 7753 4043 7753 3551 7753 3549 7754 4042 7754 4043 7754 4142 7755 4140 7755 3994 7755 4142 7756 3994 7756 3995 7756 3547 7757 4042 7757 3549 7757 4144 7758 4142 7758 3995 7758 4144 7759 3995 7759 3996 7759 4146 7760 4144 7760 3996 7760 4146 7761 3996 7761 3997 7761 4146 7762 3997 7762 4199 7762 3530 7763 4146 7763 4199 7763 3529 7764 3530 7764 4199 7764 4041 7765 3547 7765 3545 7765 4041 7766 4042 7766 3547 7766 3533 7767 3529 7767 4199 7767 4040 7768 4041 7768 3545 7768 4040 7769 3545 7769 3543 7769 4039 7770 4040 7770 3543 7770 4039 7771 3543 7771 3541 7771 4038 7772 4039 7772 3541 7772 4038 7773 3541 7773 3539 7773 4037 7774 4038 7774 3539 7774 4035 7775 4037 7775 3539 7775 4036 7776 3539 7776 3537 7776 4036 7777 4035 7777 3539 7777 4103 7778 4081 7778 4082 7778 4103 7779 4082 7779 4083 7779 4103 7780 4083 7780 4084 7780 4103 7781 4119 7781 4081 7781 4101 7782 4103 7782 4084 7782 4101 7783 4084 7783 4085 7783 4099 7784 4086 7784 4087 7784 4099 7785 4085 7785 4086 7785 4099 7786 4101 7786 4085 7786 4097 7787 4099 7787 4087 7787 4097 7788 4087 7788 4088 7788 4095 7789 4097 7789 4088 7789 4095 7790 4088 7790 4018 7790 4093 7791 4095 7791 4018 7791 4089 7792 4093 7792 4018 7792 4091 7793 4089 7793 4018 7793 4091 7794 4017 7794 4019 7794 4091 7795 4018 7795 4017 7795 3686 7796 4299 7796 4298 7796 3686 7797 4298 7797 4296 7797 3686 7798 4296 7798 4294 7798 3686 7799 4294 7799 4292 7799 3686 7800 4122 7800 4091 7800 3686 7801 4091 7801 4019 7801 3686 7802 4019 7802 4020 7802 3686 7803 4020 7803 4021 7803 3686 7804 4292 7804 4290 7804 3686 7805 4290 7805 4122 7805 4152 7806 4026 7806 4027 7806 4154 7807 4152 7807 4027 7807 4154 7808 4027 7808 4028 7808 4150 7809 4026 7809 4152 7809 4150 7810 4025 7810 4026 7810 4156 7811 4028 7811 4029 7811 4156 7812 4154 7812 4028 7812 4148 7813 4025 7813 4150 7813 4148 7814 4024 7814 4025 7814 4158 7815 4156 7815 4029 7815 4158 7816 4029 7816 4030 7816 3527 7817 4024 7817 4148 7817 3527 7818 4023 7818 4024 7818 4160 7819 4158 7819 4030 7819 4160 7820 4030 7820 4031 7820 4162 7821 4160 7821 4031 7821 4162 7822 4033 7822 4034 7822 4162 7823 4032 7823 4033 7823 4162 7824 4031 7824 4032 7824 4164 7825 4162 7825 4034 7825 4164 7826 4036 7826 3537 7826 4164 7827 4034 7827 4036 7827 4166 7828 3537 7828 3535 7828 4166 7829 4164 7829 3537 7829 4168 7830 4166 7830 3535 7830 4168 7831 3535 7831 3533 7831 3563 7832 3523 7832 3521 7832 3565 7833 3523 7833 3563 7833 3565 7834 3525 7834 3523 7834 3561 7835 3563 7835 3521 7835 3561 7836 3519 7836 3517 7836 3561 7837 3521 7837 3519 7837 3567 7838 4023 7838 3527 7838 3567 7839 4022 7839 4023 7839 3567 7840 3525 7840 3565 7840 3567 7841 3527 7841 3525 7841 3559 7842 3561 7842 3517 7842 3559 7843 3517 7843 3515 7843 3569 7844 4022 7844 3567 7844 3569 7845 4021 7845 4022 7845 3557 7846 3559 7846 3515 7846 3557 7847 3515 7847 3513 7847 3571 7848 4021 7848 3569 7848 3571 7849 3686 7849 4021 7849 4016 7850 3557 7850 3513 7850 4016 7851 3513 7851 3511 7851 3573 7852 3686 7852 3571 7852 4015 7853 4016 7853 3511 7853 4015 7854 3509 7854 3507 7854 4015 7855 3511 7855 3509 7855 3575 7856 3686 7856 3573 7856 4014 7857 4015 7857 3507 7857 4014 7858 3507 7858 3505 7858 3577 7859 3686 7859 3575 7859 4013 7860 4014 7860 3505 7860 4013 7861 3505 7861 3501 7861 3579 7862 3686 7862 3577 7862 4012 7863 4013 7863 3501 7863 3702 7864 3579 7864 3581 7864 3702 7865 3581 7865 3583 7865 3702 7866 3583 7866 4005 7866 3702 7867 4005 7867 4006 7867 3702 7868 4006 7868 4007 7868 3702 7869 4007 7869 4008 7869 3702 7870 3686 7870 3579 7870 4197 7871 4170 7871 4168 7871 4197 7872 3502 7872 4170 7872 4197 7873 4168 7873 3533 7873 4197 7874 4008 7874 4009 7874 4197 7875 4009 7875 4010 7875 4197 7876 4010 7876 4011 7876 4197 7877 4011 7877 4012 7877 4197 7878 4012 7878 3501 7878 4197 7879 3702 7879 4008 7879 4197 7880 3501 7880 3502 7880 4197 7881 3533 7881 4199 7881 4396 7882 4397 7882 3702 7882 4394 7883 3702 7883 4197 7883 4394 7884 4396 7884 3702 7884 4394 7885 4197 7885 4392 7885 4394 7886 4392 7886 4393 7886 4394 7887 4395 7887 4396 7887 4404 7888 4405 7888 4036 7888 4406 7889 4036 7889 4405 7889 4407 7890 4404 7890 4036 7890 4408 7891 4036 7891 4406 7891 4409 7892 4407 7892 4036 7892 3326 7893 4036 7893 4408 7893 4034 7894 3326 7894 3324 7894 4034 7895 4036 7895 3326 7895 3322 7896 4034 7896 3324 7896 3920 7897 4410 7897 4411 7897 3920 7898 4411 7898 4412 7898 3920 7899 4412 7899 4409 7899 3920 7900 4409 7900 4036 7900 3320 7901 4034 7901 3322 7901 4413 7902 4410 7902 3920 7902 3318 7903 4034 7903 3320 7903 4414 7904 4413 7904 3920 7904 3316 7905 4034 7905 3318 7905 4415 7906 4414 7906 3920 7906 3303 7907 4415 7907 3920 7907 3928 7908 3312 7908 3310 7908 3928 7909 3310 7909 3308 7909 3928 7910 3308 7910 3306 7910 3928 7911 3306 7911 3304 7911 3928 7912 3304 7912 3300 7912 3928 7913 3300 7913 3303 7913 3928 7914 4034 7914 3314 7914 3928 7915 3314 7915 3312 7915 3314 7916 4034 7916 3316 7916 3920 7917 3928 7917 3303 7917 4408 7918 3327 7918 3326 7918 4408 7919 4416 7919 3327 7919 4406 7920 4416 7920 4417 7920 4406 7921 4416 7921 4408 7921 4405 7922 4417 7922 4418 7922 4405 7923 4406 7923 4417 7923 4404 7924 4418 7924 4419 7924 4404 7925 4405 7925 4418 7925 4407 7926 4420 7926 4419 7926 4407 7927 4419 7927 4404 7927 4409 7928 4421 7928 4420 7928 4409 7929 4420 7929 4407 7929 4412 7930 4422 7930 4421 7930 4412 7931 4421 7931 4409 7931 4411 7932 4423 7932 4422 7932 4411 7933 4422 7933 4412 7933 4410 7934 4424 7934 4423 7934 4410 7935 4423 7935 4411 7935 4413 7936 4424 7936 4425 7936 4413 7937 4424 7937 4410 7937 4414 7938 4426 7938 4425 7938 4414 7939 4425 7939 4413 7939 4415 7940 4427 7940 4426 7940 4415 7941 4426 7941 4414 7941 3303 7942 3302 7942 4427 7942 3303 7943 4427 7943 4415 7943 4428 7944 4429 7944 3918 7944 4430 7945 3918 7945 4429 7945 4431 7946 4428 7946 3918 7946 4432 7947 3918 7947 4430 7947 4433 7948 4431 7948 3918 7948 3298 7949 3918 7949 4432 7949 4434 7950 4433 7950 3918 7950 3926 7951 3298 7951 3296 7951 3926 7952 3296 7952 3294 7952 3926 7953 3294 7953 3292 7953 3290 7954 3926 7954 3292 7954 4052 7955 4435 7955 4436 7955 4052 7956 4436 7956 4437 7956 4052 7957 4437 7957 4438 7957 4052 7958 4438 7958 4434 7958 4052 7959 4434 7959 3918 7959 3288 7960 3926 7960 3290 7960 4439 7961 4435 7961 4052 7961 3286 7962 3926 7962 3288 7962 3275 7963 4439 7963 4052 7963 4054 7964 3282 7964 3280 7964 4054 7965 3280 7965 3278 7965 4054 7966 3278 7966 3276 7966 4054 7967 3276 7967 3272 7967 4054 7968 3272 7968 3275 7968 4054 7969 3275 7969 4052 7969 4054 7970 3926 7970 3284 7970 3284 7971 3926 7971 3286 7971 4054 7972 3284 7972 3282 7972 3926 7973 3918 7973 3298 7973 4432 7974 3298 7974 3299 7974 4432 7975 3299 7975 4440 7975 4430 7976 4440 7976 4441 7976 4430 7977 4440 7977 4432 7977 4429 7978 4442 7978 4441 7978 4429 7979 4441 7979 4430 7979 4428 7980 4442 7980 4443 7980 4428 7981 4442 7981 4429 7981 4431 7982 4444 7982 4443 7982 4431 7983 4443 7983 4428 7983 4433 7984 4445 7984 4444 7984 4433 7985 4444 7985 4431 7985 4434 7986 4446 7986 4445 7986 4434 7987 4445 7987 4433 7987 4438 7988 4447 7988 4446 7988 4438 7989 4446 7989 4434 7989 4437 7990 4448 7990 4447 7990 4437 7991 4447 7991 4438 7991 4436 7992 4449 7992 4448 7992 4436 7993 4448 7993 4437 7993 4435 7994 4450 7994 4449 7994 4435 7995 4449 7995 4436 7995 4439 7996 4451 7996 4450 7996 4439 7997 4450 7997 4435 7997 3275 7998 3274 7998 4451 7998 3275 7999 4451 7999 4439 7999 4452 8000 4453 8000 3972 8000 4454 8001 3972 8001 4453 8001 4455 8002 4452 8002 3972 8002 4456 8003 3972 8003 4454 8003 4457 8004 4455 8004 3972 8004 3270 8005 3972 8005 4456 8005 4458 8006 4457 8006 3972 8006 3975 8007 3270 8007 3268 8007 3975 8008 3268 8008 3266 8008 3975 8009 3266 8009 3264 8009 3262 8010 3975 8010 3264 8010 4070 8011 4459 8011 4460 8011 4070 8012 4460 8012 4461 8012 4070 8013 4461 8013 4462 8013 4070 8014 4462 8014 4458 8014 4070 8015 4458 8015 3972 8015 3260 8016 3975 8016 3262 8016 4463 8017 4459 8017 4070 8017 3258 8018 3975 8018 3260 8018 3247 8019 4463 8019 4070 8019 4072 8020 3254 8020 3252 8020 4072 8021 3252 8021 3250 8021 4072 8022 3250 8022 3248 8022 4072 8023 3248 8023 3244 8023 4072 8024 3244 8024 3247 8024 4072 8025 3247 8025 4070 8025 4072 8026 3975 8026 3256 8026 3256 8027 3975 8027 3258 8027 4072 8028 3256 8028 3254 8028 3975 8029 3972 8029 3270 8029 4456 8030 3271 8030 3270 8030 4456 8031 3271 8031 4464 8031 4454 8032 4464 8032 4465 8032 4454 8033 4456 8033 4464 8033 4453 8034 4465 8034 4466 8034 4453 8035 4465 8035 4454 8035 4452 8036 4466 8036 4467 8036 4452 8037 4453 8037 4466 8037 4455 8038 4468 8038 4467 8038 4455 8039 4467 8039 4452 8039 4457 8040 4469 8040 4468 8040 4457 8041 4468 8041 4455 8041 4458 8042 4470 8042 4469 8042 4458 8043 4469 8043 4457 8043 4462 8044 4471 8044 4470 8044 4462 8045 4470 8045 4458 8045 4461 8046 4472 8046 4471 8046 4461 8047 4471 8047 4462 8047 4460 8048 4473 8048 4472 8048 4460 8049 4472 8049 4461 8049 4459 8050 4474 8050 4473 8050 4459 8051 4473 8051 4460 8051 4463 8052 4475 8052 4474 8052 4463 8053 4474 8053 4459 8053 3247 8054 3246 8054 4475 8054 3247 8055 4475 8055 4463 8055 4476 8056 4477 8056 4018 8056 4478 8057 4018 8057 4477 8057 4479 8058 4476 8058 4018 8058 4480 8059 4018 8059 4478 8059 4481 8060 4479 8060 4018 8060 3242 8061 4018 8061 4480 8061 4088 8062 3242 8062 3240 8062 4088 8063 4018 8063 3242 8063 3238 8064 4088 8064 3240 8064 3973 8065 4482 8065 4483 8065 3973 8066 4483 8066 4484 8066 3973 8067 4484 8067 4481 8067 3973 8068 4481 8068 4018 8068 3236 8069 4088 8069 3238 8069 4485 8070 4482 8070 3973 8070 3234 8071 4088 8071 3236 8071 4486 8072 4485 8072 3973 8072 3232 8073 4088 8073 3234 8073 4487 8074 4486 8074 3973 8074 3219 8075 4487 8075 3973 8075 3976 8076 3228 8076 3226 8076 3976 8077 3226 8077 3224 8077 3976 8078 3224 8078 3222 8078 3976 8079 3222 8079 3220 8079 3976 8080 3220 8080 3216 8080 3976 8081 3216 8081 3219 8081 3976 8082 4088 8082 3230 8082 3230 8083 4088 8083 3232 8083 3976 8084 3230 8084 3228 8084 3973 8085 3976 8085 3219 8085 4480 8086 3243 8086 3242 8086 4480 8087 3243 8087 4488 8087 4478 8088 4488 8088 4489 8088 4478 8089 4488 8089 4480 8089 4477 8090 4490 8090 4489 8090 4477 8091 4478 8091 4489 8091 4476 8092 4491 8092 4490 8092 4476 8093 4477 8093 4490 8093 4479 8094 4492 8094 4491 8094 4479 8095 4491 8095 4476 8095 4481 8096 4493 8096 4492 8096 4481 8097 4492 8097 4479 8097 4484 8098 4494 8098 4493 8098 4484 8099 4493 8099 4481 8099 4483 8100 4494 8100 4495 8100 4483 8101 4494 8101 4484 8101 4482 8102 4496 8102 4495 8102 4482 8103 4495 8103 4483 8103 4485 8104 4497 8104 4496 8104 4485 8105 4496 8105 4482 8105 4486 8106 4497 8106 4498 8106 4486 8107 4497 8107 4485 8107 4487 8108 4499 8108 4498 8108 4487 8109 4498 8109 4486 8109 3219 8110 3217 8110 4499 8110 3219 8111 4499 8111 4487 8111 4500 8112 4501 8112 4502 8112 4500 8113 4502 8113 4503 8113 4503 8114 4502 8114 4504 8114 4503 8115 4504 8115 4505 8115 4505 8116 4504 8116 4506 8116 4505 8117 4506 8117 4507 8117 4507 8118 4506 8118 4508 8118 4507 8119 4508 8119 4509 8119 4509 8120 4508 8120 4510 8120 4509 8121 4510 8121 4511 8121 4511 8122 4510 8122 4512 8122 4511 8123 4512 8123 4513 8123 4513 8124 4512 8124 4514 8124 4513 8125 4514 8125 4515 8125 4515 8126 4514 8126 4516 8126 4515 8127 4516 8127 4517 8127 4517 8128 4516 8128 4518 8128 4517 8129 4518 8129 4519 8129 4519 8130 4518 8130 4520 8130 4519 8131 4520 8131 4521 8131 4521 8132 4520 8132 4522 8132 4521 8133 4522 8133 4523 8133 4523 8134 4522 8134 4524 8134 4523 8135 4524 8135 4525 8135 4525 8136 4524 8136 4526 8136 4525 8137 4526 8137 4527 8137 4527 8138 4526 8138 4528 8138 4527 8139 4528 8139 4529 8139 4529 8140 4528 8140 4530 8140 4529 8141 4530 8141 4531 8141 4531 8142 4530 8142 4532 8142 4531 8143 4532 8143 4533 8143 4533 8144 4532 8144 4534 8144 4533 8145 4534 8145 4535 8145 4535 8146 4534 8146 4536 8146 4535 8147 4536 8147 4537 8147 4537 8148 4536 8148 4538 8148 4537 8149 4538 8149 4539 8149 4539 8150 4538 8150 4540 8150 4539 8151 4540 8151 4541 8151 4541 8152 4540 8152 4542 8152 4541 8153 4542 8153 4543 8153 4543 8154 4542 8154 4544 8154 4543 8155 4544 8155 4545 8155 4545 8156 4544 8156 4546 8156 4545 8157 4546 8157 4547 8157 4547 8158 4546 8158 4548 8158 4547 8159 4548 8159 4549 8159 4549 8160 4548 8160 4550 8160 4549 8161 4550 8161 4551 8161 4551 8162 4550 8162 4552 8162 4551 8163 4552 8163 4553 8163 4553 8164 4552 8164 4554 8164 4553 8165 4554 8165 4555 8165 4555 8166 4554 8166 4556 8166 4555 8167 4556 8167 4557 8167 4557 8168 4556 8168 4558 8168 4557 8169 4558 8169 4559 8169 4559 8170 4558 8170 4560 8170 4559 8171 4560 8171 4561 8171 4504 8172 4502 8172 4501 8172 4501 8173 4562 8173 4560 8173 4560 8174 4558 8174 4556 8174 4556 8175 4554 8175 4552 8175 4552 8176 4550 8176 4548 8176 4548 8177 4546 8177 4544 8177 4544 8178 4542 8178 4540 8178 4540 8179 4538 8179 4536 8179 4536 8180 4534 8180 4532 8180 4532 8181 4530 8181 4528 8181 4528 8182 4526 8182 4524 8182 4524 8183 4522 8183 4520 8183 4520 8184 4518 8184 4516 8184 4516 8185 4514 8185 4512 8185 4512 8186 4510 8186 4508 8186 4508 8187 4506 8187 4504 8187 4504 8188 4501 8188 4560 8188 4560 8189 4556 8189 4552 8189 4552 8190 4548 8190 4544 8190 4544 8191 4540 8191 4536 8191 4536 8192 4532 8192 4528 8192 4528 8193 4524 8193 4520 8193 4520 8194 4516 8194 4512 8194 4512 8195 4508 8195 4504 8195 4504 8196 4560 8196 4552 8196 4552 8197 4544 8197 4536 8197 4536 8198 4528 8198 4520 8198 4520 8199 4512 8199 4504 8199 4504 8200 4552 8200 4536 8200 4536 8201 4520 8201 4504 8201 4561 8202 4560 8202 4562 8202 4561 8203 4562 8203 4563 8203 4563 8204 4562 8204 4501 8204 4563 8205 4501 8205 4500 8205 4563 8206 4500 8206 4503 8206 4503 8207 4505 8207 4507 8207 4507 8208 4509 8208 4511 8208 4511 8209 4513 8209 4515 8209 4515 8210 4517 8210 4519 8210 4519 8211 4521 8211 4523 8211 4523 8212 4525 8212 4527 8212 4527 8213 4529 8213 4531 8213 4531 8214 4533 8214 4535 8214 4535 8215 4537 8215 4539 8215 4539 8216 4541 8216 4543 8216 4543 8217 4545 8217 4547 8217 4547 8218 4549 8218 4551 8218 4551 8219 4553 8219 4555 8219 4555 8220 4557 8220 4559 8220 4559 8221 4561 8221 4563 8221 4563 8222 4503 8222 4507 8222 4507 8223 4511 8223 4515 8223 4515 8224 4519 8224 4523 8224 4523 8225 4527 8225 4531 8225 4531 8226 4535 8226 4539 8226 4539 8227 4543 8227 4547 8227 4547 8228 4551 8228 4555 8228 4555 8229 4559 8229 4563 8229 4563 8230 4507 8230 4515 8230 4515 8231 4523 8231 4531 8231 4531 8232 4539 8232 4547 8232 4547 8233 4555 8233 4563 8233 4563 8234 4515 8234 4531 8234 4531 8235 4547 8235 4563 8235 1372 8236 1370 8236 1367 8236 3699 8237 3700 8237 3701 8237 1372 8238 1376 8238 1374 8238 1516 8239 1498 8239 1519 8239 3693 8240 1559 8240 3719 8240 4564 8241 4565 8241 4566 8241 4564 8242 4566 8242 4567 8242 4567 8243 4566 8243 4568 8243 4567 8244 4568 8244 4569 8244 4569 8245 4568 8245 4570 8245 4569 8246 4570 8246 4571 8246 4571 8247 4570 8247 4572 8247 4571 8248 4572 8248 4573 8248 4573 8249 4572 8249 4574 8249 4573 8250 4574 8250 4575 8250 4575 8251 4574 8251 4576 8251 4575 8252 4576 8252 4577 8252 4577 8253 4576 8253 4578 8253 4577 8254 4578 8254 4579 8254 4579 8255 4578 8255 4580 8255 4579 8256 4580 8256 4581 8256 4581 8257 4580 8257 4582 8257 4581 8258 4582 8258 4583 8258 4583 8259 4582 8259 4584 8259 4583 8260 4584 8260 4585 8260 4585 8261 4584 8261 4586 8261 4585 8262 4586 8262 4587 8262 4587 8263 4586 8263 4588 8263 4587 8264 4588 8264 4589 8264 4589 8265 4588 8265 4590 8265 4589 8266 4590 8266 4591 8266 4591 8267 4590 8267 4592 8267 4591 8268 4592 8268 4593 8268 4593 8269 4592 8269 4594 8269 4593 8270 4594 8270 4595 8270 4595 8271 4594 8271 4596 8271 4595 8272 4596 8272 4597 8272 4597 8273 4596 8273 4598 8273 4597 8274 4598 8274 4599 8274 4599 8275 4598 8275 4600 8275 4599 8276 4600 8276 4601 8276 4601 8277 4600 8277 4602 8277 4601 8278 4602 8278 4603 8278 4603 8279 4602 8279 4604 8279 4603 8280 4604 8280 4605 8280 4605 8281 4604 8281 4606 8281 4605 8282 4606 8282 4607 8282 4607 8283 4606 8283 4608 8283 4607 8284 4608 8284 4609 8284 4609 8285 4608 8285 4610 8285 4609 8286 4610 8286 4611 8286 4611 8287 4610 8287 4612 8287 4611 8288 4612 8288 4613 8288 4613 8289 4612 8289 4614 8289 4613 8290 4614 8290 4615 8290 4615 8291 4614 8291 4616 8291 4615 8292 4616 8292 4617 8292 4617 8293 4616 8293 4618 8293 4617 8294 4618 8294 4619 8294 4619 8295 4618 8295 4620 8295 4619 8296 4620 8296 4621 8296 4621 8297 4620 8297 4622 8297 4621 8298 4622 8298 4623 8298 4623 8299 4622 8299 4624 8299 4623 8300 4624 8300 4625 8300 4568 8301 4566 8301 4565 8301 4565 8302 4626 8302 4624 8302 4624 8303 4622 8303 4620 8303 4620 8304 4618 8304 4616 8304 4616 8305 4614 8305 4612 8305 4612 8306 4610 8306 4608 8306 4608 8307 4606 8307 4604 8307 4604 8308 4602 8308 4600 8308 4600 8309 4598 8309 4596 8309 4596 8310 4594 8310 4592 8310 4592 8311 4590 8311 4588 8311 4588 8312 4586 8312 4584 8312 4584 8313 4582 8313 4580 8313 4580 8314 4578 8314 4576 8314 4576 8315 4574 8315 4572 8315 4572 8316 4570 8316 4568 8316 4568 8317 4565 8317 4624 8317 4624 8318 4620 8318 4616 8318 4616 8319 4612 8319 4608 8319 4608 8320 4604 8320 4600 8320 4600 8321 4596 8321 4592 8321 4592 8322 4588 8322 4584 8322 4584 8323 4580 8323 4576 8323 4576 8324 4572 8324 4568 8324 4568 8325 4624 8325 4616 8325 4616 8326 4608 8326 4600 8326 4600 8327 4592 8327 4584 8327 4584 8328 4576 8328 4568 8328 4568 8329 4616 8329 4600 8329 4600 8330 4584 8330 4568 8330 4625 8331 4624 8331 4626 8331 4625 8332 4626 8332 4627 8332 4627 8333 4626 8333 4565 8333 4627 8334 4565 8334 4564 8334 4627 8335 4564 8335 4567 8335 4567 8336 4569 8336 4571 8336 4571 8337 4573 8337 4575 8337 4575 8338 4577 8338 4579 8338 4579 8339 4581 8339 4583 8339 4583 8340 4585 8340 4587 8340 4587 8341 4589 8341 4591 8341 4591 8342 4593 8342 4595 8342 4595 8343 4597 8343 4599 8343 4599 8344 4601 8344 4603 8344 4603 8345 4605 8345 4607 8345 4607 8346 4609 8346 4611 8346 4611 8347 4613 8347 4615 8347 4615 8348 4617 8348 4619 8348 4619 8349 4621 8349 4623 8349 4623 8350 4625 8350 4627 8350 4627 8351 4567 8351 4571 8351 4571 8352 4575 8352 4579 8352 4579 8353 4583 8353 4587 8353 4587 8354 4591 8354 4595 8354 4595 8355 4599 8355 4603 8355 4603 8356 4607 8356 4611 8356 4611 8357 4615 8357 4619 8357 4619 8358 4623 8358 4627 8358 4627 8359 4571 8359 4579 8359 4579 8360 4587 8360 4595 8360 4595 8361 4603 8361 4611 8361 4611 8362 4619 8362 4627 8362 4627 8363 4579 8363 4595 8363 4595 8364 4611 8364 4627 8364 4628 8365 4629 8365 4630 8365 4628 8366 4630 8366 4631 8366 4631 8367 4630 8367 4632 8367 4631 8368 4632 8368 4633 8368 4633 8369 4632 8369 4634 8369 4633 8370 4634 8370 4635 8370 4635 8371 4634 8371 4636 8371 4635 8372 4636 8372 4637 8372 4637 8373 4636 8373 4638 8373 4637 8374 4638 8374 4639 8374 4639 8375 4638 8375 4640 8375 4639 8376 4640 8376 4641 8376 4641 8377 4640 8377 4642 8377 4641 8378 4642 8378 4643 8378 4643 8379 4642 8379 4644 8379 4643 8380 4644 8380 4645 8380 4645 8381 4644 8381 4646 8381 4645 8382 4646 8382 4647 8382 4647 8383 4646 8383 4648 8383 4647 8384 4648 8384 4649 8384 4649 8385 4648 8385 4650 8385 4649 8386 4650 8386 4651 8386 4651 8387 4650 8387 4652 8387 4651 8388 4652 8388 4653 8388 4653 8389 4652 8389 4654 8389 4653 8390 4654 8390 4655 8390 4655 8391 4654 8391 4656 8391 4655 8392 4656 8392 4657 8392 4657 8393 4656 8393 4658 8393 4657 8394 4658 8394 4659 8394 4659 8395 4658 8395 4660 8395 4659 8396 4660 8396 4661 8396 4661 8397 4660 8397 4662 8397 4661 8398 4662 8398 4663 8398 4663 8399 4662 8399 4664 8399 4663 8400 4664 8400 4665 8400 4665 8401 4664 8401 4666 8401 4665 8402 4666 8402 4667 8402 4667 8403 4666 8403 4668 8403 4667 8404 4668 8404 4669 8404 4669 8405 4668 8405 4670 8405 4669 8406 4670 8406 4671 8406 4671 8407 4670 8407 4672 8407 4671 8408 4672 8408 4673 8408 4673 8409 4672 8409 4674 8409 4673 8410 4674 8410 4675 8410 4675 8411 4674 8411 4676 8411 4675 8412 4676 8412 4677 8412 4677 8413 4676 8413 4678 8413 4677 8414 4678 8414 4679 8414 4679 8415 4678 8415 4680 8415 4679 8416 4680 8416 4681 8416 4681 8417 4680 8417 4682 8417 4681 8418 4682 8418 4683 8418 4683 8419 4682 8419 4684 8419 4683 8420 4684 8420 4685 8420 4685 8421 4684 8421 4686 8421 4685 8422 4686 8422 4687 8422 4687 8423 4686 8423 4688 8423 4687 8424 4688 8424 4689 8424 4632 8425 4630 8425 4629 8425 4629 8426 4690 8426 4688 8426 4688 8427 4686 8427 4684 8427 4684 8428 4682 8428 4680 8428 4680 8429 4678 8429 4676 8429 4676 8430 4674 8430 4672 8430 4672 8431 4670 8431 4668 8431 4668 8432 4666 8432 4664 8432 4664 8433 4662 8433 4660 8433 4660 8434 4658 8434 4656 8434 4656 8435 4654 8435 4652 8435 4652 8436 4650 8436 4648 8436 4648 8437 4646 8437 4644 8437 4644 8438 4642 8438 4640 8438 4640 8439 4638 8439 4636 8439 4636 8440 4634 8440 4632 8440 4632 8441 4629 8441 4688 8441 4688 8442 4684 8442 4680 8442 4680 8443 4676 8443 4672 8443 4672 8444 4668 8444 4664 8444 4664 8445 4660 8445 4656 8445 4656 8446 4652 8446 4648 8446 4648 8447 4644 8447 4640 8447 4640 8448 4636 8448 4632 8448 4632 8449 4688 8449 4680 8449 4680 8450 4672 8450 4664 8450 4664 8451 4656 8451 4648 8451 4648 8452 4640 8452 4632 8452 4632 8453 4680 8453 4664 8453 4664 8454 4648 8454 4632 8454 4689 8455 4688 8455 4690 8455 4689 8456 4690 8456 4691 8456 4691 8457 4690 8457 4629 8457 4691 8458 4629 8458 4628 8458 4691 8459 4628 8459 4631 8459 4631 8460 4633 8460 4635 8460 4635 8461 4637 8461 4639 8461 4639 8462 4641 8462 4643 8462 4643 8463 4645 8463 4647 8463 4647 8464 4649 8464 4651 8464 4651 8465 4653 8465 4655 8465 4655 8466 4657 8466 4659 8466 4659 8467 4661 8467 4663 8467 4663 8468 4665 8468 4667 8468 4667 8469 4669 8469 4671 8469 4671 8470 4673 8470 4675 8470 4675 8471 4677 8471 4679 8471 4679 8472 4681 8472 4683 8472 4683 8473 4685 8473 4687 8473 4687 8474 4689 8474 4691 8474 4691 8475 4631 8475 4635 8475 4635 8476 4639 8476 4643 8476 4643 8477 4647 8477 4651 8477 4651 8478 4655 8478 4659 8478 4659 8479 4663 8479 4667 8479 4667 8480 4671 8480 4675 8480 4675 8481 4679 8481 4683 8481 4683 8482 4687 8482 4691 8482 4691 8483 4635 8483 4643 8483 4643 8484 4651 8484 4659 8484 4659 8485 4667 8485 4675 8485 4675 8486 4683 8486 4691 8486 4691 8487 4643 8487 4659 8487 4659 8488 4675 8488 4691 8488 4692 8489 4693 8489 4694 8489 4692 8490 4694 8490 4695 8490 4695 8491 4694 8491 4696 8491 4695 8492 4696 8492 4697 8492 4697 8493 4696 8493 4698 8493 4697 8494 4698 8494 4699 8494 4699 8495 4698 8495 4700 8495 4699 8496 4700 8496 4701 8496 4701 8497 4700 8497 4702 8497 4701 8498 4702 8498 4703 8498 4703 8499 4702 8499 4704 8499 4703 8500 4704 8500 4705 8500 4705 8501 4704 8501 4706 8501 4705 8502 4706 8502 4707 8502 4707 8503 4706 8503 4708 8503 4707 8504 4708 8504 4709 8504 4709 8505 4708 8505 4710 8505 4709 8506 4710 8506 4711 8506 4711 8507 4710 8507 4712 8507 4711 8508 4712 8508 4713 8508 4713 8509 4712 8509 4714 8509 4713 8510 4714 8510 4715 8510 4715 8511 4714 8511 4716 8511 4715 8512 4716 8512 4717 8512 4717 8513 4716 8513 4718 8513 4717 8514 4718 8514 4719 8514 4719 8515 4718 8515 4720 8515 4719 8516 4720 8516 4721 8516 4721 8517 4720 8517 4722 8517 4721 8518 4722 8518 4723 8518 4723 8519 4722 8519 4724 8519 4723 8520 4724 8520 4725 8520 4725 8521 4724 8521 4726 8521 4725 8522 4726 8522 4727 8522 4727 8523 4726 8523 4728 8523 4727 8524 4728 8524 4729 8524 4729 8525 4728 8525 4730 8525 4729 8526 4730 8526 4731 8526 4731 8527 4730 8527 4732 8527 4731 8528 4732 8528 4733 8528 4733 8529 4732 8529 4734 8529 4733 8530 4734 8530 4735 8530 4735 8531 4734 8531 4736 8531 4735 8532 4736 8532 4737 8532 4737 8533 4736 8533 4738 8533 4737 8534 4738 8534 4739 8534 4739 8535 4738 8535 4740 8535 4739 8536 4740 8536 4741 8536 4741 8537 4740 8537 4742 8537 4741 8538 4742 8538 4743 8538 4743 8539 4742 8539 4744 8539 4743 8540 4744 8540 4745 8540 4745 8541 4744 8541 4746 8541 4745 8542 4746 8542 4747 8542 4747 8543 4746 8543 4748 8543 4747 8544 4748 8544 4749 8544 4749 8545 4748 8545 4750 8545 4749 8546 4750 8546 4751 8546 4751 8547 4750 8547 4752 8547 4751 8548 4752 8548 4753 8548 4696 8549 4694 8549 4693 8549 4693 8550 4754 8550 4752 8550 4752 8551 4750 8551 4748 8551 4748 8552 4746 8552 4744 8552 4744 8553 4742 8553 4740 8553 4740 8554 4738 8554 4736 8554 4736 8555 4734 8555 4732 8555 4732 8556 4730 8556 4728 8556 4728 8557 4726 8557 4724 8557 4724 8558 4722 8558 4720 8558 4720 8559 4718 8559 4716 8559 4716 8560 4714 8560 4712 8560 4712 8561 4710 8561 4708 8561 4708 8562 4706 8562 4704 8562 4704 8563 4702 8563 4700 8563 4700 8564 4698 8564 4696 8564 4696 8565 4693 8565 4752 8565 4752 8566 4748 8566 4744 8566 4744 8567 4740 8567 4736 8567 4736 8568 4732 8568 4728 8568 4728 8569 4724 8569 4720 8569 4720 8570 4716 8570 4712 8570 4712 8571 4708 8571 4704 8571 4704 8572 4700 8572 4696 8572 4696 8573 4752 8573 4744 8573 4744 8574 4736 8574 4728 8574 4728 8575 4720 8575 4712 8575 4712 8576 4704 8576 4696 8576 4696 8577 4744 8577 4728 8577 4728 8578 4712 8578 4696 8578 4753 8579 4752 8579 4754 8579 4753 8580 4754 8580 4755 8580 4755 8581 4754 8581 4693 8581 4755 8582 4693 8582 4692 8582 4755 8583 4692 8583 4695 8583 4695 8584 4697 8584 4699 8584 4699 8585 4701 8585 4703 8585 4703 8586 4705 8586 4707 8586 4707 8587 4709 8587 4711 8587 4711 8588 4713 8588 4715 8588 4715 8589 4717 8589 4719 8589 4719 8590 4721 8590 4723 8590 4723 8591 4725 8591 4727 8591 4727 8592 4729 8592 4731 8592 4731 8593 4733 8593 4735 8593 4735 8594 4737 8594 4739 8594 4739 8595 4741 8595 4743 8595 4743 8596 4745 8596 4747 8596 4747 8597 4749 8597 4751 8597 4751 8598 4753 8598 4755 8598 4755 8599 4695 8599 4699 8599 4699 8600 4703 8600 4707 8600 4707 8601 4711 8601 4715 8601 4715 8602 4719 8602 4723 8602 4723 8603 4727 8603 4731 8603 4731 8604 4735 8604 4739 8604 4739 8605 4743 8605 4747 8605 4747 8606 4751 8606 4755 8606 4755 8607 4699 8607 4707 8607 4707 8608 4715 8608 4723 8608 4723 8609 4731 8609 4739 8609 4739 8610 4747 8610 4755 8610 4755 8611 4707 8611 4723 8611 4723 8612 4739 8612 4755 8612</p>
                </triangles>
            </mesh>
        </geometry>
    </library_geometries>
    <library_visual_scenes>
        <visual_scene id="VisualSceneNode" name="VisualScene">
            <node id="node" name="node">
                <instance_geometry url="#shape0-lib"/>
            </node>
        </visual_scene>
    </library_visual_scenes>
    <scene>
        <instance_visual_scene url="#VisualSceneNode"/>
    </scene>
</COLLADA>
