<?xml version="1.0" encoding="UTF-8"?>
<COLLADA xmlns="http://www.collada.org/2005/11/COLLADASchema" version="1.4.1">
    <asset>
        <contributor>
            <author>VCGLab</author>
            <authoring_tool>VCGLib | MeshLab</authoring_tool>
        </contributor>
        <created>T sept 8 05:42:16 2026 GMT</created>
        <modified>T sept 8 05:42:16 2026 GMT</modified>
        <up_axis>Y_UP</up_axis>
    </asset>
    <library_geometries>
        <geometry id="shape0-lib" name="shape0">
            <mesh>
                <source id="shape0-lib-positions" name="position">
                    <float_array id="shape0-lib-positions-array" count="5751">-0.0151756 -0.0002 0.0159322 -0.0173241 -0.0002 0.0173241 -0.0141421 -0.0002 0.0162091 -0.0104385 -0.0002 0.0166757 -0.0131086 -0.0002 0.0159322 -0.0105458 -0.0002 0.0158604 -0.012352 -0.0002 0.0151756 -0.0104385 -0.0002 0.0150451 -0.0101238 -0.0002 0.0142854 -0.0120751 -0.0002 0.0141421 -0.0096232 -0.0002 0.013633 -0.0089708 -0.0002 0.0131324 -0.012352 -0.0002 0.0131086 -0.0082111 -0.0002 0.0128177 -0.0073958 -0.0002 0.0127104 -0.0131086 -0.0002 0.012352 0.0131086 -0.0002 0.012352 0.0141421 -0.0002 0.0120751 0.0151756 -0.0002 0.012352 0.02 -0.0002 0.0099 0.002759 -0.0002 0.0102968 0 -0.0002 0.01066 -0.0141421 -0.0002 0.0120751 -0.001575 -0.0002 0.014772 -0.0043531 -0.0002 0.0150451 -0.0022274 -0.0002 0.0152726 -0.0042458 -0.0002 0.0158604 -0.002728 -0.0002 0.015925 -0.0043531 -0.0002 0.0166757 -0.0030427 -0.0002 0.0166847 -0.0046678 -0.0002 0.0174354 -0.00315 -0.0002 0.0175 -0.0051684 -0.0002 0.0180878 -0.0030427 -0.0002 0.0183153 -0.0058208 -0.0002 0.0185884 -0.002728 -0.0002 0.019075 -0.0065805 -0.0002 0.0189031 -0.0073958 -0.0002 0.0190104 0.001575 -0.0002 0.014772 0.0043531 -0.0002 0.0150451 0.0008153 -0.0002 0.0144573 0.0046678 -0.0002 0.0142854 0 -0.0002 0.01435 -0.0046678 -0.0002 0.0142854 -0.0008153 -0.0002 0.0144573 0.0073958 -0.0002 0.0127104 -0.0065805 -0.0002 0.0128177 0.0065805 -0.0002 0.0128177 -0.0058208 -0.0002 0.0131324 0.0058208 -0.0002 0.0131324 -0.0051684 -0.0002 0.013633 0.0051684 -0.0002 0.013633 0 -0.0002 0.0245 0.0063411 -0.0002 0.0236652 -0.0063411 -0.0002 0.0236652 0.01225 -0.0002 0.0212176 -0.01225 -0.0002 0.0212176 0 -0.0002 0.02065 -0.0008153 -0.0002 0.0205427 0.0173241 -0.0002 0.0173241 0.0101238 -0.0002 0.0174354 0.0096232 -0.0002 0.0180878 0.0089708 -0.0002 0.0185884 0.0082111 -0.0002 0.0189031 0.0073958 -0.0002 0.0190104 0.002728 -0.0002 0.019075 0.0022274 -0.0002 0.0197274 0.001575 -0.0002 0.020228 0.0008153 -0.0002 0.0205427 0.02 -0.0002 0.0138368 0.0162091 -0.0002 0.0141421 0.0159322 -0.0002 0.0151756 0.0151756 -0.0002 0.0159322 0.0141421 -0.0002 0.0162091 0.0104385 -0.0002 0.0166757 0.0159322 -0.0002 0.0131086 0.0200536 -0.0002 0.0097 0.0202 -0.0002 0.0095536 0.0204 -0.0002 0.0095 0.00533 -0.0002 0.0092318 -0.001575 -0.0002 0.020228 -0.0022274 -0.0002 0.0197274 -0.0082111 -0.0002 0.0189031 -0.0089708 -0.0002 0.0185884 -0.0096232 -0.0002 0.0180878 -0.0101238 -0.0002 0.0174354 -0.0159322 -0.0002 0.0151756 -0.0162091 -0.0002 0.0141421 -0.0159322 -0.0002 0.0131086 -0.0212176 -0.0002 0.01225 -0.0151756 -0.0002 0.012352 -0.002759 -0.0002 0.0102968 -0.00533 -0.0002 0.0092318 -0.0075378 -0.0002 0.0075378 -0.0236652 -0.0002 0.0063411 -0.0092318 -0.0002 0.00533 -0.0102968 -0.0002 0.002759 -0.0184 -0.0002 0.0025 -0.01965 -0.0002 0.0021651 -0.0205651 -0.0002 0.00125 -0.0209 -0.0002 0 -0.0245 -0.0002 0 -0.0205651 -0.0002 -0.00125 -0.01965 -0.0002 -0.0021651 -0.0236 -0.0002 -0.0036 -0.0184 -0.0002 -0.0025 -0.0102968 -0.0002 -0.002759 -0.01715 -0.0002 -0.0021651 -0.01066 -0.0002 0 -0.0162349 -0.0002 -0.00125 -0.0159 -0.0002 0 0.0065805 -0.0002 0.0189031 0.0058208 -0.0002 0.0185884 0.0030427 -0.0002 0.0183153 0.0051684 -0.0002 0.0180878 0.00315 -0.0002 0.0175 0.0046678 -0.0002 0.0174354 0.0030427 -0.0002 0.0166847 0.0043531 -0.0002 0.0166757 0.002728 -0.0002 0.015925 0.0042458 -0.0002 0.0158604 0.0022274 -0.0002 0.0152726 0.0101238 -0.0002 0.0142854 0.0104385 -0.0002 0.0150451 0.012352 -0.0002 0.0151756 0.0105458 -0.0002 0.0158604 0.0131086 -0.0002 0.0159322 0.0120751 -0.0002 0.0141421 0.012352 -0.0002 0.0131086 0.0089708 -0.0002 0.0131324 0.0096232 -0.0002 0.013633 0.0082111 -0.0002 0.0128177 -0.0162349 -0.0002 0.00125 -0.01715 -0.0002 0.0021651 0.01066 -0.0002 0 0.0102968 -0.0002 0.002759 0.024 -0.0002 0.0037979 0.0092318 -0.0002 0.00533 0.0236652 -0.0002 0.0063411 0.0075378 -0.0002 0.0075378 0.0223567 -0.0002 0.0095 0.0102968 -0.0002 -0.002759 0.0169797 -0.0002 -0.0032405 0.0158266 -0.0002 -0.0038281 0.0151218 -0.0002 -0.0049134 0.0092318 -0.0002 -0.00533 0.0199448 -0.0002 -0.0051661 0.0193573 -0.0002 -0.0040131 0.024 -0.0002 -0.0037979 0.018272 -0.0002 -0.0033083 0.0236652 -0.0002 -0.0063411 0.0223567 -0.0002 -0.0095 0.0180192 -0.0002 -0.0081313 0.0191723 -0.0002 -0.0075438 0.0198771 -0.0002 -0.0064585 0.00533 -0.0002 -0.0092318 0.0075378 -0.0002 -0.0075378 0.0167269 -0.0002 -0.0080636 0.0204 -0.0002 -0.0095 0.0202 -0.0002 -0.0095536 0.0200536 -0.0002 -0.0097 0.02 -0.0002 -0.0099 0.002759 -0.0002 -0.0102968 0 -0.0002 -0.01066 0.0141421 -0.0002 -0.0120751 -0.0141421 -0.0002 -0.0120751 0.0131086 -0.0002 -0.012352 -0.0131086 -0.0002 -0.012352 0.0073958 -0.0002 -0.0127104 -0.0073958 -0.0002 -0.0127104 0.0065805 -0.0002 -0.0128177 -0.0065805 -0.0002 -0.0128177 0.0058208 -0.0002 -0.0131324 -0.0058208 -0.0002 -0.0131324 0.0051684 -0.0002 -0.013633 -0.0051684 -0.0002 -0.013633 0.0046678 -0.0002 -0.0142854 -0.0046678 -0.0002 -0.0142854 0 -0.0002 -0.01435 -0.0008153 -0.0002 -0.0144573 0.0159322 -0.0002 -0.0151756 0.0162091 -0.0002 -0.0141421 0.02 -0.0002 -0.0138368 0.0159322 -0.0002 -0.0131086 0.0151756 -0.0002 -0.012352 0.0151756 -0.0002 -0.0159322 0.0173241 -0.0002 -0.0173241 0.0141421 -0.0002 -0.0162091 0.0104385 -0.0002 -0.0166757 0.0105458 -0.0002 -0.0158604 0.01225 -0.0002 -0.0212176 0.0008153 -0.0002 -0.0205427 0.001575 -0.0002 -0.020228 0.0082111 -0.0002 -0.0189031 0.0089708 -0.0002 -0.0185884 0.0096232 -0.0002 -0.0180878 0.0101238 -0.0002 -0.0174354 0.0051684 -0.0002 -0.0180878 0.0058208 -0.0002 -0.0185884 0.0030427 -0.0002 -0.0183153 0.0065805 -0.0002 -0.0189031 0.002728 -0.0002 -0.019075 0.0073958 -0.0002 -0.0190104 0.0022274 -0.0002 -0.0197274 0 -0.0002 -0.02065 -0.01225 -0.0002 -0.0212176 -0.0008153 -0.0002 -0.0205427 -0.0173241 -0.0002 -0.0173241 -0.001575 -0.0002 -0.020228 -0.0082111 -0.0002 -0.0189031 -0.0022274 -0.0002 -0.0197274 -0.0073958 -0.0002 -0.0190104 -0.002728 -0.0002 -0.019075 -0.0065805 -0.0002 -0.0189031 -0.0030427 -0.0002 -0.0183153 -0.0058208 -0.0002 -0.0185884 -0.0051684 -0.0002 -0.0180878 0.00315 -0.0002 -0.0175 0.0046678 -0.0002 -0.0174354 0.0030427 -0.0002 -0.0166847 0.0043531 -0.0002 -0.0166757 0.002728 -0.0002 -0.015925 0.0042458 -0.0002 -0.0158604 0.0022274 -0.0002 -0.0152726 0.0043531 -0.0002 -0.0150451 0.001575 -0.0002 -0.014772 0.0008153 -0.0002 -0.0144573 0.0096232 -0.0002 -0.013633 0.0089708 -0.0002 -0.0131324 0.012352 -0.0002 -0.0131086 0.0082111 -0.0002 -0.0128177 0.0120751 -0.0002 -0.0141421 0.012352 -0.0002 -0.0151756 0.0104385 -0.0002 -0.0150451 0.0101238 -0.0002 -0.0142854 0.0131086 -0.0002 -0.0159322 -0.0092318 -0.0002 -0.00533 -0.022 -0.0002 -0.0052 -0.0222144 -0.0002 -0.0044 -0.0228 -0.0002 -0.0038144 -0.0075378 -0.0002 -0.0075378 -0.0234876 -0.0002 -0.0067699 -0.0228 -0.0002 -0.0065856 -0.0222144 -0.0002 -0.006 -0.00533 -0.0002 -0.0092318 -0.002759 -0.0002 -0.0102968 -0.0212176 -0.0002 -0.01225 -0.0151756 -0.0002 -0.012352 -0.0159322 -0.0002 -0.0131086 -0.0162091 -0.0002 -0.0141421 -0.0159322 -0.0002 -0.0151756 -0.0151756 -0.0002 -0.0159322 -0.0141421 -0.0002 -0.0162091 -0.0104385 -0.0002 -0.0166757 -0.0101238 -0.0002 -0.0174354 -0.0096232 -0.0002 -0.0180878 -0.0089708 -0.0002 -0.0185884 0.0063411 -0.0002 -0.0236652 0 -0.0002 -0.0245 -0.0063411 -0.0002 -0.0236652 0.0156416 -0.0002 -0.0073587 0.0150541 -0.0002 -0.0062057 -0.0082111 -0.0002 -0.0128177 -0.0089708 -0.0002 -0.0131324 -0.012352 -0.0002 -0.0131086 -0.0096232 -0.0002 -0.013633 -0.0101238 -0.0002 -0.0142854 -0.0120751 -0.0002 -0.0141421 -0.0131086 -0.0002 -0.0159322 -0.0105458 -0.0002 -0.0158604 -0.012352 -0.0002 -0.0151756 -0.0104385 -0.0002 -0.0150451 -0.00315 -0.0002 -0.0175 -0.0046678 -0.0002 -0.0174354 -0.0030427 -0.0002 -0.0166847 -0.0043531 -0.0002 -0.0166757 -0.002728 -0.0002 -0.015925 -0.0042458 -0.0002 -0.0158604 -0.0022274 -0.0002 -0.0152726 -0.0043531 -0.0002 -0.0150451 -0.001575 -0.0002 -0.014772 -0.0240115 -0.0002 -0.0037103 -0.0184 0.001099 -0.0025 -0.01965 0.001099 -0.0021651 -0.0194 0.002299 -0.0017321 -0.0184 0.002299 -0.002 -0.019373 0.0023309 -0.0016852 -0.0184 0.0023309 -0.0019459 -0.0189474 0.0026834 -0.0009481 -0.0184 0.0026834 -0.0010948 -0.0184907 0.0028037 -0.0001571 -0.0184 0.0028037 -0.0001814 -0.0184 0.002799 0 -0.0205651 0.001099 -0.00125 -0.0201321 0.002299 -0.001 -0.0200852 0.0023309 -0.000973 -0.0193481 0.0026834 -0.0005474 -0.0185571 0.0028037 -9.07e-05 -0.0209 0.001099 0 -0.0204 0.002299 0 -0.0203459 0.0023309 0 -0.0194948 0.0026834 0 -0.0185814 0.0028037 0 -0.0205651 0.001099 0.00125 -0.0201321 0.002299 0.001 -0.0200852 0.0023309 0.000973 -0.0193481 0.0026834 0.0005474 -0.0185571 0.0028037 9.07e-05 -0.01965 0.001099 0.0021651 -0.0194 0.002299 0.0017321 -0.019373 0.0023309 0.0016852 -0.0189474 0.0026834 0.0009481 -0.0184907 0.0028037 0.0001571 -0.0184 0.001099 0.0025 -0.0184 0.002299 0.002 -0.0184 0.0023309 0.0019459 -0.0184 0.0026834 0.0010948 -0.0184 0.0028037 0.0001814 -0.01715 0.001099 0.0021651 -0.0174 0.002299 0.0017321 -0.017427 0.0023309 0.0016852 -0.0178526 0.0026834 0.0009481 -0.0183093 0.0028037 0.0001571 -0.0162349 0.001099 0.00125 -0.0166679 0.002299 0.001 -0.0167148 0.0023309 0.000973 -0.0174519 0.0026834 0.0005474 -0.0182429 0.0028037 9.07e-05 -0.0159 0.001099 0 -0.0164 0.002299 0 -0.0164541 0.0023309 0 -0.0173052 0.0026834 0 -0.0182186 0.0028037 0 -0.0162349 0.001099 -0.00125 -0.0166679 0.002299 -0.001 -0.0167148 0.0023309 -0.000973 -0.0174519 0.0026834 -0.0005474 -0.0182429 0.0028037 -9.07e-05 0.0167269 0.001099 -0.0080636 0.0156416 0.001099 -0.0073587 0.0168814 0.002299 -0.007588 0.0160132 0.002299 -0.0070242 0.0166841 0.0026671 -0.00642 0.0171604 0.0026671 -0.0067293 0.017434 0.0028 -0.0057448 0.0174722 0.0028 -0.0057697 0.0174994 0.002799 -0.0056859 0.0150541 0.001099 -0.0062057 0.0155431 0.002299 -0.0061017 0.0164263 0.0026671 -0.005914 0.0174133 0.0028 -0.0057042 0.0151218 0.001099 -0.0049134 0.0155973 0.002299 -0.0050679 0.016456 0.0026671 -0.0053469 0.0174157 0.0028 -0.0056587 0.0158266 0.001099 -0.0038281 0.0161612 0.002299 -0.0041996 0.0167653 0.0026671 -0.0048706 0.0174405 0.0028 -0.0056205 0.0169797 0.001099 -0.0032405 0.0170836 0.002299 -0.0037296 0.0172713 0.0026671 -0.0046128 0.0174811 0.0028 -0.0055998 0.018272 0.001099 -0.0033083 0.0181175 0.002299 -0.0037838 0.0178385 0.0026671 -0.0046425 0.0175267 0.0028 -0.0056022 0.0193573 0.001099 -0.0040131 0.0189857 0.002299 -0.0043477 0.0183148 0.0026671 -0.0049518 0.0175649 0.0028 -0.005627 0.0199448 0.001099 -0.0051661 0.0194557 0.002299 -0.0052701 0.0185726 0.0026671 -0.0054578 0.0175856 0.0028 -0.0056676 0.0198771 0.001099 -0.0064585 0.0194016 0.002299 -0.0063039 0.0185429 0.0026671 -0.0060249 0.0175832 0.0028 -0.0057131 0.0191723 0.001099 -0.0075438 0.0188377 0.002299 -0.0071722 0.0182336 0.0026671 -0.0065012 0.0175584 0.0028 -0.0057514 0.0180192 0.001099 -0.0081313 0.0179153 0.002299 -0.0076422 0.0177275 0.0026671 -0.0067591 0.0175177 0.0028 -0.005772 -0.01715 0.001099 -0.0021651 -0.0174 0.002299 -0.0017321 -0.017427 0.0023309 -0.0016852 -0.0178526 0.0026834 -0.0009481 -0.0183093 0.0028037 -0.0001571 -0.0131086 -0.0208 -0.012352 -0.012352 -0.0208 -0.0131086 0 -0.0208 -0.0125 0.0131086 -0.0208 -0.012352 0.0032352 -0.0208 -0.0120741 0.0141421 -0.0208 -0.0120751 0.02 -0.0208 -0.0099 0.0151756 -0.0208 -0.012352 0.0159322 -0.0208 -0.0131086 0 -0.0208 -0.0245 0.0063411 -0.0208 -0.0236652 -0.0063411 -0.0208 -0.0236652 0.01225 -0.0208 -0.0212176 -0.01225 -0.0208 -0.0212176 0.0173241 -0.0208 -0.0173241 -0.0173241 -0.0208 -0.0173241 0.0141421 -0.0208 -0.0162091 -0.0141421 -0.0208 -0.0162091 0.0131086 -0.0208 -0.0159322 -0.0131086 -0.0208 -0.0159322 0.012352 -0.0208 -0.0151756 -0.012352 -0.0208 -0.0151756 0.0120751 -0.0208 -0.0141421 -0.0120751 -0.0208 -0.0141421 0.012352 -0.0208 -0.0131086 0.0202 -0.0208 -0.0095536 0.0204 -0.0208 -0.0095 0.0088388 -0.0208 -0.0088388 0.0236652 -0.0208 -0.0063411 0.0108253 -0.0208 -0.00625 0.024 -0.0208 -0.0037979 0.0120741 -0.0208 -0.0032352 0.02 -0.0208 -0.0015 0.0125 -0.0208 0 0.01925 -0.0208 -0.001299 0.018701 -0.0208 -0.00075 0.00625 -0.0208 -0.0108253 0.0200536 -0.0208 -0.0097 0.02 -0.0208 -0.0138368 0.0162091 -0.0208 -0.0141421 0.0159322 -0.0208 -0.0151756 0.0151756 -0.0208 -0.0159322 -0.0032352 -0.0208 -0.0120741 -0.00625 -0.0208 -0.0108253 -0.0236652 -0.0208 -0.0063411 -0.0141421 -0.0208 -0.0120751 0.01925 -0.0208 0.001299 0.02 -0.0208 0.0015 0.0120741 -0.0208 0.0032352 0.024 -0.0208 0.0037979 0.0108253 -0.0208 0.00625 0.0236652 -0.0208 0.0063411 0.0088388 -0.0208 0.0088388 0.0223567 -0.0208 0.0095 0.0204 -0.0208 0.0095 0.0185 -0.0208 0 0.018701 -0.0208 0.00075 0 -0.0208 0.0245 -0.0063411 -0.0208 0.0236652 0.0063411 -0.0208 0.0236652 -0.01225 -0.0208 0.0212176 0.01225 -0.0208 0.0212176 -0.0173241 -0.0208 0.0173241 0.0173241 -0.0208 0.0173241 -0.0141421 -0.0208 0.0162091 0.0141421 -0.0208 0.0162091 -0.0131086 -0.0208 0.0159322 0.0131086 -0.0208 0.0159322 -0.012352 -0.0208 0.0151756 0.012352 -0.0208 0.0151756 -0.0120751 -0.0208 0.0141421 0.0120751 -0.0208 0.0141421 -0.012352 -0.0208 0.0131086 0.012352 -0.0208 0.0131086 0 -0.0208 0.0125 0.0131086 -0.0208 0.012352 0.0141421 -0.0208 0.0120751 -0.00625 -0.0208 0.0108253 -0.0032352 -0.0208 0.0120741 -0.0141421 -0.0208 0.0120751 -0.0131086 -0.0208 0.012352 -0.0212176 -0.0208 0.01225 -0.0159322 -0.0208 0.0131086 -0.0162091 -0.0208 0.0141421 -0.0159322 -0.0208 0.0151756 -0.0151756 -0.0208 0.0159322 -0.0236652 -0.0208 0.0063411 -0.0088388 -0.0208 0.0088388 -0.0151756 -0.0208 0.012352 -0.0245 -0.0208 0 -0.0125 -0.0208 0 -0.0120741 -0.0208 0.0032352 -0.0108253 -0.0208 0.00625 -0.0088388 -0.0208 -0.0088388 -0.0108253 -0.0208 -0.00625 -0.0120741 -0.0208 -0.0032352 -0.0212176 -0.0208 -0.01225 -0.0151756 -0.0208 -0.0159322 -0.0159322 -0.0208 -0.0151756 -0.0162091 -0.0208 -0.0141421 -0.0159322 -0.0208 -0.0131086 -0.0151756 -0.0208 -0.012352 0.0151756 -0.0208 0.0159322 0.0159322 -0.0208 0.0151756 0.0162091 -0.0208 0.0141421 0.02 -0.0208 0.0138368 0.0032352 -0.0208 0.0120741 0.00625 -0.0208 0.0108253 0.02 -0.0208 0.0099 0.0151756 -0.0208 0.012352 0.0159322 -0.0208 0.0131086 0.0202 -0.0208 0.0095536 0.0200536 -0.0208 0.0097 0.02075 -0.0208 0.001299 0.021299 -0.0208 0.00075 0.0215 -0.0208 0 0.021299 -0.0208 -0.00075 0.02075 -0.0208 -0.001299 0.0223567 -0.0208 -0.0095 -0.0034941 -0.0072 0.01304 -0.00675 -0.0072 0.0116913 -0.0032352 -0.0072 0.0120741 0 -0.0072 0.0125 0.0034941 -0.0072 0.01304 0 -0.0072 0.0135 -0.0125 -0.0072 0 -0.0120741 -0.0072 0.0032352 -0.01304 -0.0072 0.0034941 -0.0108253 -0.0072 0.00625 -0.0116913 -0.0072 0.00675 -0.0088388 -0.0072 0.0088388 -0.0095459 -0.0072 0.0095459 -0.00625 -0.0072 0.0108253 0 -0.0072 -0.0125 -0.0032352 -0.0072 -0.0120741 -0.00675 -0.0072 -0.0116913 -0.00625 -0.0072 -0.0108253 -0.0095459 -0.0072 -0.0095459 -0.0088388 -0.0072 -0.0088388 -0.0116913 -0.0072 -0.00675 -0.0108253 -0.0072 -0.00625 -0.01304 -0.0072 -0.0034941 -0.0120741 -0.0072 -0.0032352 -0.0135 -0.0072 0 -0.0034941 -0.0072 -0.01304 0 -0.0072 -0.0135 0.0034941 -0.0072 -0.01304 0.00675 -0.0072 -0.0116913 0.0125 -0.0072 0 0.0135 -0.0072 0 0.0120741 -0.0072 0.0032352 0.01304 -0.0072 0.0034941 0.0108253 -0.0072 0.00625 0.0116913 -0.0072 0.00675 0.0088388 -0.0072 0.0088388 0.0095459 -0.0072 0.0095459 0.00625 -0.0072 0.0108253 0.00675 -0.0072 0.0116913 0.0032352 -0.0072 0.0120741 0.0032352 -0.0072 -0.0120741 0.00625 -0.0072 -0.0108253 0.0095459 -0.0072 -0.0095459 0.0088388 -0.0072 -0.0088388 0.0116913 -0.0072 -0.00675 0.0108253 -0.0072 -0.00625 0.01304 -0.0072 -0.0034941 0.0120741 -0.0072 -0.0032352 0 -0.0022 -0.0125 0.0032352 -0.0022 -0.0120741 0.0064705 -0.0007 -0.0241481 0 -0.0007 -0.025 0.0061834 -0.00195 -0.0165604 0.0064059 -0.00195 -0.0168503 0.0012124 -0.00195 -0.0182 0.0013523 -0.00195 -0.0178623 0.0009899 -0.00195 -0.01849 0.0007 -0.00195 -0.0187124 0.0003623 -0.00195 -0.0188523 0.0022 -0.0057895 -0.024 0.0022 -0.0057895 -0.0247104 0.0031113 -0.0064887 -0.0245904 0.0031113 -0.0064887 -0.024 0.0011388 -0.0053499 -0.0248501 0.0011388 -0.0053499 -0.024 0 -0.00195 -0.0189 0 -0.0052 -0.024 0 -0.0052 -0.025 0.0060435 -0.00195 -0.0162227 0.0013523 -0.0080545 -0.0171377 0.0013523 -0.00195 -0.0171377 0.0014 -0.00195 -0.0175 0.0014 -0.0080912 -0.0175 0.0013523 -0.0080545 -0.0178623 0.0012124 -0.0079472 -0.0182 0.0009899 -0.0077919 -0.01849 0.0010335 -0.0078099 -0.0184332 0.0007 -0.0076718 -0.0187124 0.0003623 -0.0075807 -0.0188523 0.000535 -0.0076034 -0.0187808 0 -0.007533 -0.0189 0.0059958 -0.00195 -0.0158604 0.0003623 -0.00195 -0.0161477 0.0003623 -0.0075807 -0.0161477 0 -0.007533 -0.0161 0 -0.00195 -0.0161 0.0007 -0.00195 -0.0162876 0.0007 -0.0076718 -0.0162876 0.000535 -0.0076034 -0.0162192 0.0009899 -0.00195 -0.01651 0.0009899 -0.0077919 -0.01651 0.0012124 -0.00195 -0.0168 0.0012124 -0.0079472 -0.0168 0.0010335 -0.0078099 -0.0165668 0.0060435 -0.00195 -0.0154981 0 -0.0012 -0.00966 0.0025002 -0.0012 -0.0093308 0 -0.0022 0.0125 -0.0032352 -0.0022 0.0120741 0.0032352 -0.0022 0.0120741 -0.00625 -0.0022 0.0108253 0.00625 -0.0022 0.0108253 0 -0.0022 0.00966 0.0025002 -0.0022 0.0093308 -0.0068307 -0.0022 0.0068307 -0.00483 -0.0022 0.0083658 -0.0088388 -0.0022 0.0088388 -0.0025002 -0.0022 0.0093308 -0.00966 -0.0022 0 -0.0093308 -0.0022 0.0025002 -0.0120741 -0.0022 0.0032352 -0.0083658 -0.0022 0.00483 -0.0108253 -0.0022 0.00625 -0.00483 -0.0022 -0.0083658 -0.0068307 -0.0022 -0.0068307 -0.0108253 -0.0022 -0.00625 -0.0083658 -0.0022 -0.00483 -0.0120741 -0.0022 -0.0032352 -0.0093308 -0.0022 -0.0025002 -0.0125 -0.0022 0 -0.0088388 -0.0022 -0.0088388 -0.00625 -0.0022 -0.0108253 0 -0.0022 -0.00966 -0.0025002 -0.0022 -0.0093308 0.0088388 -0.0022 0.0088388 0.00483 -0.0022 0.0083658 0.0068307 -0.0022 0.0068307 0.0108253 -0.0022 0.00625 0.00966 -0.0022 0 0.0125 -0.0022 0 0.0093308 -0.0022 0.0025002 0.0120741 -0.0022 0.0032352 0.0083658 -0.0022 0.00483 0.0068307 -0.0022 -0.0068307 0.0108253 -0.0022 -0.00625 0.0083658 -0.0022 -0.00483 0.0120741 -0.0022 -0.0032352 0.0093308 -0.0022 -0.0025002 0.00483 -0.0022 -0.0083658 0.0025002 -0.0022 -0.0093308 0.0088388 -0.0022 -0.0088388 -0.0032352 -0.0022 -0.0120741 0.00625 -0.0022 -0.0108253 0 -0.007966 -0.0135 0.0003993 -0.0081097 -0.0134474 0.0005364 -0.0082 -0.0134294 0.0034941 -0.0082 -0.01304 0.0064705 -0.0203 -0.0241481 0 -0.0203 -0.025 0.0011388 -0.0138501 -0.0248501 0.0022 -0.0134105 -0.0247104 0.0031113 -0.0127113 -0.0245904 0.0038105 -0.0118 -0.0244983 0.0042501 -0.0107388 -0.0244405 0.0044 -0.0096 -0.0244207 0.0064094 -0.0096 -0.0241562 0.0064705 -0.0100466 -0.0241481 0.0064705 -0.0091534 -0.0241481 0.0042501 -0.0084612 -0.0244405 0.0038105 -0.0074 -0.0244983 0 -0.014 -0.025 0 -0.011667 -0.01375 0 -0.0096 -0.0125566 0.000535 -0.0115966 -0.01375 0.0010335 -0.0113901 -0.01375 0.0014616 -0.0110616 -0.01375 0.0017901 -0.0106335 -0.01375 0.0014616 -0.0081384 -0.01375 0.0017901 -0.0085665 -0.01375 0.0010335 -0.0078099 -0.01375 0.000535 -0.0076034 -0.01375 0.0003751 -0.0082 -0.0133934 0 -0.007533 -0.01375 0.0010335 -0.0113901 -0.024 0.0014616 -0.0110616 -0.024 0.0017901 -0.0106335 -0.024 0.0019966 -0.010135 -0.01375 0.0019966 -0.010135 -0.024 0.002067 -0.0096 -0.01375 0.002067 -0.0096 -0.024 0.0019966 -0.009065 -0.01375 0.0019966 -0.009065 -0.024 0.0017901 -0.0085665 -0.024 0.0014616 -0.0081384 -0.024 0.0010335 -0.0078099 -0.024 0.0066893 -0.0074 -0.0233618 0.006291 -0.0084612 -0.0235475 0.0065548 -0.0084612 -0.0241132 0.0069612 -0.0074 -0.0239449 0.000535 -0.0076034 -0.024 0.0061551 -0.0096 -0.0236109 0.000535 -0.0115966 -0.024 0.006291 -0.0107388 -0.0235475 0.0065548 -0.0107388 -0.0241132 0.0066893 -0.0118 -0.0233618 0.0069612 -0.0118 -0.0239449 0.0042501 -0.0084612 -0.024 0.0044 -0.0096 -0.024 0.0038105 -0.0074 -0.024 0.0031113 -0.0127113 -0.024 0.0038105 -0.0118 -0.024 0.0042501 -0.0107388 -0.024 0 -0.011667 -0.024 0.0011388 -0.0138501 -0.024 0.0022 -0.0134105 -0.024 0 -0.007533 -0.024 0 -0.014 -0.024 0.0032352 -0.0082 -0.0120741 0 -0.0082 -0.0125 0.0034941 -0.0082 0.01304 0.005412 -0.0082 0.0122456 0 -0.0082 0.0125 -0.0034941 -0.0082 0.01304 -0.0003751 -0.0082 0.0133934 0 -0.0082 0.0133649 0.0003751 -0.0082 0.0133934 0.0005364 -0.0082 0.0134294 0.0056483 -0.0082 0.0121127 0.0060003 -0.0082 0.01198 0.0032352 -0.0082 0.0120741 0.0120741 -0.0082 -0.0032352 0.0125 -0.0082 0 0.0135 -0.0082 0 0.0120741 -0.0082 0.0032352 0.01304 -0.0082 0.0034941 0.0108253 -0.0082 0.00625 0.0116913 -0.0082 0.00675 0.0088388 -0.0082 0.0088388 0.0095459 -0.0082 0.0095459 0.00625 -0.0082 0.0108253 0.00675 -0.0082 0.0116913 0.0061131 -0.0082 0.0119551 0.00675 -0.0082 -0.0116913 0.00625 -0.0082 -0.0108253 0.0095459 -0.0082 -0.0095459 0.0088388 -0.0082 -0.0088388 0.0116913 -0.0082 -0.00675 0.0108253 -0.0082 -0.00625 0.01304 -0.0082 -0.0034941 0.0061131 -0.0082 -0.0119551 0.0060003 -0.0082 -0.01198 0.0056483 -0.0082 -0.0121127 0.005412 -0.0082 -0.0122456 -0.005412 -0.0082 -0.0122456 -0.0032352 -0.0082 -0.0120741 0 -0.0082 -0.0133649 -0.0034941 -0.0082 -0.01304 -0.0003751 -0.0082 -0.0133934 -0.0005364 -0.0082 -0.0134294 -0.0061131 -0.0082 0.0119551 -0.0060003 -0.0082 0.01198 -0.0032352 -0.0082 0.0120741 -0.0056483 -0.0082 0.0121127 -0.005412 -0.0082 0.0122456 -0.00675 -0.0082 0.0116913 -0.00625 -0.0082 0.0108253 -0.0095459 -0.0082 0.0095459 -0.0088388 -0.0082 0.0088388 -0.0116913 -0.0082 0.00675 -0.0108253 -0.0082 0.00625 -0.01304 -0.0082 0.0034941 -0.0120741 -0.0082 0.0032352 -0.0135 -0.0082 0 -0.0125 -0.0082 0 -0.0120741 -0.0082 -0.0032352 -0.0061131 -0.0082 -0.0119551 -0.00675 -0.0082 -0.0116913 -0.00625 -0.0082 -0.0108253 -0.0095459 -0.0082 -0.0095459 -0.0088388 -0.0082 -0.0088388 -0.0116913 -0.0082 -0.00675 -0.0108253 -0.0082 -0.00625 -0.01304 -0.0082 -0.0034941 -0.0056483 -0.0082 -0.0121127 -0.0060003 -0.0082 -0.01198 -0.0005364 -0.0082 0.0134294 0.0125 -0.0007 -0.0216506 0.0070335 -0.00195 -0.0172127 0.0070335 -0.0077546 -0.0172127 0.0073958 -0.0076269 -0.0172604 0.0073958 -0.00195 -0.0172604 0.008149 -0.0057895 -0.0226811 0.0073231 -0.0064887 -0.0230663 0.0076079 -0.0064887 -0.023677 0.0084506 -0.0057895 -0.023328 0.0066958 -0.00195 -0.0170728 0.0064059 -0.0080264 -0.0168503 0.0061834 -0.0080871 -0.0165604 0.0060435 -0.0080748 -0.0162227 0.0061834 -0.00195 -0.0151604 0.0064059 -0.00195 -0.0148705 0.0064059 -0.007596 -0.0148705 0.0063673 -0.0076034 -0.0149207 0.0061834 -0.0077145 -0.0151604 0.0066958 -0.00195 -0.014648 0.0066958 -0.0075491 -0.014648 0.0070335 -0.00195 -0.0145081 0.0070335 -0.007565 -0.0145081 0.0068087 -0.007533 -0.0146012 0.0073958 -0.00195 -0.0144604 0.0073958 -0.0076269 -0.0144604 0.0073369 -0.0076034 -0.0144682 0.0077581 -0.00195 -0.0145081 0.0077581 -0.0077546 -0.0145081 0.0080958 -0.00195 -0.014648 0.0080958 -0.0078969 -0.014648 0.0079409 -0.0078099 -0.0145838 0.0083857 -0.00195 -0.0148705 0.0083857 -0.0080263 -0.0148705 0.0086082 -0.00195 -0.0151604 0.0086082 -0.008087 -0.0151604 0.0087481 -0.00195 -0.0154981 0.0087481 -0.0080748 -0.0154981 0.0087958 -0.00195 -0.0158604 0.0087958 -0.0079905 -0.0158604 0.0087481 -0.00195 -0.0162227 0.0087481 -0.0078398 -0.0162227 0.0086082 -0.00195 -0.0165604 0.0086082 -0.0077144 -0.0165604 0.0087279 -0.0078099 -0.0162715 0.0083857 -0.00195 -0.0168503 0.0083857 -0.007596 -0.0168503 0.0084243 -0.0076034 -0.0168001 0.0080958 -0.00195 -0.0170728 0.0080958 -0.0075491 -0.0170728 0.0121367 -0.0057895 -0.0208216 0.0111749 -0.0053499 -0.0212701 0.0115382 -0.0053499 -0.022049 0.0125 -0.0057807 -0.0216506 0.0125172 -0.0057895 -0.0216375 0.0101428 -0.0052 -0.0217514 0.010485 -0.0052 -0.0224853 0.0077581 -0.00195 -0.0172127 0.0077581 -0.007565 -0.0172127 0.007983 -0.007533 -0.0171196 0.0091107 -0.0053499 -0.0222327 0.0094319 -0.0053499 -0.0229215 0.00483 -0.0012 -0.0083658 0.0056619 -0.008144 -0.012142 0.0060174 -0.0081655 -0.0119948 0.0076079 -0.0127113 -0.023677 0.0084506 -0.0134105 -0.023328 0.0094319 -0.0138501 -0.0229215 0.010485 -0.014 -0.0224853 0.0115382 -0.0138501 -0.022049 0.0125 -0.0134193 -0.0216506 0.0125 -0.0203 -0.0216506 0.0041886 -0.0085665 -0.0132183 0.0085205 -0.0085665 -0.0225079 0.0088182 -0.0081384 -0.0223691 0.0044864 -0.0081384 -0.0130794 0.0040015 -0.009065 -0.0133055 0.0083333 -0.009065 -0.0225952 0.0039377 -0.0096 -0.0133353 0.0082695 -0.0096 -0.0226249 0.0040015 -0.010135 -0.0133055 0.0083333 -0.010135 -0.0225952 0.0041886 -0.0106335 -0.0132183 0.0085205 -0.0106335 -0.0225079 0.0044864 -0.0110616 -0.0130794 0.0088182 -0.0110616 -0.0223691 0.0073231 -0.0127113 -0.0230663 0.008149 -0.0134105 -0.0226811 0.0068508 -0.0078099 -0.017137 0.0066958 -0.0078969 -0.0170728 0.0059958 -0.0079905 -0.0158604 0.0060435 -0.0078398 -0.0154981 0.0060637 -0.0078099 -0.0154492 0.0048743 -0.0078099 -0.0128985 0.0053261 -0.0076034 -0.0126878 0.005811 -0.007533 -0.0124617 0.0053067 -0.0096 -0.0113802 0.0048743 -0.0113901 -0.0128985 0.0053261 -0.0115966 -0.0126878 0.005811 -0.011667 -0.0124617 0.0062959 -0.0115966 -0.0122356 0.0067477 -0.0113901 -0.012025 0.0067477 -0.0078099 -0.012025 0.0062959 -0.0076034 -0.0122356 0.0071357 -0.0110616 -0.011844 0.0114675 -0.0110616 -0.0211337 0.0110795 -0.0113901 -0.0213146 0.0074334 -0.0106335 -0.0117052 0.0074334 -0.0085665 -0.0117052 0.0071357 -0.0081384 -0.011844 0.0114675 -0.0081384 -0.0211337 0.0110795 -0.0078099 -0.0213146 0.0117652 -0.0106335 -0.0209949 0.0117652 -0.0085665 -0.0209949 0.0106277 -0.0115966 -0.0215253 0.0106277 -0.0076034 -0.0215253 0.0073958 -0.011667 -0.0158604 0.0073958 -0.011667 -0.0158603 0.0101428 -0.011667 -0.0217514 0.0076205 -0.010135 -0.011618 0.0119523 -0.010135 -0.0209076 0.0076843 -0.0096 -0.0115882 0.0120162 -0.0096 -0.0208778 0.0076205 -0.009065 -0.011618 0.0119523 -0.009065 -0.0209076 0.0101428 -0.007533 -0.0217514 0.0101428 -0.014 -0.0217514 0.0111749 -0.0138501 -0.0212701 0.0121367 -0.0134105 -0.0208216 0.0125172 -0.0134105 -0.0216375 0.0074548 -0.0076034 -0.0172526 0.009658 -0.0076034 -0.0219775 0.0092062 -0.0078099 -0.0221882 0.0092062 -0.0113901 -0.0221882 0.009658 -0.0115966 -0.0219775 0.0091107 -0.0138501 -0.0222327 0.0176777 -0.0007 -0.0176777 0.0176777 -0.0203 -0.0176777 0.0143049 -0.0096 -0.0202657 0.0141831 -0.0084612 -0.0203592 0.0138259 -0.0074 -0.0206333 0.0132577 -0.0064887 -0.0210693 0.0132577 -0.0127113 -0.0210693 0.0138259 -0.0118 -0.0206333 0.0141831 -0.0107388 -0.0203592 0.0123958 -0.0075852 -0.0130648 0.0128459 -0.0071352 -0.0126147 0.0100438 -0.0071352 -0.0126147 0.0100438 -0.0075852 -0.0130648 0.0100438 -0.0071352 -0.0113853 0.0100438 -0.0075852 -0.0109352 0.009334 -0.0082 -0.012 0.0100438 -0.0069705 -0.012 0.0141306 -0.0096 -0.0198919 0.0139947 -0.0107388 -0.0199552 0.0139947 -0.0084612 -0.0199552 0.0135963 -0.0118 -0.020141 0.0135963 -0.0074 -0.020141 0.0129626 -0.0127113 -0.0204365 0.0129626 -0.0064887 -0.0204365 0.0068307 -0.0012 -0.0068307 0.0100438 -0.0082 -0.0132295 0.0100438 -0.0088147 -0.0130648 0.0123958 -0.0088147 -0.0130648 0.012352 -0.0086512 -0.0131086 0.0123196 -0.0082 -0.0132295 0.0100438 -0.0092648 -0.0126147 0.0128459 -0.0092648 -0.0126147 0.0100438 -0.0094295 -0.012 0.012352 -0.0077488 -0.0131086 0.0100438 -0.0092648 -0.0113853 0.0100438 -0.0088147 -0.0109352 0.0100438 -0.0082 -0.0107705 0.0131086 -0.0070648 -0.012352 0.02 -0.0007 -0.0146511 0.02 -0.0203 -0.0146511 0.0141421 -0.0069906 -0.0120751 0.02 -0.0069705 -0.012 0.0151756 -0.0070648 -0.012352 0.0154383 -0.0071352 -0.0126147 0.02 -0.0071352 -0.0126147 0.0158884 -0.0075852 -0.0130648 0.02 -0.0075852 -0.0130648 0.02 -0.0071352 -0.0113853 0.02 -0.0075852 -0.0109352 0.0083658 -0.0012 -0.00483 0.0131086 -0.0093352 -0.012352 0.0141421 -0.0094094 -0.0120751 0.0159322 -0.0086512 -0.0131086 0.0159646 -0.0082 -0.0132295 0.0159322 -0.0077488 -0.0131086 0.02 -0.0088147 -0.0130648 0.02 -0.0082 -0.0132295 0.0158884 -0.0088147 -0.0130648 0.0154383 -0.0092648 -0.0126147 0.02 -0.0092648 -0.0126147 0.0151756 -0.0093352 -0.012352 0.02 -0.0094295 -0.012 0.02 -0.0082 -0.0107705 0.02 -0.0092648 -0.0113853 0.02 -0.0088147 -0.0109352 0.024 -0.0007 -0.0068281 0.0228933 -0.0007 -0.0095 0.024 -0.0005466 -0.0064308 0.024 -0.0203 -0.0068281 0.0228933 -0.0203 -0.0095 0.024 -0.0005466 0.0064308 0.024 -0.0007 0.0068281 0.024 -0.0203 0.0068281 0.024 -0.0204534 0.0064308 0.024 -0.0204534 -0.0064308 0.0093308 -0.0012 -0.0025002 0.00966 -0.0012 0 0.0185 -0.0158 0 0.018701 -0.0158 -0.00075 0.01925 -0.0158 -0.001299 0.02 -0.0158 -0.0015 0.02075 -0.0158 -0.001299 0.021299 -0.0158 -0.00075 0.0215 -0.0158 0 0.021299 -0.0158 0.00075 0.02075 -0.0158 0.001299 0.02 -0.0158 0.0015 0.01925 -0.0158 0.001299 0.018701 -0.0158 0.00075 0.0093308 -0.0012 0.0025002 0.0228933 -0.0007 0.0095 0.0228933 -0.0203 0.0095 0.0083658 -0.0012 0.00483 0.0176777 -0.0007 0.0176777 0.02 -0.0007 0.0146511 0.0176777 -0.0203 0.0176777 0.02 -0.0203 0.0146511 0.02 -0.0069705 0.012 0.0100438 -0.0069705 0.012 0.0100438 -0.0071352 0.0113853 0.02 -0.0071352 0.0113853 0.02 -0.0075852 0.0109352 0.0100438 -0.0075852 0.0109352 0.0100438 -0.0071352 0.0126147 0.0128459 -0.0071352 0.0126147 0.0123958 -0.0075852 0.0130648 0.0100438 -0.0075852 0.0130648 0.0141421 -0.0069906 0.0120751 0.0131086 -0.0070648 0.012352 0.02 -0.0071352 0.0126147 0.0151756 -0.0070648 0.012352 0.0154383 -0.0071352 0.0126147 0.02 -0.0075852 0.0130648 0.0158884 -0.0075852 0.0130648 0.0159322 -0.0077488 0.0131086 0.0068307 -0.0012 0.0068307 0.02 -0.0082 0.0132295 0.02 -0.0088147 0.0109352 0.02 -0.0092648 0.0113853 0.02 -0.0094295 0.012 0.02 -0.0092648 0.0126147 0.02 -0.0088147 0.0130648 0.02 -0.0082 0.0107705 0.0100438 -0.0082 0.0107705 0.0100438 -0.0088147 0.0109352 0.0100438 -0.0092648 0.0113853 0.0100438 -0.0094295 0.012 0.0141421 -0.0094094 0.0120751 0.0151756 -0.0093352 0.012352 0.0154383 -0.0092648 0.0126147 0.0100438 -0.0092648 0.0126147 0.0131086 -0.0093352 0.012352 0.0128459 -0.0092648 0.0126147 0.0159646 -0.0082 0.0132295 0.0158884 -0.0088147 0.0130648 0.0159322 -0.0086512 0.0131086 0.0125 -0.0007 0.0216506 0.0073958 -0.00195 0.0144604 0.0070335 -0.00195 0.0145081 0.0086082 -0.00195 0.0165604 0.0083857 -0.00195 0.0168503 0.0111749 -0.0053499 0.0212701 0.0121367 -0.0057895 0.0208216 0.0125172 -0.0057895 0.0216375 0.0125 -0.0057807 0.0216506 0.0115382 -0.0053499 0.022049 0.0129626 -0.0064887 0.0204365 0.0132577 -0.0064887 0.0210693 0.0135963 -0.0074 0.020141 0.0138259 -0.0074 0.0206333 0.0087481 -0.00195 0.0162227 0.0087958 -0.00195 0.0158604 0.0087481 -0.00195 0.0154981 0.0086082 -0.00195 0.0151604 0.012352 -0.0077488 0.0131086 0.0083857 -0.00195 0.0148705 0.0080958 -0.00195 0.014648 0.009334 -0.0082 0.012 0.0077581 -0.00195 0.0145081 0.00483 -0.0012 0.0083658 0.0143049 -0.0096 0.0202657 0.0141831 -0.0107388 0.0203592 0.0138259 -0.0118 0.0206333 0.0132577 -0.0127113 0.0210693 0.0125172 -0.0134105 0.0216375 0.0125 -0.0134193 0.0216506 0.0125 -0.0203 0.0216506 0.0141831 -0.0084612 0.0203592 0.0053067 -0.0096 0.0113802 0.0071357 -0.0081384 0.011844 0.0067477 -0.0078099 0.012025 0.0074334 -0.0085665 0.0117052 0.0123196 -0.0082 0.0132295 0.0100438 -0.0082 0.0132295 0.0100438 -0.0088147 0.0130648 0.012352 -0.0086512 0.0131086 0.0123958 -0.0088147 0.0130648 0.0139947 -0.0084612 0.0199552 0.0076205 -0.009065 0.011618 0.0119523 -0.009065 0.0209076 0.0076843 -0.0096 0.0115882 0.0120162 -0.0096 0.0208778 0.0141306 -0.0096 0.0198919 0.0076205 -0.010135 0.011618 0.0119523 -0.010135 0.0209076 0.0139947 -0.0107388 0.0199552 0.0135963 -0.0118 0.020141 0.0074334 -0.0106335 0.0117052 0.0129626 -0.0127113 0.0204365 0.0071357 -0.0110616 0.011844 0.0121367 -0.0134105 0.0208216 0.0067477 -0.0113901 0.012025 0.0111749 -0.0138501 0.0212701 0.0115382 -0.0138501 0.022049 0.0064705 -0.0007 0.0241481 0.0064705 -0.0091534 0.0241481 0.0065548 -0.0084612 0.0241132 0.0069612 -0.0074 0.0239449 0.0076079 -0.0064887 0.023677 0.0084506 -0.0057895 0.023328 0.0094319 -0.0053499 0.0229215 0.010485 -0.0052 0.0224853 0.0066958 -0.00195 0.014648 0.0066958 -0.0075491 0.014648 0.0068087 -0.007533 0.0146012 0.0070335 -0.007565 0.0145081 0.0064059 -0.00195 0.0148705 0.0064059 -0.007596 0.0148705 0.0061834 -0.00195 0.0151604 0.0061834 -0.0077145 0.0151604 0.0063673 -0.0076034 0.0149207 0.0060435 -0.00195 0.0154981 0.0060435 -0.0078398 0.0154981 0.0060637 -0.0078099 0.0154492 0.0059958 -0.00195 0.0158604 0.0059958 -0.0079905 0.0158604 0.0060435 -0.00195 0.0162227 0.0060435 -0.0080748 0.0162227 0.0061834 -0.00195 0.0165604 0.0061834 -0.0080871 0.0165604 0.0064059 -0.00195 0.0168503 0.0064059 -0.0080264 0.0168503 0.0066958 -0.00195 0.0170728 0.0066958 -0.0078969 0.0170728 0.0070335 -0.00195 0.0172127 0.0070335 -0.0077546 0.0172127 0.0068508 -0.0078099 0.017137 0.0073958 -0.00195 0.0172604 0.0073958 -0.0076269 0.0172604 0.0073231 -0.0064887 0.0230663 0.0066893 -0.0074 0.0233618 0.008149 -0.0057895 0.0226811 0.0077581 -0.00195 0.0172127 0.0077581 -0.007565 0.0172127 0.0074548 -0.0076034 0.0172526 0.0091107 -0.0053499 0.0222327 0.0080958 -0.00195 0.0170728 0.0080958 -0.0075491 0.0170728 0.007983 -0.007533 0.0171196 0.0101428 -0.0052 0.0217514 0.0083857 -0.007596 0.0168503 0.0086082 -0.0077144 0.0165604 0.0084243 -0.0076034 0.0168001 0.0087481 -0.0080748 0.0154981 0.0086082 -0.008087 0.0151604 0.0083857 -0.0080263 0.0148705 0.0073958 -0.0076269 0.0144604 0.0077581 -0.0077546 0.0145081 0.0025002 -0.0012 0.0093308 0.0060174 -0.0081655 0.0119948 0.0056619 -0.008144 0.012142 0.010485 -0.014 0.0224853 0.0094319 -0.0138501 0.0229215 0.0084506 -0.0134105 0.023328 0.0076079 -0.0127113 0.023677 0.0069612 -0.0118 0.0239449 0.0064705 -0.0203 0.0241481 0.0065548 -0.0107388 0.0241132 0.0064705 -0.0100466 0.0241481 0.0073369 -0.0076034 0.0144682 0.0062959 -0.0076034 0.0122356 0.005811 -0.007533 0.0124617 0.0062959 -0.0115966 0.0122356 0.005811 -0.011667 0.0124617 0.0053261 -0.0115966 0.0126878 0.0053261 -0.0076034 0.0126878 0.0048743 -0.0113901 0.0128985 0.0044864 -0.0110616 0.0130794 0.0088182 -0.0110616 0.0223691 0.0092062 -0.0113901 0.0221882 0.0041886 -0.0106335 0.0132183 0.0040015 -0.010135 0.0133055 0.0039377 -0.0096 0.0133353 0.0040015 -0.009065 0.0133055 0.0041886 -0.0085665 0.0132183 0.0044864 -0.0081384 0.0130794 0.0088182 -0.0081384 0.0223691 0.0092062 -0.0078099 0.0221882 0.0048743 -0.0078099 0.0128985 0.0085205 -0.0106335 0.0225079 0.0083333 -0.010135 0.0225952 0.0082695 -0.0096 0.0226249 0.0083333 -0.009065 0.0225952 0.0085205 -0.0085665 0.0225079 0.009658 -0.0115966 0.0219775 0.009658 -0.0076034 0.0219775 0.008149 -0.0134105 0.0226811 0.0073231 -0.0127113 0.0230663 0.0066893 -0.0118 0.0233618 0.006291 -0.0107388 0.0235475 0.0061551 -0.0096 0.0236109 0.0064094 -0.0096 0.0241562 0.006291 -0.0084612 0.0235475 0.0101428 -0.011667 0.0217514 0.0073958 -0.011667 0.0158604 0.0073958 -0.011667 0.0158603 0.0091107 -0.0138501 0.0222327 0.0101428 -0.007533 0.0217514 0.0101428 -0.014 0.0217514 0.0106277 -0.0076034 0.0215253 0.0087279 -0.0078099 0.0162715 0.0110795 -0.0078099 0.0213146 0.0114675 -0.0081384 0.0211337 0.0117652 -0.0085665 0.0209949 0.0117652 -0.0106335 0.0209949 0.0114675 -0.0110616 0.0211337 0.0110795 -0.0113901 0.0213146 0.0106277 -0.0115966 0.0215253 0.0087481 -0.0078398 0.0162227 0.0087958 -0.0079905 0.0158604 0.0080958 -0.0078969 0.014648 0.0079409 -0.0078099 0.0145838 0 -0.0007 0.025 0.0009899 -0.00195 0.01651 0.0012124 -0.00195 0.0168 0.0007 -0.00195 0.0162876 0.0003623 -0.00195 0.0161477 0 -0.00195 0.0161 0.0014 -0.00195 0.0175 0.0013523 -0.00195 0.0171377 0.0013523 -0.0080545 0.0171377 0.0014 -0.0080912 0.0175 0.0009899 -0.0077919 0.01651 0.0007 -0.0076718 0.0162876 0.000535 -0.0076034 0.0162192 0.0003623 -0.0075807 0.0161477 0 -0.007533 0.0161 0 -0.007533 0.0189 0 -0.00195 0.0189 0.0003623 -0.00195 0.0188523 0.0003623 -0.0075807 0.0188523 0.0007 -0.00195 0.0187124 0.0007 -0.0076718 0.0187124 0.000535 -0.0076034 0.0187808 0.0009899 -0.00195 0.01849 0.0009899 -0.0077919 0.01849 0.0012124 -0.00195 0.0182 0.0013523 -0.00195 0.0178623 0.0013523 -0.0080545 0.0178623 0 -0.0052 0.025 0 -0.0052 0.024 0.0011388 -0.0053499 0.024 0.0011388 -0.0053499 0.0248501 0.0022 -0.0057895 0.024 0.0022 -0.0057895 0.0247104 0.0031113 -0.0064887 0.024 0.0031113 -0.0064887 0.0245904 0.0038105 -0.0074 0.024 0.0038105 -0.0074 0.0244983 0 -0.0012 0.00966 0.0003993 -0.0081097 0.0134474 0 -0.007966 0.0135 0.0042501 -0.0084612 0.0244405 0.0044 -0.0096 0.0244207 0.0042501 -0.0107388 0.0244405 0.0038105 -0.0118 0.0244983 0.0031113 -0.0127113 0.0245904 0.0022 -0.0134105 0.0247104 0.0011388 -0.0138501 0.0248501 0 -0.014 0.025 0 -0.0203 0.025 0.000535 -0.0076034 0.024 0 -0.007533 0.024 0.0010335 -0.0078099 0.024 0.0010335 -0.0078099 0.0184332 0.0014616 -0.0081384 0.024 0.0012124 -0.0079472 0.0182 0.0014616 -0.0081384 0.01375 0.0010335 -0.0078099 0.01375 0.0012124 -0.0079472 0.0168 0.0010335 -0.0078099 0.0165668 0.0017901 -0.0085665 0.01375 0.0017901 -0.0085665 0.024 0.0017901 -0.0106335 0.024 0.0017901 -0.0106335 0.01375 0.0014616 -0.0110616 0.01375 0.0014616 -0.0110616 0.024 0.0010335 -0.0113901 0.01375 0.0010335 -0.0113901 0.024 0.0022 -0.0134105 0.024 0.0011388 -0.0138501 0.024 0 -0.014 0.024 0.0019966 -0.009065 0.01375 0.0019966 -0.009065 0.024 0.0042501 -0.0084612 0.024 0.002067 -0.0096 0.01375 0.002067 -0.0096 0.024 0.0019966 -0.010135 0.01375 0.0019966 -0.010135 0.024 0.0042501 -0.0107388 0.024 0.0038105 -0.0118 0.024 0.0031113 -0.0127113 0.024 0.0044 -0.0096 0.024 0.000535 -0.0076034 0.01375 0.000535 -0.0115966 0.01375 0.000535 -0.0115966 0.024 0 -0.007533 0.01375 0 -0.0096 0.0125566 0 -0.011667 0.01375 0 -0.011667 0.024 -0.0064705 -0.0007 0.0241481 -0.0061834 -0.00195 0.0165604 -0.0064059 -0.00195 0.0168503 -0.0012124 -0.00195 0.0182 -0.0013523 -0.00195 0.0178623 -0.0009899 -0.00195 0.01849 -0.0007 -0.00195 0.0187124 -0.0003623 -0.00195 0.0188523 -0.0031113 -0.0064887 0.0245904 -0.0031113 -0.0064887 0.024 -0.0022 -0.0057895 0.024 -0.0022 -0.0057895 0.0247104 -0.0011388 -0.0053499 0.024 -0.0011388 -0.0053499 0.0248501 -0.0060435 -0.00195 0.0162227 -0.0014 -0.0080912 0.0175 -0.0014 -0.00195 0.0175 -0.0013523 -0.0080545 0.0178623 -0.0012124 -0.0079472 0.0182 -0.0009899 -0.0077919 0.01849 -0.0010335 -0.0078099 0.0184332 -0.0007 -0.0076718 0.0187124 -0.0003623 -0.0075807 0.0188523 -0.000535 -0.0076034 0.0187808 -0.0013523 -0.00195 0.0171377 -0.0013523 -0.0080545 0.0171377 -0.0059958 -0.00195 0.0158604 -0.0003623 -0.00195 0.0161477 -0.0003623 -0.0075807 0.0161477 -0.0007 -0.00195 0.0162876 -0.0007 -0.0076718 0.0162876 -0.000535 -0.0076034 0.0162192 -0.0009899 -0.00195 0.01651 -0.0009899 -0.0077919 0.01651 -0.0012124 -0.00195 0.0168 -0.0012124 -0.0079472 0.0168 -0.0010335 -0.0078099 0.0165668 -0.0060435 -0.00195 0.0154981 -0.0025002 -0.0012 0.0093308 -0.0003993 -0.0081097 0.0134474 -0.0064094 -0.0096 0.0241562 -0.0038105 -0.0074 0.0244983 -0.0064705 -0.0100466 0.0241481 -0.0038105 -0.0118 0.0244983 -0.0042501 -0.0107388 0.0244405 -0.0044 -0.0096 0.0244207 -0.0042501 -0.0084612 0.0244405 -0.0011388 -0.0138501 0.0248501 -0.0022 -0.0134105 0.0247104 -0.0031113 -0.0127113 0.0245904 -0.0064705 -0.0203 0.0241481 -0.0064705 -0.0091534 0.0241481 -0.0066893 -0.0074 0.0233618 -0.006291 -0.0084612 0.0235475 -0.0065548 -0.0084612 0.0241132 -0.0069612 -0.0074 0.0239449 -0.0010335 -0.0078099 0.024 -0.000535 -0.0076034 0.024 -0.0061551 -0.0096 0.0236109 -0.006291 -0.0107388 0.0235475 -0.0065548 -0.0107388 0.0241132 -0.0066893 -0.0118 0.0233618 -0.0069612 -0.0118 0.0239449 -0.0044 -0.0096 0.024 -0.0042501 -0.0084612 0.024 -0.0038105 -0.0074 0.024 -0.0038105 -0.0118 0.024 -0.0031113 -0.0127113 0.024 -0.0042501 -0.0107388 0.024 -0.0017901 -0.0085665 0.024 -0.0014616 -0.0081384 0.024 -0.0014616 -0.0110616 0.024 -0.0017901 -0.0106335 0.024 -0.0011388 -0.0138501 0.024 -0.0019966 -0.010135 0.024 -0.0022 -0.0134105 0.024 -0.002067 -0.0096 0.024 -0.0019966 -0.009065 0.024 -0.000535 -0.0115966 0.024 -0.0010335 -0.0113901 0.024 -0.000535 -0.0115966 0.01375 -0.0010335 -0.0113901 0.01375 -0.0014616 -0.0110616 0.01375 -0.0017901 -0.0106335 0.01375 -0.0014616 -0.0081384 0.01375 -0.0017901 -0.0085665 0.01375 -0.0010335 -0.0078099 0.01375 -0.000535 -0.0076034 0.01375 -0.0019966 -0.010135 0.01375 -0.002067 -0.0096 0.01375 -0.0019966 -0.009065 0.01375 -0.0125 -0.0007 0.0216506 -0.0077581 -0.00195 0.0145081 -0.0077581 -0.0077546 0.0145081 -0.0073958 -0.0076269 0.0144604 -0.0073958 -0.00195 0.0144604 -0.0080958 -0.00195 0.014648 -0.0080958 -0.0078969 0.014648 -0.0079409 -0.0078099 0.0145838 -0.0083857 -0.00195 0.0148705 -0.0083857 -0.0080263 0.0148705 -0.0086082 -0.00195 0.0151604 -0.0086082 -0.008087 0.0151604 -0.0087481 -0.00195 0.0154981 -0.0087481 -0.0080748 0.0154981 -0.0087958 -0.00195 0.0158604 -0.0087958 -0.0079905 0.0158604 -0.0087481 -0.00195 0.0162227 -0.0087481 -0.0078398 0.0162227 -0.0086082 -0.00195 0.0165604 -0.0086082 -0.0077144 0.0165604 -0.0087279 -0.0078099 0.0162715 -0.0083857 -0.00195 0.0168503 -0.0083857 -0.007596 0.0168503 -0.0084243 -0.0076034 0.0168001 -0.0080958 -0.00195 0.0170728 -0.0080958 -0.0075491 0.0170728 -0.0121367 -0.0057895 0.0208216 -0.0111749 -0.0053499 0.0212701 -0.0115382 -0.0053499 0.022049 -0.0125 -0.0057807 0.0216506 -0.0125172 -0.0057895 0.0216375 -0.0101428 -0.0052 0.0217514 -0.010485 -0.0052 0.0224853 -0.0077581 -0.00195 0.0172127 -0.0077581 -0.007565 0.0172127 -0.007983 -0.007533 0.0171196 -0.0091107 -0.0053499 0.0222327 -0.0094319 -0.0053499 0.0229215 -0.0084506 -0.0057895 0.023328 -0.008149 -0.0057895 0.0226811 -0.0073958 -0.00195 0.0172604 -0.0073231 -0.0064887 0.0230663 -0.0076079 -0.0064887 0.023677 -0.0073958 -0.0076269 0.0172604 -0.0070335 -0.00195 0.0172127 -0.0070335 -0.0077546 0.0172127 -0.0066958 -0.00195 0.0170728 -0.0064059 -0.0080264 0.0168503 -0.0061834 -0.0080871 0.0165604 -0.0060435 -0.0080748 0.0162227 -0.0061834 -0.00195 0.0151604 -0.0064059 -0.00195 0.0148705 -0.0064059 -0.007596 0.0148705 -0.0063673 -0.0076034 0.0149207 -0.0061834 -0.0077145 0.0151604 -0.0066958 -0.00195 0.014648 -0.0066958 -0.0075491 0.014648 -0.0068087 -0.007533 0.0146012 -0.0070335 -0.00195 0.0145081 -0.0070335 -0.007565 0.0145081 -0.0073369 -0.0076034 0.0144682 -0.00483 -0.0012 0.0083658 -0.0056619 -0.008144 0.012142 -0.0060174 -0.0081655 0.0119948 -0.0076079 -0.0127113 0.023677 -0.0084506 -0.0134105 0.023328 -0.0094319 -0.0138501 0.0229215 -0.010485 -0.014 0.0224853 -0.0115382 -0.0138501 0.022049 -0.0125 -0.0134193 0.0216506 -0.0125 -0.0203 0.0216506 -0.0110795 -0.0113901 0.0213146 -0.0067477 -0.0113901 0.012025 -0.0071357 -0.0110616 0.011844 -0.0114675 -0.0110616 0.0211337 -0.0114675 -0.0081384 0.0211337 -0.0071357 -0.0081384 0.011844 -0.0110795 -0.0078099 0.0213146 -0.0067477 -0.0078099 0.012025 -0.0074334 -0.0106335 0.0117052 -0.0117652 -0.0106335 0.0209949 -0.0117652 -0.0085665 0.0209949 -0.0074334 -0.0085665 0.0117052 -0.0106277 -0.0076034 0.0215253 -0.0076205 -0.010135 0.011618 -0.0119523 -0.010135 0.0209076 -0.0076843 -0.0096 0.0115882 -0.0120162 -0.0096 0.0208778 -0.0076205 -0.009065 0.011618 -0.0119523 -0.009065 0.0209076 -0.0101428 -0.007533 0.0217514 -0.0101428 -0.014 0.0217514 -0.0111749 -0.0138501 0.0212701 -0.0121367 -0.0134105 0.0208216 -0.0125172 -0.0134105 0.0216375 -0.0074548 -0.0076034 0.0172526 -0.009658 -0.0076034 0.0219775 -0.0068508 -0.0078099 0.017137 -0.0092062 -0.0078099 0.0221882 -0.0088182 -0.0081384 0.0223691 -0.0066958 -0.0078969 0.0170728 -0.0044864 -0.0081384 0.0130794 -0.0059958 -0.0079905 0.0158604 -0.0060435 -0.0078398 0.0154981 -0.0060637 -0.0078099 0.0154492 -0.0048743 -0.0078099 0.0128985 -0.0088182 -0.0110616 0.0223691 -0.0044864 -0.0110616 0.0130794 -0.0048743 -0.0113901 0.0128985 -0.0092062 -0.0113901 0.0221882 -0.008149 -0.0134105 0.0226811 -0.0091107 -0.0138501 0.0222327 -0.0041886 -0.0085665 0.0132183 -0.0085205 -0.0085665 0.0225079 -0.0040015 -0.009065 0.0133055 -0.0083333 -0.009065 0.0225952 -0.0039377 -0.0096 0.0133353 -0.0082695 -0.0096 0.0226249 -0.0040015 -0.010135 0.0133055 -0.0083333 -0.010135 0.0225952 -0.0041886 -0.0106335 0.0132183 -0.0085205 -0.0106335 0.0225079 -0.0073231 -0.0127113 0.0230663 -0.0053261 -0.0076034 0.0126878 -0.0053261 -0.0115966 0.0126878 -0.009658 -0.0115966 0.0219775 -0.005811 -0.007533 0.0124617 -0.0053067 -0.0096 0.0113802 -0.0073958 -0.011667 0.0158603 -0.0073958 -0.011667 0.0158604 -0.0101428 -0.011667 0.0217514 -0.005811 -0.011667 0.0124617 -0.0106277 -0.0115966 0.0215253 -0.0062959 -0.0115966 0.0122356 -0.0062959 -0.0076034 0.0122356 -0.0176777 -0.0007 0.0176777 -0.0141831 -0.0084612 0.0203592 -0.0138259 -0.0074 0.0206333 -0.0132577 -0.0064887 0.0210693 -0.0132577 -0.0127113 0.0210693 -0.0138259 -0.0118 0.0206333 -0.0141831 -0.0107388 0.0203592 -0.0143049 -0.0096 0.0202657 -0.0176777 -0.0203 0.0176777 -0.0141306 -0.0096 0.0198919 -0.0139947 -0.0107388 0.0199552 -0.0139947 -0.0084612 0.0199552 -0.0135963 -0.0118 0.020141 -0.0135963 -0.0074 0.020141 -0.0129626 -0.0127113 0.0204365 -0.0129626 -0.0064887 0.0204365 -0.0068307 -0.0012 0.0068307 -0.0216506 -0.0007 0.0125 -0.0216506 -0.0203 0.0125 -0.0083658 -0.0012 0.00483 -0.0241481 -0.0007 0.0064705 -0.0241481 -0.0203 0.0064705 -0.0093308 -0.0012 0.0025002 -0.025 -0.0007 0 -0.025 -0.0203 0 -0.00966 -0.0012 0 -0.0244 -0.0006022 -0.0038144 -0.0244864 -0.0007 -0.0039008 -0.0244864 -0.003199 -0.0039008 -0.0241481 -0.003199 -0.0064705 -0.0241481 -0.0203 -0.0064705 -0.022 -0.003199 -0.0052 -0.0222144 -0.003199 -0.006 -0.0228 -0.003199 -0.0065856 -0.0236 -0.003199 -0.0068 -0.024063 -0.003199 -0.0066759 -0.0244 -0.003199 -0.0038144 -0.0236 -0.003199 -0.0036 -0.0228 -0.003199 -0.0038144 -0.0222144 -0.003199 -0.0044 -0.0093308 -0.0012 -0.0025002 -0.0216506 -0.0007 -0.0125 -0.024063 -0.0007 -0.0066759 -0.0236 -0.0003164 -0.0068 -0.0216506 -0.0203 -0.0125 -0.0083658 -0.0012 -0.00483 -0.0176777 -0.0007 -0.0176777 -0.0176777 -0.0203 -0.0176777 -0.0068307 -0.0012 -0.0068307 -0.0125 -0.0007 -0.0216506 -0.0086082 -0.00195 -0.0165604 -0.0083857 -0.00195 -0.0168503 -0.0111749 -0.0053499 -0.0212701 -0.0121367 -0.0057895 -0.0208216 -0.0125172 -0.0057895 -0.0216375 -0.0125 -0.0057807 -0.0216506 -0.0115382 -0.0053499 -0.022049 -0.0132577 -0.0064887 -0.0210693 -0.0129626 -0.0064887 -0.0204365 -0.0135963 -0.0074 -0.020141 -0.0138259 -0.0074 -0.0206333 -0.0087481 -0.00195 -0.0162227 -0.0087958 -0.00195 -0.0158604 -0.0087481 -0.00195 -0.0154981 -0.0086082 -0.00195 -0.0151604 -0.0083857 -0.00195 -0.0148705 -0.0080958 -0.00195 -0.014648 -0.0077581 -0.00195 -0.0145081 -0.0073958 -0.00195 -0.0144604 -0.0070335 -0.00195 -0.0145081 -0.00483 -0.0012 -0.0083658 -0.0125 -0.0203 -0.0216506 -0.0141831 -0.0107388 -0.0203592 -0.0138259 -0.0118 -0.0206333 -0.0132577 -0.0127113 -0.0210693 -0.0125172 -0.0134105 -0.0216375 -0.0125 -0.0134193 -0.0216506 -0.0141831 -0.0084612 -0.0203592 -0.0143049 -0.0096 -0.0202657 -0.0053067 -0.0096 -0.0113802 -0.0071357 -0.0081384 -0.011844 -0.0067477 -0.0078099 -0.012025 -0.0074334 -0.0085665 -0.0117052 -0.0139947 -0.0084612 -0.0199552 -0.0076205 -0.009065 -0.011618 -0.0076843 -0.0096 -0.0115882 -0.0120162 -0.0096 -0.0208778 -0.0119523 -0.009065 -0.0209076 -0.0141306 -0.0096 -0.0198919 -0.0076205 -0.010135 -0.011618 -0.0119523 -0.010135 -0.0209076 -0.0139947 -0.0107388 -0.0199552 -0.0135963 -0.0118 -0.020141 -0.0074334 -0.0106335 -0.0117052 -0.0129626 -0.0127113 -0.0204365 -0.0071357 -0.0110616 -0.011844 -0.0121367 -0.0134105 -0.0208216 -0.0067477 -0.0113901 -0.012025 -0.0111749 -0.0138501 -0.0212701 -0.0115382 -0.0138501 -0.022049 -0.0064705 -0.0007 -0.0241481 -0.0064705 -0.0091534 -0.0241481 -0.0065548 -0.0084612 -0.0241132 -0.0069612 -0.0074 -0.0239449 -0.0076079 -0.0064887 -0.023677 -0.0084506 -0.0057895 -0.023328 -0.0094319 -0.0053499 -0.0229215 -0.010485 -0.0052 -0.0224853 -0.0074548 -0.0076034 -0.0172526 -0.0073958 -0.0076269 -0.0172604 -0.0073958 -0.00195 -0.0172604 -0.0077581 -0.00195 -0.0172127 -0.0077581 -0.007565 -0.0172127 -0.0073231 -0.0064887 -0.0230663 -0.0066893 -0.0074 -0.0233618 -0.008149 -0.0057895 -0.0226811 -0.0091107 -0.0053499 -0.0222327 -0.007983 -0.007533 -0.0171196 -0.0080958 -0.00195 -0.0170728 -0.0080958 -0.0075491 -0.0170728 -0.0101428 -0.0052 -0.0217514 -0.0083857 -0.007596 -0.0168503 -0.0086082 -0.0077144 -0.0165604 -0.0084243 -0.0076034 -0.0168001 -0.0086082 -0.008087 -0.0151604 -0.0087481 -0.0080748 -0.0154981 -0.0083857 -0.0080263 -0.0148705 -0.0073958 -0.0076269 -0.0144604 -0.0077581 -0.0077546 -0.0145081 -0.0066958 -0.00195 -0.014648 -0.0066958 -0.0075491 -0.014648 -0.0068087 -0.007533 -0.0146012 -0.0070335 -0.007565 -0.0145081 -0.0064059 -0.00195 -0.0148705 -0.0064059 -0.007596 -0.0148705 -0.0061834 -0.00195 -0.0151604 -0.0061834 -0.0077145 -0.0151604 -0.0063673 -0.0076034 -0.0149207 -0.0060435 -0.00195 -0.0154981 -0.0060435 -0.0078398 -0.0154981 -0.0060637 -0.0078099 -0.0154492 -0.0059958 -0.00195 -0.0158604 -0.0059958 -0.0079905 -0.0158604 -0.0060435 -0.00195 -0.0162227 -0.0060435 -0.0080748 -0.0162227 -0.0061834 -0.00195 -0.0165604 -0.0061834 -0.0080871 -0.0165604 -0.0064059 -0.00195 -0.0168503 -0.0064059 -0.0080264 -0.0168503 -0.0066958 -0.00195 -0.0170728 -0.0066958 -0.0078969 -0.0170728 -0.0070335 -0.00195 -0.0172127 -0.0070335 -0.0077546 -0.0172127 -0.0068508 -0.0078099 -0.017137 -0.0025002 -0.0012 -0.0093308 -0.0060174 -0.0081655 -0.0119948 -0.0056619 -0.008144 -0.012142 -0.0064705 -0.0203 -0.0241481 -0.010485 -0.014 -0.0224853 -0.0094319 -0.0138501 -0.0229215 -0.0084506 -0.0134105 -0.023328 -0.0076079 -0.0127113 -0.023677 -0.0069612 -0.0118 -0.0239449 -0.0065548 -0.0107388 -0.0241132 -0.0064705 -0.0100466 -0.0241481 -0.0091107 -0.0138501 -0.0222327 -0.008149 -0.0134105 -0.0226811 -0.0073231 -0.0127113 -0.0230663 -0.0066893 -0.0118 -0.0233618 -0.009658 -0.0076034 -0.0219775 -0.0101428 -0.007533 -0.0217514 -0.0101428 -0.014 -0.0217514 -0.0106277 -0.0076034 -0.0215253 -0.0087279 -0.0078099 -0.0162715 -0.0110795 -0.0078099 -0.0213146 -0.0061551 -0.0096 -0.0236109 -0.006291 -0.0107388 -0.0235475 -0.006291 -0.0084612 -0.0235475 -0.0082695 -0.0096 -0.0226249 -0.0083333 -0.009065 -0.0225952 -0.0088182 -0.0110616 -0.0223691 -0.0085205 -0.0106335 -0.0225079 -0.0083333 -0.010135 -0.0225952 -0.0106277 -0.0115966 -0.0215253 -0.0101428 -0.011667 -0.0217514 -0.009658 -0.0115966 -0.0219775 -0.0092062 -0.0113901 -0.0221882 -0.0117652 -0.0106335 -0.0209949 -0.0114675 -0.0110616 -0.0211337 -0.0110795 -0.0113901 -0.0213146 -0.0114675 -0.0081384 -0.0211337 -0.0117652 -0.0085665 -0.0209949 -0.0085205 -0.0085665 -0.0225079 -0.0088182 -0.0081384 -0.0223691 -0.0092062 -0.0078099 -0.0221882 -0.0080958 -0.0078969 -0.014648 -0.0079409 -0.0078099 -0.0145838 -0.0087481 -0.0078398 -0.0162227 -0.0087958 -0.0079905 -0.0158604 -0.0073369 -0.0076034 -0.0144682 -0.0062959 -0.0076034 -0.0122356 -0.0062959 -0.0115966 -0.0122356 -0.005811 -0.007533 -0.0124617 -0.005811 -0.011667 -0.0124617 -0.0073958 -0.011667 -0.0158603 -0.0073958 -0.011667 -0.0158604 -0.0053261 -0.0115966 -0.0126878 -0.0053261 -0.0076034 -0.0126878 -0.0048743 -0.0113901 -0.0128985 -0.0044864 -0.0110616 -0.0130794 -0.0041886 -0.0106335 -0.0132183 -0.0040015 -0.010135 -0.0133055 -0.0039377 -0.0096 -0.0133353 -0.0040015 -0.009065 -0.0133055 -0.0041886 -0.0085665 -0.0132183 -0.0044864 -0.0081384 -0.0130794 -0.0048743 -0.0078099 -0.0128985 -0.0064094 -0.0096 -0.0241562 -0.0009899 -0.00195 -0.01651 -0.0012124 -0.00195 -0.0168 -0.0007 -0.00195 -0.0162876 -0.0003623 -0.00195 -0.0161477 -0.0013523 -0.00195 -0.0171377 -0.0013523 -0.0080545 -0.0171377 -0.0014 -0.0080912 -0.0175 -0.0014 -0.00195 -0.0175 -0.0009899 -0.0077919 -0.01651 -0.0007 -0.0076718 -0.0162876 -0.0003623 -0.0075807 -0.0161477 -0.000535 -0.0076034 -0.0162192 -0.0003623 -0.00195 -0.0188523 -0.0003623 -0.0075807 -0.0188523 -0.000535 -0.0076034 -0.0187808 -0.0007 -0.00195 -0.0187124 -0.0007 -0.0076718 -0.0187124 -0.0009899 -0.00195 -0.01849 -0.0009899 -0.0077919 -0.01849 -0.0012124 -0.00195 -0.0182 -0.0013523 -0.00195 -0.0178623 -0.0013523 -0.0080545 -0.0178623 -0.0011388 -0.0053499 -0.0248501 -0.0011388 -0.0053499 -0.024 -0.0022 -0.0057895 -0.0247104 -0.0022 -0.0057895 -0.024 -0.0031113 -0.0064887 -0.0245904 -0.0031113 -0.0064887 -0.024 -0.0038105 -0.0074 -0.024 -0.0038105 -0.0074 -0.0244983 -0.0003993 -0.0081097 -0.0134474 -0.0038105 -0.0118 -0.0244983 -0.0031113 -0.0127113 -0.0245904 -0.0022 -0.0134105 -0.0247104 -0.0011388 -0.0138501 -0.0248501 -0.0042501 -0.0084612 -0.0244405 -0.0044 -0.0096 -0.0244207 -0.0042501 -0.0107388 -0.0244405 -0.0012124 -0.0079472 -0.0168 -0.0010335 -0.0078099 -0.0165668 -0.000535 -0.0076034 -0.01375 -0.0010335 -0.0078099 -0.01375 -0.0014616 -0.0081384 -0.01375 -0.0017901 -0.0085665 -0.01375 -0.0019966 -0.009065 -0.01375 -0.002067 -0.0096 -0.01375 -0.0019966 -0.010135 -0.01375 -0.0017901 -0.0106335 -0.01375 -0.0014616 -0.0110616 -0.01375 -0.0010335 -0.0113901 -0.01375 -0.000535 -0.0115966 -0.01375 -0.000535 -0.0076034 -0.024 -0.0010335 -0.0078099 -0.024 -0.0010335 -0.0078099 -0.0184332 -0.0014616 -0.0081384 -0.024 -0.0012124 -0.0079472 -0.0182 -0.0017901 -0.0085665 -0.024 -0.0017901 -0.0106335 -0.024 -0.0014616 -0.0110616 -0.024 -0.0011388 -0.0138501 -0.024 -0.0010335 -0.0113901 -0.024 -0.000535 -0.0115966 -0.024 -0.0019966 -0.009065 -0.024 -0.002067 -0.0096 -0.024 -0.0022 -0.0134105 -0.024 -0.0019966 -0.010135 -0.024 -0.0044 -0.0096 -0.024 -0.0042501 -0.0084612 -0.024 -0.0042501 -0.0107388 -0.024 -0.0038105 -0.0118 -0.024 -0.0031113 -0.0127113 -0.024 0.0151472 -0.0388 -0.01 0.0151472 -0.0388 0.01 0.0151472 -0.0328 0.01 0.0151472 -0.0328 -0.01 0.0351472 -0.0328 0.01 0.0351472 -0.0328 -0.01 0.0351472 -0.0388 0.01 0.0351472 -0.0388 -0.01 0 -0.0208 0.025 0 -0.0508 0.025 0.00487726 -0.0508 0.0245196 0.00487726 -0.0208 0.0245196 0.00956709 -0.0508 0.023097 0.00956709 -0.0208 0.023097 0.0138893 -0.0508 0.0207867 0.0138893 -0.0208 0.0207867 0.0176777 -0.0508 0.0176777 0.0176777 -0.0208 0.0176777 0.0207867 -0.0508 0.0138893 0.0207867 -0.0208 0.0138893 0.023097 -0.0508 0.00956709 0.023097 -0.0208 0.00956709 0.0245196 -0.0508 0.00487726 0.0245196 -0.0208 0.00487726 0.025 -0.0508 -5.08076e-10 0.025 -0.0208 8.03266e-10 0.0245196 -0.0508 -0.00487726 0.0245196 -0.0208 -0.00487726 0.023097 -0.0508 -0.00956709 0.023097 -0.0208 -0.00956709 0.0207867 -0.0508 -0.0138893 0.0207867 -0.0208 -0.0138893 0.0176777 -0.0508 -0.0176777 0.0176777 -0.0208 -0.0176777 0.0138893 -0.0508 -0.0207867 0.0138893 -0.0208 -0.0207867 0.00956709 -0.0508 -0.023097 0.00956709 -0.0208 -0.023097 0.00487726 -0.0508 -0.0245196 0.00487726 -0.0208 -0.0245196 0 -0.0508 -0.025 0 -0.0208 -0.025 -0.00487726 -0.0508 -0.0245196 -0.00487726 -0.0208 -0.0245196 -0.00956708 -0.0508 -0.023097 -0.00956708 -0.0208 -0.023097 -0.0138893 -0.0508 -0.0207867 -0.0138893 -0.0208 -0.0207867 -0.0176777 -0.0508 -0.0176777 -0.0176777 -0.0208 -0.0176777 -0.0207867 -0.0508 -0.0138893 -0.0207867 -0.0208 -0.0138893 -0.023097 -0.0508 -0.00956709 -0.023097 -0.0208 -0.00956709 -0.0245196 -0.0508 -0.00487726 -0.0245196 -0.0208 -0.00487726 -0.025 -0.0508 -5.08076e-10 -0.025 -0.0208 8.03266e-10 -0.0245196 -0.0508 0.00487726 -0.0245196 -0.0208 0.00487726 -0.023097 -0.0508 0.00956709 -0.023097 -0.0208 0.00956709 -0.0207867 -0.0508 0.0138893 -0.0207867 -0.0208 0.0138893 -0.0176777 -0.0508 0.0176777 -0.0176777 -0.0208 0.0176777 -0.0138893 -0.0508 0.0207867 -0.0138893 -0.0208 0.0207867 -0.00956708 -0.0508 0.023097 -0.00956708 -0.0208 0.023097 -0.00487726 -0.0508 0.0245196 -0.00487726 -0.0208 0.0245196 -0.035 -0.0388 -0.01 -0.035 -0.0388 0.01 -0.035 -0.0328 0.01 -0.035 -0.0328 -0.01 -0.015 -0.0328 0.01 -0.015 -0.0328 -0.01 -0.015 -0.0388 0.01 -0.015 -0.0388 -0.01</float_array>
                    <technique_common>
                        <accessor count="1917" source="#shape0-lib-positions-array" stride="3">
                            <param name="X" type="float"/>
                            <param name="Y" type="float"/>
                            <param name="Z" type="float"/>
                        </accessor>
                    </technique_common>
                </source>
                <source id="shape0-lib-normals" name="normal">
                    <float_array id="shape0-lib-normals-array" count="11682">0 1 0 0 1 0 0 1 0 0 1 0 0 1 0 0 1 0 0 1 0 0 1 0 0 1 0 0 1 0 0 1 0 0 1 0 0 1 0 0 1 0 0 1 0 0 1 0 0 1 0 0 1 0 0 1 0 0 1 0 0 1 0 0 1 0 0 1 0 0 1 0 0 1 0 0 1 0 0 1 0 0 1 0 0 1 0 0 1 0 0 1 0 0 1 0 0 1 0 0 1 0 0 1 0 0 1 0 0 1 0 0 1 0 0 1 0 0 1 0 0 1 0 0 1 0 0 1 0 0 1 0 0 1 0 0 1 0 0 1 0 0 1 0 0 1 0 0 1 0 0 1 0 0 1 0 0 1 0 0 1 0 0 1 0 0 1 0 0 1 0 0 1 0 0 1 0 0 1 0 0 1 0 0 1 0 0 1 0 0 1 0 0 1 0 0 1 0 0 1 0 0 1 0 0 1 0 0 1 0 0 1 0 0 1 0 0 1 0 0 1 0 0 1 0 0 1 0 0 1 0 0 1 0 0 1 0 0 1 0 0 1 0 0 1 0 0 1 0 0 1 0 0 1 0 0 1 0 0 1 0 0 1 0 0 1 0 0 1 0 0 1 0 0 1 0 0 1 0 0 1 0 0 1 0 0 1 0 0 1 0 0 1 0 0 1 0 0 1 0 0 1 0 0 1 0 0 1 0 0 1 0 0 1 0 0 1 0 0 1 0 0 1 0 0 1 0 0 1 0 0 1 0 0 1 0 0 1 0 0 1 0 0 1 0 0 1 0 0 1 0 0 1 0 0 1 0 0 1 0 0 1 0 0 1 0 0 1 0 0 1 0 0 1 0 0 1 0 0 1 0 0 1 0 0 1 0 0 1 0 0 1 0 0 1 0 0 1 0 0 1 0 0 1 0 0 1 0 0 1 0 0 1 0 0 1 0 0 1 0 0 1 0 0 1 0 0 1 0 0 1 0 0 1 0 0 1 0 0 1 0 0 1 0 0 1 0 0 1 0 0 1 0 0 1 0 0 1 0 0 1 0 0 1 0 0 1 0 0 1 0 0 1 0 0 1 0 0 1 0 0 1 0 0 1 0 0 1 0 0 1 0 0 1 0 0 1 0 0 1 0 0 1 0 0 1 0 0 1 0 0 1 0 0 1 0 0 1 0 0 1 0 0 1 0 0 1 0 0 1 0 0 1 0 0 1 0 0 1 0 0 1 0 0 1 0 0 1 0 0 1 0 0 1 0 0 1 0 0 1 0 0 1 0 0 1 0 0 1 0 0 1 0 0 1 0 0 1 0 0 1 0 0 1 0 0 1 0 0 1 0 0 1 0 0 1 0 0 1 0 0 1 0 0 1 0 0 1 0 0 1 0 0 1 0 0 1 0 0 1 0 0 1 0 0 1 0 0 1 0 0 1 0 0 1 0 0 1 0 0 1 0 0 1 0 0 1 0 0 1 0 0 1 0 0 1 0 0 1 0 0 1 0 0 1 0 0 1 0 0 1 0 0 1 0 0 1 0 0 1 0 0 1 0 0 1 0 0 1 0 0 1 0 0 1 0 0 1 0 0 1 0 0 1 0 0 1 0 0 1 0 0 1 0 0 1 0 0 1 0 0 1 0 0 1 0 0 1 0 0 1 0 0 1 0 0 1 0 0 1 0 0 1 0 0 1 0 0 1 0 0 1 0 0 1 0 0 1 0 0 1 0 0 1 0 0 1 0 0 1 0 0 1 0 0 1 0 0 1 0 0 1 0 0 1 0 0 1 0 0 1 0 0 1 0 0 1 0 0 1 0 0 1 0 0 1 0 0 1 0 0 1 0 0 1 0 0 1 0 0 1 0 0 1 0 0 1 0 0 1 0 0 1 0 0 1 0 0 1 0 0 1 0 0 1 0 0 1 0 0 1 0 0 1 0 0 1 0 0 1 0 0 1 0 0 1 0 0 1 0 0 1 0 0 1 0 0 1 0 0 1 0 0 1 0 0 1 0 0 1 0 0 1 0 0 1 0 0 1 0 0 1 0 0 1 0 0 1 0 0 1 0 0 1 0 0 1 0 -0.258793 0 -0.965933 -0.258793 0 -0.965933 -0.240079 0.373354 -0.896085 -0.240061 0.373368 -0.896084 -0.134769 0.85368 -0.503058 -0.134847 0.853535 -0.503284 -0.101987 0.919082 -0.380641 -0.102013 0.919074 -0.380653 -0.0349731 0.990831 -0.130499 -0.0349627 0.990832 -0.130498 0.00693901 0.99964 0.0258998 -0.707107 0 -0.707106 -0.707107 0 -0.707106 -0.655974 0.373358 -0.655973 -0.655974 0.373359 -0.655974 -0.368438 0.853526 -0.368438 -0.368433 0.853531 -0.368433 -0.278642 0.919085 -0.278643 -0.278642 0.919085 -0.278643 -0.0955333 0.990831 -0.0955337 -0.0955323 0.990831 -0.0955342 0.0189595 0.999641 0.0189599 -0.965933 0 -0.258793 -0.965933 0 -0.258793 -0.896085 0.373354 -0.240079 -0.896084 0.373368 -0.240061 -0.503063 0.853677 -0.134771 -0.50328 0.853537 -0.134846 -0.380642 0.919081 -0.101987 -0.380653 0.919074 -0.102013 -0.130499 0.990831 -0.0349731 -0.130498 0.990832 -0.0349627 0.0258997 0.999641 0.00693896 -0.965933 0 0.258793 -0.965933 0 0.258793 -0.896081 0.373366 0.240078 -0.89609 0.373352 0.240063 -0.503282 0.853539 0.134829 -0.503055 0.853679 0.134786 -0.380654 0.919076 0.10199 -0.380631 0.919084 0.102007 -0.130498 0.990832 0.0349627 -0.130499 0.990831 0.0349731 0.0258997 0.999641 -0.00693896 -0.707107 0 0.707106 -0.707107 0 0.707106 -0.655974 0.373358 0.655973 -0.655974 0.373359 0.655974 -0.368438 0.853526 0.368438 -0.368433 0.853531 0.368433 -0.278642 0.919085 0.278643 -0.278642 0.919085 0.278643 -0.0955333 0.990831 0.0955337 -0.0955322 0.990831 0.0955342 0.0189595 0.999641 -0.0189599 -0.258793 0 0.965933 -0.258793 0 0.965933 -0.240079 0.373354 0.896085 -0.240061 0.373368 0.896084 -0.134769 0.85368 0.503058 -0.134847 0.853535 0.503284 -0.101987 0.919082 0.380641 -0.102013 0.919074 0.380653 -0.0349731 0.990831 0.130499 -0.0349628 0.990832 0.130498 0.00693901 0.99964 -0.0258998 0.258793 0 0.965933 0.258793 0 0.965933 0.240078 0.373367 0.89608 0.240063 0.373353 0.89609 0.13483 0.853537 0.503285 0.134785 0.853682 0.50305 0.102013 0.919074 0.380653 0.101987 0.919082 0.380641 0.0349628 0.990832 0.130498 0.0349731 0.990831 0.130499 -0.00693901 0.99964 -0.0258998 0.707107 0 0.707106 0.707107 0 0.707106 0.655974 0.373358 0.655973 0.655974 0.373359 0.655974 0.368433 0.853531 0.368433 0.368438 0.853526 0.368438 0.278643 0.919085 0.278642 0.278642 0.919085 0.278642 0.0955339 0.990831 0.0955332 0.0955335 0.990831 0.0955334 -0.0189599 0.999641 -0.0189597 0.965933 0 0.258793 0.965933 0 0.258793 0.896081 0.373366 0.240078 0.89609 0.373352 0.240063 0.503282 0.853539 0.134829 0.503055 0.853679 0.134786 0.380653 0.919074 0.102013 0.380641 0.919082 0.101987 0.130499 0.990832 0.0349729 0.130503 0.990831 0.0349666 -0.0258997 0.999641 -0.00693949 0.965933 0 -0.258793 0.965933 0 -0.258793 0.896085 0.373354 -0.240079 0.896084 0.373368 -0.240061 0.503063 0.853677 -0.134771 0.503281 0.853537 -0.134846 0.380641 0.919082 -0.101987 0.380653 0.919074 -0.102013 0.130499 0.990831 -0.034973 0.130499 0.990832 -0.0349655 -0.0258997 0.999641 0.00693949 -0.544692 0 -0.838636 -0.544692 0 -0.838636 -0.505295 0.373396 -0.77798 -0.50525 0.373337 -0.778037 -0.211783 0.921298 -0.326126 -0.211779 0.921299 -0.326125 -0.0735789 0.990832 -0.113307 -0.0738117 0.990822 -0.113241 0.00641812 0.999931 0.00984659 -0.891002 0 -0.454 -0.891002 0 -0.454 -0.826569 0.373363 -0.421169 -0.826563 0.37333 -0.421211 -0.346475 0.921293 -0.176561 -0.346467 0.921304 -0.17652 -0.120377 0.990832 -0.0613305 -0.12037 0.99083 -0.0613743 0.0104757 0.999931 0.00534133 -0.998631 0 0.0523153 -0.998631 0 0.0523153 -0.926434 0.373316 0.0485331 -0.926419 0.373347 0.0485696 -0.388308 0.921305 0.0203579 -0.388326 0.921298 0.0203372 -0.134918 0.990832 0.00706585 -0.134897 0.990834 0.00712381 0.0117427 0.999931 -0.000620122 -0.838671 0 0.544638 -0.838671 0 0.544638 -0.778029 0.373346 0.505257 -0.778017 0.373358 0.505266 -0.326125 0.921299 0.21178 -0.326126 0.921295 0.211796 -0.113311 0.990833 0.0735619 -0.113306 0.990832 0.0735793 0.00986327 0.999931 -0.00640326 -0.454031 0 0.890986 -0.454031 0 0.890986 -0.421203 0.373335 0.826564 -0.42117 0.373362 0.826569 -0.17654 0.921299 0.34647 -0.17652 0.921304 0.346466 -0.0613308 0.990832 0.120377 -0.0613711 0.99083 0.12037 0.00534114 0.999931 -0.0104759 0.0523927 0 0.998627 0.0523927 0 0.998627 0.0486036 0.373379 0.926405 0.0485655 0.373347 0.92642 0.0203562 0.921305 0.388307 0.0203337 0.921297 0.388327 0.00706458 0.990832 0.134918 0.00710066 0.990833 0.134904 -0.000618057 0.999931 -0.0117424 0.544637 0 0.838672 0.544637 0 0.838672 0.505256 0.373345 0.778029 0.505298 0.373399 0.777976 0.211779 0.921299 0.326125 0.211822 0.921288 0.326129 0.0735609 0.990833 0.113312 0.073579 0.990832 0.113307 -0.006399 0.999931 -0.00985689 0.891002 0 0.454 0.891002 0 0.454 0.826559 0.373392 0.421164 0.826559 0.373392 0.421164 0.346496 0.92129 0.176535 0.346501 0.921285 0.176556 0.12037 0.99083 0.061375 0.120377 0.990832 0.0613305 -0.0104646 0.999931 -0.00533575 0.998631 0 -0.0523112 0.998631 0 -0.0523112 0.926422 0.373347 -0.0485287 0.926408 0.373386 -0.0484806 0.38833 0.921296 -0.020322 0.388341 0.921291 -0.020338 0.134916 0.990832 -0.00706573 0.134929 0.99083 -0.00712009 -0.0117287 0.999931 0.000618906 0.838672 0 -0.544637 0.838672 0 -0.544637 0.778017 0.373382 -0.505248 0.778004 0.373395 -0.505258 0.326127 0.921295 -0.211796 0.326125 0.921299 -0.211779 0.113313 0.990831 -0.0735829 0.113362 0.990838 -0.0734073 -0.00985772 0.999931 0.00638333 0.453969 0 -0.891018 0.453969 0 -0.891018 0.421136 0.373389 -0.826575 0.42117 0.373362 -0.826569 0.176557 0.921295 -0.346474 0.176541 0.921299 -0.346471 0.0609649 0.990846 -0.120447 0.0613441 0.990831 -0.120381 -0.00530613 0.999931 0.0104832 -0.0523153 0 -0.998631 -0.0523153 0 -0.998631 -0.0485312 0.37341 -0.926396 -0.0485649 0.373382 -0.926405 -0.0203569 0.9213 -0.38832 -0.0204073 0.921284 -0.388356 -0.00708986 0.990831 -0.134922 -0.00681671 0.990842 -0.134853 0.000593294 0.999931 0.0117371 0.707107 0 -0.707106 0.707107 0 -0.707106 0.655974 0.373358 -0.655973 0.655974 0.373359 -0.655974 0.368433 0.853531 -0.368433 0.368438 0.853526 -0.368438 0.278643 0.919085 -0.278642 0.278642 0.919085 -0.278642 0.0955339 0.990831 -0.0955332 0.0955335 0.990831 -0.0955334 -0.0189599 0.999641 0.0189597 0.258793 0 -0.965933 0.258793 0 -0.965933 0.240061 0.373368 -0.896084 0.240079 0.373354 -0.896085 0.13483 0.853537 -0.503285 0.134785 0.853682 -0.50305 0.10199 0.919076 -0.380654 0.102007 0.919084 -0.380631 0.0349627 0.990832 -0.130498 0.0349731 0.990831 -0.130499 -0.00693901 0.99964 0.0258998 0 -1 0 0 -1 0 0 -1 0 0 -1 0 0 -1 0 0 -1 0 0 -1 0 0 -1 0 0 -1 0 0 -1 0 0 -1 0 0 -1 0 0 -1 0 0 -1 0 0 -1 0 0 -1 0 0 -1 0 0 -1 0 0 -1 0 0 -1 0 0 -1 0 0 -1 0 0 -1 0 0 -1 0 0 -1 0 0 -1 0 0 -1 0 0 -1 0 0 -1 0 0 -1 0 0 -1 0 0 -1 0 0 -1 0 0 -1 0 0 -1 0 0 -1 0 0 -1 0 0 -1 0 0 -1 0 0 -1 0 0 -1 0 0 -1 0 0 -1 0 0 -1 0 0 -1 0 0 -1 0 0 -1 0 0 -1 0 0 -1 0 0 -1 0 0 -1 0 0 -1 0 0 -1 0 0 -1 0 0 -1 0 0 -1 0 0 -1 0 0 -1 0 0 -1 0 0 -1 0 0 -1 0 0 -1 0 0 -1 0 0 -1 0 0 -1 0 0 -1 0 0 -1 0 0 -1 0 0 -1 0 0 -1 0 0 -1 0 0 -1 0 0 -1 0 0 -1 0 0 -1 0 0 -1 0 0 -1 0 0 -1 0 0 -1 0 0 -1 0 0 -1 0 0 -1 0 0 -1 0 0 -1 0 0 -1 0 0 -1 0 0 -1 0 0 -1 0 0 -1 0 0 -1 0 0 -1 0 0 -1 0 0 -1 0 0 -1 0 0 -1 0 0 -1 0 0 -1 0 0 -1 0 0 -1 0 0 -1 0 0 -1 0 0 -1 0 0 -1 0 0 -1 0 0 -1 0 0 -1 0 0 -1 0 0 -1 0 0 -1 0 0 -1 0 0 -1 0 0 -1 0 0 -1 0 0 -1 0 0 -1 0 0 -1 0 0 -1 0 0 -1 0 0 -1 0 0 -1 0 0 -1 0 0 -1 0 0 -1 0 0 -1 0 0 -1 0 0 -1 0 0 -1 0 0 -1 0 0 -1 0 0 -1 0 0 -1 0 0 -1 0 0 -1 0 0 -1 0 0 -1 0 0 -1 0 0 -1 0 0 -1 0 0 -1 0 0 -1 0 0 -1 0 0 -1 0 0 -1 0 0 -1 0 0 -1 0 0 -1 0 0 -1 0 0 -1 0 0 -1 0 0 -1 0 0 -1 0 0 -1 0 0 -1 0 0 -1 0 0 -1 0 0 -1 0 0 -1 0 0 -1 0 0 -1 0 0 -1 0 0 -1 0 0 -1 0 0 -1 0 0 -1 0 0 -1 0 0 -1 0 0 -1 0 0 -1 0 0 -1 0 0 -1 0 0 -1 0 0 -1 0 0 -1 0 0 -1 0 0 -1 0 0 -1 0 0 -1 0 -0.13052 0 0.991446 -0.13052 0 0.991446 0.0926952 0.704017 -0.704108 0.0926962 0.704062 -0.704063 0.563339 0.704067 0.432365 0.563378 0.704081 0.432292 -0.656056 0.704076 0.271787 -0.656067 0.704072 0.27177 -0.563384 0.704072 0.432297 -0.563412 0.704066 0.432272 -0.432302 0.704064 0.56339 -0.432237 0.704077 0.563425 -0.271787 0.704071 0.65606 -0.271769 0.704074 0.656065 -0.608726 -0.793381 0 -0.608726 -0.793381 0 -0.382711 -0.923868 0 -0.382711 -0.923868 0 -0.0926597 0.704068 0.704061 -0.092697 0.704062 0.704062 -0.130504 -0.991448 0 -0.130504 -0.991448 0 0.65606 0.704071 0.271789 0.656065 0.704074 0.271769 -0.991444 0 -0.130532 -0.991444 0 -0.130532 -0.704065 0.704065 -0.0926607 -0.704054 0.704071 -0.0926949 -0.991444 0 0.130532 -0.991444 0 0.130532 -0.704061 0.704068 0.09266 -0.704062 0.704062 0.0926955 -0.92386 0 0.382731 -0.92386 0 0.382731 -0.793387 0 0.608718 -0.793247 -1.4382e-05 0.6089 -0.793422 0 0.608672 -0.608678 0 0.793417 -0.608678 0 0.793417 -0.382523 0 0.923946 -0.382951 -1.53226e-05 0.923769 -0.382729 0 0.923861 -0.130534 0 0.991444 -0.130534 0 0.991444 0.704061 0.704068 0.0926598 0.704062 0.704062 0.0926962 -0.130529 0 -0.991445 -0.130529 0 -0.991445 -0.0926608 0.704065 -0.704065 -0.0926924 0.70407 -0.704055 -0.382945 0 -0.923771 -0.382533 -1.41118e-05 -0.923942 -0.382734 0 -0.923859 -0.271789 0.704076 -0.656055 -0.27177 0.704072 -0.656067 -0.608678 0 -0.793417 -0.608678 0 -0.793417 -0.432297 0.704072 -0.563385 -0.432247 0.70406 -0.563438 -0.793419 0 -0.608675 -0.793247 -1.41897e-05 -0.6089 -0.793385 0 -0.60872 -0.563388 0.704068 -0.432299 -0.563404 0.704074 -0.432268 -0.92386 0 -0.382729 -0.92386 0 -0.382729 -0.656061 0.704071 -0.271787 -0.656065 0.704074 -0.27177 0.704065 0.704065 -0.09266 0.704054 0.704071 -0.0926949 -0.0926842 0.704063 0.704063 -0.0926998 0.704089 0.704036 0 -1 0 0 -1 0 0 -1 0 0 -1 0 0 -1 0 0 -1 0 0 -1 0 0 -1 0 0 -1 0 0 -1 0 0 -1 0 0 -1 0 0 -1 0 0 -1 0 0 -1 0 0 -1 0 0 -1 0 0 -1 0 0 -1 0 0 -1 0 0 -1 0 0 -1 0 0 -1 0 0 -1 0 0 -1 0 0 -1 0 0 -1 0 0 -1 0 0 -1 0 0 -1 0 0 -1 0 0 -1 0 0 -1 0 0 -1 0 0 -1 0 0 -1 0 0 -1 0 0 -1 0 0 -1 0 0 -1 0 0 -1 0 0 -1 0 0 -1 0 0 -1 0 0 -1 0 0 -1 0 0 -1 0 0 -1 0 -0.130542 0 0.991443 -0.130542 0 0.991443 -0.1306 0 0.991435 -0.129997 0.000269388 0.991514 -0.13053 -2.1541e-05 0.991444 -0.130524 0 0.991445 0.130532 -5.08825e-06 -0.991444 0.130523 -1.31502e-05 -0.991445 0.130549 3.5161e-06 -0.991442 0.130573 1.43464e-05 -0.991439 0.130435 -2.96851e-05 -0.991457 0.130702 3.32716e-05 -0.991422 0.130505 -5.36887e-06 -0.991448 0.131429 0 -0.991326 0.131429 0 -0.991326 0.130505 6.45471e-06 -0.991448 0.130683 -3.57033e-05 -0.991424 0.130445 3.37573e-05 -0.991456 0.13057 -1.68863e-05 -0.991439 0.130549 -4.2726e-06 -0.991442 0.130524 1.66014e-05 -0.991445 0.130532 7.05794e-06 -0.991444 0.130504 0 -0.991448 0.130504 0 -0.991448 0.092702 -0.704017 -0.704107 0.0926894 -0.704061 -0.704064 -0.0656536 0.498927 -0.864154 -0.192587 0.464915 -0.864155 -0.30635 0.399234 -0.864154 -0.399234 0.30635 -0.864154 -0.399234 -0.30635 -0.864154 -0.30635 -0.399235 -0.864154 -0.382707 -0.92387 0 -0.382927 -0.923779 5.20629e-05 -0.382723 -0.923863 2.06577e-05 -0.381606 -0.924325 0 -0.192707 -0.464838 -0.86417 -0.192561 -0.464851 -0.864195 -0.192398 -0.465016 -0.864143 -0.192865 -0.464834 -0.864137 -0.130463 -0.991453 0 -0.13053 -0.991444 1.55255e-05 -0.130319 -0.991472 0 -0.0657229 -0.498931 -0.864146 -0.0656485 -0.498894 -0.864173 -0.60877 0.793347 0 -0.60877 0.793347 0 -0.793347 0.60877 0 -0.793347 0.60877 0 -0.92387 0.382707 0 -0.92387 0.382707 0 -0.464915 0.192588 -0.864155 -0.991453 0.130464 0 -0.991453 0.130464 0 -0.498927 0.0656529 -0.864154 -0.991453 -0.130464 0 -0.991453 -0.130464 0 -0.498927 -0.0656529 -0.864154 -0.92387 -0.382707 0 -0.92387 -0.382707 0 -0.464915 -0.192588 -0.864155 -0.793347 -0.60877 0 -0.793347 -0.60877 0 -0.608769 -0.793347 0 -0.608821 -0.793308 1.24638e-05 -0.608607 -0.793472 -1.5222e-05 -0.609623 -0.792692 3.68417e-05 -0.60821 -0.793776 0 -0.608769 -0.793347 -8.40299e-06 -0.610497 -0.792018 0.000146575 -0.608564 -0.793504 -1.30593e-05 -0.608831 -0.7933 0 0.837341 -0.382609 0.390475 0.837353 -0.382599 0.390458 -0.381606 -0.924325 0 -0.38273 -0.92386 -1.04098e-05 -0.382936 -0.923775 -2.56756e-05 -0.382707 -0.92387 0 0.898544 -0.130556 0.419015 0.898538 -0.130547 0.419032 0.898831 -0.13056 0.418398 -0.382706 0.92387 0 -0.382706 0.92387 0 0.898537 0.130556 0.419031 0.898545 0.130547 0.419016 0.898829 0.13056 0.418403 0.83735 0.382609 0.390456 0.837345 0.382599 0.390476 -0.991448 -0.130504 0 -0.991448 -0.130504 0 -0.923868 -0.382711 0 -0.923868 -0.382711 0 -0.793381 -0.608726 0 -0.793381 -0.608726 0 -0.793381 0.608726 0 -0.793381 0.608726 0 -0.923868 0.382711 0 -0.923868 0.382711 0 -0.991448 0.130504 0 -0.991448 0.130504 0 -0.130465 0.991453 0 -0.130465 0.991453 0 -0.382711 0.923868 0 -0.382711 0.923868 0 -0.608726 0.793381 0 -0.608726 0.793381 0 -0.130319 -0.991472 0 -0.130531 -0.991444 -7.26793e-06 -0.130463 -0.991453 0 -0.130504 0.991448 0 -0.130504 0.991448 0 -0.13052 0 0.991446 -0.13052 0 0.991446 0 1 0 0 1 0 0 1 0 0 1 0 0 1 0 0 1 0 0 1 0 0 1 0 0 1 0 0 1 0 0 1 0 0 1 0 0 1 0 0 1 0 0 1 0 0 1 0 0 1 0 0 1 0 0 1 0 0 1 0 0 1 0 0 1 0 0 1 0 0 1 0 0 1 0 0 1 0 0 1 0 0 1 0 0 1 0 0 1 0 0 1 0 0 1 0 0 1 0 0 1 0 0 1 0 0 1 0 0 1 0 0 1 0 0 1 0 0 1 0 0 1 0 0 1 0 0 1 0 0 1 0 0 1 0 0 1 0 0 1 0 0 1 0 0 1 0 0 1 0 0 1 0 0 1 0 0 1 0 0 1 0 0 1 0 0 1 0 0 1 0 0 1 0 0 1 0 0 1 0 0 1 0 0 1 0 0 1 0 0 1 0 0 1 0 0 1 0 0 1 0 0 1 0 0 1 0 0 1 0 0 1 0 0 1 0 -0.0656612 -0.498925 -0.864154 -0.382691 0 0.923876 -0.382691 0 0.923876 0.271766 0.704054 -0.656087 0.271775 0.704018 -0.656123 0.130539 0 0.991443 0.130539 0 0.991443 0.0926612 0.704069 0.704061 0.0927005 0.704062 0.704062 0.551679 -0.793385 0.257276 0.551733 -0.793362 0.257231 0.718987 -0.608796 0.3353 0.719011 -0.608781 0.335275 0.271769 0.704074 0.656065 0.271787 0.704071 0.656061 0.432292 0.704081 0.563377 0.432367 0.704066 0.563338 0.793285 0 0.60885 0.793285 0 0.60885 0.92386 0 0.382731 0.92386 0 0.382731 0.65606 0.704071 -0.271789 0.656064 0.704074 -0.27177 0.792742 0 -0.609558 0.793403 -1.21528e-05 -0.608697 0.793286 0 -0.608849 0.563339 0.704066 -0.432365 0.563378 0.70408 -0.432291 0.60885 0 -0.793285 0.60885 0 -0.793285 0.432292 0.70408 -0.563378 0.432365 0.704067 -0.563339 0.382632 0 -0.923901 0.382929 -1.40136e-05 -0.923778 0.382731 0 -0.92386 0.271769 0.704074 -0.656065 0.271789 0.704071 -0.65606 0.131279 0 -0.991346 0.130387 9.45068e-06 -0.991463 0.130531 0 -0.991444 0.0926617 0.704065 -0.704064 0.0926939 0.70407 -0.704054 -0.130531 0 -0.991444 -0.130531 0 -0.991444 -0.092694 0.70407 -0.704054 -0.0926617 0.704065 -0.704064 -0.382877 0 -0.9238 -0.38261 -8.26406e-06 -0.92391 -0.382731 0 -0.92386 -0.271769 0.704072 -0.656067 -0.271787 0.704076 -0.656056 -0.608851 0 -0.793285 -0.608851 0 -0.793285 -0.432354 0.704086 -0.563323 -0.432297 0.704072 -0.563384 -0.793285 0 -0.60885 -0.793285 0 -0.60885 -0.563385 0.704072 -0.432296 -0.563324 0.704086 -0.432353 -0.923859 0 -0.382732 -0.923859 0 -0.382732 -0.65606 0.704071 -0.271789 -0.656064 0.704074 -0.27177 -0.991444 0 -0.130531 -0.991444 0 -0.130531 -0.704062 0.704062 -0.0926952 -0.704061 0.704068 -0.0926596 -0.991444 0 0.130531 -0.991444 0 0.130531 -0.704065 0.704065 0.0926603 -0.704054 0.704071 0.0926943 -0.923842 0 0.382773 -0.923964 -1.6962e-05 0.38248 -0.923859 0 0.382732 -0.656056 0.704076 0.271787 -0.656067 0.704072 0.27177 -0.793284 0 0.608851 -0.792732 -5.87502e-05 0.609571 -0.793401 0 0.608699 -0.563378 0.704081 0.432292 -0.563338 0.704067 0.432366 -0.608853 0 0.793284 -0.608853 0 0.793283 -0.432367 0.704066 0.563338 -0.432292 0.704081 0.563377 -0.346829 -0.923872 -0.161771 -0.346799 -0.92388 -0.161788 -0.348498 -0.923112 -0.162524 -0.118277 -0.991448 -0.0551499 -0.11826 -0.991449 -0.0551598 -0.382481 0 0.923963 -0.383227 -3.52074e-05 0.923654 -0.382729 0 0.923861 -0.271787 0.704071 0.656061 -0.271769 0.704074 0.656065 0.118278 -0.991448 0.0551554 0.118277 -0.991448 0.0551499 0.346893 -0.923855 0.16173 0.346865 -0.923862 0.16175 -0.0927006 0.704062 0.704062 -0.0926612 0.704069 0.704061 -0.271763 0.704084 0.656058 -0.271753 0.704053 0.656094 -0.382672 0 0.923884 -0.382672 0 0.923884 -0.382698 0 0.923873 -0.382675 -8.77879e-05 0.923883 -0.383057 0.000510458 0.923725 -0.382574 -0.000141763 0.923925 -0.383076 0.000304874 0.923717 -0.382668 0 0.923886 0.382691 0 -0.923877 0.38272 -7.10423e-06 -0.923864 0.382675 1.64762e-05 -0.923883 0.382715 -1.39859e-05 -0.923867 0.382493 0.000191984 -0.923958 0.382683 4.16485e-06 -0.92388 0.382707 9.56645e-06 -0.92387 0.382609 1.1764e-06 -0.92391 0.382516 0 -0.923949 0.382517 0 -0.923949 0.382609 -9.59912e-07 -0.92391 0.382709 -7.693e-06 -0.923869 0.382633 5.56564e-06 -0.9239 0.382703 -1.76725e-05 -0.923872 0.382677 -3.8319e-06 -0.923882 0.382726 -4.05265e-05 -0.923862 0.382695 -1.27491e-05 -0.923875 0.382683 0 -0.92388 0.271762 -0.704053 -0.65609 0.27178 -0.704017 -0.656121 0.71904 -0.608732 0.335301 0.718937 -0.608886 0.335242 0.837353 -0.382584 0.390472 0.83728 -0.382794 0.390425 0.898567 -0.130419 0.419008 0.89856 -0.130495 0.419 0.898569 0.130419 0.419004 0.898558 0.130495 0.419003 0.837358 0.382584 0.390461 0.837275 0.382794 0.390436 0.719045 0.608732 0.335291 0.718933 0.608886 0.335251 0.718987 0.608796 0.3353 0.719011 0.608781 0.335275 0.551679 0.793385 0.257276 0.551733 0.793362 0.257231 0.382783 0 0.923838 0.382729 1.96338e-06 0.923861 0.382666 0 0.923887 0.608852 0 0.793284 0.608852 0 0.793284 0.991444 0 0.130533 0.991444 0 0.130533 0.991444 0 -0.130532 0.991444 0 -0.130532 0.923795 0 -0.382888 0.924258 -6.47003e-05 -0.381768 0.92386 0 -0.382731 0.346547 -0.924009 0.161596 0.347054 -0.923765 0.161899 0.346842 -0.923874 0.161732 0.118315 -0.991442 0.05517 0.118128 -0.99147 0.0550775 0.118452 -0.991418 0.0553057 0.118234 -0.991454 0.0551355 0.642903 -0.399164 -0.653715 0.727012 -0.306358 -0.61449 0.78655 -0.192578 -0.586731 0.817383 -0.0655944 -0.572348 0.817383 0.0655943 -0.572348 0.78655 0.192578 -0.586731 0.727012 0.306358 -0.61449 0.642904 0.399164 -0.653715 0.424843 -0.498893 -0.75539 0.424234 -0.49901 -0.755655 0.424702 -0.498834 -0.755508 0.424933 -0.498913 -0.755326 0.53977 -0.464872 -0.701814 0.539769 0.464872 -0.701814 0.424695 0.498895 -0.755472 0.305702 0.498894 -0.810957 0.190574 0.464852 -0.864635 -0.346921 -0.923843 -0.161741 -0.346873 -0.923863 -0.161729 -0.347124 -0.923747 -0.161855 -0.346446 -0.924054 -0.161552 0.190992 -0.464969 -0.86448 0.190545 -0.464896 -0.864618 0.190472 -0.464791 -0.864691 0.190833 -0.464934 -0.864534 -0.118284 -0.991447 -0.0551588 -0.118235 -0.991454 -0.0551292 -0.118237 -0.991454 -0.0551305 0.305622 -0.498916 -0.810974 0.305708 -0.49888 -0.810963 -0.551735 0.793346 -0.257275 -0.5517 0.793375 -0.257261 0.0876665 0.399298 -0.91262 0.00337369 0.306292 -0.951932 0.0033736 -0.306292 -0.951932 -0.551698 -0.793375 -0.257264 -0.552091 -0.793077 -0.257343 -0.551582 -0.793476 -0.257203 -0.551583 -0.793475 -0.257204 -0.551576 -0.793481 -0.2572 -0.551266 -0.793745 -0.25705 -0.551652 -0.793415 -0.25724 -0.551804 -0.793284 -0.257321 -0.552005 -0.793104 -0.257443 -0.551734 -0.793347 -0.257274 0.0876666 -0.399299 -0.91262 -0.719045 0.608732 -0.335292 -0.719045 0.608731 -0.335292 -0.719045 -0.608731 -0.335292 -0.719045 -0.608732 -0.335292 -0.346865 0.923863 -0.161744 -0.34684 0.923875 -0.161734 -0.346805 -0.923891 -0.161715 -0.346836 -0.923877 -0.161732 -0.346841 -0.923874 -0.161735 -0.118233 0.991454 -0.0551324 -0.0639123 -0.997956 0 -0.118236 0.991454 -0.0551348 -0.118237 0.991454 -0.0551342 -0.837332 0.382651 -0.390453 -0.837358 0.382584 -0.390461 -0.898558 0.130494 -0.419004 -0.898535 0.130659 -0.419002 -0.898539 -0.13066 -0.418994 -0.898555 -0.130494 -0.419012 -0.837334 -0.382651 -0.39045 -0.837357 -0.382584 -0.390465 -0.118315 -0.991442 -0.0551711 -0.118126 -0.99147 -0.0550804 -0.118548 -0.991406 -0.0553214 -0.118235 -0.991454 -0.0551329 -0.118271 0.991448 -0.0551647 -0.118267 0.991449 -0.0551449 -0.346839 0.923872 -0.16175 -0.347308 0.923265 -0.164192 -0.34681 0.923881 -0.161762 0.118243 -0.991453 0.0551363 0.11827 -0.991449 0.055151 0.118255 -0.991451 0.0551419 0.346646 -0.923964 0.161639 0.346924 -0.923836 0.161773 0.346634 -0.923974 0.161609 0.346841 -0.923874 0.161734 0.551538 -0.793513 0.257183 0.553303 -0.791996 0.258066 0.551693 -0.793387 0.25724 0.551818 -0.793275 0.257314 0.5517 -0.793388 0.257223 0.551807 -0.793285 0.25731 0.55183 -0.793265 0.257321 0.551851 -0.793247 0.257332 0.551536 -0.793523 0.257155 0.551736 -0.793346 0.257271 0.551808 0.793284 0.257309 0.551733 0.793346 0.25728 0.346839 0.923875 0.161735 0.346839 0.923875 0.161735 0.346877 0.923863 0.161722 0.346881 0.923855 0.161757 0.118236 0.991454 0.0551348 0.0339597 0.999423 0 0.118242 0.991453 0.0551369 0.118256 0.991451 0.0551442 0.118278 0.991448 0.0551501 0.118279 0.991447 0.0551556 -0.130428 0 0.991458 -0.130539 6.03224e-06 0.991443 -0.131107 0 0.991368 -0.382691 0 0.923877 -0.382691 0 0.923877 0.305722 -0.498896 -0.810948 -0.60877 0 0.793347 -0.60877 0 0.793347 0.432277 0.704108 -0.563354 0.432303 0.704056 -0.563401 0.608756 0 -0.793358 0.608793 -2.27081e-05 -0.793329 0.608769 -5.34415e-06 -0.793348 0.608764 -6.90281e-07 -0.793351 0.60876 4.10806e-06 -0.793355 0.606866 0.00303379 -0.794798 0.608753 0 -0.79336 0.608753 -1.1287e-05 -0.79336 0.608759 -3.4794e-06 -0.793355 0.608764 6.05628e-07 -0.793351 0.60877 4.8618e-06 -0.793347 0.608799 2.17402e-05 -0.793325 0.60589 0 -0.795548 0 -0.707185 0.707028 0 -0.707185 0.707028 0.858375 -0.362802 -0.362721 0.858373 -0.495546 -0.132775 0.42223 0 -0.906489 0.422662 0 -0.906287 0.422662 0 -0.906287 0.422618 0 -0.906308 0.422618 0 -0.906308 0.422597 0 -0.906318 0.422597 0 -0.906318 0.422678 0 -0.90628 0.422662 5.85494e-07 -0.906287 0.422627 -1.47792e-05 -0.906304 0.422596 -2.56088e-05 -0.906318 0.422813 9.70744e-06 -0.906217 0.422662 -5.85494e-07 -0.906287 0.422672 0 -0.906283 0.422603 0 -0.906315 0.422638 -8.44582e-06 -0.906299 0.422654 -3.73607e-06 -0.906291 0.422571 -7.63975e-06 -0.90633 0.422559 -9.09e-06 -0.906335 0.42256 -8.97216e-06 -0.906335 0.422634 -1.24516e-05 -0.9063 0.42265 -5.2915e-06 -0.906293 0.422559 9.09e-06 -0.906335 0.422678 -1.73151e-05 -0.90628 0.422578 7.98835e-06 -0.906326 0.422181 -1.92217e-05 -0.906512 0.42268 0 -0.906279 0.422181 1.92217e-05 -0.906512 0.422578 -7.99233e-06 -0.906326 0.422678 1.73151e-05 -0.90628 0.422813 -9.70972e-06 -0.906217 0.422596 2.56088e-05 -0.906318 0.422627 1.47792e-05 -0.906304 0.422571 7.63975e-06 -0.90633 0.422654 3.73607e-06 -0.906291 0.422672 0 -0.906283 0.422637 0 -0.906299 0.422606 1.79773e-05 -0.906314 0.42256 8.97216e-06 -0.906335 0.422634 1.24516e-05 -0.9063 0.42265 5.2915e-06 -0.906293 0.42277 0 -0.906237 0.422565 0 -0.906333 0.422565 0 -0.906333 0.422564 0 -0.906333 0.422564 0 -0.906333 0.422686 0 -0.906276 0.422686 0 -0.906276 -0.719014 -0.608745 -0.335335 -0.719034 -0.608732 -0.335315 -0.551698 -0.793368 -0.257288 -0.551698 -0.793371 -0.257279 -0.432291 0.704057 0.563408 -0.432291 0.704058 0.563406 -0.608739 0 0.793371 -0.608739 0 0.793371 -0.608767 0 0.793349 -0.608767 0 0.793349 0.43231 -0.704054 -0.563397 0.432272 -0.704107 -0.56336 0.965932 0 0.258798 0.965932 0 0.258798 0.707107 0 0.707106 0.707107 0 0.707106 0.258797 0 0.965932 0.258797 0 0.965932 -0.258798 0 0.965932 -0.258798 0 0.965932 -0.707107 0 0.707107 -0.707107 0 0.707107 -0.551697 0.793368 -0.257288 -0.551697 0.793371 -0.257279 -0.719027 0.608742 -0.335312 -0.719023 0.608732 -0.335339 -0.837287 0.382708 -0.390495 -0.837308 0.382692 -0.390465 -0.056186 0.192462 -0.979695 -0.898546 0.13052 -0.419023 -0.898562 0.130507 -0.418993 -0.0869613 0.06574 -0.99404 0 0.258806 0.965929 -1.37603e-05 0.258757 0.965942 0 0.258823 0.965925 0 0.707106 0.707107 0 0.707106 0.707107 0.858373 0.132774 0.495546 0.858369 0.362769 0.36277 0.858373 0.495547 0.132773 0 -0.258767 0.96594 -1.58e-05 -0.258822 0.965925 0 -0.258614 0.965981 0.858373 0.495547 -0.132774 0.858369 0.362769 -0.36277 0.858373 0.132774 -0.495547 0.965932 0 -0.258797 0.965922 -5.4151e-06 -0.258834 0.965935 7.09046e-07 -0.258784 0.965932 0 -0.258797 0.965917 0 -0.258853 -0.89856 -0.13052 -0.418992 -0.898547 -0.130508 -0.419023 -0.0869613 -0.0657401 -0.99404 0.707107 0 -0.707107 0.707107 0 -0.707107 0.707107 0 -0.707107 0.707107 0 -0.707107 0.858373 -0.495546 0.132774 0.858376 -0.362802 0.362721 0.858376 -0.132753 0.495548 0.858376 -0.132753 -0.495548 -0.837287 -0.382708 -0.390495 -0.837307 -0.382692 -0.390465 -0.056186 -0.192462 -0.979695 -0.60877 0 0.793347 -0.60877 0 0.793347 -0.793347 0 0.60877 -0.793347 0 0.60877 0.563395 0.704057 -0.432308 0.563363 0.704108 -0.432267 0.793365 0 -0.608747 0.793365 0 -0.608747 0.258797 0 -0.965932 0.258797 0 -0.965932 4.36806e-06 -0.965929 0.258807 5.38303e-06 -0.965927 0.258815 0 -0.966 0.258541 -3.8399e-06 -0.965925 0.25882 -6.05148e-06 -0.965918 0.258849 0 -0.965929 0.258807 0 -0.965916 0.258854 0 -0.707185 0.707028 0 -0.707185 0.707028 0 -0.707185 -0.707028 0 -0.707185 -0.707028 0 -0.965929 -0.258807 0 -0.965929 -0.258807 -0.258798 0 -0.965932 -0.258798 0 -0.965932 -0.965932 0 0.258798 -0.965932 0 0.258798 -0.563407 0.704058 0.432291 -0.563407 0.704057 0.432292 -0.793371 0 0.608739 -0.793371 0 0.608739 -0.793349 0 0.608767 -0.793349 0 0.608767 0.563355 -0.704108 -0.432277 0.56341 -0.704048 -0.432303 0.258797 0 -0.965932 0.258797 0 -0.965932 0.707107 0 -0.707107 0.707107 0 -0.707107 0.707107 0 -0.707107 0.707107 0 -0.707107 -0.965932 0 -0.258797 -0.965919 4.34116e-06 -0.258845 -0.965934 0 -0.258789 -0.965921 -6.09198e-06 -0.258839 -0.965932 0 -0.258797 0 0.258806 0.965929 2.67345e-06 0.258823 0.965925 0 0.258761 0.965941 0 0.707106 0.707108 0 0.707106 0.707108 -2.52148e-06 0.96593 0.258805 -4.04609e-06 0.965924 0.258824 0 0.966003 0.25853 5.67208e-06 0.965926 0.258819 8.33448e-06 0.96592 0.25884 0 0.96593 0.258805 0 0.965918 0.258848 0 -0.258614 0.965981 8.98513e-06 -0.258822 0.965925 0 -0.258767 0.96594 0 -0.258767 -0.96594 0 -0.258767 -0.96594 0 0.96593 -0.258805 0 0.96593 -0.258805 0 0.707106 -0.707107 0 0.707106 -0.707107 0 0.258806 -0.965929 0 0.258806 -0.965929 -0.707099 0 -0.707114 -0.707107 8.8652e-08 -0.707107 -0.707107 9.742e-08 -0.707107 -0.707106 0 -0.707107 -0.707107 0 -0.707107 -0.707107 0 -0.707107 -0.707097 -1.181e-06 -0.707116 -0.707106 0 -0.707107 -0.258798 0 -0.965932 -0.258798 0 -0.965932 -0.793347 0 0.60877 -0.793347 0 0.60877 -0.923876 0 0.382691 -0.923876 0 0.382691 0.656064 0.704086 -0.271741 0.656104 0.704035 -0.271775 0.656047 0.704063 -0.271843 0.923884 0 -0.382672 0.923884 0 -0.382672 1 0 0 1 0 0 1 0 0 1 0 0 1 0 0 1 0 0 1 0 0 1 0 0 1 0 0 1 0 0 0 0 -1 0 0 -1 0 0 -1 0 0 -1 0.258867 0 -0.965913 0.258867 0 -0.965913 0.707105 0 -0.707109 0.707105 0 -0.707109 0.965914 0 -0.258863 0.965914 0 -0.258863 -0.656084 0.704055 0.271773 -0.656065 0.704085 0.271741 -0.923884 0 0.382672 -0.923884 0 0.382672 -0.923873 0 0.382698 -0.923873 0 0.382698 0.656062 -0.704082 -0.271758 0.656116 -0.704029 -0.271763 0.656048 -0.704062 -0.271842 1 0 0 1 0 0 1 0 0 1 0 0 1 0 0 1 0 0 1 0 0 1 0 0 1 0 0 1 0 0 1 0 0 1 0 0 1 0 0 1 0 0 1 0 0 1 0 0 1 0 0 1 0 0 -0.923877 0 0.382691 -0.923877 0 0.382691 -0.991446 0 0.13052 -0.991446 0 0.13052 0.704055 0.704071 -0.0926852 -0.704039 0.704087 0.0926811 -0.704062 0.704062 0.0927032 -0.991443 0 0.130542 -0.991443 0 0.130542 -0.991445 0 0.130524 -0.991445 0 0.130524 0.704056 -0.70407 -0.0926854 0 -1 0 0 -1 0 0 -1 0 0 -1 0 0 -1 0 0 -1 0 0 -1 0 0 -1 0 0 -1 0 0 -1 0 0.965913 0 0.258867 0.965913 0 0.258867 0.707107 0 0.707107 0.707107 0 0.707107 0.258865 0 0.965914 0.258865 0 0.965914 -0.258865 0 0.965914 -0.258865 0 0.965914 -0.707107 0 0.707107 -0.707107 0 0.707107 -0.965914 0 0.258865 -0.965914 0 0.258865 -0.991446 0 0.13052 -0.991446 0 0.13052 -0.991446 0 -0.13052 -0.991446 0 -0.13052 0.704055 0.704071 0.0926852 -0.704062 0.704062 -0.0927032 -0.704039 0.704087 -0.0926811 -0.991443 0 -0.130542 -0.991443 0 -0.130542 -0.991445 0 -0.130524 -0.991445 0 -0.130524 0.704056 -0.70407 0.0926854 0.258865 0 -0.965914 0.258865 0 -0.965914 0.707107 0 -0.707107 0.707107 0 -0.707107 0.965913 0 -0.258867 0.965913 0 -0.258867 -0.965914 0 -0.258865 -0.965914 0 -0.258865 -0.707107 0 -0.707107 -0.707107 0 -0.707107 -0.258865 0 -0.965914 -0.258865 0 -0.965914 -0.991446 0 -0.13052 -0.991446 0 -0.13052 -0.923876 0 -0.382691 -0.923876 0 -0.382691 0.656061 0.704082 0.271758 0.656115 0.70403 0.271762 0.656047 0.704063 0.271843 0.923884 0 0.382672 0.923884 0 0.382672 0.965914 0 0.258863 0.965914 0 0.258863 0.707105 0 0.707109 0.707105 0 0.707109 0.258867 0 0.965913 0.258867 0 0.965913 0 0 1 0 0 1 0 0 1 0 0 1 -0.656065 0.704085 -0.271741 -0.656084 0.704055 -0.271773 -0.923884 0 -0.382672 -0.923884 0 -0.382672 -0.923873 0 -0.382698 -0.923873 0 -0.382698 0.656075 -0.704067 0.271763 0.656147 -0.703981 0.271811 0.656065 -0.704085 0.271742 -0.923877 0 -0.382691 -0.923877 0 -0.382691 -0.793347 0 -0.60877 -0.793347 0 -0.60877 0.563354 0.704108 0.432277 0.563409 0.704049 0.432302 0.793365 0 0.608747 0.793365 0 0.608747 0 -0.965929 0.258807 0 -0.965929 0.258807 0 -0.707185 0.707028 0 -0.707185 0.707028 0 -0.707185 -0.707028 0 -0.707185 -0.707028 5.22264e-06 -0.965929 -0.258807 2.78269e-06 -0.965925 -0.258824 0 -0.965916 -0.258854 0 -0.966 -0.258541 -3.65291e-06 -0.965929 -0.258807 -1.50565e-06 -0.965923 -0.258828 0 -0.965916 -0.258854 0.258797 0 0.965932 0.258797 0 0.965932 -0.965932 0 -0.258798 -0.965932 0 -0.258798 -0.258798 0 0.965932 -0.258798 0 0.965932 0 -0.707185 -0.707028 0 -0.707185 -0.707028 -0.707106 0 0.707107 -0.707107 9.742e-08 0.707107 -0.707107 8.8652e-08 0.707107 -0.707099 0 0.707114 -0.563407 0.704057 -0.432292 -0.563407 0.704058 -0.432291 -0.793371 0 -0.608739 -0.793371 0 -0.608739 -0.793349 0 -0.608767 -0.793349 0 -0.608767 0.563395 -0.704057 0.432308 0.563364 -0.704107 0.432267 1 0 0 1 0 0 1 0 0 1 0 0 1 0 0 1 0 0 1 0 0 1 0 0 1 0 0 1 0 0 1 0 0 1 0 0 1 0 0 1 0 0 1 0 0 1 0 0 1 0 0 1 0 0 0 0.258806 0.965929 0 0.258806 0.965929 0 0.707106 0.707107 0 0.707106 0.707107 0 0.96593 0.258805 0 0.96593 0.258805 0 -0.258767 0.96594 0 -0.258767 0.96594 -3.77966e-06 0.96593 -0.258805 -7.06073e-07 0.965921 -0.258836 0 0.965918 -0.258848 0 0.966003 -0.25853 5.40041e-06 0.96593 -0.258805 1.30215e-06 0.965922 -0.258834 0 0.965918 -0.258848 0.258797 0 0.965932 0.258797 0 0.965932 -0.258798 0 0.965932 -0.258798 0 0.965932 0 -0.258767 -0.96594 8.98513e-06 -0.258822 -0.965925 0 -0.258614 -0.965981 0 0.707106 -0.707108 0 0.707106 -0.707108 0 0.258761 -0.965941 2.67345e-06 0.258823 -0.965925 0 0.258806 -0.965929 -0.707099 0 0.707114 -0.707107 -5.47501e-08 0.707107 -0.707107 -5.90116e-08 0.707107 -0.707106 0 0.707107 -0.965932 0 0.258797 -0.965921 -6.09198e-06 0.258839 -0.965936 7.97677e-07 0.258783 -0.965932 0 0.258797 -0.965915 0 0.25886 -0.793347 0 -0.60877 -0.793347 0 -0.60877 -0.60877 0 -0.793347 -0.60877 0 -0.793347 0.43231 0.704055 0.563396 0.432271 0.704108 0.563359 0.0926617 0.704065 0.704064 0.092694 0.70407 0.704055 -0.563338 0.704067 -0.432366 -0.563378 0.704081 -0.432292 -0.346839 -0.923872 0.16175 -0.347308 -0.923265 0.164192 -0.34681 -0.923881 0.161762 -0.551698 -0.793371 0.257279 -0.551698 -0.793368 0.257288 -0.719023 -0.608732 0.335339 -0.719027 -0.608742 0.335312 -0.656065 0.704074 -0.271769 -0.65606 0.704071 -0.271789 -0.704061 0.704068 -0.0926599 -0.704062 0.704062 -0.0926953 0.258797 0 -0.965932 0.258797 0 -0.965932 0.707107 0 -0.707106 0.707107 0 -0.707106 -0.707107 0 -0.707107 -0.707107 0 -0.707107 -0.258798 0 -0.965932 -0.258798 0 -0.965932 -0.704054 0.704071 0.0926939 -0.704065 0.704065 0.0926601 0.965932 0 -0.258798 0.965932 0 -0.258798 -0.656066 0.704072 0.271771 -0.656056 0.704075 0.271788 0.707107 0 0.707107 0.707107 0 0.707107 0.707107 0 0.707107 0.707107 0 0.707107 -0.563324 0.704086 0.432353 -0.563385 0.704072 0.432296 -0.432292 0.704081 0.563378 -0.432366 0.704066 0.563339 0.858373 -0.495546 0.132775 0.858375 -0.362802 0.362721 0.858376 -0.362802 -0.362721 0.858373 -0.495546 -0.132774 -0.271769 0.704074 0.656065 -0.271789 0.704071 0.65606 -0.0926951 0.704063 0.704062 -0.0926613 0.704068 0.704061 -0.432291 0.704058 -0.563407 -0.432292 0.704057 -0.563407 -0.608739 0 -0.793371 -0.608739 0 -0.793371 -0.608767 0 -0.793349 -0.608767 0 -0.793349 0.608756 0 0.793358 0.608799 2.17402e-05 0.793325 0.60877 4.8618e-06 0.793347 0.608764 6.05628e-07 0.793351 0.608759 -3.4794e-06 0.793355 0.606687 -0.00246119 0.794937 0.608753 0 0.79336 0.608753 1.52789e-05 0.79336 0.60876 4.10806e-06 0.793355 0.608764 -6.90281e-07 0.793351 0.608769 -5.34415e-06 0.793348 0.608793 -2.27081e-05 0.793329 0.60589 0 0.795548 0.432278 -0.704108 0.563354 0.432303 -0.704055 0.563401 0.0876666 -0.399299 0.91262 0.00337359 -0.306292 0.951932 0.858373 0.132774 0.495547 0.858369 0.362769 0.36277 0.858373 0.495547 0.132774 0.858376 -0.132753 0.495548 0 -0.258614 -0.965981 -1.58e-05 -0.258822 -0.965925 0 -0.258767 -0.96594 0.858376 -0.132753 -0.495548 0 0.258806 -0.965929 -4.70118e-06 0.258823 -0.965925 0 0.258761 -0.965941 0.858373 0.495547 -0.132773 0.858369 0.362769 -0.36277 0.858373 0.132774 -0.495546 -0.837307 -0.382692 0.390465 -0.837287 -0.382708 0.390495 -0.056186 -0.192462 0.979695 -0.898558 -0.130494 0.419004 -0.898535 -0.130659 0.419002 0.965932 0 0.258797 0.96592 3.85882e-06 0.25884 0.965934 0 0.25879 0.965922 -5.4151e-06 0.258834 0.965932 0 0.258797 0 0.707106 -0.707107 0 0.707106 -0.707107 0.707107 0 0.707107 0.707107 0 0.707107 0.707107 0 0.707107 0.707107 0 0.707107 -0.898562 -0.130507 0.418993 -0.898546 -0.13052 0.419023 -0.0869613 -0.0657401 0.99404 -0.898539 0.130659 0.418994 -0.898555 0.130494 0.419012 -0.898546 0.13052 0.419023 -0.898562 0.130507 0.418993 -0.0869613 0.06574 0.99404 -0.837291 0.382695 0.390497 -0.837302 0.382708 0.390462 -0.056186 0.192462 0.979695 -0.719023 0.608732 0.335339 -0.719027 0.608742 0.335312 0.00337367 0.306292 0.951932 -0.551697 0.793371 0.257279 -0.551697 0.793368 0.257288 0.0876665 0.399298 0.91262 -0.346829 0.923872 0.161771 -0.346799 0.92388 0.161788 -0.348498 0.923112 0.162524 -0.60877 0 -0.793347 -0.60877 0 -0.793347 -0.382691 0 -0.923876 -0.382691 0 -0.923876 0.271761 0.704054 0.65609 0.27178 0.704018 0.656121 0.382516 0 0.923949 0.382609 1.1764e-06 0.92391 0.382707 9.56645e-06 0.92387 0.382635 -7.05369e-06 0.9239 0.382701 2.29951e-05 0.923872 0.382677 5.19196e-06 0.923882 0.382728 5.90946e-05 0.923861 0.3827 2.23912e-05 0.923873 0.382683 0 0.92388 0.382928 0 0.923778 0.382632 -7.01613e-06 0.923901 0.382731 0 0.92386 0.271769 0.704074 0.656065 0.271789 0.704071 0.65606 0.60885 0 0.793285 0.60885 0 0.793285 0.432292 0.70408 0.563378 0.432365 0.704066 0.563339 0.7934 0 0.608701 0.792746 -5.73881e-05 0.609552 0.793286 0 0.608849 0.563378 0.70408 0.432291 0.563339 0.704066 0.432365 0.924244 0 0.381801 0.923796 -1.05905e-05 0.382885 0.92386 0 0.382731 0.656064 0.704074 0.27177 0.65606 0.704071 0.271789 0.991444 0 0.130532 0.991444 0 0.130532 0.704062 0.704062 0.092696 0.704061 0.704068 0.0926596 0.991444 0 -0.130533 0.991444 0 -0.130533 0.704061 0.704068 -0.0926598 0.704062 0.704062 -0.0926962 0.92386 0 -0.382731 0.92386 0 -0.382731 0.656056 0.704076 -0.271787 0.656066 0.704072 -0.27177 0.793285 0 -0.60885 0.793285 0 -0.60885 0.563384 0.704072 -0.432297 0.563323 0.704086 -0.432354 0.608852 0 -0.793284 0.608852 0 -0.793284 0.432292 0.704081 -0.563377 0.432367 0.704066 -0.563338 0.382783 0 -0.923838 0.382663 4.35487e-06 -0.923888 0.382729 0 -0.923861 0.271769 0.704074 -0.656065 0.271787 0.704071 -0.656061 0.130539 0 -0.991443 0.130539 0 -0.991443 0.0926612 0.704069 -0.704061 0.0927005 0.704062 -0.704062 0.718987 -0.608796 -0.3353 0.719011 -0.608781 -0.335275 0.551679 -0.793385 -0.257276 0.551733 -0.793362 -0.257231 -0.130428 0 -0.991458 -0.131122 3.78481e-05 -0.991366 -0.130539 0 -0.991443 -0.0927006 0.704062 -0.704062 -0.0926612 0.704069 -0.704061 0.346881 -0.923855 -0.161757 0.346877 -0.923863 -0.161722 -0.383223 0 -0.923656 -0.382479 -1.7611e-05 -0.923964 -0.382729 0 -0.923861 -0.271787 0.704071 -0.656061 -0.271769 0.704074 -0.656065 0.118277 -0.991448 -0.0551499 0.118278 -0.991448 -0.0551554 -0.11827 -0.991448 0.0551646 -0.118266 -0.99145 0.0551448 -0.608853 0 -0.793284 -0.608853 0 -0.793283 -0.432367 0.704066 -0.563338 -0.432292 0.704081 -0.563377 -0.793401 0 -0.608699 -0.792732 -5.87502e-05 -0.609571 -0.793284 0 -0.608851 -0.923859 0 0.382732 -0.923859 0 0.382732 -0.793285 0 0.60885 -0.793285 0 0.60885 -0.130531 0 0.991444 -0.130531 0 0.991444 -0.271773 0.704055 -0.656084 -0.271741 0.704085 -0.656065 -0.382672 0 -0.923884 -0.382672 0 -0.923884 -0.382668 0 -0.923886 -0.383076 0.000304874 -0.923717 -0.382574 -0.000141763 -0.923925 -0.383057 0.000510458 -0.923725 -0.382675 -8.77879e-05 -0.923883 -0.382698 0 -0.923873 0.382691 0 0.923876 0.38272 5.16283e-06 0.923864 0.382676 -1.15442e-05 0.923883 0.382713 9.02581e-06 0.923867 0.382563 -9.40758e-05 0.92393 0.38302 0.000254223 0.92374 0.382683 -5.95144e-06 0.92388 0.382517 0 0.923949 0.38261 -9.60325e-07 0.92391 0.271775 -0.704018 0.656123 0.271766 -0.704054 0.656088 0.131279 0 0.991346 0.130531 7.92454e-06 0.991444 0.130386 0 0.991463 -0.118235 -0.991454 0.0551297 -0.118289 -0.991447 0.0551472 -0.118234 -0.991454 0.0551355 0.190833 -0.464934 0.864534 0.190472 -0.464791 0.864691 0.190545 -0.464896 0.864618 0.190992 -0.464969 0.86448 0.190574 0.464852 0.864635 0.424695 0.498895 0.755472 0.118234 -0.991454 -0.0551355 0.118452 -0.991418 -0.0553057 0.118128 -0.99147 -0.0550775 0.118315 -0.991442 -0.05517 0.424933 -0.498913 0.755326 0.424702 -0.498834 0.755508 0.424234 -0.49901 0.755655 0.424843 -0.498893 0.75539 0.305622 -0.498916 0.810974 0.305708 -0.49888 0.810963 0.305702 0.498894 0.810957 0.539769 0.464872 0.701814 0.551735 0.793346 -0.257275 0.551806 0.793284 -0.257314 0.642904 0.399164 0.653715 0.727012 0.306358 0.61449 0.78655 0.192578 0.586731 0.817383 0.0655943 0.572348 0.817383 -0.0655944 0.572348 0.78655 -0.192578 0.586731 0.727012 -0.306358 0.61449 0.551537 -0.793513 -0.257183 0.551587 -0.793472 -0.257205 0.551841 -0.79326 -0.257312 0.551828 -0.793271 -0.257307 0.551734 -0.793346 -0.257276 0.551807 -0.793285 -0.25731 0.5517 -0.793388 -0.257223 0.551818 -0.793275 -0.257314 0.551693 -0.793387 -0.25724 0.553303 -0.791996 -0.258066 0.642903 -0.399164 0.653715 0.346842 -0.923874 -0.161732 0.347054 -0.923765 -0.161899 0.346547 -0.924009 -0.161596 0.53977 -0.464872 0.701814 0.71904 0.608732 -0.335301 0.718937 0.608886 -0.335242 0.837353 0.382584 -0.390472 0.83728 0.382794 -0.390425 0.898567 0.130419 -0.419008 0.89856 0.130495 -0.419 0.898569 -0.130419 -0.419004 0.898558 -0.130495 -0.419003 0.837358 -0.382584 -0.390461 0.837275 -0.382794 -0.390436 0.718933 -0.608886 -0.335251 0.719045 -0.608732 -0.335291 0.346839 0.923875 -0.161735 0.346839 0.923875 -0.161735 0.346645 -0.923964 -0.161642 0.346923 -0.923838 -0.161762 0.346642 -0.923961 -0.161664 0.346843 -0.923874 -0.161731 0.551679 0.793385 -0.257276 0.551733 0.793362 -0.257231 0.718987 0.608796 -0.3353 0.719011 0.608781 -0.335275 0.837341 0.382609 -0.390475 0.837353 0.382599 -0.390458 0.898544 0.130556 -0.419015 0.898538 0.130547 -0.419032 0.898829 0.13056 -0.418403 0.898537 -0.130556 -0.419031 0.898545 -0.130547 -0.419016 0.898831 -0.13056 -0.418399 0.837349 -0.382609 -0.390456 0.837345 -0.382599 -0.390476 0.118256 0.991451 -0.0551435 0.0311099 -0.999516 0 0.118238 0.991453 -0.0551358 0.118236 0.991454 -0.0551348 0.346893 0.923855 -0.16173 0.346865 0.923862 -0.16175 0.118271 -0.991449 -0.055149 0.118242 -0.991453 -0.0551377 0.118255 -0.991451 -0.0551421 0.118278 0.991448 -0.0551501 0.118279 0.991447 -0.0551556 -0.118235 -0.991454 0.0551329 -0.118548 -0.991406 0.0553214 -0.118126 -0.99147 0.0550804 -0.118315 -0.991442 0.0551711 -0.346835 -0.923877 0.161732 -0.346799 -0.923893 0.161718 -0.346842 -0.923874 0.161733 0.42223 0 0.906489 0.422662 0 0.906287 0.422662 0 0.906287 0.422618 0 0.906308 0.422618 0 0.906308 0.422597 0 0.906318 0.422597 0 0.906318 0.422678 0 0.90628 0.422662 -5.85494e-07 0.906287 0.422627 1.47792e-05 0.906304 0.422596 2.56088e-05 0.906318 0.422813 -9.70744e-06 0.906217 0.422662 5.85494e-07 0.906287 0.422672 0 0.906283 0.422603 0 0.906315 0.422638 8.44582e-06 0.906299 0.422654 3.73607e-06 0.906291 0.422571 7.63975e-06 0.90633 0.422559 9.09e-06 0.906335 0.42256 8.97215e-06 0.906335 0.422634 1.24516e-05 0.9063 0.42265 5.2915e-06 0.906293 0.422559 -9.09e-06 0.906335 0.422678 1.73151e-05 0.90628 0.422578 -7.98835e-06 0.906326 0.422181 1.92217e-05 0.906512 0.42268 0 0.906279 0.422181 -1.92217e-05 0.906512 0.422578 7.99233e-06 0.906326 0.422678 -1.73151e-05 0.90628 0.422813 9.70972e-06 0.906217 0.422596 -2.56088e-05 0.906318 0.422627 -1.47792e-05 0.906304 0.422571 -7.63975e-06 0.90633 0.422654 -3.73607e-06 0.906291 0.422672 0 0.906283 0.422637 0 0.906299 0.422606 -1.79773e-05 0.906314 0.42256 -8.97216e-06 0.906335 0.422634 -1.24516e-05 0.9063 0.42265 -5.2915e-06 0.906293 0.42277 0 0.906237 0.422565 0 0.906333 0.422565 0 0.906333 0.422564 0 0.906333 0.422564 0 0.906333 0.422686 0 0.906276 0.422686 0 0.906276 -0.118237 0.991454 0.055134 -0.118252 0.991451 0.055142 -0.0218522 0.999761 0 -0.118237 0.991454 0.0551342 -0.118278 0.991448 0.05515 -0.11826 0.991449 0.0551599 -0.551734 -0.793347 0.257274 -0.552005 -0.793104 0.257443 -0.551804 -0.793284 0.257321 -0.551652 -0.793415 0.25724 -0.551266 -0.793745 0.25705 -0.551575 -0.793482 0.2572 -0.551702 -0.793375 0.257255 -0.551488 -0.793571 0.257111 -0.55156 -0.793506 0.257157 -0.552109 -0.793027 0.257455 -0.719045 -0.608732 0.335292 -0.719045 -0.608731 0.335292 -0.837332 -0.382651 0.390453 -0.837358 -0.382584 0.390461 -0.837357 0.382584 0.390465 -0.837333 0.382651 0.39045 -0.719045 0.608732 0.335292 -0.719045 0.608731 0.335292 -0.5517 0.793375 0.257261 -0.551735 0.793346 0.257275 -0.92396 0 -0.382488 -0.923843 -2.77083e-06 -0.382772 -0.923859 0 -0.382732 -0.991444 0 -0.130531 -0.991444 0 -0.130531 -0.991444 0 0.130531 -0.991444 0 0.130531 -0.608851 0 0.793285 -0.608851 0 0.793285 -0.382877 0 0.9238 -0.382731 -4.50852e-06 0.92386 -0.382608 0 0.923911 -0.346865 -0.923863 0.161747 -0.346396 -0.9241 0.161398 -0.346922 -0.92384 0.161754 -0.347125 -0.923746 0.161855 -0.346841 0.923875 0.161732 -0.346865 0.923863 0.161745 -0.382691 0 -0.923877 -0.382691 0 -0.923877 0.305722 -0.498896 0.810948 -0.13052 0 -0.991446 -0.13052 0 -0.991446 0.0927019 0.704017 0.704106 0.0926893 0.704062 0.704063 -0.563388 0.704068 0.432299 -0.563404 0.704074 0.432268 -0.432301 0.704064 0.563391 -0.432237 0.704076 0.563425 -0.271791 0.704071 0.65606 -0.271769 0.704074 0.656065 -0.0926605 0.704068 0.704061 -0.0926934 0.704062 0.704063 -0.991444 0 0.130532 -0.991444 0 0.130532 -0.704062 0.704062 0.092696 -0.704061 0.704068 0.0926602 -0.656065 0.704074 0.27177 -0.656061 0.704071 0.271787 -0.608678 0 0.793417 -0.608678 0 0.793417 -0.382945 0 0.923771 -0.382734 -7.24383e-06 0.923859 -0.382531 0 0.923943 -0.130529 0 0.991445 -0.130529 0 0.991445 -0.130534 0 -0.991444 -0.130534 0 -0.991444 -0.0926957 0.704071 -0.704054 -0.0926601 0.704065 -0.704065 -0.382945 0 -0.923771 -0.382524 -1.44016e-05 -0.923945 -0.382729 0 -0.923861 -0.271786 0.704076 -0.656057 -0.27177 0.704072 -0.656066 -0.608678 0 -0.793417 -0.608678 0 -0.793417 -0.432297 0.704072 -0.563384 -0.432247 0.70406 -0.563438 -0.563387 0.704068 -0.432299 -0.563405 0.704074 -0.432266 -0.656067 0.704072 -0.27177 -0.656056 0.704076 -0.271787 -0.991444 0 -0.130532 -0.991444 0 -0.130532 -0.704062 0.704062 -0.0926955 -0.704061 0.704068 -0.09266 -0.130504 -0.991448 0 -0.130504 -0.991448 0 -0.382711 -0.923868 0 -0.382711 -0.923868 0 -0.608726 -0.793381 0 -0.608726 -0.793381 0 -0.793381 -0.608726 0 -0.793381 -0.608726 0 -0.0926811 0.704087 -0.704039 -0.0927032 0.704062 -0.704062 -0.130542 0 -0.991443 -0.130542 0 -0.991443 -0.130524 0 -0.991445 -0.13053 -2.1541e-05 -0.991444 -0.129997 0.000269388 -0.991514 -0.1306 0 -0.991435 0.130532 7.05794e-06 0.991444 0.130524 1.66014e-05 0.991445 0.130549 -4.2726e-06 0.991442 0.13057 -1.68863e-05 0.991439 0.130445 3.37573e-05 0.991456 0.130683 -3.57033e-05 0.991424 0.130505 6.45471e-06 0.991448 0.131429 0 0.991326 0.131429 0 0.991326 0.130505 -5.36887e-06 0.991448 0.130702 3.32716e-05 0.991422 0.130435 -2.96851e-05 0.991457 0.130573 1.43464e-05 0.991439 0.130549 3.5161e-06 0.991442 0.130523 -1.31502e-05 0.991445 0.130508 -2.60737e-05 0.991447 0.130532 0 0.991444 0.130504 0 0.991448 0.0926953 -0.704016 0.704108 0.0926963 -0.704061 0.704064 -0.130463 -0.991453 0 -0.130531 -0.991444 7.26793e-06 -0.130319 -0.991472 0 -0.382707 -0.92387 0 -0.382936 -0.923775 2.56756e-05 -0.38273 -0.92386 1.04098e-05 -0.381606 -0.924325 0 -0.608769 -0.793347 0 -0.608825 -0.793304 6.86762e-06 -0.608598 -0.793479 -8.68294e-06 -0.609692 -0.792638 2.22999e-05 -0.60821 -0.793776 0 -0.608769 -0.793347 -1.45652e-05 -0.612479 -0.790486 0.000562627 -0.608544 -0.793521 -2.67768e-05 -0.608831 -0.7933 0 -0.793347 -0.60877 0 -0.793347 -0.60877 0 -0.793347 0.60877 0 -0.793347 0.60877 0 -0.60877 0.793347 0 -0.60877 0.793347 0 -0.382711 0.923868 0 -0.382711 0.923868 0 -0.130504 0.991448 0 -0.130504 0.991448 0 -0.92387 -0.382707 0 -0.92387 -0.382707 0 -0.923868 -0.382711 0 -0.923868 -0.382711 0 -0.991453 -0.130464 0 -0.991453 -0.130464 0 -0.991453 0.130464 0 -0.991453 0.130464 0 -0.92387 0.382707 0 -0.92387 0.382707 0 -0.923868 0.382711 0 -0.923868 0.382711 0 -0.793381 0.608726 0 -0.793381 0.608726 0 -0.608726 0.793381 0 -0.608726 0.793381 0 -0.991448 0.130504 0 -0.991448 0.130504 0 -0.991448 -0.130504 0 -0.991448 -0.130504 0 -0.793422 0 -0.608672 -0.793247 -1.4382e-05 -0.6089 -0.793387 0 -0.608718 -0.92386 0 -0.382731 -0.92386 0 -0.382731 -0.92386 0 0.382729 -0.92386 0 0.382729 -0.793245 0 0.608903 -0.79342 -3.52057e-06 0.608674 -0.793385 0 0.60872 -0.381606 -0.924325 0 -0.382723 -0.923863 -2.06577e-05 -0.382927 -0.923779 -5.20629e-05 -0.382707 -0.92387 0 -0.382706 0.92387 0 -0.382706 0.92387 0 -0.130319 -0.991472 0 -0.13053 -0.991444 -1.55255e-05 -0.130463 -0.991453 0 -0.192865 -0.464834 0.864137 -0.192398 -0.465016 0.864143 -0.192561 -0.464851 0.864195 -0.192707 -0.464838 0.86417 -0.30635 -0.399235 0.864154 -0.399234 -0.30635 0.864154 -0.464915 -0.192588 0.864155 -0.498927 -0.065653 0.864154 -0.498927 0.0656529 0.864154 -0.464915 0.192588 0.864155 -0.399234 0.30635 0.864154 -0.30635 0.399234 0.864154 -0.192587 0.464915 0.864155 -0.130465 0.991453 0 -0.130465 0.991453 0 -0.0656537 -0.498934 0.86415 -0.0657011 -0.498882 0.864176 -0.0656536 0.498927 0.864154 -0.13052 0 -0.991446 -0.13052 0 -0.991446 -0.0656611 -0.498925 0.864154 0.13052 0 -0.991446 0.13052 0 -0.991446 -0.0926952 0.704017 0.704108 -0.0926962 0.704062 0.704063 -0.563384 0.704072 -0.432297 -0.563323 0.704086 -0.432354 0.656056 0.704076 -0.271787 0.656067 0.704072 -0.27177 0.563384 0.704072 -0.432297 0.563412 0.704066 -0.432272 0.432237 0.704077 -0.563425 0.432302 0.704064 -0.56339 0.271769 0.704074 -0.656065 0.271787 0.704071 -0.656061 0.608726 -0.793381 0 0.608726 -0.793381 0 0.382711 -0.923868 0 0.382711 -0.923868 0 0.0926601 0.704065 -0.704065 0.0926957 0.704071 -0.704054 0.130504 -0.991448 0 0.130504 -0.991448 0 -0.656065 0.704074 -0.271769 -0.65606 0.704071 -0.271789 0.991444 0 -0.130532 0.991444 0 -0.130532 0.704065 0.704065 -0.0926605 0.704054 0.704071 -0.0926944 0.92386 0 -0.382731 0.92386 0 -0.382731 0.793387 0 -0.608718 0.793247 -1.4382e-05 -0.6089 0.793422 0 -0.608672 0.608678 0 -0.793417 0.608678 0 -0.793417 0.382523 0 -0.923946 0.382951 -1.53226e-05 -0.923769 0.382729 0 -0.923861 0.130534 0 -0.991444 0.130534 0 -0.991444 0.991444 0 0.130532 0.991444 0 0.130532 0.704054 0.704071 0.0926949 0.704065 0.704065 0.0926607 -0.704065 0.704065 -0.0926603 -0.704054 0.704071 -0.0926951 0.130529 0 0.991445 0.130529 0 0.991445 0.0926923 0.70407 0.704055 0.0926609 0.704065 0.704065 0.382945 0 0.923771 0.382533 -1.41118e-05 0.923942 0.382734 0 0.923859 0.27177 0.704072 0.656067 0.271789 0.704076 0.656055 0.608678 0 0.793417 0.608678 0 0.793417 0.432247 0.704059 0.563438 0.432297 0.704072 0.563385 0.793419 0 0.608675 0.793247 -1.41897e-05 0.6089 0.793385 0 0.60872 0.563385 0.704072 0.432297 0.56341 0.704066 0.432273 0.92386 0 0.382729 0.92386 0 0.382729 0.656065 0.704074 0.27177 0.656061 0.704071 0.271787 -0.704061 0.704068 0.0926596 -0.704062 0.704062 0.092696 0.0926842 0.704063 -0.704063 0.0926998 0.704089 -0.704036 0.130542 0 -0.991443 0.130542 0 -0.991443 0.130524 0 -0.991445 0.130553 0.000133923 -0.991441 0.130409 -0.000366163 -0.99146 0.13053 0 -0.991444 -0.130533 6.26326e-06 0.991444 -0.130481 -3.15319e-05 0.991451 -0.130753 0.000126089 0.991415 -0.130573 2.72528e-05 0.991439 -0.130519 3.71786e-06 0.991446 -0.130504 0 0.991448 -0.130692 -0.000102596 0.991423 -0.13049 2.07873e-05 0.99145 -0.130584 -9.2489e-05 0.991437 -0.130505 5.95761e-05 0.991448 -0.130505 -5.95761e-05 0.991448 -0.130584 9.2489e-05 0.991437 -0.130504 0 0.991448 -0.130519 -2.59843e-06 0.991446 -0.130565 -1.78219e-05 0.99144 -0.130671 -6.18602e-05 0.991426 -0.130532 0 0.991444 -0.131429 0 0.991326 -0.092702 -0.704017 0.704107 -0.0926894 -0.704061 0.704064 -0.837341 -0.382609 -0.390475 -0.837353 -0.382599 -0.390458 0.381606 -0.924325 0 0.38273 -0.92386 1.04098e-05 0.382936 -0.923775 2.56756e-05 0.382707 -0.92387 0 -0.89854 -0.130532 -0.419032 -0.898544 -0.130556 -0.419015 -0.898544 -0.130556 -0.419015 -0.898544 0.130556 -0.419015 -0.898558 0.130534 -0.418993 -0.898537 0.130556 -0.419031 -0.83735 0.382609 -0.390456 -0.837345 0.382599 -0.390476 0.991448 -0.130504 0 0.991448 -0.130504 0 0.923868 -0.382711 0 0.923868 -0.382711 0 0.793381 -0.608726 0 0.793381 -0.608726 0 0.793381 0.608726 0 0.793381 0.608726 0 0.923868 0.382711 0 0.923868 0.382711 0 0.991448 0.130504 0 0.991448 0.130504 0 0 0 1 0 0 1 0 0 1 0 0 1 0 0 1 0 0 1 0 0 1 0 0 1 0 0 1 0 0 1 0 0 1 0 0 1 0 0 1 0 0 1 0 0 1 0 0 1 0 0 1 0 0 1 0 0 1 0 0 1 0 0 1 0 0 1 0 0 1 0 0 1 0 0 1 0 0 1 0 0 1 0 0 1 0 0 1 0 0 1 0 0 1 0 0 1 0 0 1 0 0 1 0 0 1 0 0 1 0 0 1 0 0 1 0 0 1 0 0 1 0 0 1 0 0 1 0 0 1 0 0 1 0 0 1 0 0 1 0 0 1 0 0 1 0.382711 0.923868 0 0.382711 0.923868 0 0.608726 0.793381 0 0.608726 0.793381 0 0.130319 -0.991472 0 0.130531 -0.991444 7.26793e-06 0.130463 -0.991453 0 0.130504 0.991448 0 0.130504 0.991448 0 0.130465 0.991453 0 0.130465 0.991453 0 0.0656536 0.498927 0.864154 0.382706 0.92387 0 0.382706 0.92387 0 0.192587 0.464915 0.864155 0.30635 0.399234 0.864154 0.399234 0.30635 0.864154 0.399234 -0.30635 0.864154 0.306349 -0.399234 0.864154 0.382707 -0.92387 0 0.382927 -0.923779 -5.20629e-05 0.382723 -0.923863 -2.06577e-05 0.381606 -0.924325 0 0.192707 -0.464838 0.86417 0.192561 -0.464851 0.864195 0.192398 -0.465016 0.864143 0.192865 -0.464834 0.864137 0.130463 -0.991453 0 0.13053 -0.991444 -1.55255e-05 0.130319 -0.991472 0 0.0656485 -0.498894 0.864173 0.0657229 -0.498931 0.864146 0.60877 0.793347 0 0.60877 0.793347 0 0.793347 0.60877 0 0.793347 0.60877 0 0.92387 0.382707 0 0.92387 0.382707 0 0.464915 0.192588 0.864155 0.991453 0.130464 0 0.991453 0.130464 0 0.498927 0.0656528 0.864154 0.991453 -0.130464 0 0.991453 -0.130464 0 0.498927 -0.0656529 0.864154 0.92387 -0.382707 0 0.92387 -0.382707 0 0.464915 -0.192588 0.864155 0.793347 -0.60877 0 0.793347 -0.60877 0 0.60821 -0.793776 0 0.609692 -0.792638 2.22999e-05 0.608598 -0.793479 -8.68294e-06 0.608825 -0.793304 6.86762e-06 0.608769 -0.793347 0 0.608769 -0.793347 0 0.608821 -0.793308 -1.24638e-05 0.608607 -0.793472 1.5222e-05 0.609623 -0.792692 -3.68417e-05 0.13052 0 -0.991446 0.13052 0 -0.991446 0.0656611 -0.498925 0.864154 0.382691 0 -0.923876 0.382691 0 -0.923876 -0.271775 0.704018 0.656122 -0.271766 0.704054 0.656087 0.130531 0 0.991444 0.130531 0 0.991444 0.092694 0.70407 0.704054 0.0926617 0.704065 0.704064 0.382877 0 0.9238 0.38261 -8.26406e-06 0.92391 0.382731 0 0.92386 0.271769 0.704072 0.656067 0.271787 0.704076 0.656056 0.608851 0 0.793285 0.608851 0 0.793285 0.432354 0.704086 0.563323 0.432297 0.704072 0.563384 0.793285 0 0.60885 0.793285 0 0.60885 0.563339 0.704066 0.432365 0.563378 0.704081 0.432291 0.923859 0 0.382732 0.923859 0 0.382732 0.656064 0.704074 0.27177 0.65606 0.704071 0.271789 0.991444 0 0.130531 0.991444 0 0.130531 0.704062 0.704062 0.0926952 0.704061 0.704068 0.0926596 0.991444 0 -0.130531 0.991444 0 -0.130531 0.704065 0.704065 -0.0926603 0.704054 0.704071 -0.0926943 0.923859 0 -0.382732 0.923843 -2.77083e-06 -0.382772 0.92396 0 -0.382488 0.656056 0.704076 -0.271787 0.656067 0.704072 -0.27177 0.792727 0 -0.609576 0.793404 -1.2441e-05 -0.608696 0.793284 0 -0.608851 0.563384 0.704072 -0.432297 0.563323 0.704086 -0.432354 0.608853 0 -0.793283 0.608852 0 -0.793284 0.432292 0.704081 -0.563377 0.432367 0.704066 -0.563338 0.346829 -0.923872 0.161771 0.346799 -0.92388 0.161788 0.348498 -0.923112 0.162524 0.118277 -0.991448 0.0551499 0.11826 -0.991449 0.0551598 0.382481 0 -0.923963 0.383227 -3.52074e-05 -0.923654 0.382729 0 -0.923861 0.271769 0.704074 -0.656065 0.271787 0.704071 -0.656061 -0.118277 -0.991448 -0.0551499 -0.118278 -0.991448 -0.0551554 -0.346865 -0.923862 -0.16175 -0.346893 -0.923855 -0.16173 0.0926612 0.704069 -0.704061 0.0927006 0.704062 -0.704062 -0.551708 -0.793361 -0.257289 -0.551706 -0.793385 -0.257219 -0.719011 -0.608781 -0.335275 -0.718987 -0.608796 -0.3353 -0.130539 0 -0.991443 -0.130539 0 -0.991443 -0.0926617 0.704065 -0.704065 -0.0926993 0.704071 -0.704053 -0.271787 0.704071 -0.656061 -0.271769 0.704074 -0.656065 -0.432367 0.704066 -0.563338 -0.432292 0.704081 -0.563377 -0.793285 0 -0.60885 -0.793285 0 -0.60885 -0.92386 0 -0.382731 -0.92386 0 -0.382731 -0.656064 0.704074 0.27177 -0.65606 0.704071 0.271789 -0.792742 0 0.609558 -0.793403 -1.21528e-05 0.608697 -0.793286 0 0.608849 -0.563378 0.70408 0.432291 -0.563339 0.704066 0.432365 -0.60885 0 0.793285 -0.60885 0 0.793285 -0.432365 0.704066 0.563339 -0.432292 0.70408 0.563378 -0.382928 0 0.923778 -0.382731 -4.65727e-06 0.92386 -0.382632 0 0.923901 -0.271789 0.704071 0.65606 -0.271769 0.704074 0.656065 -0.130386 0 0.991463 -0.130531 7.92454e-06 0.991444 -0.131279 0 0.991346 -0.0926949 0.704062 0.704062 -0.0926612 0.704068 0.704061 0.271773 0.704055 -0.656084 0.271741 0.704085 -0.656065 0.382672 0 -0.923884 0.382672 0 -0.923884 0.382675 0 -0.923883 0.382874 -0.000446487 -0.923801 0.382544 0.000441992 -0.923937 0.390852 -0.025441 -0.920102 0.382668 0.000116429 -0.923886 0.382698 0 -0.923873 -0.382683 1.82819e-06 0.92388 -0.382728 5.90946e-05 0.923861 -0.382677 5.19196e-06 0.923882 -0.382701 2.29951e-05 0.923872 -0.382635 -7.05369e-06 0.9239 -0.382707 9.56645e-06 0.92387 -0.382609 1.1764e-06 0.92391 -0.382516 0 0.923949 -0.382691 0 0.923877 -0.382517 0 0.923949 -0.382609 -9.59912e-07 0.92391 -0.382709 -7.693e-06 0.923869 -0.382633 5.56564e-06 0.9239 -0.382703 -1.76725e-05 0.923872 -0.382677 -3.8319e-06 0.923882 -0.382726 -4.05265e-05 0.923862 -0.382695 -1.27491e-05 0.923875 -0.382683 0 0.92388 -0.271762 -0.704053 0.65609 -0.27178 -0.704017 0.656121 0.5517 0.793375 0.257261 0.551735 0.793346 0.257275 0.551575 -0.793482 0.2572 0.551266 -0.793745 0.25705 0.551652 -0.793415 0.25724 0.551804 -0.793284 0.257321 0.552005 -0.793104 0.257443 0.551734 -0.793347 0.257274 0.552109 -0.793027 0.257455 0.55156 -0.793506 0.257157 0.551488 -0.793571 0.257111 0.551702 -0.793375 0.257255 0.719045 0.608732 0.335292 0.719045 0.608731 0.335292 0.719045 -0.608731 0.335292 0.719045 -0.608732 0.335292 0.346805 -0.923891 0.161715 0.346836 -0.923877 0.161732 0.346841 -0.923874 0.161735 0.837332 0.382651 0.390453 0.837358 0.382584 0.390461 0.898558 0.130494 0.419004 0.898535 0.130659 0.419002 0.898539 -0.13066 0.418994 0.898555 -0.130494 0.419012 0.837357 -0.382584 0.390465 0.837333 -0.382651 0.39045 0.118315 -0.991442 0.0551711 0.118126 -0.99147 0.0550804 0.118548 -0.991406 0.0553214 0.118235 -0.991454 0.0551329 0.118271 0.991448 0.0551647 0.118267 0.991449 0.0551449 0.346839 0.923872 0.16175 0.347308 0.923265 0.164192 0.34681 0.923881 0.161762 -0.118243 -0.991453 -0.0551363 -0.11827 -0.991449 -0.055151 -0.118255 -0.991451 -0.0551419 -0.346646 -0.923964 -0.161639 -0.346924 -0.923836 -0.161773 -0.346634 -0.923974 -0.161609 -0.346841 -0.923874 -0.161734 -0.551734 -0.793346 -0.257276 -0.551828 -0.793271 -0.257307 -0.551841 -0.79326 -0.257312 -0.551587 -0.793472 -0.257205 -0.551537 -0.793513 -0.257183 -0.553303 -0.791996 -0.258066 -0.551693 -0.793387 -0.25724 -0.551818 -0.793275 -0.257314 -0.5517 -0.793388 -0.257223 -0.551807 -0.793285 -0.25731 -0.551808 0.793284 -0.257309 -0.551733 0.793346 -0.25728 -0.346881 0.923855 -0.161757 -0.346877 0.923863 -0.161722 -0.118278 0.991448 -0.0551501 -0.118279 0.991447 -0.0551556 0.131107 0 -0.991368 0.130429 7.19627e-06 -0.991458 0.130539 0 -0.991443 -0.71904 -0.608732 -0.335301 -0.718937 -0.608886 -0.335242 -0.837353 -0.382584 -0.390472 -0.83728 -0.382794 -0.390425 -0.898567 -0.130419 -0.419008 -0.89856 -0.130495 -0.419 -0.898569 0.130419 -0.419004 -0.898558 0.130495 -0.419003 -0.837358 0.382584 -0.390461 -0.837275 0.382794 -0.390436 -0.718933 0.608886 -0.335251 -0.719045 0.608732 -0.335291 -0.719 0.608797 -0.33527 -0.718997 0.608781 -0.335305 -0.551706 0.793385 -0.257218 -0.551707 0.793361 -0.257289 -0.382666 0 -0.923887 -0.382782 3.59942e-06 -0.923839 -0.382729 0 -0.923861 -0.608852 0 -0.793284 -0.608852 0 -0.793284 -0.991444 0 -0.130533 -0.991444 0 -0.130533 -0.991444 0 0.130532 -0.991444 0 0.130532 -0.92386 0 0.382731 -0.923796 -1.05905e-05 0.382885 -0.924244 0 0.381801 -0.346547 -0.924009 -0.161596 -0.347054 -0.923765 -0.161899 -0.346842 -0.923874 -0.161732 -0.346839 0.923875 -0.161735 -0.346839 0.923875 -0.161735 -0.118315 -0.991442 -0.05517 -0.118128 -0.99147 -0.0550775 -0.118452 -0.991418 -0.0553057 -0.118234 -0.991454 -0.0551355 -0.642904 -0.399164 0.653715 -0.727012 -0.306358 0.61449 -0.78655 -0.192578 0.586731 -0.817383 -0.0655944 0.572348 -0.817383 0.0655943 0.572348 -0.78655 0.192578 0.586731 -0.727012 0.306358 0.61449 -0.642904 0.399164 0.653715 -0.118238 0.991453 -0.0551358 -0.0311099 -0.999516 0 -0.118256 0.991451 -0.0551435 -0.118236 0.991454 -0.0551348 -0.424691 -0.498923 0.755456 -0.42494 -0.498745 0.755433 -0.424234 -0.499011 0.755655 -0.424843 -0.498893 0.75539 -0.53977 -0.464872 0.701814 -0.539769 0.464872 0.701814 -0.424695 0.498895 0.755472 0.118237 0.991454 0.0551342 0.0218522 0.999761 0 0.118252 0.991451 0.055142 0.118237 0.991454 0.055134 -0.305702 0.498894 0.810957 0.346865 0.923863 0.161744 0.34684 0.923875 0.161734 -0.190574 0.464852 0.864635 0.347125 -0.923746 0.161855 0.346922 -0.92384 0.161754 0.346396 -0.9241 0.161398 0.346865 -0.923863 0.161747 -0.190992 -0.464969 0.86448 -0.190545 -0.464896 0.864618 -0.190472 -0.464791 0.864691 -0.190833 -0.464934 0.864534 0.118284 -0.991447 0.0551588 0.118235 -0.991454 0.0551292 0.118237 -0.991454 0.0551305 -0.305708 -0.49888 0.810963 -0.305622 -0.498916 0.810974 -0.0876665 0.399298 0.91262 -0.00337367 0.306292 0.951932 -0.0033736 -0.306292 0.951932 -0.0876666 -0.399299 0.91262 0.382691 0 -0.923877 0.382691 0 -0.923877 -0.305722 -0.498896 0.810948 0.60877 0 -0.793347 0.60877 0 -0.793347 -0.432277 0.704108 0.563354 -0.432303 0.704056 0.563401 -0.608753 6.10497e-06 0.79336 -0.608858 4.23405e-05 0.793279 -0.608784 1.89328e-05 0.793336 -0.608767 1.53819e-05 0.793349 -0.60589 0 0.795548 -0.608778 -1.35796e-05 0.79334 -0.608827 -2.56312e-05 0.793303 -0.608788 -1.48533e-05 0.793333 -0.608688 4.057e-05 0.79341 -0.608793 -2.27081e-05 0.793329 -0.608764 -1.13536e-05 0.793351 -0.60589 0 0.795548 -0.608753 0 0.79336 -0.42277 0 0.906237 -0.422565 0 0.906333 -0.422565 0 0.906333 -0.422564 0 0.906333 -0.422564 0 0.906333 -0.422686 0 0.906276 -0.422686 0 0.906276 -0.42268 0 0.906279 -0.422181 1.92217e-05 0.906512 -0.422579 6.60854e-06 0.906326 -0.422567 2.55438e-06 0.906332 -0.422617 1.06134e-05 0.906309 -0.422181 -1.92217e-05 0.906512 -0.422603 0 0.906315 -0.422672 0 0.906283 -0.422634 9.22671e-06 0.9063 -0.422647 1.30867e-05 0.906294 -0.42256 8.97215e-06 0.906335 -0.422575 8.15859e-06 0.906328 -0.422571 7.63975e-06 0.90633 -0.422637 4.50955e-06 0.906299 -0.422657 1.32355e-05 0.90629 -0.422575 -8.15859e-06 0.906328 -0.423116 -0.000129029 0.906075 -0.422623 -3.30809e-06 0.906306 -0.422662 -5.85494e-07 0.906287 -0.422678 0 0.90628 -0.422662 5.85494e-07 0.906287 -0.422623 3.30809e-06 0.906306 -0.423116 0.000129029 0.906075 -0.422617 -1.06157e-05 0.906309 -0.422567 -2.55438e-06 0.906332 -0.422579 -6.60854e-06 0.906326 -0.42256 -8.97216e-06 0.906335 -0.422647 -1.30867e-05 0.906294 -0.422603 0 0.906315 -0.422635 0 0.9063 -0.42267 -1.96427e-05 0.906284 -0.422571 -7.63812e-06 0.90633 -0.422637 -4.50955e-06 0.906299 -0.422657 -1.32355e-05 0.90629 -0.42223 0 0.906489 -0.422662 0 0.906287 -0.422662 0 0.906287 -0.422618 0 0.906308 -0.422618 0 0.906308 -0.422597 0 0.906318 -0.422597 0 0.906318 0.719034 -0.608732 0.335315 0.719014 -0.608745 0.335335 0.551698 -0.793371 0.257279 0.551698 -0.793368 0.257288 0.432291 0.704058 -0.563407 0.432292 0.704057 -0.563407 0.608739 0 -0.793371 0.608739 0 -0.793371 0.608767 0 -0.793349 0.608767 0 -0.793349 -0.43231 -0.704054 0.563397 -0.432272 -0.704107 0.56336 0.258798 0 -0.965932 0.258798 0 -0.965932 -0.965932 0 -0.258798 -0.965932 0 -0.258798 -0.707107 0 -0.707106 -0.707107 0 -0.707106 -0.258797 0 -0.965932 -0.258797 0 -0.965932 -0.707107 0 0.707107 -0.707107 0 0.707107 -0.965932 0 0.258797 -0.965932 0 0.258797 0.707107 0 -0.707107 0.707107 0 -0.707107 0.551697 0.793371 0.257279 0.551697 0.793368 0.257288 0.719023 0.608732 0.335339 0.719027 0.608742 0.335312 0.837287 0.382708 0.390495 0.837308 0.382692 0.390465 0.056186 0.192462 0.979695 0.898547 0.130508 0.419023 0.89856 0.13052 0.418992 0.0869613 0.06574 0.99404 0.898562 -0.130507 0.418993 0.898546 -0.13052 0.419023 0.0869613 -0.0657401 0.99404 0.837287 -0.382708 0.390495 0.837307 -0.382692 0.390465 0.056186 -0.192462 0.979695 0.60877 0 -0.793347 0.60877 0 -0.793347 0.793347 0 -0.60877 0.793347 0 -0.60877 -0.563396 0.704055 0.43231 -0.563359 0.704108 0.432271 -0.79336 0 0.608753 -0.79336 0 0.608753 0.965932 0 0.258797 0.965932 0 0.258797 0.707106 0 0.707107 0.707106 0 0.707107 0.258798 0 0.965932 0.258798 0 0.965932 0.965932 0 -0.258798 0.965932 0 -0.258798 -0.258797 0 0.965932 -0.258797 0 0.965932 0.563407 0.704058 -0.432291 0.563407 0.704057 -0.432292 0.793371 0 -0.608739 0.793371 0 -0.608739 0.793349 0 -0.608767 0.793349 0 -0.608767 -0.563354 -0.704108 0.432278 -0.563401 -0.704055 0.432303 0.793347 0 -0.60877 0.793347 0 -0.60877 0.923876 0 -0.382691 0.923876 0 -0.382691 -0.656121 0.704018 0.27178 -0.65609 0.704054 0.271761 -0.92388 0 0.382683 -0.92388 0 0.382683 0.656084 0.704055 -0.271773 0.656065 0.704085 -0.271741 0.923884 0 -0.382672 0.923884 0 -0.382672 0.923873 0 -0.382698 0.923873 0 -0.382698 -0.656121 -0.704017 0.27178 -0.65609 -0.704053 0.271762 0.923877 0 -0.382691 0.923877 0 -0.382691 0.991446 0 -0.13052 0.991446 0 -0.13052 -0.704063 0.704062 0.0926893 -0.704107 0.704017 0.0927019 -0.991444 0 0.130532 -0.991444 0 0.130532 0.704063 0.704063 -0.0926842 0.704036 0.704089 -0.0926998 0.991443 0 -0.130542 0.991443 0 -0.130542 0.991445 0 -0.130524 0.991445 0 -0.130524 -0.704064 -0.704061 0.0926963 -0.704108 -0.704016 0.0926953 0.991446 0 -0.13052 0.991446 0 -0.13052 0.991446 0 0.13052 0.991446 0 0.13052 -0.704056 0.704068 -0.0926966 -0.704158 0.703968 -0.0926886 -0.704063 0.704061 -0.0927003 -0.991443 0 -0.130538 -0.991443 0 -0.130538 -0.991445 3.36005e-06 -0.130524 -0.991444 0 -0.130533 0 1 0 0 1 0 0 1 0 0 1 0 0 1 0 0 1 0 0 1 0 0 1 0 0 1 0 -0.965914 0 0.258862 -0.965914 0 0.258862 -0.965914 0 -0.258863 -0.965914 0 -0.258863 -0.707107 0 -0.707107 -0.707107 0 -0.707107 -0.258865 0 -0.965914 -0.258865 0 -0.965914 0.258865 0 -0.965914 0.258833 -1.06202e-05 -0.965922 0.258905 0 -0.965903 0.707104 0 -0.70711 0.707104 0 -0.70711 0.704063 0.704063 0.0926842 0.704036 0.704089 0.0926998 0.991443 0 0.130542 0.991443 0 0.130542 0.991445 0 0.130524 0.991445 0 0.130524 -0.704107 -0.704017 -0.092702 -0.704064 -0.704061 -0.0926894 0.991446 0 0.13052 0.991446 0 0.13052 0.923876 0 0.382691 0.923876 0 0.382691 -0.656091 0.704054 -0.271759 -0.656128 0.704011 -0.271782 -0.656197 0.703933 -0.271814 -0.92388 0 -0.382683 -0.923846 3.34893e-05 -0.382764 -0.923881 0 -0.382681 -0.923881 0 -0.38268 0.258896 0 0.965905 0.258896 0 0.965905 -0.258865 0 0.965914 -0.258895 8.51525e-06 0.965906 -0.258683 0 0.965962 -0.707107 0 0.707107 -0.707107 0 0.707107 0.656084 0.704055 0.271773 0.656065 0.704085 0.271741 0.923884 0 0.382672 0.923884 0 0.382672 0.923873 0 0.382698 0.923873 0 0.382698 -0.65609 -0.704053 -0.271762 -0.656121 -0.704017 -0.27178 0.923877 0 0.382691 0.923877 0 0.382691 0.793347 0 0.60877 0.793347 0 0.60877 -0.563354 0.704108 -0.432277 -0.5634 0.704056 -0.432303 -0.79336 0 -0.608753 -0.79336 0 -0.608753 0.965932 0 0.258798 0.965932 0 0.258798 0.258798 0 -0.965932 0.258798 0 -0.965932 0.707106 0 -0.707107 0.707106 0 -0.707107 0.965932 0 -0.258797 0.965932 0 -0.258797 -0.258797 0 -0.965932 -0.258797 0 -0.965932 0.563407 0.704058 0.432291 0.563407 0.704057 0.432292 0.793371 0 0.608739 0.793371 0 0.608739 0.793349 0 0.608767 0.793349 0 0.608767 -0.563397 -0.704054 -0.43231 -0.56336 -0.704107 -0.432272 0.793347 0 0.60877 0.793347 0 0.60877 0.60877 0 0.793347 0.60877 0 0.793347 -0.43231 0.704055 -0.563396 -0.432271 0.704108 -0.563359 0.563338 0.704067 0.432366 0.563378 0.704081 0.432292 0.346839 -0.923872 -0.16175 0.347308 -0.923265 -0.164192 0.34681 -0.923881 -0.161762 0.551698 -0.793368 -0.257288 0.551698 -0.793371 -0.257279 0.719023 -0.608732 -0.335339 0.719027 -0.608742 -0.335312 0.656065 0.704074 0.271769 0.65606 0.704071 0.271789 0.704061 0.704068 0.0926599 0.704062 0.704062 0.0926953 0.707107 0 0.707107 0.707107 0 0.707107 0.258798 0 0.965932 0.258798 0 0.965932 -0.258797 0 0.965932 -0.258797 0 0.965932 -0.707107 0 0.707106 -0.707107 0 0.707106 0.704054 0.704071 -0.0926939 0.704065 0.704065 -0.0926601 -0.965932 0 0.258798 -0.965932 0 0.258798 0.656066 0.704072 -0.271771 0.656056 0.704075 -0.271788 -0.965932 0 -0.258797 -0.965932 0 -0.258797 -0.707107 0 -0.707107 -0.707107 0 -0.707107 0.563324 0.704086 -0.432353 0.563385 0.704072 -0.432296 0.432292 0.704081 -0.563378 0.432366 0.704066 -0.563339 0.271769 0.704074 -0.656065 0.271789 0.704071 -0.65606 0.0926951 0.704063 -0.704062 0.0926613 0.704068 -0.704061 -0.0926612 0.704068 -0.704061 -0.0926949 0.704062 -0.704062 0.432291 0.704058 0.563407 0.432292 0.704057 0.563407 0.608739 0 0.793371 0.608739 0 0.793371 0.608767 0 0.793349 0.608767 0 0.793349 -0.608753 -4.95564e-06 -0.79336 -0.608827 -2.56312e-05 -0.793303 -0.608778 -1.35859e-05 -0.79334 -0.608764 -1.13536e-05 -0.793351 -0.60589 0 -0.795548 -0.608784 1.89241e-05 -0.793336 -0.608858 4.23405e-05 -0.793279 -0.608834 3.40879e-05 -0.793297 -0.608668 -4.40759e-05 -0.793425 -0.608799 2.17402e-05 -0.793325 -0.608767 1.53819e-05 -0.793349 -0.60589 0 -0.795548 -0.608753 0 -0.79336 -0.432303 -0.704055 -0.563401 -0.432278 -0.704108 -0.563355 -0.0876666 -0.399299 -0.91262 -0.00337361 -0.306292 -0.951932 0.837302 -0.382708 -0.390462 0.837291 -0.382695 -0.390497 0.0561861 -0.192462 -0.979695 0.898535 -0.130659 -0.419002 0.898558 -0.130494 -0.419004 0.898562 -0.130507 -0.418993 0.898546 -0.13052 -0.419023 0.0869613 -0.0657401 -0.99404 0.898555 0.130494 -0.419012 0.898539 0.130659 -0.418994 0.898547 0.130508 -0.419023 0.89856 0.13052 -0.418992 0.0869613 0.06574 -0.99404 0.837291 0.382695 -0.390497 0.837302 0.382708 -0.390462 0.056186 0.192462 -0.979695 0.719027 0.608742 -0.335312 0.719023 0.608732 -0.335339 -0.00337367 0.306292 -0.951932 0.551697 0.793368 -0.257288 0.551697 0.793371 -0.257279 -0.0876665 0.399298 -0.91262 0.346829 0.923872 -0.161771 0.346799 0.92388 -0.161788 0.348498 0.923112 -0.162524 0.60877 0 0.793347 0.60877 0 0.793347 0.382691 0 0.923876 0.382691 0 0.923876 -0.27178 0.704018 -0.656121 -0.271761 0.704054 -0.65609 -0.382516 0 -0.923949 -0.382609 1.1764e-06 -0.92391 -0.382707 9.56645e-06 -0.92387 -0.382635 -7.05369e-06 -0.9239 -0.382701 2.29951e-05 -0.923872 -0.382677 5.19196e-06 -0.923882 -0.382728 5.90946e-05 -0.923861 -0.3827 2.23912e-05 -0.923873 -0.382683 0 -0.92388 0.131107 0 0.991368 0.130539 6.03224e-06 0.991443 0.130428 0 0.991458 0.0926612 0.704069 0.704061 0.0927006 0.704062 0.704062 -0.718987 -0.608796 0.3353 -0.719011 -0.608781 0.335275 -0.551679 -0.793385 0.257276 -0.551733 -0.793362 0.257231 -0.346877 -0.923863 0.161722 -0.346881 -0.923855 0.161757 0.382481 0 0.923963 0.382729 -1.16943e-05 0.923861 0.383223 0 0.923656 0.271769 0.704074 0.656065 0.271787 0.704071 0.656061 -0.118278 -0.991448 0.0551554 -0.118277 -0.991448 0.0551499 0.11827 -0.991448 -0.0551646 0.118266 -0.99145 -0.0551448 0.608853 0 0.793283 0.608853 0 0.793284 0.432292 0.704081 0.563377 0.432367 0.704066 0.563338 0.793401 0 0.608699 0.792732 -5.87502e-05 0.609571 0.793284 0 0.608851 0.923859 0 -0.382732 0.923859 0 -0.382732 0.793285 0 -0.60885 0.793285 0 -0.60885 0.130531 0 -0.991444 0.130531 0 -0.991444 -0.382928 0 -0.923778 -0.382632 -7.01613e-06 -0.923901 -0.382731 0 -0.92386 -0.271789 0.704071 -0.65606 -0.271769 0.704074 -0.656065 -0.60885 0 -0.793285 -0.60885 0 -0.793285 -0.432365 0.704067 -0.563339 -0.432292 0.70408 -0.563378 -0.7934 0 -0.608701 -0.792746 -5.73881e-05 -0.609552 -0.793286 0 -0.608849 -0.563339 0.704066 -0.432365 -0.563378 0.70408 -0.432291 -0.924244 0 -0.381801 -0.923796 -1.05905e-05 -0.382885 -0.92386 0 -0.382731 -0.65606 0.704071 -0.271789 -0.656064 0.704074 -0.27177 -0.991444 0 -0.130532 -0.991444 0 -0.130532 -0.704062 0.704062 -0.092696 -0.704061 0.704068 -0.0926596 -0.991444 0 0.130533 -0.991444 0 0.130533 -0.704065 0.704065 0.0926603 -0.704054 0.704071 0.0926951 -0.92386 0 0.382731 -0.92386 0 0.382731 -0.656066 0.704072 0.27177 -0.656056 0.704076 0.271787 -0.793285 0 0.60885 -0.793285 0 0.60885 -0.563378 0.704081 0.432292 -0.563339 0.704067 0.432365 -0.608852 0 0.793284 -0.608852 0 0.793284 -0.432367 0.704066 0.563338 -0.432292 0.704081 0.563377 -0.382783 0 0.923838 -0.382663 4.35487e-06 0.923888 -0.382729 0 0.923861 -0.271787 0.704071 0.656061 -0.271769 0.704074 0.656065 -0.130539 0 0.991443 -0.130539 0 0.991443 -0.0926617 0.704064 0.704065 -0.0926993 0.704071 0.704053 0.271773 0.704055 0.656084 0.271741 0.704085 0.656065 0.382672 0 0.923884 0.382672 0 0.923884 0.382698 2.27749e-05 0.923873 0.390852 -0.025441 0.920102 0.382544 0.000441992 0.923937 0.382874 -0.000446487 0.923801 0.382675 0 0.923883 0.382668 0 0.923886 -0.382683 -1.31799e-06 -0.92388 -0.382726 -4.05265e-05 -0.923862 -0.382677 -3.8319e-06 -0.923882 -0.382703 -1.76725e-05 -0.923872 -0.382633 5.56564e-06 -0.9239 -0.382709 -7.693e-06 -0.923869 -0.382609 -9.59912e-07 -0.92391 -0.382517 0 -0.923949 -0.382691 0 -0.923876 -0.271775 -0.704018 -0.656123 -0.271766 -0.704054 -0.656088 -0.346893 0.923855 0.16173 -0.346865 0.923862 0.16175 -0.551679 0.793385 0.257276 -0.551733 0.793362 0.257231 -0.718987 0.608796 0.3353 -0.719011 0.608781 0.335275 -0.118271 -0.991449 0.055149 -0.118242 -0.991453 0.0551377 -0.118255 -0.991451 0.0551421 -0.118276 0.991448 0.0551543 -0.11828 0.991448 0.0551513 0.118235 -0.991454 -0.0551329 0.118548 -0.991406 -0.0553214 0.118126 -0.99147 -0.0550804 0.118315 -0.991442 -0.0551711 0.346835 -0.923877 -0.161732 0.346799 -0.923893 -0.161718 0.346842 -0.923874 -0.161733 -0.42277 0 -0.906237 -0.422565 0 -0.906333 -0.422565 0 -0.906333 -0.422564 0 -0.906333 -0.422564 0 -0.906333 -0.422686 0 -0.906276 -0.422686 0 -0.906276 -0.42268 0 -0.906279 -0.422181 -1.92217e-05 -0.906512 -0.422579 -6.60854e-06 -0.906326 -0.422567 -2.55438e-06 -0.906332 -0.422617 -1.06134e-05 -0.906309 -0.422181 1.92217e-05 -0.906512 -0.422603 0 -0.906315 -0.422672 0 -0.906283 -0.422634 -9.22671e-06 -0.9063 -0.422647 -1.30867e-05 -0.906294 -0.42256 -8.97216e-06 -0.906335 -0.422575 -8.15859e-06 -0.906328 -0.422571 -7.63975e-06 -0.90633 -0.422637 -4.50955e-06 -0.906299 -0.422657 -1.32355e-05 -0.90629 -0.422575 8.15859e-06 -0.906328 -0.423116 0.000129029 -0.906075 -0.422623 3.30809e-06 -0.906306 -0.422662 5.85494e-07 -0.906287 -0.422678 0 -0.90628 -0.422662 -5.85494e-07 -0.906287 -0.422623 -3.30809e-06 -0.906306 -0.423116 -0.000129029 -0.906075 -0.422617 1.06157e-05 -0.906309 -0.422567 2.55438e-06 -0.906332 -0.422579 6.60854e-06 -0.906326 -0.42256 8.97215e-06 -0.906335 -0.422647 1.30867e-05 -0.906294 -0.422603 0 -0.906315 -0.422635 0 -0.9063 -0.42267 1.96427e-05 -0.906284 -0.422571 7.63812e-06 -0.90633 -0.422637 4.50955e-06 -0.906299 -0.422657 1.32355e-05 -0.90629 -0.42223 0 -0.906489 -0.422662 0 -0.906287 -0.422662 0 -0.906287 -0.422618 0 -0.906308 -0.422618 0 -0.906308 -0.422597 0 -0.906318 -0.422597 0 -0.906318 0.11826 0.991449 -0.0551599 0.118278 0.991448 -0.05515 0.551576 -0.793481 -0.2572 0.551583 -0.793475 -0.257204 0.551582 -0.793476 -0.257203 0.552091 -0.793077 -0.257343 0.551698 -0.793375 -0.257264 0.551734 -0.793347 -0.257274 0.552005 -0.793104 -0.257443 0.551804 -0.793284 -0.257321 0.551652 -0.793415 -0.25724 0.551266 -0.793745 -0.25705 0.719045 -0.608732 -0.335292 0.719045 -0.608731 -0.335292 0.837332 -0.382651 -0.390453 0.837358 -0.382584 -0.390461 0.837357 0.382584 -0.390465 0.837333 0.382651 -0.39045 0.719045 0.608731 -0.335292 0.719045 0.608732 -0.335292 0.551734 0.793346 -0.257277 0.551701 0.793375 -0.257259 0.92396 0 0.382488 0.923843 -2.77083e-06 0.382772 0.923859 0 0.382732 0.991444 0 0.130531 0.991444 0 0.130531 0.991444 0 -0.130531 0.991444 0 -0.130531 0.608851 0 -0.793285 0.608851 0 -0.793285 0.382608 0 -0.923911 0.382881 -1.00028e-05 -0.923797 0.382731 0 -0.92386 0.346446 -0.924054 -0.161552 0.346921 -0.923843 -0.161741 0.347135 -0.923754 -0.161791 0.34687 -0.923863 -0.161736 0.346841 0.923875 -0.161732 0.346865 0.923863 -0.161745 -0.130386 0 -0.991463 -0.131298 4.98048e-05 -0.991343 -0.130531 0 -0.991444 0.118235 -0.991454 -0.0551297 0.118289 -0.991447 -0.0551472 0.118234 -0.991454 -0.0551355 -0.190833 -0.464934 -0.864534 -0.190472 -0.464791 -0.864691 -0.190545 -0.464896 -0.864618 -0.190992 -0.464969 -0.86448 -0.190574 0.464852 -0.864635 0.118236 0.991454 -0.0551348 0.0639123 -0.997956 0 0.118233 0.991454 -0.0551324 0.118237 0.991454 -0.0551342 -0.118256 0.991451 0.0551442 -0.118242 0.991453 0.0551369 -0.0339597 0.999423 0 -0.118236 0.991454 0.0551348 -0.424695 0.498895 -0.755472 -0.118234 -0.991454 0.0551355 -0.118452 -0.991418 0.0553057 -0.118128 -0.99147 0.0550775 -0.118315 -0.991442 0.05517 -0.42494 -0.498745 -0.755433 -0.424234 -0.49901 -0.755655 -0.424843 -0.498893 -0.75539 -0.424691 -0.498923 -0.755456 -0.305708 -0.49888 -0.810963 -0.305622 -0.498916 -0.810974 -0.305702 0.498894 -0.810957 -0.539769 0.464872 -0.701814 -0.551735 0.793346 0.257275 -0.551806 0.793284 0.257314 -0.642904 0.399164 -0.653715 -0.727012 0.306358 -0.61449 -0.78655 0.192578 -0.586731 -0.817383 0.0655943 -0.572348 -0.817383 -0.0655944 -0.572348 -0.78655 -0.192578 -0.586731 -0.727012 -0.306358 -0.61449 -0.551807 -0.793285 0.25731 -0.5517 -0.793388 0.257223 -0.551818 -0.793275 0.257314 -0.551693 -0.793387 0.25724 -0.553303 -0.791996 0.258066 -0.551538 -0.793513 0.257183 -0.551736 -0.793346 0.257271 -0.551536 -0.793523 0.257155 -0.551851 -0.793247 0.257332 -0.55183 -0.793265 0.257321 -0.642904 -0.399164 -0.653715 -0.347105 -0.923754 0.161855 -0.346456 -0.924035 0.161643 -0.346842 -0.923874 0.161734 -0.53977 -0.464872 -0.701814 -0.718937 0.608886 0.335242 -0.71904 0.608732 0.335301 -0.83728 0.382794 0.390425 -0.837353 0.382584 0.390472 -0.89856 0.130495 0.419 -0.898567 0.130419 0.419008 -0.898558 -0.130495 0.419003 -0.898569 -0.130419 0.419004 -0.837275 -0.382794 0.390436 -0.837358 -0.382584 0.390461 -0.718933 -0.608886 0.335251 -0.719045 -0.608732 0.335291 -0.346839 0.923875 0.161735 -0.346839 0.923875 0.161735 -0.346841 -0.923874 0.161734 -0.346634 -0.923974 0.161609 -0.346924 -0.923836 0.161773 -0.346646 -0.923964 0.161639 -0.837341 0.382609 0.390475 -0.837353 0.382599 0.390458 -0.89854 0.130532 0.419032 -0.898544 0.130556 0.419015 -0.898544 0.130556 0.419015 -0.898537 -0.130556 0.419031 -0.898545 -0.130547 0.419016 -0.898831 -0.13056 0.418399 -0.837349 -0.382609 0.390456 -0.837345 -0.382599 0.390476 0.382691 0 0.923877 0.382691 0 0.923877 -0.305721 -0.498896 -0.810948 0.13052 0 0.991446 0.13052 0 0.991446 -0.0927019 0.704017 -0.704106 -0.0926893 0.704062 -0.704063 0.56341 0.704066 -0.432273 0.563385 0.704072 -0.432297 0.432237 0.704076 -0.563425 0.432301 0.704064 -0.563391 0.271769 0.704074 -0.656065 0.271791 0.704071 -0.65606 0.0926609 0.704065 -0.704065 0.0926923 0.70407 -0.704055 0.991444 0 -0.130532 0.991444 0 -0.130532 0.704061 0.704068 -0.0926602 0.704062 0.704062 -0.0926959 0.656061 0.704071 -0.271787 0.656065 0.704074 -0.27177 0.608678 0 -0.793417 0.608678 0 -0.793417 0.382531 0 -0.923943 0.382951 -1.50144e-05 -0.923769 0.382734 0 -0.923859 0.130529 0 -0.991445 0.130529 0 -0.991445 0.130534 0 0.991444 0.130534 0 0.991444 0.0926957 0.704071 0.704054 0.0926601 0.704065 0.704065 0.382523 0 0.923946 0.382729 -7.39255e-06 0.923861 0.382945 0 0.923771 0.27177 0.704072 0.656066 0.271786 0.704076 0.656057 0.608678 0 0.793417 0.608678 0 0.793417 0.432247 0.704059 0.563438 0.432297 0.704072 0.563384 0.563405 0.704074 0.432266 0.563387 0.704068 0.432299 0.656065 0.704074 0.271769 0.65606 0.704071 0.271789 0.991444 0 0.130532 0.991444 0 0.130532 0.704061 0.704068 0.09266 0.704062 0.704062 0.0926955 0.130504 -0.991448 0 0.130504 -0.991448 0 0.382711 -0.923868 0 0.382711 -0.923868 0 0.608726 -0.793381 0 0.608726 -0.793381 0 0.793381 -0.608726 0 0.793381 -0.608726 0 0.0926811 0.704087 0.704039 0.0927032 0.704062 0.704062 0.130542 0 0.991443 0.130542 0 0.991443 0.130524 0 0.991445 0.13053 -2.1541e-05 0.991444 0.129997 0.000269388 0.991514 0.1306 0 0.991435 -0.130532 -5.20963e-06 -0.991444 -0.13049 2.07709e-05 -0.99145 -0.130671 -6.18602e-05 -0.991426 -0.130565 -1.78219e-05 -0.99144 -0.130519 -2.59843e-06 -0.991446 -0.130504 0 -0.991448 -0.130669 0.000105909 -0.991426 -0.130481 -3.15568e-05 -0.991451 -0.130584 9.2489e-05 -0.991437 -0.130505 -5.95761e-05 -0.991448 -0.130505 5.95761e-05 -0.991448 -0.130584 -9.2489e-05 -0.991437 -0.130504 0 -0.991448 -0.130519 3.71786e-06 -0.991446 -0.130573 2.72528e-05 -0.991439 -0.130753 0.000126089 -0.991415 -0.130533 0 -0.991444 -0.131429 0 -0.991326 -0.0926953 -0.704016 -0.704108 -0.0926963 -0.704061 -0.704064 0.92386 0 -0.382729 0.92386 0 -0.382729 0.793245 0 -0.608903 0.79342 -3.52057e-06 -0.608674 0.793385 0 -0.60872 0.382707 -0.92387 0 0.381276 -0.924461 0.000296607 0.382726 -0.923862 1.67456e-05 0.382945 -0.923771 0 0.130319 -0.991472 0 0.13053 -0.991444 1.55255e-05 0.130463 -0.991453 0 0.192865 -0.464834 -0.864137 0.192398 -0.465016 -0.864143 0.192561 -0.464851 -0.864195 0.192707 -0.464838 -0.86417 0.306349 -0.399234 -0.864154 0.399234 -0.30635 -0.864154 0.464915 -0.192588 -0.864155 0.498927 -0.065653 -0.864154 0.498927 0.0656528 -0.864154 0.464915 0.192588 -0.864155 0.399234 0.30635 -0.864154 0.30635 0.399234 -0.864154 0.192587 0.464915 -0.864155 0.0656485 -0.498894 -0.864173 0.0657229 -0.498931 -0.864146 0.0656536 0.498927 -0.864154 0.130463 -0.991453 0 0.130531 -0.991444 -7.26793e-06 0.130319 -0.991472 0 0.382707 -0.92387 0 0.382936 -0.923775 -2.56756e-05 0.38273 -0.92386 -1.04098e-05 0.381606 -0.924325 0 0.60821 -0.793776 0 0.609623 -0.792692 3.68417e-05 0.608607 -0.793472 -1.5222e-05 0.608821 -0.793308 1.24638e-05 0.608769 -0.793347 0 0.608769 -0.793347 0 0.608825 -0.793304 -6.86762e-06 0.608598 -0.793479 8.68294e-06 0.609692 -0.792638 -2.22999e-05 0.793347 -0.60877 0 0.793347 -0.60877 0 0.793347 0.60877 0 0.793347 0.60877 0 0 0 -1 0 0 -1 0 0 -1 0 0 -1 0 0 -1 0 0 -1 0 0 -1 0 0 -1 0 0 -1 0 0 -1 0 0 -1 0 0 -1 0 0 -1 0 0 -1 0 0 -1 0 0 -1 0 0 -1 0 0 -1 0 0 -1 0 0 -1 0 0 -1 0 0 -1 0 0 -1 0 0 -1 0 0 -1 0 0 -1 0 0 -1 0 0 -1 0 0 -1 0 0 -1 0 0 -1 0 0 -1 0 0 -1 0 0 -1 0 0 -1 0 0 -1 0 0 -1 0 0 -1 0 0 -1 0 0 -1 0 0 -1 0 0 -1 0 0 -1 0 0 -1 0 0 -1 0 0 -1 0 0 -1 0 0 -1 0.60877 0.793347 0 0.60877 0.793347 0 0.382706 0.92387 0 0.382706 0.92387 0 0.382711 0.923868 0 0.382711 0.923868 0 0.130465 0.991453 0 0.130465 0.991453 0 0.130504 0.991448 0 0.130504 0.991448 0 0.92387 -0.382707 0 0.92387 -0.382707 0 0.923868 -0.382711 0 0.923868 -0.382711 0 0.991453 -0.130464 0 0.991453 -0.130464 0 0.991453 0.130464 0 0.991453 0.130464 0 0.92387 0.382707 0 0.92387 0.382707 0 0.923868 0.382711 0 0.923868 0.382711 0 0.793381 0.608726 0 0.793381 0.608726 0 0.608726 0.793381 0 0.608726 0.793381 0 0.991448 0.130504 0 0.991448 0.130504 0 0.991448 -0.130504 0 0.991448 -0.130504 0 0.793422 0 0.608672 0.793247 -1.4382e-05 0.6089 0.793387 0 0.608718 0.92386 0 0.382731 0.92386 0 0.382731 0.13052 0 0.991446 0.13052 0 0.991446 0.0656612 -0.498925 -0.864154 -1 0 0 -1 0 0 0 1 0 0 1 0 1 0 0 1 0 0 0 -1 0 0 -1 0 0 0 -1 0 0 -1 0 0 1 0 0 1 0.0980169 -1.23578e-07 0.995185 0.0980173 -6.18596e-08 0.995185 0.290285 -5.94147e-08 0.95694 0.290285 -5.87666e-08 0.95694 0.471397 -5.47569e-08 0.881921 0.471397 -5.56736e-08 0.881921 0.634393 -4.79948e-08 0.773011 0.634394 0 0.77301 0.773011 0 0.634393 0.77301 -3.71157e-08 0.634393 0.881921 -2.92682e-08 0.471397 0.881921 -1.85579e-08 0.471397 0.95694 -9.01162e-09 0.290285 0.95694 -1.54649e-08 0.290285 0.995185 -4.56428e-09 0.0980173 0.995185 -4.63947e-09 0.0980173 0.995185 4.28447e-09 -0.0980173 0.995185 3.09298e-09 -0.0980173 0.95694 9.01162e-09 -0.290285 0.95694 9.27893e-09 -0.290285 0.881921 1.46341e-08 -0.471397 0.881921 1.23719e-08 -0.471397 0.77301 1.96942e-08 -0.634393 0.77301 3.71157e-08 -0.634393 0.634394 4.79948e-08 -0.77301 0.634394 9.89753e-08 -0.77301 0.471396 1.09514e-07 -0.881921 0.471397 5.56736e-08 -0.881921 0.290285 5.94147e-08 -0.95694 0.290285 5.87666e-08 -0.95694 0.0980173 6.17892e-08 -0.995185 0.0980173 6.18596e-08 -0.995185 -0.0980173 6.17892e-08 -0.995185 -0.0980173 6.18596e-08 -0.995185 -0.290285 5.94147e-08 -0.95694 -0.290285 5.87666e-08 -0.95694 -0.471396 5.47569e-08 -0.881922 -0.471397 1.05161e-07 -0.881921 -0.634394 9.59896e-08 -0.77301 -0.634393 4.94876e-08 -0.77301 -0.773011 3.93883e-08 -0.634393 -0.773011 1.85579e-08 -0.634393 -0.881921 1.46341e-08 -0.471397 -0.881921 1.85579e-08 -0.471397 -0.95694 9.01162e-09 -0.290285 -0.95694 9.27893e-09 -0.290285 -0.995185 3.04287e-09 -0.0980177 -0.995185 4.63947e-09 -0.0980177 -0.995185 -4.28449e-09 0.0980177 -0.995185 -4.63947e-09 0.0980177 -0.95694 -1.35174e-08 0.290285 -0.95694 -9.27893e-09 0.290285 -0.881921 -1.46341e-08 0.471397 -0.881921 -2.47438e-08 0.471397 -0.773011 -3.93883e-08 0.634393 -0.773011 0 0.634393 -0.634393 0 0.773011 -0.634393 -4.94877e-08 0.77301 -0.471397 -5.47569e-08 0.881921 -0.471397 -4.94876e-08 0.881921 0 -1 0 0 -1 0 0 -1 0 0 -1 0 0 -1 0 0 -1 0 0 -1 0 0 -1 0 0 -1 0 0 -1 0 0 -1 0 0 -1 0 0 -1 0 0 -1 0 0 -1 0 0 -1 0 0 -1 0 0 -1 0 0 -1 0 0 -1 0 0 -1 0 0 -1 0 0 -1 0 0 -1 0 0 -1 0 0 -1 0 0 -1 0 0 -1 0 0 -1 0 0 -1 0 -0.290285 -5.94147e-08 0.95694 -0.290285 -5.87666e-08 0.95694 -0.0980169 -6.17892e-08 0.995185 -0.0980173 -1.23719e-07 0.995185 0 1 0 0 1 0 1.2359e-06 1 1.50594e-06 0 1 0 0 1 0 0 1 0 -1.2359e-06 1 1.50594e-06 0 1 0 0 1 0 0 1 0 1.23589e-06 1 1.50594e-06 0 1 0 0 1 0 0 1 0 -1.23589e-06 1 1.50594e-06 0 1 0 0 1 0 -4.60999e-07 1 -1.90952e-07 0 1 0 -1.90952e-07 1 4.60999e-07 0 1 0 -4.60999e-07 1 -1.90952e-07 0 1 0 -1.90952e-07 1 4.60999e-07 2.68578e-08 1 1.35024e-07 1.35023e-07 1 -2.68578e-08 2.68578e-08 1 1.35023e-07 1.35024e-07 1 -2.68578e-08 -1.45354e-08 1 7.30742e-08 -1.45354e-08 1 7.30742e-08 -1 0 0 -1 0 0 0 1 0 0 1 0 1 0 0 1 0 0 0 -1 0 0 -1 0 0 0 -1 0 0 -1 0 0 1 0 0 1</float_array>
                    <technique_common>
                        <accessor count="3894" source="#shape0-lib-normals-array" stride="3">
                            <param name="X" type="float"/>
                            <param name="Y" type="float"/>
                            <param name="Z" type="float"/>
                        </accessor>
                    </technique_common>
                </source>
                <vertices id="shape0-lib-vertices">
                    <input semantic="POSITION" source="#shape0-lib-positions"/>
                </vertices>
                <triangles count="3894">
                    <input offset="0" semantic="VERTEX" source="#shape0-lib-vertices"/>
                    <input offset="1" semantic="NORMAL" source="#shape0-lib-normals"/>
                    <p>0 0 1 0 2 0 2 1 1 1 3 1 2 2 3 2 4 2 4 3 3 3 5 3 4 4 5 4 6 4 6 5 5 5 7 5 6 6 7 6 8 6 9 7 6 7 8 7 9 8 8 8 10 8 9 9 10 9 11 9 9 10 11 10 12 10 11 11 13 11 12 11 12 12 13 12 14 12 12 13 14 13 15 13 15 14 14 14 16 14 15 15 16 15 17 15 17 16 18 16 19 16 17 17 19 17 20 17 17 18 20 18 21 18 17 19 21 19 22 19 17 20 22 20 15 20 23 21 24 21 25 21 25 22 24 22 26 22 25 23 26 23 27 23 27 24 26 24 28 24 27 25 28 25 29 25 29 26 28 26 30 26 29 27 30 27 31 27 31 28 30 28 32 28 31 29 32 29 33 29 33 30 32 30 34 30 33 31 34 31 35 31 35 32 34 32 36 32 35 33 36 33 37 33 38 34 39 34 40 34 40 35 39 35 41 35 40 36 41 36 42 36 42 37 41 37 43 37 42 38 43 38 44 38 44 39 43 39 24 39 44 40 24 40 23 40 16 41 14 41 45 41 45 42 14 42 46 42 45 43 46 43 47 43 47 44 46 44 48 44 47 45 48 45 49 45 49 46 48 46 50 46 49 47 50 47 51 47 51 48 50 48 43 48 51 49 43 49 41 49 52 50 53 50 54 50 54 51 53 51 55 51 54 52 55 52 56 52 56 53 55 53 57 53 56 54 57 54 58 54 55 55 59 55 60 55 55 56 60 56 61 56 55 57 61 57 62 57 55 58 62 58 63 58 55 59 63 59 64 59 55 60 64 60 65 60 55 61 65 61 66 61 55 62 66 62 67 62 55 63 67 63 68 63 55 64 68 64 57 64 59 65 69 65 70 65 59 66 70 66 71 66 59 67 71 67 72 67 59 68 72 68 73 68 59 69 73 69 74 69 59 70 74 70 60 70 69 71 19 71 18 71 69 72 18 72 75 72 69 73 75 73 70 73 20 74 19 74 76 74 20 75 76 75 77 75 20 76 77 76 78 76 20 77 78 77 79 77 56 78 58 78 80 78 56 79 80 79 81 79 56 80 81 80 35 80 56 81 35 81 37 81 56 82 37 82 82 82 56 83 82 83 83 83 56 84 83 84 84 84 56 85 84 85 85 85 56 86 85 86 1 86 1 87 0 87 86 87 1 88 86 88 87 88 1 89 87 89 88 89 1 90 88 90 89 90 89 91 88 91 90 91 89 92 90 92 22 92 89 93 22 93 21 93 89 94 21 94 91 94 89 95 91 95 92 95 89 96 92 96 93 96 89 97 93 97 94 97 94 98 93 98 95 98 94 99 95 99 96 99 94 100 96 100 97 100 94 101 97 101 98 101 94 102 98 102 99 102 94 103 99 103 100 103 94 104 100 104 101 104 100 105 102 105 101 105 101 106 102 106 103 106 101 107 103 107 104 107 104 108 103 108 105 108 104 109 105 109 106 109 106 110 105 110 107 110 106 111 107 111 108 111 108 112 107 112 109 112 108 113 109 113 110 113 64 114 111 114 65 114 65 115 111 115 112 115 65 116 112 116 113 116 113 117 112 117 114 117 113 118 114 118 115 118 115 119 114 119 116 119 115 120 116 120 117 120 117 121 116 121 118 121 117 122 118 122 119 122 119 123 118 123 120 123 119 124 120 124 121 124 121 125 120 125 39 125 121 126 39 126 38 126 122 127 123 127 124 127 124 128 123 128 125 128 124 129 125 129 126 129 126 130 125 130 74 130 126 131 74 131 73 131 127 132 128 132 129 132 127 133 129 133 130 133 127 134 130 134 122 134 127 135 122 135 124 135 128 136 16 136 45 136 128 137 45 137 131 137 128 138 131 138 129 138 96 139 108 139 110 139 96 140 110 140 132 140 96 141 132 141 133 141 96 142 133 142 97 142 134 143 135 143 136 143 136 144 135 144 137 144 136 145 137 145 138 145 138 146 137 146 139 146 138 147 139 147 140 147 140 148 139 148 79 148 140 149 79 149 78 149 141 150 134 150 136 150 141 151 136 151 142 151 141 152 142 152 143 152 141 153 143 153 144 153 141 154 144 154 145 154 146 155 147 155 148 155 148 156 147 156 149 156 148 157 149 157 136 157 136 158 149 158 142 158 150 159 151 159 152 159 150 160 152 160 153 160 150 161 153 161 154 161 150 162 154 162 146 162 150 163 146 163 148 163 155 164 156 164 157 164 155 165 157 165 152 165 155 166 152 166 151 166 155 167 151 167 158 167 155 168 158 168 159 168 155 169 159 169 160 169 155 170 160 170 161 170 155 171 161 171 162 171 162 172 161 172 163 172 163 173 161 173 164 173 163 174 164 174 165 174 165 175 164 175 166 175 165 176 166 176 167 176 167 177 166 177 168 177 167 178 168 178 169 178 169 179 168 179 170 179 169 180 170 180 171 180 171 181 170 181 172 181 171 182 172 182 173 182 173 183 172 183 174 183 173 184 174 184 175 184 175 185 174 185 176 185 175 186 176 186 177 186 177 187 176 187 178 187 177 188 178 188 179 188 180 189 181 189 182 189 182 190 181 190 183 190 182 191 183 191 161 191 161 192 183 192 184 192 161 193 184 193 164 193 180 194 182 194 185 194 185 195 182 195 186 195 185 196 186 196 187 196 187 197 186 197 188 197 187 198 188 198 189 198 186 199 190 199 191 199 186 200 191 200 192 200 186 201 192 201 193 201 186 202 193 202 194 202 186 203 194 203 195 203 186 204 195 204 196 204 186 205 196 205 188 205 197 206 198 206 199 206 199 207 198 207 200 207 199 208 200 208 201 208 201 209 200 209 202 209 201 210 202 210 203 210 203 211 202 211 193 211 203 212 193 212 192 212 191 213 190 213 204 213 204 214 190 214 205 214 204 215 205 215 206 215 206 216 205 216 207 216 206 217 207 217 208 217 208 218 207 218 209 218 208 219 209 219 210 219 210 220 209 220 211 220 210 221 211 221 212 221 212 222 211 222 213 222 212 223 213 223 214 223 214 224 213 224 215 224 214 225 215 225 216 225 197 226 217 226 218 226 218 227 217 227 219 227 218 228 219 228 220 228 220 229 219 229 221 229 220 230 221 230 222 230 222 231 221 231 223 231 222 232 223 232 224 232 224 233 223 233 225 233 224 234 225 234 176 234 176 235 225 235 226 235 176 236 226 236 178 236 227 237 228 237 229 237 229 238 228 238 230 238 229 239 230 239 166 239 166 240 230 240 168 240 231 241 232 241 233 241 231 242 233 242 234 242 231 243 234 243 227 243 231 244 227 244 229 244 189 245 233 245 232 245 189 246 232 246 235 246 189 247 235 247 187 247 106 248 236 248 237 248 106 249 237 249 238 249 106 250 238 250 239 250 106 251 239 251 104 251 236 252 240 252 241 252 236 253 241 253 242 253 236 254 242 254 243 254 236 255 243 255 237 255 241 256 240 256 244 256 241 257 244 257 245 257 241 258 245 258 165 258 241 259 165 259 246 259 246 260 165 260 247 260 246 261 247 261 248 261 246 262 248 262 249 262 246 263 249 263 250 263 246 264 250 264 251 264 246 265 251 265 207 265 207 266 251 266 252 266 207 267 252 267 253 267 207 268 253 268 254 268 207 269 254 269 255 269 207 270 255 270 256 270 207 271 256 271 209 271 257 272 258 272 259 272 257 273 259 273 205 273 257 274 205 274 190 274 157 275 156 275 260 275 260 276 156 276 145 276 260 277 145 277 261 277 261 278 145 278 144 278 262 279 263 279 264 279 262 280 264 280 167 280 262 281 167 281 169 281 265 282 266 282 267 282 265 283 267 283 264 283 265 284 264 284 263 284 252 285 268 285 269 285 269 286 268 286 270 286 269 287 270 287 271 287 271 288 270 288 267 288 271 289 267 289 266 289 214 290 216 290 272 290 272 291 216 291 273 291 272 292 273 292 274 292 274 293 273 293 275 293 274 294 275 294 276 294 276 295 275 295 277 295 276 296 277 296 278 296 278 297 277 297 279 297 278 298 279 298 280 298 280 299 279 299 177 299 280 300 177 300 179 300 252 301 269 301 253 301 165 302 245 302 163 302 197 303 199 303 217 303 101 304 104 304 281 304 3 305 1 305 85 305 282 306 105 306 103 306 282 307 103 307 283 307 282 308 283 308 284 308 282 309 284 309 285 309 285 310 284 310 286 310 285 311 286 311 287 311 287 312 286 312 288 312 287 313 288 313 289 313 289 314 288 314 290 314 289 315 290 315 291 315 291 316 290 316 292 316 283 317 103 317 102 317 283 318 102 318 293 318 283 319 293 319 294 319 283 320 294 320 284 320 284 321 294 321 295 321 284 322 295 322 286 322 286 323 295 323 296 323 286 324 296 324 288 324 288 325 296 325 297 325 288 326 297 326 290 326 290 327 297 327 292 327 102 328 100 328 298 328 102 329 298 329 293 329 294 330 293 330 298 330 294 331 298 331 299 331 295 332 294 332 299 332 295 333 299 333 300 333 296 334 295 334 300 334 296 335 300 335 301 335 297 336 296 336 301 336 297 337 301 337 302 337 292 338 297 338 302 338 298 339 100 339 99 339 298 340 99 340 303 340 299 341 298 341 303 341 299 342 303 342 304 342 300 343 299 343 304 343 300 344 304 344 305 344 301 345 300 345 305 345 301 346 305 346 306 346 307 347 302 347 301 347 307 348 301 348 306 348 307 349 292 349 302 349 303 350 99 350 98 350 303 351 98 351 308 351 304 352 303 352 308 352 304 353 308 353 309 353 305 354 304 354 309 354 305 355 309 355 310 355 306 356 305 356 310 356 306 357 310 357 311 357 307 358 306 358 311 358 307 359 311 359 312 359 292 360 307 360 312 360 308 361 98 361 97 361 308 362 97 362 313 362 309 363 308 363 313 363 309 364 313 364 314 364 310 365 309 365 314 365 310 366 314 366 315 366 311 367 310 367 315 367 311 368 315 368 316 368 312 369 311 369 316 369 312 370 316 370 317 370 292 371 312 371 317 371 313 372 97 372 133 372 313 373 133 373 318 373 314 374 313 374 318 374 314 375 318 375 319 375 315 376 314 376 319 376 315 377 319 377 320 377 321 378 316 378 315 378 321 379 315 379 320 379 322 380 317 380 316 380 322 381 316 381 321 381 322 382 292 382 317 382 133 383 132 383 323 383 133 384 323 384 318 384 318 385 323 385 324 385 318 386 324 386 319 386 325 387 320 387 319 387 325 388 319 388 324 388 326 389 321 389 320 389 326 390 320 390 325 390 327 391 322 391 321 391 327 392 321 392 326 392 327 393 292 393 322 393 323 394 132 394 110 394 323 395 110 395 328 395 323 396 328 396 329 396 323 397 329 397 324 397 324 398 329 398 330 398 324 399 330 399 325 399 330 400 331 400 326 400 330 401 326 401 325 401 326 402 331 402 332 402 326 403 332 403 327 403 327 404 332 404 292 404 328 405 110 405 109 405 328 406 109 406 333 406 328 407 333 407 334 407 328 408 334 408 329 408 329 409 334 409 335 409 329 410 335 410 330 410 330 411 335 411 336 411 330 412 336 412 331 412 331 413 336 413 337 413 331 414 337 414 332 414 332 415 337 415 292 415 338 416 157 416 260 416 338 417 260 417 339 417 340 418 338 418 339 418 340 419 339 419 341 419 340 420 341 420 342 420 340 421 342 421 343 421 343 422 342 422 344 422 343 423 344 423 345 423 345 424 344 424 346 424 339 425 260 425 261 425 339 426 261 426 347 426 341 427 339 427 347 427 341 428 347 428 348 428 342 429 341 429 348 429 342 430 348 430 349 430 344 431 342 431 349 431 344 432 349 432 350 432 346 433 344 433 350 433 347 434 261 434 144 434 347 435 144 435 351 435 348 436 347 436 351 436 348 437 351 437 352 437 349 438 348 438 352 438 349 439 352 439 353 439 350 440 349 440 353 440 350 441 353 441 354 441 346 442 350 442 354 442 351 443 144 443 143 443 351 444 143 444 355 444 352 445 351 445 355 445 352 446 355 446 356 446 357 447 353 447 352 447 357 448 352 448 356 448 358 449 354 449 353 449 358 450 353 450 357 450 358 451 346 451 354 451 355 452 143 452 142 452 355 453 142 453 359 453 356 454 355 454 359 454 356 455 359 455 360 455 357 456 356 456 360 456 357 457 360 457 361 457 358 458 357 458 361 458 358 459 361 459 362 459 346 460 358 460 362 460 359 461 142 461 149 461 359 462 149 462 363 462 360 463 359 463 363 463 360 464 363 464 364 464 361 465 360 465 364 465 361 466 364 466 365 466 362 467 361 467 365 467 362 468 365 468 366 468 346 469 362 469 366 469 149 470 147 470 367 470 149 471 367 471 363 471 364 472 363 472 367 472 364 473 367 473 368 473 369 474 365 474 364 474 369 475 364 475 368 475 370 476 366 476 365 476 370 477 365 477 369 477 370 478 346 478 366 478 367 479 147 479 146 479 367 480 146 480 371 480 368 481 367 481 371 481 368 482 371 482 372 482 372 483 373 483 369 483 372 484 369 484 368 484 373 485 374 485 370 485 373 486 370 486 369 486 374 487 346 487 370 487 146 488 154 488 375 488 146 489 375 489 371 489 371 490 375 490 376 490 371 491 376 491 372 491 372 492 376 492 377 492 372 493 377 493 373 493 373 494 377 494 378 494 373 495 378 495 374 495 374 496 378 496 346 496 375 497 154 497 153 497 375 498 153 498 379 498 376 499 375 499 379 499 376 500 379 500 380 500 376 501 380 501 381 501 376 502 381 502 377 502 377 503 381 503 382 503 377 504 382 504 378 504 378 505 382 505 346 505 379 506 153 506 152 506 379 507 152 507 383 507 380 508 379 508 383 508 380 509 383 509 384 509 384 510 385 510 381 510 384 511 381 511 380 511 385 512 386 512 382 512 385 513 382 513 381 513 386 514 346 514 382 514 383 515 152 515 157 515 383 516 157 516 338 516 383 517 338 517 340 517 383 518 340 518 384 518 384 519 340 519 343 519 384 520 343 520 385 520 385 521 343 521 345 521 385 522 345 522 386 522 386 523 345 523 346 523 333 524 109 524 107 524 333 525 107 525 387 525 334 526 333 526 387 526 334 527 387 527 388 527 388 528 389 528 335 528 388 529 335 529 334 529 389 530 390 530 336 530 389 531 336 531 335 531 390 532 391 532 337 532 390 533 337 533 336 533 391 534 292 534 337 534 387 535 107 535 105 535 387 536 105 536 282 536 282 537 285 537 388 537 282 538 388 538 387 538 388 539 285 539 287 539 388 540 287 540 389 540 389 541 287 541 289 541 389 542 289 542 390 542 289 543 291 543 391 543 289 544 391 544 390 544 291 545 292 545 391 545 392 546 393 546 394 546 394 547 393 547 395 547 394 548 395 548 396 548 396 549 395 549 397 549 396 550 397 550 398 550 398 551 397 551 399 551 398 552 399 552 400 552 401 553 402 553 403 553 403 554 402 554 404 554 403 555 404 555 405 555 405 556 404 556 406 556 405 557 406 557 407 557 407 558 406 558 408 558 407 559 408 559 409 559 409 560 408 560 410 560 409 561 410 561 411 561 411 562 410 562 412 562 411 563 412 563 413 563 413 564 412 564 414 564 413 565 414 565 415 565 415 566 414 566 416 566 415 567 416 567 393 567 393 568 416 568 395 568 417 569 418 569 419 569 419 570 418 570 420 570 419 571 420 571 421 571 421 572 420 572 422 572 421 573 422 573 423 573 423 574 422 574 424 574 423 575 424 575 425 575 425 576 424 576 426 576 425 577 426 577 427 577 419 578 428 578 398 578 419 579 398 579 429 579 419 580 429 580 417 580 430 581 398 581 400 581 430 582 400 582 431 582 430 583 431 583 432 583 430 584 432 584 433 584 430 585 433 585 406 585 434 586 435 586 436 586 434 587 436 587 437 587 434 588 437 588 392 588 434 589 392 589 394 589 438 590 439 590 440 590 440 591 439 591 441 591 440 592 441 592 442 592 442 593 441 593 443 593 442 594 443 594 444 594 444 595 443 595 445 595 444 596 445 596 446 596 427 597 447 597 425 597 425 598 447 598 448 598 425 599 448 599 440 599 440 600 448 600 438 600 449 601 450 601 451 601 451 602 450 602 452 602 451 603 452 603 453 603 453 604 452 604 454 604 453 605 454 605 455 605 455 606 454 606 456 606 455 607 456 607 457 607 457 608 456 608 458 608 457 609 458 609 459 609 459 610 458 610 460 610 459 611 460 611 461 611 461 612 460 612 462 612 461 613 462 613 463 613 463 614 462 614 464 614 463 615 464 615 465 615 465 616 464 616 466 616 465 617 466 617 467 617 467 618 466 618 468 618 469 619 470 619 471 619 471 620 470 620 466 620 471 621 466 621 472 621 472 622 466 622 464 622 454 623 473 623 474 623 454 624 474 624 475 624 454 625 475 625 476 625 454 626 476 626 477 626 454 627 477 627 456 627 473 628 478 628 479 628 473 629 479 629 469 629 473 630 469 630 471 630 473 631 471 631 480 631 473 632 480 632 474 632 478 633 481 633 482 633 478 634 482 634 483 634 478 635 483 635 484 635 478 636 484 636 479 636 435 637 485 637 436 637 436 638 485 638 486 638 436 639 486 639 481 639 481 640 486 640 487 640 481 641 487 641 482 641 488 642 407 642 489 642 488 643 489 643 490 643 488 644 490 644 491 644 488 645 491 645 492 645 488 646 492 646 493 646 488 647 493 647 437 647 488 648 437 648 436 648 455 649 457 649 494 649 455 650 494 650 495 650 455 651 495 651 496 651 455 652 496 652 497 652 498 653 499 653 468 653 468 654 499 654 500 654 468 655 500 655 501 655 501 656 500 656 497 656 501 657 497 657 502 657 502 658 497 658 496 658 499 659 444 659 446 659 499 660 446 660 503 660 499 661 503 661 504 661 499 662 504 662 500 662 441 663 439 663 505 663 441 664 505 664 506 664 441 665 506 665 507 665 441 666 507 666 508 666 441 667 508 667 422 667 509 668 424 668 422 668 509 669 422 669 508 669 468 670 466 670 498 670 420 671 418 671 510 671 489 672 407 672 409 672 408 673 406 673 433 673 396 674 398 674 428 674 511 675 512 675 513 675 511 676 513 676 514 676 511 677 514 677 515 677 511 678 515 678 516 678 517 679 518 679 519 679 519 680 518 680 520 680 519 681 520 681 521 681 521 682 520 682 522 682 521 683 522 683 523 683 523 684 522 684 524 684 523 685 524 685 512 685 512 686 524 686 513 686 525 687 526 687 527 687 527 688 526 688 528 688 527 689 528 689 529 689 529 690 528 690 530 690 529 691 530 691 531 691 531 692 530 692 532 692 531 693 532 693 533 693 533 694 532 694 534 694 533 695 534 695 535 695 535 696 534 696 517 696 535 697 517 697 519 697 536 698 537 698 538 698 536 699 538 699 539 699 536 700 539 700 525 700 536 701 525 701 527 701 540 702 541 702 542 702 542 703 541 703 543 703 542 704 543 704 544 704 544 705 543 705 545 705 544 706 545 706 546 706 546 707 545 707 547 707 546 708 547 708 548 708 548 709 547 709 549 709 548 710 549 710 550 710 550 711 549 711 515 711 550 712 515 712 514 712 551 713 539 713 552 713 552 714 539 714 553 714 552 715 553 715 554 715 554 716 553 716 555 716 554 717 555 717 556 717 556 718 555 718 557 718 556 719 557 719 558 719 558 720 557 720 541 720 558 721 541 721 540 721 525 722 539 722 551 722 559 723 525 723 551 723 559 724 551 724 560 724 258 725 257 725 561 725 258 726 561 726 562 726 218 727 563 727 564 727 218 728 564 728 197 728 201 729 565 729 566 729 201 730 566 730 199 730 565 731 201 731 203 731 565 732 203 732 567 732 567 733 203 733 192 733 567 734 192 734 568 734 191 735 569 735 568 735 191 736 568 736 192 736 570 737 571 737 572 737 570 738 572 738 573 738 574 739 571 739 570 739 574 740 570 740 575 740 569 741 191 741 204 741 569 742 204 742 576 742 575 743 577 743 578 743 575 744 578 744 574 744 220 745 579 745 563 745 220 746 563 746 218 746 580 747 581 747 582 747 580 748 582 748 583 748 219 749 217 749 582 749 219 750 582 750 581 750 566 751 584 751 583 751 566 752 583 752 582 752 217 753 199 753 566 753 217 754 566 754 582 754 584 755 566 755 565 755 584 756 565 756 585 756 565 757 567 757 586 757 565 758 586 758 587 758 565 759 587 759 585 759 568 760 588 760 586 760 568 761 586 761 567 761 569 762 589 762 590 762 569 763 590 763 588 763 569 764 588 764 568 764 589 765 569 765 576 765 589 766 576 766 591 766 579 767 220 767 222 767 579 768 222 768 592 768 593 769 594 769 595 769 593 770 595 770 596 770 596 771 178 771 226 771 596 772 226 772 593 772 597 773 598 773 599 773 597 774 599 774 594 774 597 775 594 775 593 775 225 776 597 776 593 776 225 777 593 777 226 777 600 778 601 778 598 778 600 779 598 779 597 779 597 780 225 780 223 780 597 781 223 781 600 781 602 782 603 782 604 782 602 783 604 783 601 783 602 784 601 784 600 784 600 785 223 785 221 785 600 786 221 786 602 786 581 787 580 787 603 787 581 788 603 788 602 788 219 789 581 789 602 789 219 790 602 790 221 790 592 791 222 791 224 791 592 792 224 792 605 792 162 793 163 793 606 793 162 794 606 794 607 794 608 795 609 795 610 795 610 796 609 796 611 796 610 797 611 797 612 797 612 798 611 798 613 798 612 799 613 799 614 799 615 800 616 800 617 800 617 801 616 801 618 801 617 802 618 802 611 802 611 803 618 803 613 803 619 804 620 804 621 804 621 805 620 805 622 805 621 806 622 806 623 806 623 807 622 807 615 807 623 808 615 808 617 808 624 809 625 809 626 809 626 810 625 810 627 810 626 811 627 811 628 811 628 812 627 812 629 812 628 813 629 813 630 813 630 814 629 814 619 814 630 815 619 815 621 815 631 816 632 816 633 816 631 817 633 817 634 817 631 818 634 818 624 818 631 819 624 819 626 819 635 820 612 820 614 820 635 821 614 821 636 821 635 822 636 822 637 822 635 823 637 823 638 823 639 824 640 824 641 824 641 825 640 825 642 825 641 826 642 826 643 826 643 827 642 827 638 827 643 828 638 828 637 828 644 829 645 829 646 829 646 830 645 830 647 830 646 831 647 831 648 831 648 832 647 832 640 832 648 833 640 833 639 833 649 834 650 834 651 834 649 835 651 835 645 835 649 836 645 836 644 836 559 837 560 837 652 837 652 838 560 838 653 838 652 839 653 839 632 839 632 840 653 840 651 840 632 841 651 841 633 841 633 842 651 842 650 842 606 843 633 843 650 843 606 844 650 844 607 844 537 845 654 845 655 845 537 846 655 846 656 846 537 847 656 847 657 847 537 848 657 848 538 848 658 849 659 849 660 849 658 850 660 850 661 850 658 851 661 851 662 851 658 852 662 852 663 852 658 853 663 853 664 853 658 854 664 854 665 854 658 855 665 855 666 855 658 856 666 856 667 856 561 857 668 857 666 857 561 858 666 858 665 858 561 859 665 859 669 859 561 860 669 860 670 860 561 861 670 861 572 861 561 862 572 862 571 862 561 863 571 863 574 863 561 864 574 864 562 864 562 865 574 865 578 865 660 866 659 866 671 866 659 867 658 867 402 867 659 868 402 868 401 868 672 869 673 869 674 869 674 870 673 870 675 870 673 871 676 871 675 871 676 872 673 872 677 872 673 873 678 873 679 873 678 874 673 874 680 874 680 875 681 875 599 875 680 876 599 876 598 876 680 877 598 877 601 877 680 878 601 878 604 878 656 879 655 879 681 879 656 880 681 880 680 880 656 881 680 881 673 881 656 882 673 882 682 882 681 883 683 883 595 883 681 884 595 884 594 884 681 885 594 885 599 885 655 886 654 886 683 886 655 887 683 887 681 887 684 888 675 888 676 888 684 889 676 889 685 889 686 890 685 890 676 890 686 891 676 891 677 891 686 892 677 892 687 892 686 893 687 893 688 893 677 894 673 894 687 894 689 895 690 895 688 895 689 896 688 896 687 896 687 897 673 897 689 897 691 898 692 898 690 898 691 899 690 899 689 899 673 900 691 900 689 900 692 901 691 901 679 901 692 902 679 902 693 902 691 903 673 903 679 903 678 904 694 904 693 904 678 905 693 905 679 905 678 906 680 906 604 906 678 907 604 907 603 907 678 908 603 908 580 908 678 909 580 909 583 909 678 910 583 910 694 910 695 911 694 911 583 911 695 912 583 912 584 912 695 913 584 913 585 913 695 914 585 914 587 914 696 915 697 915 698 915 696 916 698 916 699 916 695 917 587 917 586 917 695 918 586 918 588 918 695 919 588 919 590 919 695 920 590 920 700 920 698 921 697 921 701 921 698 922 701 922 666 922 698 923 666 923 668 923 675 924 684 924 702 924 675 925 702 925 674 925 666 926 701 926 703 926 666 927 703 927 704 927 666 928 704 928 667 928 703 929 705 929 706 929 703 930 706 930 704 930 707 931 669 931 665 931 707 932 665 932 708 932 670 933 669 933 707 933 670 934 707 934 709 934 709 935 573 935 572 935 709 936 572 936 670 936 710 937 711 937 663 937 710 938 663 938 662 938 664 939 663 939 711 939 664 940 711 940 712 940 665 941 664 941 712 941 665 942 712 942 708 942 674 943 702 943 713 943 674 944 713 944 672 944 661 945 660 945 714 945 661 946 714 946 715 946 662 947 661 947 715 947 662 948 715 948 710 948 700 949 590 949 589 949 700 950 589 950 591 950 700 951 591 951 716 951 660 952 671 952 717 952 660 953 717 953 714 953 718 954 719 954 394 954 718 955 394 955 396 955 720 956 721 956 722 956 720 957 722 957 723 957 720 958 723 958 724 958 720 959 724 959 725 959 720 960 725 960 726 960 720 961 726 961 727 961 728 962 729 962 730 962 728 963 730 963 722 963 728 964 722 964 721 964 731 965 732 965 733 965 733 966 732 966 734 966 733 967 734 967 735 967 735 968 734 968 736 968 735 969 736 969 737 969 737 970 736 970 738 970 737 971 738 971 739 971 739 972 738 972 740 972 739 973 740 973 741 973 741 974 740 974 730 974 741 975 730 975 742 975 742 976 730 976 729 976 743 977 744 977 745 977 745 978 744 978 746 978 745 979 746 979 747 979 747 980 746 980 748 980 747 981 748 981 749 981 749 982 748 982 731 982 749 983 731 983 733 983 743 984 750 984 744 984 744 985 750 985 751 985 744 986 751 986 718 986 718 987 751 987 752 987 718 988 752 988 753 988 719 989 718 989 753 989 719 990 753 990 657 990 719 991 657 991 754 991 719 992 754 992 755 992 656 993 682 993 657 993 657 994 682 994 756 994 657 995 756 995 757 995 757 996 756 996 758 996 757 997 758 997 759 997 760 998 761 998 762 998 762 999 761 999 763 999 762 1000 763 1000 722 1000 722 1001 763 1001 764 1001 722 1002 764 1002 723 1002 760 1003 762 1003 765 1003 765 1004 762 1004 766 1004 765 1005 766 1005 767 1005 767 1006 766 1006 768 1006 767 1007 768 1007 769 1007 769 1008 768 1008 770 1008 769 1009 770 1009 771 1009 771 1010 770 1010 772 1010 771 1011 772 1011 773 1011 773 1012 772 1012 774 1012 773 1013 774 1013 775 1013 776 1014 777 1014 778 1014 778 1015 777 1015 779 1015 778 1016 779 1016 780 1016 780 1017 779 1017 781 1017 780 1018 781 1018 782 1018 782 1019 781 1019 783 1019 782 1020 783 1020 775 1020 775 1021 783 1021 773 1021 754 1022 784 1022 755 1022 755 1023 784 1023 785 1023 755 1024 785 1024 778 1024 778 1025 785 1025 776 1025 657 1026 757 1026 754 1026 724 1027 723 1027 786 1027 673 1028 756 1028 682 1028 560 1029 551 1029 552 1029 560 1030 552 1030 653 1030 257 1031 190 1031 787 1031 257 1032 787 1032 561 1032 788 1033 789 1033 790 1033 788 1034 790 1034 791 1034 202 1035 200 1035 788 1035 202 1036 788 1036 791 1036 792 1037 793 1037 794 1037 792 1038 794 1038 795 1038 699 1039 794 1039 793 1039 699 1040 793 1040 696 1040 200 1041 198 1041 796 1041 200 1042 796 1042 788 1042 198 1043 197 1043 564 1043 198 1044 564 1044 796 1044 797 1045 564 1045 563 1045 797 1046 563 1046 798 1046 798 1047 563 1047 579 1047 798 1048 579 1048 799 1048 800 1049 605 1049 224 1049 800 1050 224 1050 176 1050 801 1051 802 1051 803 1051 801 1052 803 1052 804 1052 801 1053 804 1053 800 1053 801 1054 800 1054 176 1054 801 1055 176 1055 174 1055 802 1056 801 1056 805 1056 802 1057 805 1057 806 1057 801 1058 174 1058 172 1058 801 1059 172 1059 805 1059 807 1060 808 1060 809 1060 807 1061 809 1061 806 1061 807 1062 806 1062 805 1062 805 1063 172 1063 170 1063 805 1064 170 1064 807 1064 810 1065 811 1065 812 1065 810 1066 812 1066 808 1066 810 1067 808 1067 807 1067 170 1068 168 1068 810 1068 170 1069 810 1069 807 1069 811 1070 810 1070 813 1070 811 1071 813 1071 814 1071 230 1072 813 1072 810 1072 230 1073 810 1073 168 1073 815 1074 816 1074 817 1074 815 1075 817 1075 814 1075 815 1076 814 1076 813 1076 813 1077 230 1077 228 1077 813 1078 228 1078 815 1078 818 1079 819 1079 816 1079 818 1080 816 1080 815 1080 227 1081 818 1081 815 1081 227 1082 815 1082 228 1082 819 1083 818 1083 820 1083 819 1084 820 1084 821 1084 227 1085 234 1085 820 1085 227 1086 820 1086 818 1086 821 1087 820 1087 822 1087 821 1088 822 1088 823 1088 233 1089 822 1089 820 1089 233 1090 820 1090 234 1090 824 1091 825 1091 823 1091 824 1092 823 1092 822 1092 189 1093 824 1093 822 1093 189 1094 822 1094 233 1094 825 1095 824 1095 826 1095 825 1096 826 1096 827 1096 824 1097 189 1097 188 1097 824 1098 188 1098 826 1098 828 1099 829 1099 830 1099 828 1100 830 1100 827 1100 828 1101 827 1101 826 1101 196 1102 828 1102 826 1102 196 1103 826 1103 188 1103 828 1104 831 1104 832 1104 828 1105 832 1105 833 1105 828 1106 833 1106 829 1106 196 1107 195 1107 831 1107 196 1108 831 1108 828 1108 834 1109 835 1109 832 1109 834 1110 832 1110 831 1110 194 1111 834 1111 831 1111 194 1112 831 1112 195 1112 836 1113 837 1113 838 1113 836 1114 838 1114 839 1114 836 1115 839 1115 840 1115 837 1116 841 1116 842 1116 837 1117 842 1117 838 1117 843 1118 844 1118 845 1118 843 1119 845 1119 835 1119 843 1120 835 1120 834 1120 193 1121 843 1121 834 1121 193 1122 834 1122 194 1122 846 1123 847 1123 842 1123 846 1124 842 1124 841 1124 846 1125 792 1125 795 1125 846 1126 795 1126 847 1126 202 1127 791 1127 843 1127 202 1128 843 1128 193 1128 155 1129 162 1129 607 1129 155 1130 607 1130 848 1130 607 1131 650 1131 649 1131 607 1132 649 1132 848 1132 539 1133 538 1133 657 1133 539 1134 657 1134 753 1134 539 1135 753 1135 849 1135 539 1136 849 1136 850 1136 539 1137 850 1137 750 1137 539 1138 750 1138 743 1138 787 1139 839 1139 838 1139 787 1140 838 1140 842 1140 787 1141 842 1141 847 1141 787 1142 847 1142 795 1142 787 1143 795 1143 794 1143 787 1144 794 1144 561 1144 561 1145 794 1145 699 1145 561 1146 699 1146 698 1146 561 1147 698 1147 668 1147 658 1148 667 1148 704 1148 658 1149 704 1149 706 1149 658 1150 706 1150 851 1150 658 1151 851 1151 852 1151 658 1152 852 1152 853 1152 658 1153 853 1153 854 1153 658 1154 854 1154 855 1154 658 1155 855 1155 856 1155 658 1156 856 1156 857 1156 658 1157 857 1157 404 1157 658 1158 404 1158 402 1158 858 1159 859 1159 860 1159 858 1160 860 1160 861 1160 859 1161 858 1161 862 1161 859 1162 862 1162 863 1162 864 1163 865 1163 863 1163 864 1164 863 1164 862 1164 866 1165 867 1165 865 1165 866 1166 865 1166 864 1166 867 1167 866 1167 868 1167 867 1168 868 1168 869 1168 870 1169 871 1169 869 1169 870 1170 869 1170 868 1170 872 1171 851 1171 706 1171 872 1172 706 1172 705 1172 851 1173 872 1173 873 1173 851 1174 873 1174 852 1174 874 1175 789 1175 788 1175 874 1176 788 1176 796 1176 874 1177 796 1177 875 1177 875 1178 796 1178 564 1178 875 1179 564 1179 797 1179 592 1180 876 1180 799 1180 592 1181 799 1181 579 1181 876 1182 592 1182 605 1182 876 1183 605 1183 877 1183 800 1184 804 1184 878 1184 800 1185 878 1185 877 1185 800 1186 877 1186 605 1186 879 1187 878 1187 804 1187 879 1188 804 1188 803 1188 879 1189 803 1189 880 1189 880 1190 803 1190 802 1190 880 1191 802 1191 806 1191 880 1192 806 1192 809 1192 880 1193 809 1193 881 1193 879 1194 882 1194 861 1194 861 1195 882 1195 858 1195 882 1196 862 1196 858 1196 862 1197 882 1197 864 1197 864 1198 882 1198 866 1198 866 1199 882 1199 868 1199 882 1200 870 1200 868 1200 870 1201 882 1201 883 1201 753 1202 752 1202 882 1202 753 1203 882 1203 880 1203 753 1204 880 1204 881 1204 753 1205 881 1205 849 1205 882 1206 879 1206 880 1206 883 1207 882 1207 884 1207 885 1208 884 1208 882 1208 885 1209 882 1209 886 1209 887 1210 886 1210 882 1210 811 1211 814 1211 888 1211 811 1212 888 1212 889 1212 811 1213 889 1213 812 1213 888 1214 814 1214 817 1214 750 1215 850 1215 889 1215 750 1216 889 1216 888 1216 750 1217 888 1217 882 1217 750 1218 882 1218 751 1218 881 1219 809 1219 808 1219 881 1220 808 1220 812 1220 881 1221 812 1221 889 1221 850 1222 849 1222 881 1222 850 1223 881 1223 889 1223 890 1224 891 1224 892 1224 890 1225 892 1225 887 1225 890 1226 887 1226 882 1226 890 1227 882 1227 893 1227 894 1228 882 1228 895 1228 895 1229 888 1229 817 1229 895 1230 817 1230 816 1230 895 1231 816 1231 819 1231 895 1232 819 1232 821 1232 895 1233 821 1233 896 1233 896 1234 821 1234 823 1234 896 1235 823 1235 825 1235 896 1236 825 1236 827 1236 896 1237 827 1237 830 1237 896 1238 830 1238 897 1238 888 1239 895 1239 882 1239 891 1240 890 1240 893 1240 891 1241 893 1241 898 1241 895 1242 896 1242 899 1242 895 1243 899 1243 894 1243 900 1244 886 1244 887 1244 900 1245 887 1245 892 1245 897 1246 830 1246 829 1246 897 1247 829 1247 833 1247 897 1248 833 1248 901 1248 886 1249 900 1249 902 1249 886 1250 902 1250 903 1250 886 1251 903 1251 885 1251 902 1252 900 1252 904 1252 905 1253 906 1253 898 1253 905 1254 898 1254 893 1254 906 1255 905 1255 907 1255 906 1256 907 1256 908 1256 909 1257 910 1257 908 1257 909 1258 908 1258 907 1258 894 1259 899 1259 910 1259 894 1260 910 1260 909 1260 901 1261 833 1261 832 1261 901 1262 832 1262 835 1262 901 1263 835 1263 845 1263 901 1264 845 1264 911 1264 912 1265 913 1265 855 1265 912 1266 855 1266 854 1266 913 1267 914 1267 915 1267 913 1268 915 1268 856 1268 913 1269 856 1269 855 1269 911 1270 845 1270 844 1270 911 1271 844 1271 916 1271 911 1272 916 1272 917 1272 917 1273 916 1273 790 1273 917 1274 790 1274 789 1274 917 1275 789 1275 874 1275 917 1276 874 1276 918 1276 861 1277 860 1277 798 1277 861 1278 798 1278 799 1278 861 1279 799 1279 876 1279 861 1280 876 1280 877 1280 861 1281 877 1281 878 1281 861 1282 878 1282 879 1282 918 1283 874 1283 875 1283 918 1284 875 1284 797 1284 918 1285 797 1285 798 1285 918 1286 798 1286 860 1286 871 1287 870 1287 883 1287 871 1288 883 1288 919 1288 884 1289 920 1289 919 1289 884 1290 919 1290 883 1290 853 1291 852 1291 873 1291 853 1292 873 1292 921 1292 884 1293 885 1293 903 1293 884 1294 903 1294 902 1294 884 1295 902 1295 904 1295 884 1296 904 1296 920 1296 921 1297 912 1297 854 1297 921 1298 854 1298 853 1298 916 1299 844 1299 843 1299 916 1300 843 1300 791 1300 916 1301 791 1301 790 1301 744 1302 718 1302 396 1302 744 1303 396 1303 428 1303 751 1304 882 1304 752 1304 653 1305 552 1305 554 1305 653 1306 554 1306 651 1306 190 1307 186 1307 922 1307 190 1308 922 1308 787 1308 922 1309 923 1309 924 1309 922 1310 924 1310 925 1310 922 1311 925 1311 926 1311 922 1312 926 1312 927 1312 922 1313 927 1313 840 1313 922 1314 840 1314 839 1314 922 1315 839 1315 787 1315 923 1316 857 1316 915 1316 923 1317 915 1317 928 1317 923 1318 928 1318 929 1318 923 1319 929 1319 930 1319 923 1320 930 1320 924 1320 915 1321 857 1321 856 1321 931 1322 932 1322 933 1322 931 1323 933 1323 934 1323 935 1324 936 1324 937 1324 937 1325 938 1325 935 1325 939 1326 940 1326 941 1326 941 1327 940 1327 942 1327 941 1328 942 1328 943 1328 943 1329 942 1329 944 1329 943 1330 944 1330 945 1330 945 1331 944 1331 914 1331 945 1332 914 1332 836 1332 836 1333 914 1333 908 1333 836 1334 908 1334 910 1334 914 1335 913 1335 891 1335 914 1336 891 1336 898 1336 914 1337 898 1337 906 1337 914 1338 906 1338 908 1338 920 1339 904 1339 912 1339 912 1340 904 1340 900 1340 912 1341 900 1341 913 1341 913 1342 900 1342 892 1342 913 1343 892 1343 891 1343 869 1344 871 1344 921 1344 921 1345 871 1345 919 1345 921 1346 919 1346 912 1346 912 1347 919 1347 920 1347 860 1348 859 1348 846 1348 846 1349 859 1349 863 1349 846 1350 863 1350 792 1350 792 1351 863 1351 865 1351 792 1352 865 1352 873 1352 873 1353 865 1353 867 1353 873 1354 867 1354 921 1354 921 1355 867 1355 869 1355 910 1356 899 1356 836 1356 836 1357 899 1357 896 1357 836 1358 896 1358 837 1358 837 1359 896 1359 897 1359 837 1360 897 1360 901 1360 911 1361 917 1361 841 1361 911 1362 841 1362 837 1362 911 1363 837 1363 901 1363 918 1364 860 1364 846 1364 918 1365 846 1365 841 1365 918 1366 841 1366 917 1366 701 1367 697 1367 703 1367 703 1368 697 1368 696 1368 703 1369 696 1369 705 1369 705 1370 696 1370 793 1370 705 1371 793 1371 872 1371 872 1372 793 1372 792 1372 872 1373 792 1373 873 1373 927 1374 926 1374 943 1374 927 1375 943 1375 945 1375 836 1376 840 1376 927 1376 836 1377 927 1377 945 1377 156 1378 155 1378 848 1378 156 1379 848 1379 946 1379 848 1380 649 1380 644 1380 848 1381 644 1381 946 1381 539 1382 743 1382 745 1382 539 1383 745 1383 553 1383 406 1384 404 1384 857 1384 406 1385 857 1385 923 1385 412 1386 232 1386 231 1386 412 1387 231 1387 414 1387 410 1388 235 1388 232 1388 410 1389 232 1389 412 1389 235 1390 410 1390 408 1390 235 1391 408 1391 187 1391 433 1392 185 1392 187 1392 433 1393 187 1393 408 1393 185 1394 433 1394 432 1394 185 1395 432 1395 180 1395 928 1396 915 1396 914 1396 928 1397 914 1397 944 1397 929 1398 928 1398 944 1398 929 1399 944 1399 942 1399 929 1400 942 1400 940 1400 929 1401 940 1401 930 1401 882 1402 905 1402 893 1402 930 1403 940 1403 939 1403 930 1404 939 1404 924 1404 905 1405 882 1405 907 1405 947 1406 948 1406 949 1406 947 1407 949 1407 950 1407 947 1408 950 1408 951 1408 952 1409 953 1409 949 1409 952 1410 949 1410 948 1410 948 1411 947 1411 937 1411 937 1412 952 1412 948 1412 937 1413 954 1413 952 1413 934 1414 947 1414 951 1414 934 1415 951 1415 955 1415 934 1416 955 1416 931 1416 954 1417 937 1417 956 1417 937 1418 957 1418 956 1418 957 1419 937 1419 958 1419 231 1420 229 1420 955 1420 231 1421 955 1421 951 1421 231 1422 951 1422 416 1422 231 1423 416 1423 414 1423 416 1424 951 1424 950 1424 924 1425 939 1425 941 1425 924 1426 941 1426 925 1426 882 1427 909 1427 907 1427 229 1428 166 1428 959 1428 229 1429 959 1429 932 1429 229 1430 932 1430 931 1430 229 1431 931 1431 955 1431 938 1432 937 1432 933 1432 933 1433 937 1433 934 1433 937 1434 947 1434 934 1434 958 1435 937 1435 936 1435 941 1436 943 1436 926 1436 941 1437 926 1437 925 1437 882 1438 894 1438 909 1438 744 1439 428 1439 419 1439 744 1440 419 1440 746 1440 651 1441 554 1441 556 1441 651 1442 556 1442 645 1442 186 1443 182 1443 960 1443 186 1444 960 1444 922 1444 960 1445 961 1445 923 1445 960 1446 923 1446 922 1446 166 1447 164 1447 962 1447 166 1448 962 1448 959 1448 933 1449 959 1449 938 1449 938 1450 959 1450 962 1450 938 1451 962 1451 963 1451 963 1452 962 1452 964 1452 963 1453 964 1453 965 1453 963 1454 965 1454 966 1454 959 1455 933 1455 932 1455 967 1456 968 1456 966 1456 967 1457 966 1457 965 1457 935 1458 969 1458 970 1458 935 1459 970 1459 936 1459 969 1460 935 1460 938 1460 969 1461 938 1461 963 1461 164 1462 184 1462 964 1462 164 1463 964 1463 962 1463 431 1464 181 1464 180 1464 431 1465 180 1465 432 1465 145 1466 156 1466 946 1466 145 1467 946 1467 971 1467 946 1468 644 1468 646 1468 946 1469 646 1469 971 1469 553 1470 745 1470 747 1470 553 1471 747 1471 555 1471 430 1472 406 1472 923 1472 430 1473 923 1473 961 1473 395 1474 972 1474 973 1474 395 1475 973 1475 397 1475 416 1476 950 1476 949 1476 416 1477 949 1477 953 1477 416 1478 953 1478 972 1478 416 1479 972 1479 395 1479 400 1480 974 1480 431 1480 431 1481 974 1481 975 1481 431 1482 975 1482 181 1482 181 1483 975 1483 976 1483 181 1484 976 1484 183 1484 977 1485 978 1485 975 1485 977 1486 975 1486 974 1486 977 1487 974 1487 979 1487 980 1488 981 1488 977 1488 980 1489 977 1489 979 1489 981 1490 982 1490 983 1490 983 1491 982 1491 973 1491 983 1492 973 1492 954 1492 954 1493 973 1493 972 1493 954 1494 972 1494 953 1494 954 1495 953 1495 952 1495 982 1496 981 1496 980 1496 968 1497 967 1497 976 1497 968 1498 976 1498 975 1498 968 1499 975 1499 978 1499 936 1500 970 1500 984 1500 936 1501 984 1501 958 1501 956 1502 985 1502 983 1502 956 1503 983 1503 954 1503 985 1504 956 1504 957 1504 985 1505 957 1505 986 1505 986 1506 957 1506 958 1506 986 1507 958 1507 984 1507 183 1508 976 1508 967 1508 183 1509 967 1509 965 1509 183 1510 965 1510 964 1510 183 1511 964 1511 184 1511 399 1512 982 1512 980 1512 399 1513 980 1513 979 1513 399 1514 979 1514 974 1514 399 1515 974 1515 400 1515 397 1516 973 1516 982 1516 397 1517 982 1517 399 1517 746 1518 419 1518 421 1518 746 1519 421 1519 748 1519 645 1520 556 1520 558 1520 645 1521 558 1521 647 1521 987 1522 988 1522 151 1522 987 1523 151 1523 150 1523 987 1524 150 1524 989 1524 987 1525 990 1525 991 1525 987 1526 991 1526 988 1526 989 1527 148 1527 136 1527 989 1528 136 1528 992 1528 989 1529 992 1529 993 1529 989 1530 993 1530 994 1530 989 1531 994 1531 995 1531 989 1532 995 1532 441 1532 989 1533 441 1533 422 1533 989 1534 422 1534 996 1534 989 1535 996 1535 990 1535 989 1536 990 1536 987 1536 418 1537 158 1537 151 1537 418 1538 151 1538 988 1538 418 1539 988 1539 991 1539 418 1540 991 1540 510 1540 417 1541 159 1541 158 1541 417 1542 158 1542 418 1542 159 1543 417 1543 429 1543 159 1544 429 1544 160 1544 398 1545 161 1545 160 1545 398 1546 160 1546 429 1546 141 1547 145 1547 971 1547 141 1548 971 1548 997 1548 971 1549 646 1549 648 1549 971 1550 648 1550 997 1550 555 1551 747 1551 749 1551 555 1552 749 1552 557 1552 420 1553 510 1553 991 1553 420 1554 991 1554 990 1554 420 1555 990 1555 996 1555 161 1556 398 1556 984 1556 161 1557 984 1557 970 1557 161 1558 970 1558 969 1558 161 1559 969 1559 963 1559 161 1560 963 1560 960 1560 161 1561 960 1561 182 1561 961 1562 960 1562 978 1562 961 1563 978 1563 977 1563 961 1564 977 1564 981 1564 961 1565 981 1565 983 1565 961 1566 983 1566 985 1566 961 1567 985 1567 986 1567 961 1568 986 1568 398 1568 961 1569 398 1569 430 1569 960 1570 963 1570 966 1570 960 1571 966 1571 968 1571 960 1572 968 1572 978 1572 398 1573 986 1573 984 1573 748 1574 421 1574 423 1574 748 1575 423 1575 731 1575 640 1576 647 1576 558 1576 640 1577 558 1577 540 1577 148 1578 989 1578 150 1578 134 1579 141 1579 997 1579 134 1580 997 1580 998 1580 997 1581 648 1581 639 1581 997 1582 639 1582 998 1582 541 1583 557 1583 749 1583 541 1584 749 1584 733 1584 422 1585 420 1585 996 1585 999 1586 1000 1586 1001 1586 999 1587 1001 1587 1002 1587 999 1588 1002 1588 1003 1588 999 1589 1003 1589 1004 1589 999 1590 1004 1590 1005 1590 999 1591 1005 1591 1006 1591 999 1592 1006 1592 1007 1592 999 1593 1007 1593 1008 1593 999 1594 1008 1594 1009 1594 999 1595 1009 1595 1010 1595 447 1596 427 1596 1000 1596 447 1597 1000 1597 999 1597 427 1598 426 1598 1001 1598 427 1599 1001 1599 1000 1599 426 1600 424 1600 1002 1600 426 1601 1002 1601 1001 1601 424 1602 509 1602 1003 1602 424 1603 1003 1603 1002 1603 509 1604 508 1604 1004 1604 509 1605 1004 1605 1003 1605 508 1606 507 1606 1005 1606 508 1607 1005 1607 1004 1607 731 1608 423 1608 425 1608 731 1609 425 1609 732 1609 640 1610 540 1610 542 1610 640 1611 542 1611 642 1611 136 1612 138 1612 992 1612 134 1613 998 1613 1011 1613 134 1614 1011 1614 135 1614 998 1615 639 1615 641 1615 998 1616 641 1616 1011 1616 541 1617 733 1617 735 1617 541 1618 735 1618 543 1618 443 1619 441 1619 995 1619 439 1620 438 1620 1009 1620 439 1621 1009 1621 1008 1621 438 1622 448 1622 1010 1622 438 1623 1010 1623 1009 1623 448 1624 447 1624 999 1624 448 1625 999 1625 1010 1625 507 1626 506 1626 1006 1626 507 1627 1006 1627 1005 1627 506 1628 505 1628 1007 1628 506 1629 1007 1629 1006 1629 505 1630 439 1630 1008 1630 505 1631 1008 1631 1007 1631 732 1632 425 1632 440 1632 732 1633 440 1633 734 1633 642 1634 542 1634 544 1634 642 1635 544 1635 638 1635 138 1636 140 1636 1012 1636 138 1637 1012 1637 993 1637 138 1638 993 1638 992 1638 1012 1639 1013 1639 994 1639 1012 1640 994 1640 993 1640 504 1641 76 1641 19 1641 504 1642 19 1642 500 1642 503 1643 77 1643 76 1643 503 1644 76 1644 504 1644 77 1645 503 1645 446 1645 77 1646 446 1646 78 1646 1013 1647 1012 1647 140 1647 1013 1648 140 1648 78 1648 1013 1649 78 1649 446 1649 1013 1650 446 1650 445 1650 135 1651 1011 1651 1014 1651 135 1652 1014 1652 137 1652 1011 1653 641 1653 643 1653 1011 1654 643 1654 1014 1654 543 1655 735 1655 737 1655 543 1656 737 1656 545 1656 445 1657 443 1657 995 1657 445 1658 995 1658 994 1658 445 1659 994 1659 1013 1659 734 1660 440 1660 442 1660 734 1661 442 1661 736 1661 638 1662 544 1662 546 1662 638 1663 546 1663 635 1663 69 1664 59 1664 1015 1664 69 1665 1015 1665 1016 1665 1015 1666 1017 1666 1018 1666 1015 1667 1018 1667 1016 1667 1019 1668 1020 1668 1021 1668 1019 1669 1021 1669 1022 1669 1023 1670 1022 1670 1021 1670 1023 1671 1021 1671 1024 1671 1025 1672 1026 1672 1027 1672 1025 1673 1027 1673 1028 1673 1025 1674 1020 1674 1029 1674 1025 1675 1029 1675 1030 1675 1025 1676 1030 1676 1026 1676 1020 1677 1019 1677 1029 1677 1029 1678 1019 1678 1031 1678 1029 1679 1031 1679 1032 1679 1032 1680 1031 1680 1033 1680 1029 1681 17 1681 16 1681 1029 1682 16 1682 1030 1682 70 1683 496 1683 495 1683 70 1684 495 1684 71 1684 1032 1685 18 1685 17 1685 1032 1686 17 1686 1029 1686 1033 1687 1031 1687 1034 1687 1033 1688 1034 1688 1035 1688 75 1689 18 1689 1032 1689 75 1690 1032 1690 1033 1690 75 1691 1033 1691 1035 1691 75 1692 1035 1692 1036 1692 137 1693 1014 1693 1037 1693 137 1694 1037 1694 139 1694 1014 1695 643 1695 637 1695 1014 1696 637 1696 1037 1696 545 1697 737 1697 739 1697 545 1698 739 1698 547 1698 455 1699 497 1699 1018 1699 455 1700 1018 1700 1017 1700 1016 1701 1018 1701 1038 1701 1016 1702 1038 1702 1034 1702 1016 1703 1034 1703 1031 1703 1016 1704 1031 1704 1019 1704 1016 1705 1019 1705 19 1705 1016 1706 19 1706 69 1706 1018 1707 497 1707 1039 1707 1018 1708 1039 1708 1040 1708 1018 1709 1040 1709 1041 1709 1018 1710 1041 1710 1042 1710 1018 1711 1042 1711 1043 1711 1018 1712 1043 1712 1038 1712 19 1713 1019 1713 1022 1713 19 1714 1022 1714 1023 1714 19 1715 1023 1715 1044 1715 19 1716 1044 1716 500 1716 497 1717 500 1717 1044 1717 497 1718 1044 1718 1039 1718 1044 1719 1045 1719 1046 1719 1044 1720 1046 1720 1039 1720 1039 1721 1046 1721 1047 1721 1039 1722 1047 1722 1040 1722 1048 1723 1041 1723 1040 1723 1048 1724 1040 1724 1047 1724 1045 1725 1044 1725 1023 1725 1045 1726 1023 1726 1024 1726 1042 1727 1041 1727 1049 1727 1042 1728 1049 1728 1050 1728 1042 1729 1050 1729 1051 1729 1041 1730 1048 1730 1049 1730 1049 1731 1048 1731 1052 1731 1049 1732 1052 1732 1053 1732 1053 1733 1052 1733 1054 1733 467 1734 468 1734 1049 1734 467 1735 1049 1735 1053 1735 468 1736 501 1736 1050 1736 468 1737 1050 1737 1049 1737 1034 1738 1038 1738 1055 1738 1034 1739 1055 1739 1036 1739 1034 1740 1036 1740 1035 1740 1056 1741 1043 1741 1042 1741 1056 1742 1042 1742 1051 1742 1043 1743 1056 1743 1057 1743 1043 1744 1057 1744 1055 1744 1043 1745 1055 1745 1038 1745 502 1746 1057 1746 1056 1746 502 1747 1056 1747 1051 1747 502 1748 1051 1748 1050 1748 502 1749 1050 1749 501 1749 70 1750 75 1750 1036 1750 70 1751 1036 1751 1055 1751 70 1752 1055 1752 502 1752 70 1753 502 1753 496 1753 502 1754 1055 1754 1057 1754 736 1755 442 1755 444 1755 736 1756 444 1756 738 1756 635 1757 546 1757 548 1757 635 1758 548 1758 612 1758 59 1759 55 1759 1058 1759 59 1760 1058 1760 1015 1760 1059 1761 45 1761 47 1761 1059 1762 47 1762 1060 1762 60 1763 1061 1763 1062 1763 60 1764 1062 1764 61 1764 1063 1765 1064 1765 1065 1765 1063 1766 1065 1766 1066 1766 1063 1767 1066 1767 1067 1767 1064 1768 1068 1768 1069 1768 1064 1769 1069 1769 1065 1769 1068 1770 1070 1770 1071 1770 1068 1771 1071 1771 1069 1771 1061 1772 60 1772 74 1772 1061 1773 74 1773 1072 1773 1072 1774 74 1774 125 1774 1072 1775 125 1775 1073 1775 459 1776 126 1776 73 1776 459 1777 73 1777 457 1777 126 1778 459 1778 461 1778 126 1779 461 1779 124 1779 494 1780 72 1780 71 1780 494 1781 71 1781 495 1781 457 1782 73 1782 72 1782 457 1783 72 1783 494 1783 123 1784 1074 1784 1073 1784 123 1785 1073 1785 125 1785 463 1786 127 1786 124 1786 463 1787 124 1787 461 1787 1074 1788 123 1788 122 1788 1074 1789 122 1789 1075 1789 16 1790 128 1790 1076 1790 16 1791 1076 1791 1027 1791 16 1792 1027 1792 1026 1792 16 1793 1026 1793 1030 1793 130 1794 1077 1794 1075 1794 130 1795 1075 1795 122 1795 1077 1796 130 1796 129 1796 1077 1797 129 1797 1078 1797 1020 1798 1079 1798 1021 1798 1024 1799 1021 1799 1079 1799 1079 1800 1025 1800 1028 1800 1079 1801 1020 1801 1025 1801 1078 1802 129 1802 131 1802 1078 1803 131 1803 1080 1803 45 1804 1059 1804 1080 1804 45 1805 1080 1805 131 1805 79 1806 139 1806 1037 1806 79 1807 1037 1807 1081 1807 1037 1808 637 1808 636 1808 1037 1809 636 1809 1081 1809 741 1810 549 1810 547 1810 741 1811 547 1811 739 1811 1017 1812 1015 1812 1082 1812 1017 1813 1082 1813 1083 1813 1017 1814 1083 1814 1084 1814 1017 1815 1084 1815 1085 1815 1017 1816 1085 1816 1086 1816 1017 1817 1086 1817 1087 1817 1017 1818 1087 1818 1088 1818 1015 1819 1058 1819 1065 1819 1015 1820 1065 1820 1069 1820 1015 1821 1069 1821 1071 1821 1015 1822 1071 1822 1089 1822 1015 1823 1089 1823 1082 1823 1065 1824 1058 1824 1066 1824 453 1825 455 1825 1017 1825 453 1826 1017 1826 1088 1826 1090 1827 1091 1827 1092 1827 1091 1828 1090 1828 1093 1828 1079 1829 1046 1829 1045 1829 1046 1830 1079 1830 1047 1830 1079 1831 1048 1831 1047 1831 1024 1832 1079 1832 1045 1832 1028 1833 1027 1833 1076 1833 1028 1834 1076 1834 1094 1834 1028 1835 1094 1835 1095 1835 1095 1836 1079 1836 1028 1836 1096 1837 1095 1837 1094 1837 1096 1838 1094 1838 1097 1838 1096 1839 1097 1839 1098 1839 1048 1840 1079 1840 1052 1840 1079 1841 1096 1841 1052 1841 1096 1842 1079 1842 1095 1842 1099 1843 1089 1843 1071 1843 1099 1844 1071 1844 1070 1844 1090 1845 1100 1845 1093 1845 1101 1846 1100 1846 1102 1846 1101 1847 1102 1847 1103 1847 465 1848 1097 1848 463 1848 463 1849 1097 1849 1094 1849 463 1850 1094 1850 127 1850 127 1851 1094 1851 1076 1851 127 1852 1076 1852 128 1852 1096 1853 1098 1853 1054 1853 1096 1854 1054 1854 1052 1854 465 1855 467 1855 1053 1855 465 1856 1053 1856 1054 1856 465 1857 1054 1857 1098 1857 465 1858 1098 1858 1097 1858 1104 1859 1082 1859 1089 1859 1104 1860 1089 1860 1099 1860 1100 1861 1090 1861 1102 1861 1105 1862 1106 1862 1103 1862 1105 1863 1103 1863 1102 1863 1104 1864 1107 1864 1083 1864 1104 1865 1083 1865 1082 1865 1090 1866 1105 1866 1102 1866 1108 1867 1084 1867 1083 1867 1108 1868 1083 1868 1107 1868 1105 1869 1090 1869 1109 1869 1084 1870 1108 1870 1110 1870 1084 1871 1110 1871 1085 1871 1090 1872 1111 1872 1109 1872 1085 1873 1110 1873 1112 1873 1085 1874 1112 1874 1086 1874 1113 1875 1111 1875 1090 1875 1112 1876 1114 1876 1115 1876 1112 1877 1115 1877 1087 1877 1112 1878 1087 1878 1086 1878 738 1879 444 1879 499 1879 738 1880 499 1880 740 1880 610 1881 612 1881 548 1881 610 1882 548 1882 550 1882 1116 1883 1058 1883 55 1883 1116 1884 55 1884 53 1884 1116 1885 1117 1885 1118 1885 1116 1886 1118 1886 1119 1886 1116 1887 1119 1887 1120 1887 1116 1888 1120 1888 1121 1888 1116 1889 1121 1889 1122 1889 1116 1890 1122 1890 1123 1890 1116 1891 1123 1891 1067 1891 1116 1892 1067 1892 1066 1892 1116 1893 1066 1893 1058 1893 1124 1894 1125 1894 1126 1894 1124 1895 1126 1895 1127 1895 1124 1896 1127 1896 1060 1896 47 1897 49 1897 1124 1897 47 1898 1124 1898 1060 1898 1128 1899 1129 1899 1125 1899 1128 1900 1125 1900 1124 1900 49 1901 51 1901 1128 1901 49 1902 1128 1902 1124 1902 1130 1903 1131 1903 1132 1903 1130 1904 1132 1904 1129 1904 1130 1905 1129 1905 1128 1905 1128 1906 51 1906 41 1906 1128 1907 41 1907 1130 1907 1133 1908 1134 1908 1135 1908 1133 1909 1135 1909 1131 1909 1133 1910 1131 1910 1130 1910 1130 1911 41 1911 39 1911 1130 1912 39 1912 1133 1912 1136 1913 1137 1913 1134 1913 1136 1914 1134 1914 1133 1914 120 1915 1136 1915 1133 1915 120 1916 1133 1916 39 1916 1138 1917 1139 1917 1137 1917 1138 1918 1137 1918 1136 1918 120 1919 118 1919 1138 1919 120 1920 1138 1920 1136 1920 1139 1921 1138 1921 1140 1921 1139 1922 1140 1922 1141 1922 116 1923 1140 1923 1138 1923 116 1924 1138 1924 118 1924 1142 1925 1143 1925 1141 1925 1142 1926 1141 1926 1140 1926 1140 1927 116 1927 114 1927 1140 1928 114 1928 1142 1928 1143 1929 1142 1929 1144 1929 1143 1930 1144 1930 1145 1930 1142 1931 114 1931 112 1931 1142 1932 112 1932 1144 1932 1146 1933 1147 1933 1148 1933 1146 1934 1148 1934 1145 1934 1146 1935 1145 1935 1144 1935 1144 1936 112 1936 111 1936 1144 1937 111 1937 1146 1937 1149 1938 1150 1938 1147 1938 1149 1939 1147 1939 1146 1939 1146 1940 111 1940 64 1940 1146 1941 64 1941 1149 1941 1151 1942 1120 1942 1119 1942 1151 1943 1119 1943 1152 1943 1120 1944 1151 1944 1153 1944 1120 1945 1153 1945 1121 1945 1154 1946 1155 1946 1156 1946 1154 1947 1156 1947 1150 1947 1154 1948 1150 1948 1149 1948 1154 1949 1149 1949 64 1949 1154 1950 64 1950 63 1950 1153 1951 1157 1951 1122 1951 1153 1952 1122 1952 1121 1952 1158 1953 1159 1953 1160 1953 1158 1954 1160 1954 1155 1954 1158 1955 1155 1955 1154 1955 1158 1956 1154 1956 63 1956 1158 1957 63 1957 62 1957 1157 1958 1161 1958 1123 1958 1157 1959 1123 1959 1122 1959 1161 1960 1063 1960 1067 1960 1161 1961 1067 1961 1123 1961 1159 1962 1158 1962 1062 1962 1159 1963 1062 1963 1162 1963 1062 1964 1158 1964 62 1964 1062 1965 62 1965 61 1965 1061 1966 1163 1966 1164 1966 1061 1967 1164 1967 1162 1967 1061 1968 1162 1968 1062 1968 1165 1969 1074 1969 1075 1969 1165 1970 1075 1970 1166 1970 1077 1971 1167 1971 1166 1971 1077 1972 1166 1972 1075 1972 1059 1973 1168 1973 1169 1973 1059 1974 1169 1974 1080 1974 20 1975 79 1975 1081 1975 20 1976 1081 1976 1170 1976 1081 1977 636 1977 614 1977 1081 1978 614 1978 1170 1978 549 1979 741 1979 742 1979 549 1980 742 1980 1171 1980 549 1981 1171 1981 1172 1981 549 1982 1172 1982 721 1982 549 1983 721 1983 720 1983 549 1984 720 1984 515 1984 1088 1985 1087 1985 1115 1985 1088 1986 1115 1986 1173 1986 1088 1987 1173 1987 1174 1987 1088 1988 1174 1988 1175 1988 1088 1989 1175 1989 1176 1989 1088 1990 1176 1990 1177 1990 1088 1991 1177 1991 1178 1991 1179 1992 1180 1992 1178 1992 1179 1993 1178 1993 1177 1993 1088 1994 1178 1994 451 1994 1088 1995 451 1995 453 1995 1181 1996 1168 1996 1059 1996 1181 1997 1059 1997 1060 1997 1181 1998 1060 1998 1127 1998 1182 1999 1181 1999 1127 1999 1182 2000 1127 2000 1126 2000 1182 2001 1126 2001 1183 2001 742 2002 729 2002 1090 2002 742 2003 1090 2003 1092 2003 742 2004 1092 2004 1182 2004 742 2005 1182 2005 1171 2005 1090 2006 1184 2006 1113 2006 1185 2007 1090 2007 1186 2007 1187 2008 1183 2008 1126 2008 1187 2009 1126 2009 1125 2009 1187 2010 1125 2010 1129 2010 1187 2011 1129 2011 1132 2011 721 2012 1172 2012 1183 2012 721 2013 1183 2013 1187 2013 721 2014 1187 2014 1090 2014 721 2015 1090 2015 728 2015 1183 2016 1172 2016 1171 2016 1183 2017 1171 2017 1182 2017 1184 2018 1090 2018 1185 2018 1090 2019 1188 2019 1186 2019 1189 2020 1190 2020 1191 2020 1189 2021 1191 2021 1188 2021 1188 2022 1090 2022 1189 2022 1189 2023 1090 2023 1192 2023 1090 2024 1193 2024 1192 2024 1193 2025 1090 2025 1194 2025 1194 2026 1090 2026 1195 2026 1195 2027 1090 2027 1196 2027 1090 2028 1197 2028 1196 2028 1198 2029 1197 2029 1141 2029 1198 2030 1141 2030 1143 2030 1198 2031 1143 2031 1145 2031 1198 2032 1145 2032 1148 2032 1198 2033 1148 2033 1199 2033 1197 2034 1200 2034 1135 2034 1197 2035 1135 2035 1134 2035 1197 2036 1134 2036 1137 2036 1197 2037 1137 2037 1139 2037 1197 2038 1139 2038 1141 2038 1197 2039 1090 2039 1200 2039 1200 2040 1187 2040 1132 2040 1200 2041 1132 2041 1131 2041 1200 2042 1131 2042 1135 2042 1090 2043 1187 2043 1200 2043 1192 2044 1201 2044 1190 2044 1192 2045 1190 2045 1189 2045 1201 2046 1192 2046 1193 2046 1201 2047 1193 2047 1202 2047 1194 2048 1203 2048 1202 2048 1194 2049 1202 2049 1193 2049 1195 2050 1204 2050 1203 2050 1195 2051 1203 2051 1194 2051 1204 2052 1195 2052 1196 2052 1204 2053 1196 2053 1205 2053 1205 2054 1196 2054 1197 2054 1205 2055 1197 2055 1198 2055 1206 2056 1186 2056 1188 2056 1206 2057 1188 2057 1191 2057 1199 2058 1148 2058 1147 2058 1199 2059 1147 2059 1150 2059 1199 2060 1150 2060 1156 2060 1199 2061 1156 2061 1207 2061 1208 2062 1209 2062 1176 2062 1208 2063 1176 2063 1175 2063 1177 2064 1176 2064 1209 2064 1177 2065 1209 2065 1210 2065 1210 2066 1211 2066 1179 2066 1210 2067 1179 2067 1177 2067 1179 2068 1211 2068 1212 2068 1179 2069 1212 2069 1213 2069 1179 2070 1213 2070 1180 2070 1213 2071 1212 2071 1214 2071 1213 2072 1214 2072 1118 2072 1213 2073 1118 2073 1117 2073 1214 2074 1152 2074 1119 2074 1214 2075 1119 2075 1118 2075 1206 2076 1215 2076 1216 2076 1206 2077 1216 2077 1217 2077 1206 2078 1217 2078 1186 2078 1186 2079 1217 2079 1185 2079 1218 2080 1208 2080 1175 2080 1218 2081 1175 2081 1174 2081 1207 2082 1156 2082 1155 2082 1207 2083 1155 2083 1160 2083 1207 2084 1160 2084 1219 2084 1173 2085 1220 2085 1218 2085 1173 2086 1218 2086 1174 2086 1221 2087 1219 2087 1160 2087 1221 2088 1160 2088 1159 2088 1221 2089 1159 2089 1162 2089 1221 2090 1162 2090 1164 2090 1221 2091 1164 2091 1163 2091 1221 2092 1163 2092 1222 2092 1221 2093 1222 2093 1223 2093 1104 2094 1099 2094 1107 2094 1107 2095 1099 2095 1070 2095 1107 2096 1070 2096 1108 2096 1108 2097 1070 2097 1068 2097 1108 2098 1068 2098 1110 2098 1110 2099 1068 2099 1064 2099 1110 2100 1064 2100 1112 2100 1112 2101 1064 2101 1103 2101 1112 2102 1103 2102 1106 2102 1064 2103 1063 2103 1224 2103 1064 2104 1224 2104 1225 2104 1064 2105 1225 2105 1101 2105 1064 2106 1101 2106 1103 2106 1207 2107 1219 2107 1161 2107 1161 2108 1219 2108 1221 2108 1161 2109 1221 2109 1063 2109 1063 2110 1221 2110 1223 2110 1063 2111 1223 2111 1224 2111 1205 2112 1198 2112 1157 2112 1157 2113 1198 2113 1199 2113 1157 2114 1199 2114 1161 2114 1161 2115 1199 2115 1207 2115 1190 2116 1201 2116 1218 2116 1218 2117 1201 2117 1202 2117 1218 2118 1202 2118 1208 2118 1208 2119 1202 2119 1203 2119 1208 2120 1203 2120 1153 2120 1153 2121 1203 2121 1204 2121 1153 2122 1204 2122 1157 2122 1157 2123 1204 2123 1205 2123 1106 2124 1226 2124 1112 2124 1112 2125 1226 2125 1227 2125 1112 2126 1227 2126 1114 2126 1114 2127 1227 2127 1228 2127 1114 2128 1228 2128 1229 2128 1215 2129 1206 2129 1220 2129 1215 2130 1220 2130 1114 2130 1215 2131 1114 2131 1229 2131 1191 2132 1190 2132 1218 2132 1191 2133 1218 2133 1220 2133 1191 2134 1220 2134 1206 2134 1212 2135 1211 2135 1214 2135 1214 2136 1211 2136 1210 2136 1214 2137 1210 2137 1152 2137 1152 2138 1210 2138 1209 2138 1152 2139 1209 2139 1151 2139 1151 2140 1209 2140 1208 2140 1151 2141 1208 2141 1153 2141 1229 2142 1184 2142 1185 2142 1229 2143 1185 2143 1217 2143 1229 2144 1217 2144 1216 2144 1229 2145 1216 2145 1215 2145 1114 2146 1220 2146 1173 2146 1114 2147 1173 2147 1115 2147 1224 2148 1223 2148 1222 2148 1224 2149 1222 2149 1230 2149 1224 2150 1230 2150 1231 2150 1224 2151 1231 2151 1165 2151 1224 2152 1165 2152 1166 2152 1224 2153 1166 2153 1091 2153 1092 2154 1091 2154 1166 2154 1092 2155 1166 2155 1167 2155 1092 2156 1167 2156 1232 2156 1092 2157 1232 2157 1233 2157 1224 2158 1091 2158 1093 2158 1224 2159 1093 2159 1225 2159 1100 2160 1101 2160 1225 2160 1100 2161 1225 2161 1093 2161 1106 2162 1105 2162 1109 2162 1106 2163 1109 2163 1226 2163 1226 2164 1109 2164 1111 2164 1226 2165 1111 2165 1227 2165 1111 2166 1113 2166 1228 2166 1111 2167 1228 2167 1227 2167 1072 2168 1230 2168 1222 2168 1072 2169 1222 2169 1163 2169 1072 2170 1163 2170 1061 2170 1230 2171 1072 2171 1073 2171 1230 2172 1073 2172 1231 2172 1231 2173 1073 2173 1074 2173 1231 2174 1074 2174 1165 2174 1167 2175 1077 2175 1078 2175 1167 2176 1078 2176 1232 2176 1233 2177 1232 2177 1078 2177 1233 2178 1078 2178 1080 2178 1233 2179 1080 2179 1169 2179 1182 2180 1092 2180 1233 2180 1182 2181 1233 2181 1169 2181 1182 2182 1169 2182 1168 2182 1182 2183 1168 2183 1181 2183 1184 2184 1229 2184 1228 2184 1184 2185 1228 2185 1113 2185 730 2186 740 2186 499 2186 730 2187 499 2187 498 2187 728 2188 1090 2188 729 2188 608 2189 610 2189 550 2189 608 2190 550 2190 514 2190 1234 2191 1116 2191 53 2191 1234 2192 53 2192 52 2192 119 2193 121 2193 1235 2193 119 2194 1235 2194 1236 2194 1235 2195 121 2195 38 2195 1235 2196 38 2196 1237 2196 40 2197 1238 2197 1237 2197 40 2198 1237 2198 38 2198 1238 2199 40 2199 42 2199 1238 2200 42 2200 1239 2200 1240 2201 1241 2201 1242 2201 1240 2202 1242 2202 1243 2202 1241 2203 1240 2203 115 2203 1241 2204 115 2204 117 2204 117 2205 119 2205 1236 2205 117 2206 1236 2206 1241 2206 1244 2207 1235 2207 1237 2207 1244 2208 1237 2208 1245 2208 1246 2209 1245 2209 1237 2209 1246 2210 1237 2210 1238 2210 1246 2211 1238 2211 1247 2211 1239 2212 1248 2212 1247 2212 1239 2213 1247 2213 1238 2213 1249 2214 1250 2214 1251 2214 1249 2215 1251 2215 1252 2215 68 2216 1251 2216 1250 2216 68 2217 1250 2217 57 2217 1253 2218 1254 2218 1255 2218 1253 2219 1255 2219 1252 2219 1253 2220 1252 2220 1251 2220 67 2221 1253 2221 1251 2221 67 2222 1251 2222 68 2222 1256 2223 1257 2223 1254 2223 1256 2224 1254 2224 1253 2224 1253 2225 67 2225 66 2225 1253 2226 66 2226 1256 2226 1256 2227 66 2227 65 2227 1256 2228 65 2228 1258 2228 65 2229 113 2229 1259 2229 65 2230 1259 2230 1258 2230 1240 2231 1243 2231 1260 2231 1240 2232 1260 2232 1259 2232 115 2233 1240 2233 1259 2233 115 2234 1259 2234 113 2234 1261 2235 1262 2235 1263 2235 1261 2236 1263 2236 1264 2236 1263 2237 1265 2237 1266 2237 1263 2238 1266 2238 1264 2238 1266 2239 1265 2239 1267 2239 1266 2240 1267 2240 1268 2240 1267 2241 1269 2241 1270 2241 1267 2242 1270 2242 1268 2242 21 2243 20 2243 1170 2243 21 2244 1170 2244 1271 2244 1170 2245 614 2245 613 2245 1170 2246 613 2246 1271 2246 516 2247 515 2247 720 2247 516 2248 720 2248 727 2248 516 2249 727 2249 1272 2249 516 2250 1272 2250 1273 2250 1116 2251 1234 2251 1264 2251 1116 2252 1264 2252 1266 2252 1116 2253 1266 2253 1268 2253 1116 2254 1268 2254 1270 2254 1116 2255 1270 2255 1274 2255 1116 2256 1274 2256 1275 2256 1116 2257 1275 2257 1213 2257 1116 2258 1213 2258 1117 2258 1178 2259 1180 2259 1213 2259 1178 2260 1213 2260 1275 2260 1178 2261 1275 2261 1276 2261 1178 2262 1276 2262 1277 2262 1178 2263 1277 2263 1278 2263 1178 2264 1278 2264 1279 2264 1178 2265 1279 2265 1280 2265 1178 2266 1280 2266 1281 2266 1178 2267 1281 2267 1282 2267 1264 2268 1234 2268 1261 2268 449 2269 451 2269 1178 2269 449 2270 1178 2270 1282 2270 1283 2271 1284 2271 1249 2271 1283 2272 1249 2272 1252 2272 1283 2273 1252 2273 1255 2273 1285 2274 1283 2274 1255 2274 1285 2275 1255 2275 1254 2275 1285 2276 1254 2276 1257 2276 1285 2277 1257 2277 1286 2277 1287 2278 1285 2278 1286 2278 1287 2279 1286 2279 1288 2279 1287 2280 1288 2280 1260 2280 1287 2281 1260 2281 1243 2281 1287 2282 1243 2282 1289 2282 1290 2283 1289 2283 1243 2283 1290 2284 1243 2284 1242 2284 1290 2285 1242 2285 1291 2285 1290 2286 1291 2286 1292 2286 1287 2287 1289 2287 1293 2287 1287 2288 1293 2288 1294 2288 1295 2289 1296 2289 1297 2289 1295 2290 1297 2290 1298 2290 1299 2291 1300 2291 1298 2291 1299 2292 1298 2292 1297 2292 1280 2293 1279 2293 1301 2293 1280 2294 1301 2294 1302 2294 1280 2295 1302 2295 1303 2295 1280 2296 1303 2296 1281 2296 1304 2297 1305 2297 1294 2297 1304 2298 1294 2298 1293 2298 1270 2299 1269 2299 1306 2299 1270 2300 1306 2300 1274 2300 1307 2301 1308 2301 1305 2301 1307 2302 1305 2302 1304 2302 1308 2303 1307 2303 1309 2303 1308 2304 1309 2304 1310 2304 1310 2305 1309 2305 1296 2305 1310 2306 1296 2306 1295 2306 1277 2307 1276 2307 1311 2307 1277 2308 1311 2308 1312 2308 1312 2309 1313 2309 1278 2309 1312 2310 1278 2310 1277 2310 1278 2311 1313 2311 1301 2311 1278 2312 1301 2312 1279 2312 1275 2313 1314 2313 1311 2313 1275 2314 1311 2314 1276 2314 1274 2315 1306 2315 1314 2315 1274 2316 1314 2316 1275 2316 1258 2317 1288 2317 1286 2317 1258 2318 1286 2318 1257 2318 1258 2319 1257 2319 1256 2319 1288 2320 1258 2320 1259 2320 1288 2321 1259 2321 1260 2321 1236 2322 1291 2322 1242 2322 1236 2323 1242 2323 1241 2323 1235 2324 1244 2324 1292 2324 1235 2325 1292 2325 1291 2325 1235 2326 1291 2326 1236 2326 1290 2327 1292 2327 1244 2327 1290 2328 1244 2328 1245 2328 1290 2329 1245 2329 1246 2329 1290 2330 1246 2330 1315 2330 1300 2331 1299 2331 1316 2331 1300 2332 1316 2332 1317 2332 1315 2333 1246 2333 1247 2333 1315 2334 1247 2334 1248 2334 1315 2335 1248 2335 1318 2335 727 2336 726 2336 1319 2336 727 2337 1319 2337 1290 2337 727 2338 1290 2338 1315 2338 727 2339 1315 2339 1272 2339 1290 2340 1319 2340 1289 2340 1289 2341 1319 2341 1293 2341 1319 2342 1304 2342 1293 2342 1304 2343 1319 2343 1307 2343 1307 2344 1319 2344 1309 2344 1309 2345 1319 2345 1296 2345 1319 2346 1297 2346 1296 2346 1297 2347 1319 2347 1299 2347 1316 2348 1299 2348 1319 2348 1320 2349 1321 2349 1317 2349 1320 2350 1317 2350 1316 2350 1315 2351 1318 2351 1273 2351 1315 2352 1273 2352 1272 2352 1319 2353 1320 2353 1316 2353 722 2354 730 2354 498 2354 722 2355 498 2355 466 2355 725 2356 1319 2356 726 2356 608 2357 514 2357 513 2357 608 2358 513 2358 609 2358 52 2359 54 2359 1322 2359 52 2360 1322 2360 1234 2360 32 2361 30 2361 1323 2361 32 2362 1323 2362 1324 2362 35 2363 1325 2363 1326 2363 35 2364 1326 2364 33 2364 1325 2365 35 2365 81 2365 1325 2366 81 2366 1327 2366 80 2367 1328 2367 1327 2367 80 2368 1327 2368 81 2368 1328 2369 80 2369 58 2369 1328 2370 58 2370 1329 2370 1330 2371 1331 2371 1332 2371 1330 2372 1332 2372 1333 2372 1332 2373 1334 2373 1335 2373 1332 2374 1335 2374 1333 2374 58 2375 57 2375 1250 2375 58 2376 1250 2376 1329 2376 1334 2377 1262 2377 1261 2377 1334 2378 1261 2378 1335 2378 1323 2379 30 2379 28 2379 1323 2380 28 2380 1336 2380 1337 2381 1338 2381 1326 2381 1337 2382 1326 2382 1339 2382 1338 2383 31 2383 33 2383 1338 2384 33 2384 1326 2384 1325 2385 1340 2385 1339 2385 1325 2386 1339 2386 1326 2386 1325 2387 1327 2387 1341 2387 1325 2388 1341 2388 1342 2388 1325 2389 1342 2389 1340 2389 1341 2390 1327 2390 1328 2390 1341 2391 1328 2391 1343 2391 1329 2392 1344 2392 1345 2392 1329 2393 1345 2393 1343 2393 1329 2394 1343 2394 1328 2394 1250 2395 1249 2395 1344 2395 1250 2396 1344 2396 1329 2396 1346 2397 1338 2397 1337 2397 1346 2398 1337 2398 1347 2398 1338 2399 1346 2399 29 2399 1338 2400 29 2400 31 2400 28 2401 26 2401 1348 2401 28 2402 1348 2402 1336 2402 1248 2403 1239 2403 1349 2403 1248 2404 1349 2404 1350 2404 44 2405 1349 2405 1239 2405 44 2406 1239 2406 42 2406 1351 2407 1352 2407 1353 2407 1351 2408 1353 2408 1350 2408 1351 2409 1350 2409 1349 2409 1349 2410 44 2410 23 2410 1349 2411 23 2411 1351 2411 1354 2412 1355 2412 1352 2412 1354 2413 1352 2413 1351 2413 25 2414 1354 2414 1351 2414 25 2415 1351 2415 23 2415 1356 2416 1357 2416 1358 2416 1356 2417 1358 2417 1355 2417 1356 2418 1355 2418 1354 2418 25 2419 27 2419 1356 2419 25 2420 1356 2420 1354 2420 1357 2421 1356 2421 1346 2421 1357 2422 1346 2422 1347 2422 1356 2423 27 2423 29 2423 1356 2424 29 2424 1346 2424 26 2425 24 2425 1359 2425 26 2426 1359 2426 1348 2426 91 2427 21 2427 1271 2427 91 2428 1271 2428 1360 2428 1271 2429 613 2429 618 2429 1271 2430 618 2430 1360 2430 511 2431 516 2431 1273 2431 511 2432 1273 2432 1361 2432 511 2433 1361 2433 786 2433 511 2434 786 2434 723 2434 1234 2435 1322 2435 1362 2435 1234 2436 1362 2436 1363 2436 1234 2437 1363 2437 1330 2437 1234 2438 1330 2438 1333 2438 1234 2439 1333 2439 1335 2439 1234 2440 1335 2440 1261 2440 1362 2441 1364 2441 1282 2441 1362 2442 1282 2442 1365 2442 1362 2443 1365 2443 1366 2443 1362 2444 1366 2444 1367 2444 1362 2445 1367 2445 1368 2445 1362 2446 1368 2446 1363 2446 1282 2447 1281 2447 1369 2447 1282 2448 1369 2448 1370 2448 1282 2449 1370 2449 1371 2449 1282 2450 1371 2450 1365 2450 1282 2451 1364 2451 1372 2451 1362 2452 1322 2452 1373 2452 1282 2453 1372 2453 450 2453 1282 2454 450 2454 449 2454 1374 2455 1375 2455 1376 2455 1374 2456 1376 2456 1377 2456 1378 2457 1342 2457 1341 2457 1378 2458 1341 2458 1343 2458 1378 2459 1343 2459 1345 2459 1378 2460 1345 2460 1379 2460 1380 2461 1362 2461 1373 2461 1380 2462 1373 2462 1376 2462 1380 2463 1376 2463 1375 2463 1381 2464 1382 2464 1364 2464 1381 2465 1364 2465 1362 2465 1381 2466 1362 2466 1380 2466 1381 2467 1383 2467 1384 2467 1381 2468 1384 2468 1382 2468 1367 2469 1385 2469 1386 2469 1367 2470 1386 2470 1368 2470 1363 2471 1368 2471 1386 2471 1363 2472 1386 2472 1387 2472 1387 2473 1331 2473 1330 2473 1387 2474 1330 2474 1363 2474 1388 2475 1365 2475 1371 2475 1388 2476 1371 2476 1389 2476 1365 2477 1388 2477 1390 2477 1365 2478 1390 2478 1366 2478 1366 2479 1390 2479 1385 2479 1366 2480 1385 2480 1367 2480 1314 2481 1306 2481 1311 2481 1311 2482 1306 2482 1269 2482 1311 2483 1269 2483 1312 2483 1312 2484 1269 2484 1267 2484 1312 2485 1267 2485 1313 2485 1313 2486 1267 2486 1265 2486 1313 2487 1265 2487 1301 2487 1301 2488 1265 2488 1308 2488 1301 2489 1308 2489 1310 2489 1265 2490 1263 2490 1287 2490 1265 2491 1287 2491 1294 2491 1265 2492 1294 2492 1305 2492 1265 2493 1305 2493 1308 2493 1263 2494 1262 2494 1284 2494 1263 2495 1284 2495 1283 2495 1263 2496 1283 2496 1285 2496 1263 2497 1285 2497 1287 2497 1391 2498 1392 2498 1334 2498 1334 2499 1392 2499 1378 2499 1334 2500 1378 2500 1262 2500 1262 2501 1378 2501 1379 2501 1262 2502 1379 2502 1284 2502 1393 2503 1394 2503 1395 2503 1395 2504 1394 2504 1396 2504 1395 2505 1396 2505 1397 2505 1397 2506 1396 2506 1398 2506 1397 2507 1398 2507 1332 2507 1332 2508 1398 2508 1399 2508 1332 2509 1399 2509 1334 2509 1334 2510 1399 2510 1391 2510 1310 2511 1295 2511 1301 2511 1301 2512 1295 2512 1298 2512 1301 2513 1298 2513 1302 2513 1302 2514 1298 2514 1300 2514 1302 2515 1300 2515 1317 2515 1303 2516 1302 2516 1317 2516 1303 2517 1317 2517 1321 2517 1303 2518 1321 2518 1400 2518 1303 2519 1400 2519 1401 2519 1303 2520 1401 2520 1395 2520 1385 2521 1390 2521 1386 2521 1386 2522 1390 2522 1388 2522 1386 2523 1388 2523 1387 2523 1387 2524 1388 2524 1389 2524 1387 2525 1389 2525 1331 2525 1331 2526 1389 2526 1397 2526 1331 2527 1397 2527 1332 2527 1393 2528 1395 2528 1401 2528 1370 2529 1369 2529 1395 2529 1370 2530 1395 2530 1397 2530 1370 2531 1397 2531 1389 2531 1370 2532 1389 2532 1371 2532 1379 2533 1345 2533 1344 2533 1379 2534 1344 2534 1249 2534 1379 2535 1249 2535 1284 2535 1281 2536 1303 2536 1395 2536 1281 2537 1395 2537 1369 2537 1402 2538 1400 2538 1321 2538 1402 2539 1321 2539 1320 2539 1320 2540 1319 2540 1402 2540 1400 2541 1402 2541 1403 2541 1400 2542 1403 2542 1401 2542 1319 2543 1403 2543 1402 2543 1403 2544 1319 2544 1404 2544 1319 2545 1405 2545 1404 2545 1319 2546 1406 2546 1407 2546 1319 2547 1408 2547 1406 2547 1408 2548 1409 2548 1353 2548 1408 2549 1353 2549 1352 2549 1408 2550 1352 2550 1355 2550 1408 2551 1355 2551 1358 2551 786 2552 1361 2552 1409 2552 786 2553 1409 2553 1408 2553 786 2554 1408 2554 1319 2554 786 2555 1319 2555 724 2555 1409 2556 1318 2556 1248 2556 1409 2557 1248 2557 1350 2557 1409 2558 1350 2558 1353 2558 1318 2559 1409 2559 1361 2559 1318 2560 1361 2560 1273 2560 1401 2561 1403 2561 1404 2561 1401 2562 1404 2562 1393 2562 1405 2563 1394 2563 1393 2563 1405 2564 1393 2564 1404 2564 1410 2565 1396 2565 1394 2565 1410 2566 1394 2566 1405 2566 1405 2567 1319 2567 1410 2567 1396 2568 1410 2568 1411 2568 1396 2569 1411 2569 1398 2569 1319 2570 1411 2570 1410 2570 1412 2571 1399 2571 1398 2571 1412 2572 1398 2572 1411 2572 1319 2573 1412 2573 1411 2573 1407 2574 1391 2574 1399 2574 1407 2575 1399 2575 1412 2575 1412 2576 1319 2576 1407 2576 1406 2577 1392 2577 1391 2577 1406 2578 1391 2578 1407 2578 1392 2579 1406 2579 1337 2579 1392 2580 1337 2580 1339 2580 1392 2581 1339 2581 1340 2581 1392 2582 1340 2582 1342 2582 1392 2583 1342 2583 1378 2583 1406 2584 1408 2584 1358 2584 1406 2585 1358 2585 1357 2585 1406 2586 1357 2586 1347 2586 1406 2587 1347 2587 1337 2587 762 2588 722 2588 466 2588 762 2589 466 2589 470 2589 725 2590 724 2590 1319 2590 609 2591 513 2591 524 2591 609 2592 524 2592 611 2592 1413 2593 1322 2593 54 2593 1413 2594 54 2594 56 2594 1414 2595 1415 2595 1416 2595 1414 2596 1416 2596 1417 2596 13 2597 1414 2597 1417 2597 13 2598 1417 2598 14 2598 1418 2599 1419 2599 1420 2599 1418 2600 1420 2600 1415 2600 1418 2601 1415 2601 1414 2601 1414 2602 13 2602 11 2602 1414 2603 11 2603 1418 2603 1421 2604 1422 2604 1419 2604 1421 2605 1419 2605 1418 2605 10 2606 1421 2606 1418 2606 10 2607 1418 2607 11 2607 1423 2608 1424 2608 1422 2608 1423 2609 1422 2609 1421 2609 8 2610 1423 2610 1421 2610 8 2611 1421 2611 10 2611 1424 2612 1423 2612 1425 2612 1424 2613 1425 2613 1426 2613 1423 2614 8 2614 7 2614 1423 2615 7 2615 1425 2615 1427 2616 1428 2616 1426 2616 1427 2617 1426 2617 1425 2617 5 2618 1427 2618 1425 2618 5 2619 1425 2619 7 2619 1429 2620 1430 2620 1428 2620 1429 2621 1428 2621 1427 2621 1427 2622 5 2622 3 2622 1427 2623 3 2623 1429 2623 1429 2624 1431 2624 1432 2624 1429 2625 1432 2625 1433 2625 1429 2626 1433 2626 1430 2626 85 2627 1431 2627 1429 2627 85 2628 1429 2628 3 2628 1434 2629 1435 2629 1436 2629 1434 2630 1436 2630 1432 2630 1434 2631 1432 2631 1431 2631 1431 2632 85 2632 84 2632 1431 2633 84 2633 1434 2633 1435 2634 1434 2634 1437 2634 1435 2635 1437 2635 1438 2635 1434 2636 84 2636 83 2636 1434 2637 83 2637 1437 2637 1439 2638 1440 2638 1441 2638 1439 2639 1441 2639 1442 2639 1439 2640 1442 2640 1443 2640 1440 2641 1444 2641 1445 2641 1440 2642 1445 2642 1441 2642 1446 2643 1447 2643 1448 2643 1446 2644 1448 2644 1438 2644 1446 2645 1438 2645 1437 2645 1437 2646 83 2646 82 2646 1437 2647 82 2647 1446 2647 1445 2648 1444 2648 1449 2648 1445 2649 1449 2649 1450 2649 1451 2650 1450 2650 1449 2650 1451 2651 1449 2651 1452 2651 1446 2652 82 2652 37 2652 1446 2653 37 2653 1453 2653 1454 2654 1455 2654 1451 2654 1454 2655 1451 2655 1452 2655 1454 2656 1374 2656 1377 2656 1454 2657 1377 2657 1455 2657 1456 2658 1453 2658 1457 2658 1456 2659 1457 2659 1458 2659 1453 2660 37 2660 36 2660 1453 2661 36 2661 1457 2661 1459 2662 1457 2662 36 2662 1459 2663 36 2663 34 2663 1324 2664 1459 2664 34 2664 1324 2665 34 2665 32 2665 1460 2666 1324 2666 1323 2666 1460 2667 1323 2667 1461 2667 1336 2668 1462 2668 1461 2668 1336 2669 1461 2669 1323 2669 24 2670 43 2670 1463 2670 24 2671 1463 2671 1359 2671 1464 2672 1465 2672 1466 2672 1464 2673 1466 2673 1467 2673 1464 2674 1467 2674 1463 2674 43 2675 50 2675 1464 2675 43 2676 1464 2676 1463 2676 1468 2677 1469 2677 1465 2677 1468 2678 1465 2678 1464 2678 48 2679 1468 2679 1464 2679 48 2680 1464 2680 50 2680 1470 2681 1469 2681 1468 2681 1470 2682 1468 2682 1471 2682 1470 2683 1471 2683 1472 2683 46 2684 1471 2684 1468 2684 46 2685 1468 2685 48 2685 1473 2686 1472 2686 1471 2686 1473 2687 1471 2687 1417 2687 1473 2688 1417 2688 1416 2688 14 2689 1417 2689 1471 2689 14 2690 1471 2690 46 2690 1474 2691 92 2691 91 2691 1474 2692 91 2692 1360 2692 1360 2693 618 2693 616 2693 1360 2694 616 2694 1474 2694 511 2695 723 2695 764 2695 511 2696 764 2696 1475 2696 511 2697 1475 2697 1476 2697 511 2698 1476 2698 760 2698 511 2699 760 2699 765 2699 511 2700 765 2700 512 2700 1322 2701 1413 2701 1441 2701 1322 2702 1441 2702 1445 2702 1322 2703 1445 2703 1450 2703 1322 2704 1450 2704 1451 2704 1322 2705 1451 2705 1455 2705 1322 2706 1455 2706 1377 2706 1322 2707 1377 2707 1376 2707 1322 2708 1376 2708 1373 2708 1441 2709 1413 2709 1442 2709 1372 2710 1364 2710 1382 2710 1372 2711 1382 2711 1384 2711 1372 2712 1384 2712 1477 2712 1372 2713 1477 2713 1478 2713 1372 2714 1478 2714 1479 2714 1372 2715 1479 2715 1480 2715 1372 2716 1480 2716 1481 2716 1372 2717 1481 2717 1482 2717 1372 2718 1482 2718 1483 2718 1372 2719 1483 2719 452 2719 1372 2720 452 2720 450 2720 1484 2721 1485 2721 1486 2721 1484 2722 1486 2722 1487 2722 1488 2723 1489 2723 1424 2723 1488 2724 1424 2724 1426 2724 1488 2725 1426 2725 1428 2725 1488 2726 1428 2726 1430 2726 1488 2727 1430 2727 1433 2727 1488 2728 1433 2728 1490 2728 1491 2729 1420 2729 1419 2729 1491 2730 1419 2730 1422 2730 1491 2731 1422 2731 1424 2731 1491 2732 1424 2732 1489 2732 1487 2733 1486 2733 1492 2733 1487 2734 1492 2734 1493 2734 1489 2735 1488 2735 1494 2735 1489 2736 1494 2736 1495 2736 1490 2737 1433 2737 1432 2737 1490 2738 1432 2738 1436 2738 1490 2739 1436 2739 1496 2739 1497 2740 1498 2740 1493 2740 1497 2741 1493 2741 1492 2741 1498 2742 1497 2742 1499 2742 1498 2743 1499 2743 1500 2743 1501 2744 1502 2744 1500 2744 1501 2745 1500 2745 1499 2745 1502 2746 1501 2746 1495 2746 1502 2747 1495 2747 1494 2747 1496 2748 1436 2748 1435 2748 1496 2749 1435 2749 1438 2749 1496 2750 1438 2750 1448 2750 1496 2751 1448 2751 1503 2751 1504 2752 1505 2752 1481 2752 1504 2753 1481 2753 1480 2753 1505 2754 1506 2754 1507 2754 1505 2755 1507 2755 1482 2755 1505 2756 1482 2756 1481 2756 1503 2757 1448 2757 1447 2757 1503 2758 1447 2758 1508 2758 1503 2759 1508 2759 1509 2759 1509 2760 1508 2760 1456 2760 1509 2761 1456 2761 1458 2761 1509 2762 1458 2762 1510 2762 1509 2763 1510 2763 1511 2763 1512 2764 1511 2764 1510 2764 1512 2765 1510 2765 1513 2765 1512 2766 1513 2766 1460 2766 1512 2767 1460 2767 1461 2767 1512 2768 1461 2768 1514 2768 1514 2769 1461 2769 1462 2769 1514 2770 1462 2770 1515 2770 1514 2771 1515 2771 1516 2771 1514 2772 1516 2772 1517 2772 1514 2773 1517 2773 1518 2773 1519 2774 1520 2774 1521 2774 1519 2775 1521 2775 1522 2775 1523 2776 1524 2776 1479 2776 1523 2777 1479 2777 1478 2777 1524 2778 1504 2778 1480 2778 1524 2779 1480 2779 1479 2779 1453 2780 1456 2780 1508 2780 1453 2781 1508 2781 1447 2781 1453 2782 1447 2782 1446 2782 1525 2783 1526 2783 1512 2783 1525 2784 1512 2784 1514 2784 1526 2785 1525 2785 1527 2785 1526 2786 1527 2786 1528 2786 1529 2787 1530 2787 1528 2787 1529 2788 1528 2788 1527 2788 1531 2789 1532 2789 1530 2789 1531 2790 1530 2790 1529 2790 1532 2791 1531 2791 1533 2791 1532 2792 1533 2792 1534 2792 1534 2793 1533 2793 1520 2793 1534 2794 1520 2794 1519 2794 1477 2795 1384 2795 1383 2795 1477 2796 1383 2796 1535 2796 1535 2797 1523 2797 1478 2797 1535 2798 1478 2798 1477 2798 1459 2799 1513 2799 1510 2799 1459 2800 1510 2800 1458 2800 1459 2801 1458 2801 1457 2801 1324 2802 1460 2802 1513 2802 1324 2803 1513 2803 1459 2803 1462 2804 1336 2804 1348 2804 1462 2805 1348 2805 1515 2805 1515 2806 1348 2806 1359 2806 1515 2807 1359 2807 1516 2807 1359 2808 1463 2808 1467 2808 1359 2809 1467 2809 1517 2809 1359 2810 1517 2810 1516 2810 1518 2811 1517 2811 1467 2811 1518 2812 1467 2812 1466 2812 1518 2813 1466 2813 1536 2813 1537 2814 1538 2814 1522 2814 1537 2815 1522 2815 1521 2815 1536 2816 1466 2816 1465 2816 1536 2817 1465 2817 1469 2817 1536 2818 1469 2818 1470 2818 1536 2819 1470 2819 1539 2819 1540 2820 1514 2820 1518 2820 1540 2821 1525 2821 1514 2821 1525 2822 1540 2822 1527 2822 1527 2823 1540 2823 1529 2823 1540 2824 1531 2824 1529 2824 1540 2825 1533 2825 1531 2825 1533 2826 1540 2826 1520 2826 1520 2827 1540 2827 1521 2827 1538 2828 1537 2828 1541 2828 1538 2829 1541 2829 1542 2829 1538 2830 1542 2830 1543 2830 1541 2831 1537 2831 1544 2831 1539 2832 1475 2832 1536 2832 1536 2833 1475 2833 764 2833 1536 2834 764 2834 1540 2834 1540 2835 764 2835 763 2835 1536 2836 1540 2836 1518 2836 1540 2837 1537 2837 1521 2837 1537 2838 1540 2838 1544 2838 1545 2839 1543 2839 1542 2839 1545 2840 1542 2840 1541 2840 1545 2841 1541 2841 1544 2841 1545 2842 1544 2842 1546 2842 1540 2843 1546 2843 1544 2843 1545 2844 1546 2844 1485 2844 1545 2845 1485 2845 1484 2845 1485 2846 1546 2846 1540 2846 1547 2847 1473 2847 1416 2847 1547 2848 1416 2848 1415 2848 1547 2849 1415 2849 1420 2849 1547 2850 1420 2850 1491 2850 760 2851 1476 2851 1547 2851 760 2852 1547 2852 1491 2852 760 2853 1491 2853 1540 2853 760 2854 1540 2854 761 2854 1539 2855 1470 2855 1472 2855 1539 2856 1472 2856 1473 2856 1539 2857 1473 2857 1547 2857 1539 2858 1547 2858 1476 2858 1539 2859 1476 2859 1475 2859 1485 2860 1540 2860 1486 2860 1540 2861 1492 2861 1486 2861 1495 2862 1540 2862 1489 2862 1491 2863 1489 2863 1540 2863 766 2864 762 2864 470 2864 766 2865 470 2865 469 2865 763 2866 761 2866 1540 2866 611 2867 524 2867 522 2867 611 2868 522 2868 617 2868 56 2869 1 2869 1548 2869 56 2870 1548 2870 1413 2870 1413 2871 1548 2871 1549 2871 1413 2872 1549 2872 1550 2872 1413 2873 1550 2873 1551 2873 1413 2874 1551 2874 1443 2874 1413 2875 1443 2875 1442 2875 1552 2876 1553 2876 1483 2876 1483 2877 1553 2877 1554 2877 1483 2878 1554 2878 1548 2878 1548 2879 1554 2879 1555 2879 1548 2880 1555 2880 1549 2880 1507 2881 1552 2881 1483 2881 1507 2882 1483 2882 1482 2882 1483 2883 1548 2883 1556 2883 1380 2884 1375 2884 1381 2884 1381 2885 1375 2885 1374 2885 1381 2886 1374 2886 1383 2886 1383 2887 1374 2887 1454 2887 1383 2888 1454 2888 1535 2888 1535 2889 1454 2889 1452 2889 1535 2890 1452 2890 1523 2890 1523 2891 1452 2891 1530 2891 1523 2892 1530 2892 1532 2892 1452 2893 1449 2893 1512 2893 1452 2894 1512 2894 1526 2894 1452 2895 1526 2895 1528 2895 1452 2896 1528 2896 1530 2896 1496 2897 1503 2897 1444 2897 1444 2898 1503 2898 1509 2898 1444 2899 1509 2899 1449 2899 1449 2900 1509 2900 1511 2900 1449 2901 1511 2901 1512 2901 1494 2902 1488 2902 1440 2902 1440 2903 1488 2903 1490 2903 1440 2904 1490 2904 1444 2904 1444 2905 1490 2905 1496 2905 1487 2906 1493 2906 1505 2906 1505 2907 1493 2907 1498 2907 1505 2908 1498 2908 1506 2908 1506 2909 1498 2909 1500 2909 1506 2910 1500 2910 1439 2910 1439 2911 1500 2911 1502 2911 1439 2912 1502 2912 1440 2912 1440 2913 1502 2913 1494 2913 1532 2914 1534 2914 1523 2914 1523 2915 1534 2915 1519 2915 1523 2916 1519 2916 1524 2916 1524 2917 1519 2917 1522 2917 1524 2918 1522 2918 1538 2918 1543 2919 1545 2919 1504 2919 1543 2920 1504 2920 1524 2920 1543 2921 1524 2921 1538 2921 1484 2922 1487 2922 1505 2922 1484 2923 1505 2923 1504 2923 1484 2924 1504 2924 1545 2924 1557 2925 1558 2925 1559 2925 1559 2926 1558 2926 1560 2926 1559 2927 1560 2927 1561 2927 1561 2928 1560 2928 1562 2928 1561 2929 1562 2929 1563 2929 1563 2930 1562 2930 1506 2930 1563 2931 1506 2931 1439 2931 1561 2932 1563 2932 1551 2932 1561 2933 1551 2933 1550 2933 1551 2934 1563 2934 1439 2934 1551 2935 1439 2935 1443 2935 1564 2936 93 2936 92 2936 1564 2937 92 2937 1474 2937 1474 2938 616 2938 615 2938 1474 2939 615 2939 1564 2939 523 2940 512 2940 765 2940 523 2941 765 2941 767 2941 454 2942 452 2942 1483 2942 454 2943 1483 2943 1556 2943 2 2944 456 2944 477 2944 2 2945 477 2945 0 2945 460 2946 6 2946 9 2946 460 2947 9 2947 462 2947 458 2948 4 2948 6 2948 458 2949 6 2949 460 2949 456 2950 2 2950 4 2950 456 2951 4 2951 458 2951 472 2952 464 2952 12 2952 472 2953 12 2953 15 2953 12 2954 464 2954 462 2954 12 2955 462 2955 9 2955 86 2956 0 2956 477 2956 86 2957 477 2957 476 2957 1506 2958 1562 2958 1552 2958 1506 2959 1552 2959 1507 2959 1562 2960 1560 2960 1553 2960 1562 2961 1553 2961 1552 2961 1553 2962 1560 2962 1558 2962 1553 2963 1558 2963 1554 2963 1492 2964 1540 2964 1497 2964 1555 2965 1554 2965 1558 2965 1555 2966 1558 2966 1557 2966 1497 2967 1540 2967 1499 2967 1549 2968 1555 2968 1557 2968 1549 2969 1557 2969 1559 2969 1540 2970 1501 2970 1499 2970 1559 2971 1561 2971 1550 2971 1559 2972 1550 2972 1549 2972 1540 2973 1495 2973 1501 2973 766 2974 469 2974 479 2974 766 2975 479 2975 768 2975 617 2976 522 2976 520 2976 617 2977 520 2977 623 2977 1 2978 89 2978 1565 2978 1 2979 1565 2979 1548 2979 1556 2980 1548 2980 1565 2980 1556 2981 1565 2981 1566 2981 474 2982 88 2982 87 2982 474 2983 87 2983 475 2983 480 2984 90 2984 88 2984 480 2985 88 2985 474 2985 90 2986 480 2986 471 2986 90 2987 471 2987 22 2987 86 2988 476 2988 475 2988 86 2989 475 2989 87 2989 472 2990 15 2990 22 2990 472 2991 22 2991 471 2991 95 2992 93 2992 1564 2992 95 2993 1564 2993 1567 2993 1564 2994 615 2994 622 2994 1564 2995 622 2995 1567 2995 523 2996 767 2996 769 2996 523 2997 769 2997 521 2997 473 2998 454 2998 1556 2998 473 2999 1556 2999 1566 2999 768 3000 479 3000 484 3000 768 3001 484 3001 770 3001 623 3002 520 3002 518 3002 623 3003 518 3003 621 3003 89 3004 94 3004 1568 3004 89 3005 1568 3005 1565 3005 1566 3006 1565 3006 1568 3006 1566 3007 1568 3007 1569 3007 96 3008 95 3008 1567 3008 96 3009 1567 3009 1570 3009 1567 3010 622 3010 620 3010 1567 3011 620 3011 1570 3011 521 3012 769 3012 771 3012 521 3013 771 3013 519 3013 1569 3014 478 3014 473 3014 1569 3015 473 3015 1566 3015 770 3016 484 3016 483 3016 770 3017 483 3017 772 3017 630 3018 621 3018 518 3018 630 3019 518 3019 517 3019 94 3020 101 3020 1571 3020 94 3021 1571 3021 1568 3021 1571 3022 1572 3022 1569 3022 1571 3023 1569 3023 1568 3023 1573 3024 108 3024 96 3024 1573 3025 96 3025 1570 3025 1570 3026 620 3026 619 3026 1570 3027 619 3027 1573 3027 771 3028 773 3028 535 3028 771 3029 535 3029 519 3029 1569 3030 1572 3030 481 3030 1569 3031 481 3031 478 3031 772 3032 483 3032 482 3032 772 3033 482 3033 774 3033 630 3034 517 3034 534 3034 630 3035 534 3035 628 3035 101 3036 281 3036 1574 3036 101 3037 1574 3037 1575 3037 101 3038 1575 3038 1571 3038 1572 3039 1571 3039 1575 3039 1572 3040 1575 3040 1576 3040 1572 3041 1576 3041 1577 3041 1572 3042 1577 3042 1578 3042 1579 3043 1580 3043 1581 3043 1579 3044 1581 3044 1582 3044 1579 3045 1582 3045 1583 3045 1579 3046 1583 3046 1577 3046 1579 3047 1577 3047 1576 3047 1579 3048 1576 3048 1584 3048 1579 3049 1584 3049 1585 3049 1579 3050 1585 3050 1586 3050 1579 3051 1586 3051 1587 3051 1580 3052 1579 3052 237 3052 1580 3053 237 3053 243 3053 1579 3054 1587 3054 238 3054 1579 3055 238 3055 237 3055 1587 3056 1586 3056 239 3056 1587 3057 239 3057 238 3057 1586 3058 1585 3058 104 3058 1586 3059 104 3059 239 3059 1585 3060 1584 3060 1574 3060 1585 3061 1574 3061 281 3061 1585 3062 281 3062 104 3062 1584 3063 1576 3063 1575 3063 1584 3064 1575 3064 1574 3064 106 3065 108 3065 1573 3065 106 3066 1573 3066 1588 3066 1573 3067 619 3067 629 3067 1573 3068 629 3068 1588 3068 535 3069 773 3069 783 3069 535 3070 783 3070 533 3070 1572 3071 1578 3071 436 3071 1572 3072 436 3072 481 3072 774 3073 482 3073 487 3073 774 3074 487 3074 775 3074 628 3075 534 3075 532 3075 628 3076 532 3076 626 3076 246 3077 1589 3077 1590 3077 246 3078 1590 3078 1591 3078 246 3079 1591 3079 241 3079 1578 3080 1577 3080 1592 3080 1592 3081 1577 3081 1583 3081 1592 3082 1583 3082 1589 3082 1589 3083 1583 3083 1590 3083 1583 3084 1582 3084 1591 3084 1583 3085 1591 3085 1590 3085 1582 3086 1581 3086 242 3086 1582 3087 242 3087 241 3087 1582 3088 241 3088 1591 3088 1581 3089 1580 3089 243 3089 1581 3090 243 3090 242 3090 1593 3091 236 3091 106 3091 1593 3092 106 3092 1588 3092 1588 3093 629 3093 627 3093 1588 3094 627 3094 1593 3094 533 3095 783 3095 781 3095 533 3096 781 3096 531 3096 1578 3097 1592 3097 488 3097 1578 3098 488 3098 436 3098 775 3099 487 3099 486 3099 775 3100 486 3100 782 3100 626 3101 532 3101 530 3101 626 3102 530 3102 631 3102 246 3103 207 3103 1594 3103 246 3104 1594 3104 1589 3104 1594 3105 1595 3105 1592 3105 1594 3106 1592 3106 1589 3106 490 3107 250 3107 249 3107 490 3108 249 3108 491 3108 493 3109 247 3109 165 3109 493 3110 165 3110 437 3110 247 3111 493 3111 492 3111 247 3112 492 3112 248 3112 248 3113 492 3113 491 3113 248 3114 491 3114 249 3114 167 3115 392 3115 437 3115 167 3116 437 3116 165 3116 1596 3117 240 3117 236 3117 1596 3118 236 3118 1593 3118 1593 3119 627 3119 625 3119 1593 3120 625 3120 1596 3120 531 3121 781 3121 779 3121 531 3122 779 3122 529 3122 407 3123 488 3123 1592 3123 407 3124 1592 3124 1595 3124 782 3125 486 3125 485 3125 782 3126 485 3126 780 3126 631 3127 530 3127 528 3127 631 3128 528 3128 632 3128 207 3129 205 3129 1597 3129 207 3130 1597 3130 1594 3130 254 3131 1598 3131 1599 3131 254 3132 1599 3132 255 3132 1600 3133 1601 3133 1602 3133 1600 3134 1602 3134 1603 3134 1600 3135 1603 3135 1604 3135 1605 3136 1602 3136 1601 3136 1605 3137 1601 3137 1606 3137 1606 3138 1607 3138 1608 3138 1606 3139 1608 3139 1605 3139 1598 3140 254 3140 253 3140 1598 3141 253 3141 1609 3141 1609 3142 253 3142 269 3142 1609 3143 269 3143 1610 3143 489 3144 251 3144 250 3144 489 3145 250 3145 490 3145 251 3146 489 3146 409 3146 251 3147 409 3147 252 3147 411 3148 268 3148 252 3148 411 3149 252 3149 409 3149 270 3150 268 3150 411 3150 270 3151 411 3151 413 3151 271 3152 1611 3152 1610 3152 271 3153 1610 3153 269 3153 415 3154 267 3154 270 3154 415 3155 270 3155 413 3155 1611 3156 271 3156 266 3156 1611 3157 266 3157 1612 3157 393 3158 264 3158 267 3158 393 3159 267 3159 415 3159 392 3160 167 3160 264 3160 392 3161 264 3161 393 3161 265 3162 1613 3162 1612 3162 265 3163 1612 3163 266 3163 1613 3164 265 3164 263 3164 1613 3165 263 3165 1614 3165 1614 3166 263 3166 262 3166 1614 3167 262 3167 1615 3167 169 3168 1616 3168 1615 3168 169 3169 1615 3169 262 3169 169 3170 171 3170 1617 3170 169 3171 1617 3171 1616 3171 244 3172 240 3172 1596 3172 244 3173 1596 3173 1618 3173 1596 3174 625 3174 624 3174 1596 3175 624 3175 1618 3175 527 3176 529 3176 779 3176 527 3177 779 3177 777 3177 1619 3178 1595 3178 1620 3178 1619 3179 1620 3179 1621 3179 1619 3180 1621 3180 1622 3180 1619 3181 1622 3181 1623 3181 1619 3182 1623 3182 1624 3182 1605 3183 1608 3183 1597 3183 1597 3184 1608 3184 1625 3184 1597 3185 1625 3185 1595 3185 1595 3186 1625 3186 1626 3186 1595 3187 1626 3187 1620 3187 1602 3188 1605 3188 1597 3188 1602 3189 1597 3189 1603 3189 1597 3190 1595 3190 1594 3190 1595 3191 1619 3191 405 3191 1595 3192 405 3192 407 3192 1627 3193 1628 3193 1629 3193 1627 3194 1630 3194 1628 3194 1607 3195 1631 3195 1625 3195 1607 3196 1625 3196 1608 3196 1630 3197 1627 3197 1632 3197 1633 3198 1634 3198 1635 3198 1633 3199 1635 3199 1632 3199 1636 3200 1626 3200 1625 3200 1636 3201 1625 3201 1631 3201 1627 3202 1633 3202 1632 3202 1634 3203 1633 3203 1637 3203 1634 3204 1637 3204 1638 3204 1639 3205 1620 3205 1626 3205 1639 3206 1626 3206 1636 3206 1627 3207 1637 3207 1633 3207 1640 3208 1621 3208 1620 3208 1640 3209 1620 3209 1639 3209 1637 3210 1627 3210 1641 3210 1642 3211 1622 3211 1621 3211 1642 3212 1621 3212 1640 3212 1627 3213 1643 3213 1641 3213 1644 3214 1623 3214 1622 3214 1644 3215 1622 3215 1642 3215 1643 3216 1627 3216 1645 3216 1644 3217 1646 3217 1647 3217 1644 3218 1647 3218 1624 3218 1644 3219 1624 3219 1623 3219 780 3220 485 3220 435 3220 780 3221 435 3221 778 3221 652 3222 632 3222 528 3222 652 3223 528 3223 526 3223 205 3224 259 3224 1648 3224 205 3225 1648 3225 1597 3225 1648 3226 1649 3226 1650 3226 1648 3227 1650 3227 1651 3227 1648 3228 1651 3228 1652 3228 1648 3229 1652 3229 1653 3229 1648 3230 1653 3230 1654 3230 1648 3231 1654 3231 1655 3231 1648 3232 1655 3232 1604 3232 1648 3233 1604 3233 1603 3233 1648 3234 1603 3234 1597 3234 1656 3235 1657 3235 1658 3235 1656 3236 1658 3236 1659 3236 1656 3237 1659 3237 1660 3237 211 3238 209 3238 1659 3238 211 3239 1659 3239 1658 3239 1661 3240 1652 3240 1651 3240 1661 3241 1651 3241 1662 3241 1652 3242 1661 3242 1663 3242 1652 3243 1663 3243 1653 3243 1654 3244 1653 3244 1663 3244 1654 3245 1663 3245 1664 3245 1665 3246 1660 3246 1659 3246 1665 3247 1659 3247 1666 3247 1665 3248 1666 3248 1667 3248 209 3249 256 3249 1666 3249 209 3250 1666 3250 1659 3250 1655 3251 1654 3251 1664 3251 1655 3252 1664 3252 1668 3252 1668 3253 1600 3253 1604 3253 1668 3254 1604 3254 1655 3254 1599 3255 1669 3255 1667 3255 1599 3256 1667 3256 1666 3256 256 3257 255 3257 1599 3257 256 3258 1599 3258 1666 3258 1598 3259 1670 3259 1671 3259 1598 3260 1671 3260 1669 3260 1598 3261 1669 3261 1599 3261 1612 3262 1672 3262 1673 3262 1612 3263 1673 3263 1611 3263 1672 3264 1612 3264 1613 3264 1672 3265 1613 3265 1674 3265 1616 3266 1675 3266 1676 3266 1616 3267 1676 3267 1615 3267 1677 3268 1678 3268 1679 3268 1677 3269 1679 3269 1680 3269 1677 3270 1680 3270 1617 3270 1677 3271 1617 3271 171 3271 1677 3272 171 3272 173 3272 1678 3273 1677 3273 1681 3273 1678 3274 1681 3274 1682 3274 1681 3275 1677 3275 173 3275 1681 3276 173 3276 175 3276 1683 3277 1684 3277 1685 3277 1683 3278 1685 3278 1682 3278 1683 3279 1682 3279 1681 3279 177 3280 1683 3280 1681 3280 177 3281 1681 3281 175 3281 1686 3282 1687 3282 1688 3282 1686 3283 1688 3283 1684 3283 1686 3284 1684 3284 1683 3284 279 3285 1686 3285 1683 3285 279 3286 1683 3286 177 3286 1689 3287 1690 3287 1687 3287 1689 3288 1687 3288 1686 3288 277 3289 1689 3289 1686 3289 277 3290 1686 3290 279 3290 1690 3291 1689 3291 1691 3291 1690 3292 1691 3292 1692 3292 1689 3293 277 3293 275 3293 1689 3294 275 3294 1691 3294 1693 3295 1694 3295 1692 3295 1693 3296 1692 3296 1691 3296 1691 3297 275 3297 273 3297 1691 3298 273 3298 1693 3298 1694 3299 1693 3299 1695 3299 1694 3300 1695 3300 1696 3300 273 3301 216 3301 1695 3301 273 3302 1695 3302 1693 3302 1696 3303 1695 3303 1697 3303 1696 3304 1697 3304 1698 3304 215 3305 1697 3305 1695 3305 215 3306 1695 3306 216 3306 1699 3307 1700 3307 1701 3307 1699 3308 1701 3308 1698 3308 1699 3309 1698 3309 1697 3309 213 3310 1699 3310 1697 3310 213 3311 1697 3311 215 3311 1658 3312 1657 3312 1700 3312 1658 3313 1700 3313 1699 3313 213 3314 211 3314 1658 3314 213 3315 1658 3315 1699 3315 245 3316 244 3316 1618 3316 245 3317 1618 3317 1702 3317 1618 3318 624 3318 634 3318 1618 3319 634 3319 1702 3319 536 3320 527 3320 776 3320 536 3321 776 3321 1703 3321 536 3322 1703 3322 1704 3322 536 3323 1704 3323 754 3323 536 3324 754 3324 757 3324 776 3325 527 3325 777 3325 1705 3326 1619 3326 1647 3326 1705 3327 1647 3327 1706 3327 1705 3328 1706 3328 1707 3328 1705 3329 1707 3329 1708 3329 1705 3330 1708 3330 1709 3330 1705 3331 1709 3331 1710 3331 1705 3332 1710 3332 1711 3332 1705 3333 1711 3333 1712 3333 1647 3334 1619 3334 1624 3334 1619 3335 1705 3335 403 3335 1619 3336 403 3336 405 3336 1713 3337 1714 3337 1708 3337 1713 3338 1708 3338 1707 3338 1714 3339 1715 3339 1709 3339 1714 3340 1709 3340 1708 3340 1710 3341 1709 3341 1715 3341 1710 3342 1715 3342 1716 3342 1717 3343 1656 3343 1660 3343 1717 3344 1660 3344 1665 3344 1717 3345 1665 3345 1718 3345 1719 3346 1713 3346 1707 3346 1719 3347 1707 3347 1706 3347 1720 3348 1718 3348 1665 3348 1720 3349 1665 3349 1667 3349 1720 3350 1667 3350 1669 3350 1720 3351 1669 3351 1671 3351 1720 3352 1671 3352 1670 3352 1720 3353 1670 3353 1721 3353 1720 3354 1721 3354 1722 3354 1723 3355 1724 3355 1725 3355 1725 3356 1724 3356 1716 3356 1725 3357 1716 3357 1662 3357 1662 3358 1716 3358 1715 3358 1662 3359 1715 3359 1661 3359 1661 3360 1715 3360 1714 3360 1661 3361 1714 3361 1663 3361 1663 3362 1714 3362 1726 3362 1663 3363 1726 3363 1727 3363 1714 3364 1713 3364 1728 3364 1714 3365 1728 3365 1729 3365 1714 3366 1729 3366 1730 3366 1714 3367 1730 3367 1726 3367 1731 3368 1732 3368 1719 3368 1719 3369 1732 3369 1733 3369 1719 3370 1733 3370 1713 3370 1713 3371 1733 3371 1734 3371 1713 3372 1734 3372 1728 3372 1735 3373 1736 3373 1646 3373 1646 3374 1736 3374 1737 3374 1646 3375 1737 3375 1719 3375 1719 3376 1737 3376 1731 3376 1738 3377 1739 3377 1600 3377 1600 3378 1739 3378 1635 3378 1600 3379 1635 3379 1601 3379 1601 3380 1635 3380 1634 3380 1601 3381 1634 3381 1644 3381 1644 3382 1634 3382 1638 3382 1644 3383 1638 3383 1646 3383 1646 3384 1638 3384 1735 3384 1727 3385 1740 3385 1663 3385 1663 3386 1740 3386 1741 3386 1663 3387 1741 3387 1664 3387 1664 3388 1741 3388 1742 3388 1664 3389 1742 3389 1717 3389 1718 3390 1720 3390 1668 3390 1718 3391 1668 3391 1664 3391 1718 3392 1664 3392 1717 3392 1722 3393 1738 3393 1600 3393 1722 3394 1600 3394 1668 3394 1722 3395 1668 3395 1720 3395 1636 3396 1631 3396 1639 3396 1639 3397 1631 3397 1607 3397 1639 3398 1607 3398 1640 3398 1640 3399 1607 3399 1606 3399 1640 3400 1606 3400 1642 3400 1642 3401 1606 3401 1601 3401 1642 3402 1601 3402 1644 3402 1706 3403 1647 3403 1646 3403 1706 3404 1646 3404 1719 3404 1628 3405 1738 3405 1672 3405 1628 3406 1672 3406 1674 3406 1628 3407 1674 3407 1743 3407 1628 3408 1743 3408 1744 3408 1628 3409 1744 3409 1629 3409 1738 3410 1722 3410 1721 3410 1738 3411 1721 3411 1745 3411 1738 3412 1745 3412 1746 3412 1738 3413 1746 3413 1673 3413 1738 3414 1673 3414 1672 3414 1738 3415 1628 3415 1630 3415 1738 3416 1630 3416 1739 3416 1632 3417 1635 3417 1739 3417 1632 3418 1739 3418 1630 3418 1638 3419 1637 3419 1641 3419 1638 3420 1641 3420 1735 3420 1643 3421 1736 3421 1735 3421 1643 3422 1735 3422 1641 3422 1645 3423 1737 3423 1736 3423 1645 3424 1736 3424 1643 3424 1609 3425 1745 3425 1721 3425 1609 3426 1721 3426 1670 3426 1609 3427 1670 3427 1598 3427 1610 3428 1746 3428 1745 3428 1610 3429 1745 3429 1609 3429 1746 3430 1610 3430 1611 3430 1746 3431 1611 3431 1673 3431 1614 3432 1743 3432 1674 3432 1614 3433 1674 3433 1613 3433 1615 3434 1676 3434 1744 3434 1615 3435 1744 3435 1743 3435 1615 3436 1743 3436 1614 3436 1629 3437 1744 3437 1676 3437 1629 3438 1676 3438 1675 3438 1629 3439 1675 3439 1747 3439 1629 3440 1747 3440 1748 3440 1749 3441 1731 3441 1737 3441 1749 3442 1737 3442 1645 3442 1617 3443 1680 3443 1747 3443 1617 3444 1747 3444 1675 3444 1617 3445 1675 3445 1616 3445 1748 3446 1747 3446 1680 3446 1748 3447 1680 3447 1679 3447 1748 3448 1679 3448 1750 3448 776 3449 785 3449 1627 3449 776 3450 1627 3450 1629 3450 776 3451 1629 3451 1748 3451 776 3452 1748 3452 1703 3452 1749 3453 1645 3453 1627 3453 1749 3454 1751 3454 1752 3454 1749 3455 1752 3455 1753 3455 1749 3456 1753 3456 1731 3456 1731 3457 1753 3457 1732 3457 1754 3458 1733 3458 1732 3458 1754 3459 1732 3459 1753 3459 1754 3460 1753 3460 1752 3460 1754 3461 1752 3461 1751 3461 1751 3462 1627 3462 1754 3462 1755 3463 1750 3463 1679 3463 1755 3464 1679 3464 1678 3464 1755 3465 1678 3465 1682 3465 1755 3466 1682 3466 1685 3466 754 3467 1704 3467 1755 3467 754 3468 1755 3468 1627 3468 754 3469 1627 3469 784 3469 1755 3470 1704 3470 1750 3470 1703 3471 1748 3471 1750 3471 1703 3472 1750 3472 1704 3472 1627 3473 1751 3473 1749 3473 1627 3474 1756 3474 1754 3474 1757 3475 1728 3475 1734 3475 1757 3476 1734 3476 1756 3476 1756 3477 1627 3477 1757 3477 1627 3478 1758 3478 1757 3478 1627 3479 1759 3479 1758 3479 1627 3480 1760 3480 1759 3480 1760 3481 1627 3481 1761 3481 1627 3482 1762 3482 1761 3482 1627 3483 1763 3483 1762 3483 1763 3484 1764 3484 1688 3484 1763 3485 1688 3485 1687 3485 1763 3486 1687 3486 1690 3486 1763 3487 1690 3487 1692 3487 1763 3488 1692 3488 1694 3488 1763 3489 1694 3489 1741 3489 1742 3490 1741 3490 1694 3490 1742 3491 1694 3491 1696 3491 1742 3492 1696 3492 1698 3492 1742 3493 1698 3493 1701 3493 1627 3494 1764 3494 1763 3494 1755 3495 1685 3495 1684 3495 1755 3496 1684 3496 1688 3496 1755 3497 1688 3497 1764 3497 1764 3498 1627 3498 1755 3498 1728 3499 1757 3499 1758 3499 1728 3500 1758 3500 1729 3500 1759 3501 1730 3501 1729 3501 1759 3502 1729 3502 1758 3502 1730 3503 1759 3503 1760 3503 1730 3504 1760 3504 1726 3504 1726 3505 1760 3505 1761 3505 1726 3506 1761 3506 1727 3506 1762 3507 1740 3507 1727 3507 1762 3508 1727 3508 1761 3508 1740 3509 1762 3509 1763 3509 1740 3510 1763 3510 1741 3510 1733 3511 1754 3511 1756 3511 1733 3512 1756 3512 1734 3512 1717 3513 1742 3513 1701 3513 1717 3514 1701 3514 1700 3514 1717 3515 1700 3515 1657 3515 1717 3516 1657 3516 1656 3516 1716 3517 1724 3517 1711 3517 1716 3518 1711 3518 1710 3518 1723 3519 1765 3519 1712 3519 1723 3520 1712 3520 1711 3520 1723 3521 1711 3521 1724 3521 1765 3522 1723 3522 1725 3522 1765 3523 1725 3523 1650 3523 1765 3524 1650 3524 1649 3524 1725 3525 1662 3525 1651 3525 1725 3526 1651 3526 1650 3526 755 3527 778 3527 435 3527 755 3528 435 3528 434 3528 1627 3529 785 3529 784 3529 559 3530 652 3530 526 3530 559 3531 526 3531 525 3531 562 3532 1648 3532 259 3532 562 3533 259 3533 258 3533 278 3534 1766 3534 1767 3534 278 3535 1767 3535 276 3535 280 3536 1768 3536 1766 3536 280 3537 1766 3537 278 3537 1768 3538 280 3538 179 3538 1768 3539 179 3539 1769 3539 179 3540 178 3540 596 3540 179 3541 596 3541 1769 3541 1770 3542 1771 3542 1772 3542 1770 3543 1772 3543 1773 3543 272 3544 274 3544 1770 3544 272 3545 1770 3545 1773 3545 1767 3546 1770 3546 274 3546 1767 3547 274 3547 276 3547 1774 3548 1766 3548 1768 3548 1774 3549 1768 3549 1775 3549 1769 3550 1776 3550 1777 3550 1769 3551 1777 3551 1775 3551 1769 3552 1775 3552 1768 3552 1776 3553 1769 3553 596 3553 1776 3554 596 3554 595 3554 1778 3555 1779 3555 591 3555 1778 3556 591 3556 576 3556 206 3557 1778 3557 576 3557 206 3558 576 3558 204 3558 1780 3559 1779 3559 1778 3559 1780 3560 1778 3560 1781 3560 1780 3561 1781 3561 1782 3561 1778 3562 206 3562 208 3562 1778 3563 208 3563 1781 3563 1782 3564 1781 3564 1783 3564 1782 3565 1783 3565 1784 3565 210 3566 1783 3566 1781 3566 210 3567 1781 3567 208 3567 212 3568 1785 3568 1783 3568 212 3569 1783 3569 210 3569 1785 3570 212 3570 214 3570 1785 3571 214 3571 1786 3571 1787 3572 1786 3572 1773 3572 1787 3573 1773 3573 1772 3573 1786 3574 214 3574 272 3574 1786 3575 272 3575 1773 3575 1788 3576 578 3576 577 3576 1788 3577 577 3577 1789 3577 1790 3578 1788 3578 1789 3578 1790 3579 1789 3579 1791 3579 1792 3580 1790 3580 1791 3580 1792 3581 1791 3581 1793 3581 1793 3582 1794 3582 1795 3582 1793 3583 1795 3583 1792 3583 163 3584 245 3584 1702 3584 163 3585 1702 3585 606 3585 1702 3586 634 3586 633 3586 1702 3587 633 3587 606 3587 537 3588 536 3588 757 3588 537 3589 757 3589 759 3589 537 3590 759 3590 1796 3590 537 3591 1796 3591 654 3591 659 3592 1705 3592 1765 3592 659 3593 1765 3593 1797 3593 659 3594 1797 3594 1798 3594 659 3595 1798 3595 1799 3595 659 3596 1799 3596 1800 3596 659 3597 1800 3597 671 3597 1765 3598 1649 3598 562 3598 1765 3599 562 3599 1795 3599 1765 3600 1795 3600 1801 3600 1765 3601 1801 3601 1802 3601 1765 3602 1802 3602 1803 3602 1765 3603 1803 3603 1797 3603 562 3604 578 3604 1788 3604 562 3605 1788 3605 1790 3605 562 3606 1790 3606 1792 3606 562 3607 1792 3607 1795 3607 562 3608 1649 3608 1648 3608 1765 3609 1705 3609 1712 3609 401 3610 403 3610 1705 3610 401 3611 1705 3611 659 3611 1771 3612 1770 3612 1767 3612 1771 3613 1767 3613 1804 3613 1766 3614 1774 3614 1805 3614 1766 3615 1805 3615 1804 3615 1766 3616 1804 3616 1767 3616 1806 3617 1807 3617 1805 3617 1806 3618 1805 3618 1774 3618 1806 3619 1774 3619 1775 3619 1806 3620 1775 3620 1777 3620 1806 3621 1777 3621 1776 3621 1806 3622 1776 3622 595 3622 1806 3623 595 3623 683 3623 759 3624 758 3624 673 3624 759 3625 673 3625 1807 3625 759 3626 1807 3626 1806 3626 759 3627 1806 3627 1796 3627 673 3628 1808 3628 1807 3628 1808 3629 673 3629 1809 3629 673 3630 1810 3630 1809 3630 1810 3631 673 3631 1811 3631 673 3632 1812 3632 1811 3632 673 3633 1813 3633 1812 3633 673 3634 1814 3634 1813 3634 1814 3635 673 3635 1815 3635 673 3636 1816 3636 1815 3636 1796 3637 1806 3637 683 3637 1796 3638 683 3638 654 3638 673 3639 672 3639 1816 3639 1817 3640 716 3640 591 3640 1817 3641 591 3641 1779 3641 1817 3642 1779 3642 1780 3642 1818 3643 1817 3643 1780 3643 1818 3644 1780 3644 1782 3644 1818 3645 1782 3645 1784 3645 1818 3646 1784 3646 1819 3646 1808 3647 1820 3647 1772 3647 1808 3648 1772 3648 1771 3648 1808 3649 1771 3649 1804 3649 1808 3650 1804 3650 1805 3650 1808 3651 1805 3651 1807 3651 1820 3652 1818 3652 1819 3652 1820 3653 1819 3653 1821 3653 1820 3654 1821 3654 1787 3654 1820 3655 1787 3655 1772 3655 1809 3656 1822 3656 1820 3656 1809 3657 1820 3657 1808 3657 1823 3658 1813 3658 1814 3658 1823 3659 1814 3659 1824 3659 708 3660 712 3660 707 3660 707 3661 712 3661 711 3661 707 3662 711 3662 709 3662 709 3663 711 3663 710 3663 709 3664 710 3664 573 3664 573 3665 710 3665 715 3665 573 3666 715 3666 570 3666 570 3667 715 3667 690 3667 570 3668 690 3668 692 3668 715 3669 714 3669 685 3669 715 3670 685 3670 686 3670 715 3671 686 3671 688 3671 715 3672 688 3672 690 3672 714 3673 717 3673 713 3673 714 3674 713 3674 702 3674 714 3675 702 3675 684 3675 714 3676 684 3676 685 3676 1823 3677 1824 3677 1825 3677 1825 3678 1824 3678 1826 3678 1825 3679 1826 3679 717 3679 717 3680 1826 3680 1827 3680 717 3681 1827 3681 713 3681 1820 3682 1822 3682 1789 3682 1789 3683 1822 3683 1828 3683 1789 3684 1828 3684 1791 3684 1791 3685 1828 3685 1829 3685 1791 3686 1829 3686 1830 3686 1830 3687 1829 3687 1831 3687 1830 3688 1831 3688 1825 3688 1825 3689 1831 3689 1823 3689 692 3690 693 3690 570 3690 570 3691 693 3691 694 3691 570 3692 694 3692 575 3692 575 3693 694 3693 695 3693 575 3694 695 3694 700 3694 577 3695 575 3695 700 3695 577 3696 700 3696 716 3696 577 3697 716 3697 1817 3697 577 3698 1817 3698 1818 3698 577 3699 1818 3699 1789 3699 1832 3700 1833 3700 1834 3700 1834 3701 1833 3701 1794 3701 1834 3702 1794 3702 1835 3702 1835 3703 1794 3703 1793 3703 1835 3704 1793 3704 1836 3704 1836 3705 1793 3705 1791 3705 1836 3706 1791 3706 1830 3706 1820 3707 1789 3707 1818 3707 1815 3708 1826 3708 1824 3708 1815 3709 1824 3709 1814 3709 1826 3710 1815 3710 1816 3710 1826 3711 1816 3711 1827 3711 1800 3712 1799 3712 1830 3712 1800 3713 1830 3713 1825 3713 1827 3714 1816 3714 672 3714 1827 3715 672 3715 713 3715 717 3716 671 3716 1800 3716 717 3717 1800 3717 1825 3717 1810 3718 1828 3718 1822 3718 1810 3719 1822 3719 1809 3719 1801 3720 1795 3720 1794 3720 1801 3721 1794 3721 1833 3721 1811 3722 1829 3722 1828 3722 1811 3723 1828 3723 1810 3723 1829 3724 1811 3724 1812 3724 1829 3725 1812 3725 1831 3725 1813 3726 1823 3726 1831 3726 1813 3727 1831 3727 1812 3727 1834 3728 1835 3728 1797 3728 1834 3729 1797 3729 1803 3729 1835 3730 1836 3730 1798 3730 1835 3731 1798 3731 1797 3731 1830 3732 1799 3732 1798 3732 1830 3733 1798 3733 1836 3733 1834 3734 1803 3734 1802 3734 1834 3735 1802 3735 1832 3735 1802 3736 1801 3736 1833 3736 1802 3737 1833 3737 1832 3737 1785 3738 1821 3738 1819 3738 1785 3739 1819 3739 1784 3739 1785 3740 1784 3740 1783 3740 1786 3741 1787 3741 1821 3741 1786 3742 1821 3742 1785 3742 719 3743 755 3743 434 3743 719 3744 434 3744 394 3744 673 3745 758 3745 756 3745 1837 3746 1838 3746 1839 3746 1837 3747 1839 3747 1840 3747 1840 3748 1839 3748 1841 3748 1840 3749 1841 3749 1842 3749 1842 3750 1841 3750 1843 3750 1842 3751 1843 3751 1844 3751 1844 3752 1843 3752 1838 3752 1844 3753 1838 3753 1837 3753 1840 3754 1842 3754 1844 3754 1840 3755 1844 3755 1837 3755 1841 3756 1839 3756 1838 3756 1841 3757 1838 3757 1843 3757 1845 3758 1846 3758 1847 3758 1845 3759 1847 3759 1848 3759 1848 3760 1847 3760 1849 3760 1848 3761 1849 3761 1850 3761 1850 3762 1849 3762 1851 3762 1850 3763 1851 3763 1852 3763 1852 3764 1851 3764 1853 3764 1852 3765 1853 3765 1854 3765 1854 3766 1853 3766 1855 3766 1854 3767 1855 3767 1856 3767 1856 3768 1855 3768 1857 3768 1856 3769 1857 3769 1858 3769 1858 3770 1857 3770 1859 3770 1858 3771 1859 3771 1860 3771 1860 3772 1859 3772 1861 3772 1860 3773 1861 3773 1862 3773 1862 3774 1861 3774 1863 3774 1862 3775 1863 3775 1864 3775 1864 3776 1863 3776 1865 3776 1864 3777 1865 3777 1866 3777 1866 3778 1865 3778 1867 3778 1866 3779 1867 3779 1868 3779 1868 3780 1867 3780 1869 3780 1868 3781 1869 3781 1870 3781 1870 3782 1869 3782 1871 3782 1870 3783 1871 3783 1872 3783 1872 3784 1871 3784 1873 3784 1872 3785 1873 3785 1874 3785 1874 3786 1873 3786 1875 3786 1874 3787 1875 3787 1876 3787 1876 3788 1875 3788 1877 3788 1876 3789 1877 3789 1878 3789 1878 3790 1877 3790 1879 3790 1878 3791 1879 3791 1880 3791 1880 3792 1879 3792 1881 3792 1880 3793 1881 3793 1882 3793 1882 3794 1881 3794 1883 3794 1882 3795 1883 3795 1884 3795 1884 3796 1883 3796 1885 3796 1884 3797 1885 3797 1886 3797 1886 3798 1885 3798 1887 3798 1886 3799 1887 3799 1888 3799 1888 3800 1887 3800 1889 3800 1888 3801 1889 3801 1890 3801 1890 3802 1889 3802 1891 3802 1890 3803 1891 3803 1892 3803 1892 3804 1891 3804 1893 3804 1892 3805 1893 3805 1894 3805 1894 3806 1893 3806 1895 3806 1894 3807 1895 3807 1896 3807 1896 3808 1895 3808 1897 3808 1896 3809 1897 3809 1898 3809 1898 3810 1897 3810 1899 3810 1898 3811 1899 3811 1900 3811 1900 3812 1899 3812 1901 3812 1900 3813 1901 3813 1902 3813 1902 3814 1901 3814 1903 3814 1902 3815 1903 3815 1904 3815 1904 3816 1903 3816 1905 3816 1904 3817 1905 3817 1906 3817 1849 3818 1847 3818 1846 3818 1846 3819 1907 3819 1905 3819 1905 3820 1903 3820 1901 3820 1901 3821 1899 3821 1897 3821 1897 3822 1895 3822 1893 3822 1893 3823 1891 3823 1889 3823 1889 3824 1887 3824 1885 3824 1885 3825 1883 3825 1881 3825 1881 3826 1879 3826 1877 3826 1877 3827 1875 3827 1873 3827 1873 3828 1871 3828 1869 3828 1869 3829 1867 3829 1865 3829 1865 3830 1863 3830 1861 3830 1861 3831 1859 3831 1857 3831 1857 3832 1855 3832 1853 3832 1853 3833 1851 3833 1849 3833 1849 3834 1846 3834 1905 3834 1905 3835 1901 3835 1897 3835 1897 3836 1893 3836 1889 3836 1889 3837 1885 3837 1881 3837 1881 3838 1877 3838 1873 3838 1873 3839 1869 3839 1865 3839 1865 3840 1861 3840 1857 3840 1857 3841 1853 3841 1849 3841 1849 3842 1905 3842 1897 3842 1897 3843 1889 3843 1881 3843 1881 3844 1873 3844 1865 3844 1865 3845 1857 3845 1849 3845 1849 3846 1897 3846 1881 3846 1881 3847 1865 3847 1849 3847 1906 3848 1905 3848 1907 3848 1906 3849 1907 3849 1908 3849 1908 3850 1907 3850 1846 3850 1908 3851 1846 3851 1845 3851 1908 3852 1845 3852 1848 3852 1848 3853 1850 3853 1852 3853 1852 3854 1854 3854 1856 3854 1856 3855 1858 3855 1860 3855 1860 3856 1862 3856 1864 3856 1864 3857 1866 3857 1868 3857 1868 3858 1870 3858 1872 3858 1872 3859 1874 3859 1876 3859 1876 3860 1878 3860 1880 3860 1880 3861 1882 3861 1884 3861 1884 3862 1886 3862 1888 3862 1888 3863 1890 3863 1892 3863 1892 3864 1894 3864 1896 3864 1896 3865 1898 3865 1900 3865 1900 3866 1902 3866 1904 3866 1904 3867 1906 3867 1908 3867 1908 3868 1848 3868 1852 3868 1852 3869 1856 3869 1860 3869 1860 3870 1864 3870 1868 3870 1868 3871 1872 3871 1876 3871 1876 3872 1880 3872 1884 3872 1884 3873 1888 3873 1892 3873 1892 3874 1896 3874 1900 3874 1900 3875 1904 3875 1908 3875 1908 3876 1852 3876 1860 3876 1860 3877 1868 3877 1876 3877 1876 3878 1884 3878 1892 3878 1892 3879 1900 3879 1908 3879 1908 3880 1860 3880 1876 3880 1876 3881 1892 3881 1908 3881 1909 3882 1910 3882 1911 3882 1909 3883 1911 3883 1912 3883 1912 3884 1911 3884 1913 3884 1912 3885 1913 3885 1914 3885 1914 3886 1913 3886 1915 3886 1914 3887 1915 3887 1916 3887 1916 3888 1915 3888 1910 3888 1916 3889 1910 3889 1909 3889 1912 3890 1914 3890 1916 3890 1912 3891 1916 3891 1909 3891 1913 3892 1911 3892 1910 3892 1913 3893 1910 3893 1915 3893</p>
                </triangles>
            </mesh>
        </geometry>
    </library_geometries>
    <library_visual_scenes>
        <visual_scene id="VisualSceneNode" name="VisualScene">
            <node id="node" name="node">
                <instance_geometry url="#shape0-lib"/>
            </node>
        </visual_scene>
    </library_visual_scenes>
    <scene>
        <instance_visual_scene url="#VisualSceneNode"/>
    </scene>
</COLLADA>
