<?xml version="1.0" encoding="UTF-8"?>
<COLLADA xmlns="http://www.collada.org/2005/11/COLLADASchema" version="1.4.1">
    <asset>
        <contributor>
            <author>VCGLab</author>
            <authoring_tool>VCGLib | MeshLab</authoring_tool>
        </contributor>
        <created>K aug 19 06:16:39 2026 GMT</created>
        <modified>K aug 19 06:16:39 2026 GMT</modified>
        <up_axis>Y_UP</up_axis>
    </asset>
    <library_geometries>
        <geometry id="shape0-lib" name="shape0">
            <mesh>
                <source id="shape0-lib-positions" name="position">
                    <float_array id="shape0-lib-positions-array" count="8385">0.0397 -1.31625e-09 0.0078 0.0397 -0.00201879 0.00753422 0.0397 0.00201879 0.00753422 0.0397 -0.0039 0.006755 0.0397 0.0039 0.006755 0.0397 -0.00551543 0.00551543 0.0397 0.00551543 0.00551543 0.0397 -1.31625e-09 0.005 0.0397 0.00129409 0.00482963 0.0397 -0.00433013 0.0025 0.0397 -0.00353554 0.00353553 0.0397 -0.006755 0.0039 0.0397 -0.0025 0.00433013 0.0397 -0.0012941 0.00482963 0.0397 -0.00753422 0.00201879 0.0397 -0.0078 -9.55225e-19 0.0397 -0.005 -6.12323e-19 0.0397 -0.00482963 0.0012941 0.0397 -0.00353554 -0.00353553 0.0397 -0.00433013 -0.0025 0.0397 -0.00753422 -0.00201879 0.0397 -0.00482963 -0.0012941 0.0397 -0.006755 -0.0039 0.0397 -0.00551543 -0.00551543 0.0397 -0.0012941 -0.00482963 0.0397 -0.0025 -0.00433013 0.0397 -1.31625e-09 -0.0078 0.0397 0.00201879 -0.00753422 0.0397 -0.00201879 -0.00753422 0.0397 0.0039 -0.006755 0.0397 -0.0039 -0.006755 0.0397 0.00551543 -0.00551543 0.0397 -1.31625e-09 -0.005 0.0397 0.0025 0.00433013 0.0397 0.00353553 0.00353553 0.0397 0.006755 0.0039 0.0397 0.005 1.22465e-18 0.0397 0.0078 1.91045e-18 0.0397 0.00482963 0.0012941 0.0397 0.00753422 0.00201879 0.0397 0.00433013 0.0025 0.0397 0.00482963 -0.0012941 0.0397 0.00433013 -0.0025 0.0397 0.00753422 -0.00201879 0.0397 0.00353553 -0.00353553 0.0397 0.0025 -0.00433013 0.0397 0.006755 -0.0039 0.0397 0.00129409 -0.00482963 0.00960052 0.00417345 -0.0155756 0.00960052 -2.63194e-09 -0.016125 0.009326 -2.64394e-09 -0.0163995 0.009326 0.00424451 -0.0158407 0.008951 -2.66033e-09 -0.015 0.009326 -2.64394e-09 -0.0151005 0.009326 0.00390829 -0.0145859 0.008951 0.00388228 -0.0144889 0.0097 0.00408642 -0.0152507 0.0097 -2.62759e-09 -0.0157887 0.0097 -2.62759e-09 -0.0157113 0.0097 0.00406638 -0.0151759 0.00960052 0.00397934 -0.0148511 0.00960052 -2.63194e-09 -0.015375 0.0087 -2.67131e-09 -0.0150673 0.0087 0.00389969 -0.0145539 0.008951 -2.66033e-09 -0.0165 0.0087 -2.67131e-09 -0.0164327 0.0087 0.0042531 -0.0158728 0.008951 0.00427051 -0.0159378 0.0087 -0.00452934 0.0169037 0.0087 -0.00875 0.0151554 0.0087 -0.00425311 0.0158728 0.0087 -2.67131e-09 0.0164327 0.0087 0.00452933 0.0169037 0.0087 -2.67131e-09 0.0175 0.0087 -0.0158728 -0.00425311 0.0087 -0.0164327 -3.10862e-18 0.0087 -0.0175 -1.77636e-18 0.0087 -0.0158728 0.00425311 0.0087 -0.0169037 0.00452933 0.0087 -0.0142312 0.00821637 0.0087 -0.0151554 0.00875 0.0087 -0.0116197 0.0116197 0.0087 -0.0123744 0.0123744 0.0087 -0.00821638 0.0142312 0.0087 0.0158728 0.00425311 0.0087 0.0164327 3.9968e-18 0.0087 0.0175 4.44089e-18 0.0087 0.0158728 -0.00425311 0.0087 0.0169037 -0.00452933 0.0087 0.0142312 -0.00821637 0.0087 0.0151554 -0.00875 0.0087 0.0116197 -0.0116197 0.0087 0.0123744 -0.0123744 0.0087 0.00821637 -0.0142312 0.0087 0.00875 -0.0151554 0.0087 0.00452933 -0.0169037 0.0087 -0.00452934 -0.0169037 0.0087 -0.00425311 -0.0158728 0.0087 -0.00875 -0.0151554 0.0087 -0.00821638 -0.0142312 0.0087 -0.0123744 -0.0123744 0.0087 -0.0116197 -0.0116197 0.0087 -0.0151554 -0.00875 0.0087 -0.0142312 -0.00821637 0.0087 -0.0169037 -0.00452933 0.0087 0.0169037 0.00452933 0.0087 0.0142312 0.00821637 0.0087 0.0151554 0.00875 0.0087 0.0116197 0.0116197 0.0087 0.0123744 0.0123744 0.0087 0.00821637 0.0142312 0.0087 0.00875 0.0151554 0.0087 0.0042531 0.0158728 0.0087 -2.67131e-09 -0.0175 0.0087 0.00389969 0.0145539 0.0087 -2.67131e-09 0.0150673 0.0087 -2.67131e-09 0.0149 0.0087 -0.0038997 0.0145539 0.0087 -0.00385641 0.0143923 0.0087 -0.00753363 0.0130486 0.0087 -0.00745 0.0129038 0.0087 -0.0106542 0.0106542 0.0087 -0.0105359 0.0105359 0.0087 -0.0130486 0.00753363 0.0087 -0.0129038 0.00745 0.0087 -0.0145539 0.00389969 0.0087 -0.0143923 0.0038564 0.0087 -0.0150673 -1.55431e-18 0.0087 -0.0149 -1.9984e-18 0.0087 -0.0143923 -0.0038564 0.0087 -2.67131e-09 -0.0149 0.0087 -0.0038997 -0.0145539 0.0087 -0.00385641 -0.0143923 0.0087 -0.00753363 -0.0130486 0.0087 -0.00745 -0.0129038 0.0087 -0.0106542 -0.0106542 0.0087 -0.0105359 -0.0105359 0.0087 -0.0130486 -0.00753363 0.0087 -0.0129038 -0.00745 0.0087 -0.0145539 -0.00389969 0.0087 0.0143923 0.0038564 0.0087 0.0145538 0.00389969 0.0087 0.0129038 0.00745 0.0087 0.0130486 0.00753363 0.0087 0.0105359 0.0105359 0.0087 0.0106542 0.0106542 0.0087 0.00745 0.0129038 0.0087 0.00753363 0.0130486 0.0087 0.0038564 0.0143923 0.0087 0.0038564 -0.0143923 0.0087 0.00753363 -0.0130486 0.0087 0.00745 -0.0129038 0.0087 0.0106542 -0.0106542 0.0087 0.0105359 -0.0105359 0.0087 0.0130486 -0.00753363 0.0087 0.0129038 -0.00745 0.0087 0.0145538 -0.00389969 0.0087 0.0143923 -0.0038564 0.0087 0.0150673 3.33067e-18 0.0087 0.0149 3.77476e-18 0.0097 0.00406638 0.0151759 0.0097 0.00785564 0.0136064 0.0097 0.0038564 0.0143923 0.0097 -2.62759e-09 0.0149 0.0097 -0.00406638 0.0151759 0.0097 -2.62759e-09 0.0157113 0.0097 0.0143923 -0.0038564 0.0097 0.0149 3.77476e-18 0.0097 0.0157113 3.9968e-18 0.0097 0.0143923 0.0038564 0.0097 0.0151759 0.00406638 0.0097 0.0129038 0.00745 0.0097 0.0136064 0.00785564 0.0097 0.0105359 0.0105359 0.0097 0.0111096 0.0111096 0.0097 0.00745 0.0129038 0.0097 -0.0129038 0.00745 0.0097 -0.0143923 0.0038564 0.0097 -0.0151759 0.00406638 0.0097 -0.0149 -1.9984e-18 0.0097 -0.0157113 -1.9984e-18 0.0097 -0.0143923 -0.0038564 0.0097 -0.0151759 -0.00406638 0.0097 -0.0129038 -0.00745 0.0097 -0.0136064 -0.00785564 0.0097 -0.0105359 -0.0105359 0.0097 -0.0111096 -0.0111096 0.0097 -0.00745 -0.0129038 0.0097 -0.00785564 -0.0136064 0.0097 -0.00385641 -0.0143923 0.0097 -0.00406638 -0.0151759 0.0097 -2.62759e-09 -0.0149 0.0097 0.0038564 -0.0143923 0.0097 0.00785564 -0.0136064 0.0097 0.00745 -0.0129038 0.0097 0.0111096 -0.0111096 0.0097 0.0105359 -0.0105359 0.0097 0.0136064 -0.00785564 0.0097 0.0129038 -0.00745 0.0097 0.0151759 -0.00406638 0.0097 -0.0136064 0.00785564 0.0097 -0.0105359 0.0105359 0.0097 -0.0111096 0.0111096 0.0097 -0.00745 0.0129038 0.0097 -0.00785564 0.0136064 0.0097 -0.00385641 0.0143923 0.0097 0.00452933 0.0169037 0.0097 0.00875 0.0151554 0.0097 0.00408642 0.0152507 0.0097 -2.62759e-09 0.0157887 0.0097 -0.00452934 0.0169037 0.0097 -2.62759e-09 0.0175 0.0097 0.0152507 -0.00408642 0.0097 0.0157887 3.94129e-18 0.0097 0.0175 4.28626e-18 0.0097 0.0152507 0.00408642 0.0097 0.0169037 0.00452933 0.0097 0.0136734 0.00789436 0.0097 0.0151554 0.00875 0.0097 0.0111643 0.0111643 0.0097 0.0123744 0.0123744 0.0097 0.00789436 0.0136734 0.0097 0.00875 -0.0151554 0.0097 0.00789436 -0.0136734 0.0097 0.0123744 -0.0123744 0.0097 0.0111643 -0.0111643 0.0097 0.0151554 -0.00875 0.0097 0.0136734 -0.00789436 0.0097 0.0169037 -0.00452933 0.0097 0.00452933 -0.0169037 0.0097 -2.62759e-09 -0.0175 0.0097 -0.00452934 -0.0169037 0.0097 -0.00875 -0.0151554 0.0097 -0.0152507 0.00408642 0.0097 -0.0169037 0.00452933 0.0097 -0.0136734 0.00789436 0.0097 -0.0151554 0.00875 0.0097 -0.0111643 0.0111643 0.0097 -0.0123744 0.0123744 0.0097 -0.00789436 0.0136734 0.0097 -0.00875 0.0151554 0.0097 -0.00408642 0.0152507 0.0097 -0.00408642 -0.0152507 0.0097 -0.00789436 -0.0136734 0.0097 -0.0123744 -0.0123744 0.0097 -0.0111643 -0.0111643 0.0097 -0.0151554 -0.00875 0.0097 -0.0136734 -0.00789436 0.0097 -0.0169037 -0.00452933 0.0097 -0.0152507 -0.00408642 0.0097 -0.0175 -2.14313e-18 0.0097 -0.0157887 -1.83187e-18 0.0087 -2.67131e-09 -0.013 0.0099 -2.61885e-09 -0.013 0.0099 0.00336465 -0.012557 0.0087 0.00336465 -0.012557 0.0099 -0.00336465 -0.012557 0.0099 -0.0065 -0.0112583 0.0099 -0.00919239 -0.00919239 0.0099 -0.0112583 -0.0065 0.0099 -0.012557 -0.00336465 0.0099 -0.013 -1.33227e-18 0.0099 -0.012557 0.00336465 0.0099 -0.0112583 0.0065 0.0099 -0.00919239 0.00919239 0.0099 -0.0065 0.0112583 0.0099 -0.00336465 0.012557 0.0099 -2.61885e-09 0.013 0.0099 0.00336465 0.012557 0.0099 0.0065 0.0112583 0.0099 0.00919239 0.00919239 0.0099 0.0112583 0.0065 0.0099 0.012557 0.00336465 0.0099 0.013 3.33067e-18 0.0099 0.012557 -0.00336465 0.0099 0.0112583 -0.0065 0.0099 0.00919239 -0.00919239 0.0099 0.0065 -0.0112583 0.0087 -0.00336465 -0.012557 0.0087 0.0065 -0.0112583 0.0087 0.00919239 -0.00919239 0.0087 0.0112583 -0.0065 0.0087 0.012557 -0.00336465 0.0087 0.013 3.33067e-18 0.0087 0.012557 0.00336465 0.0087 0.0112583 0.0065 0.0087 0.00919239 0.00919239 0.0087 0.0065 0.0112583 0.0087 0.00336465 0.012557 0.0087 -2.67131e-09 0.013 0.0087 -0.00336465 0.012557 0.0087 -0.0065 0.0112583 0.0087 -0.00919239 0.00919239 0.0087 -0.0112583 0.0065 0.0087 -0.012557 0.00336465 0.0087 -0.013 -1.33227e-18 0.0087 -0.012557 -0.00336465 0.0087 -0.0112583 -0.0065 0.0087 -0.00919239 -0.00919239 0.0087 -0.0065 -0.0112583 0.0334177 0.00162651 -0.00908587 0.0341 0.00156737 -0.00909365 0.0382 -1.38182e-09 -0.0093 0.0347823 0.00162651 -0.00908587 0.0382 0.00240702 -0.00898311 0.0352659 0.0017373 -0.00907128 0.0358599 0.00240702 -0.00898311 0.0272 0.00240702 -0.00898311 0.0323401 0.00240702 -0.00898311 0.0329341 0.0017373 -0.00907128 0.0272 -1.86265e-09 -0.0093 0.0385 -1.36871e-09 -0.005 0.0385 0.00129409 -0.00482963 0.0385 -0.0012941 -0.00482963 0.0385 0.0025 -0.00433013 0.0385 0.00353553 -0.00353553 0.0385 0.00433013 -0.0025 0.0385 0.00482963 -0.0012941 0.0385 0.005 1.22125e-18 0.0385 0.00482963 0.0012941 0.0385 0.00433013 0.0025 0.0385 0.00353553 0.00353553 0.0385 0.0025 0.00433013 0.0385 0.00129409 0.00482963 0.0385 -1.36871e-09 0.005 0.0385 -0.0012941 0.00482963 0.0385 -0.0025 0.00433013 0.0385 -0.00353554 0.00353553 0.0385 -0.00433013 0.0025 0.0385 -0.00482963 0.0012941 0.0385 -0.005 -6.66134e-19 0.0385 -0.00482963 -0.0012941 0.0385 -0.00433013 -0.0025 0.0385 -0.00353554 -0.00353553 0.0385 -0.0025 -0.00433013 0.0267 0.00647047 -0.0241481 0.0267 -1.8845e-09 -0.025 0.0202605 0.0022 -0.0247104 0.01865 0.00381051 -0.0244983 0.01645 0.0044 -0.0244207 0.01645 0.00640935 -0.0241562 0.0166694 0.00647047 -0.0241481 0.0122 0.00647047 -0.0241481 0.0162306 0.00647047 -0.0241481 0.01425 0.00381051 -0.0244983 0.0126395 0.0022 -0.0247104 0.0122 0.000559805 -0.0249263 0.02085 -2.14021e-09 -0.025 0.0218 -2.09869e-09 -0.0189 0.0218 0.000699998 -0.0187124 0.0218 0.00121243 -0.0182 0.0218 0.0014 -0.0175 0.0218 0.00121243 -0.0168 0.0218 0.000699998 -0.0162876 0.0218 -2.09869e-09 -0.0161 0.0218 -0.000700002 -0.0162876 0.0218 -0.00121244 -0.0168 0.0218 -0.0014 -0.0175 0.0218 -0.00121244 -0.0182 0.0218 -0.000700002 -0.0187124 0.0154165 0.00179007 -0.024 0.01645 0.002067 -0.024 0.01645 0.002067 -0.01475 0.0154165 0.00179007 -0.01475 0.01425 0.00381051 -0.024 0.01645 0.0044 -0.024 0.01645 -2.33254e-09 -0.0135566 0.0146599 0.0010335 -0.024 0.0146599 0.0010335 -0.01475 0.01205 -2.52487e-09 -0.02485 0.0117 -2.54017e-09 -0.0245 0.0117 0.00634106 -0.0236652 0.0126395 0.0022 -0.024 0.014383 -2.42289e-09 -0.024 0.014383 -2.42289e-09 -0.01475 0.01205 -2.52487e-09 -0.024 0.01425 0.00668934 -0.0233618 0.01645 0.00615508 -0.0236109 0.01425 0.00696124 -0.0239449 0.0182401 0.0010335 -0.024 0.018517 -2.24219e-09 -0.024 0.018517 -2.24219e-09 -0.01475 0.0182401 0.0010335 -0.01475 0.02085 -2.14021e-09 -0.024 0.0202605 0.0022 -0.024 0.0174835 0.00179007 -0.024 0.0174835 0.00179007 -0.01475 0.01865 0.00381051 -0.024 0.01865 0.00668934 -0.0233618 0.01865 0.00696124 -0.0239449 0.0288 0.0014 -0.0175 0.0288 0.00121243 -0.0168 0.0272 0.00634107 -0.0236652 0.0272 -1.86265e-09 -0.0245 0.0288 0.00121243 -0.0182 0.0288 0.000699998 -0.0187124 0.0288 0.000699998 -0.0162876 0.0288 -1.79271e-09 -0.0189 0.0288 -1.79271e-09 -0.0161 0.034975 0.00188277 -0.00932323 0.0356155 0.00354695 -0.00964351 0.0366709 0.00301926 -0.00872951 0.0341 0.002 -0.00952628 0.0341 0.00375 -0.00999519 0.033225 0.00188277 -0.00932323 0.0325845 0.00354695 -0.00964351 0.0288 0.000799998 -0.0161144 0.0288 -1.79271e-09 -0.0159 0.0288 -0.000800002 -0.0161144 0.0288 -0.000700002 -0.0162876 0.0288 -0.00138564 -0.0167 0.0288 -0.00121244 -0.0168 0.0288 -0.0016 -0.0175 0.0288 -0.0014 -0.0175 0.0288 -0.00121244 -0.0182 0.0288 -1.79271e-09 -0.0191 0.0288 -0.000800002 -0.0188856 0.0288 -0.000700002 -0.0187124 0.0288 -0.00138564 -0.0183 0.0288 0.00138564 -0.0167 0.0288 0.000799998 -0.0188856 0.0288 0.00138564 -0.0183 0.0288 0.0016 -0.0175 0.0274 0.0015 -0.0200981 0.0274 -1.8539e-09 -0.0205 0.0274 0.00259807 -0.019 0.0315291 0.00301926 -0.00872951 0.0272 0.0015 -0.0200981 0.0272 -1.86265e-09 -0.0205 0.0272 0.00259807 -0.019 0.0272 0.003 -0.0175 0.0274 0.003 -0.0175 0.0272 0.00259807 -0.016 0.0274 0.00259807 -0.016 0.0272 0.0015 -0.0149019 0.0274 0.0015 -0.0149019 0.0272 -1.86265e-09 -0.0145 0.0274 -1.8539e-09 -0.0145 0.0092 0.00582343 -0.0217333 0.0113 0.00582343 -0.0217333 0.0113 -2.55766e-09 -0.0225 0.0092 -2.64945e-09 -0.0225 0.0115 -2.54891e-09 -0.0225536 0.0115 0.0058373 -0.0217851 0.0116464 -2.54251e-09 -0.0227 0.0116464 0.00587519 -0.0219265 0.0117 -2.54017e-09 -0.0229 0.0117 0.00592695 -0.0221197 0.0087 0.0057846 0.0215884 0.0087 -2.67131e-09 0.02235 0.0087 -2.67131e-09 0.022 0.0087 -0.00578461 0.0215884 0.0087 -0.00569402 0.0212504 0.0087 -0.011175 0.0193557 0.0087 -0.011 0.0190526 0.0087 -0.0158038 0.0158038 0.0087 -0.0155564 0.0155563 0.0087 -0.0193557 0.011175 0.0087 -0.0190526 0.011 0.0087 -0.0215884 0.00578461 0.0087 -0.0212504 0.00569402 0.0087 -0.022 -2.66454e-18 0.0087 -2.67131e-09 -0.02235 0.0087 -2.67131e-09 -0.022 0.0087 -0.00578461 -0.0215884 0.0087 -0.00569402 -0.0212504 0.0087 -0.011175 -0.0193557 0.0087 -0.011 -0.0190526 0.0087 -0.0158038 -0.0158038 0.0087 -0.0155564 -0.0155563 0.0087 -0.0193557 -0.011175 0.0087 -0.0190526 -0.011 0.0087 -0.0215884 -0.00578461 0.0087 -0.0212504 -0.00569402 0.0087 -0.02235 -2.73709e-18 0.0087 0.0212504 0.00569402 0.0087 0.0215884 0.00578461 0.0087 0.0190526 0.011 0.0087 0.0193557 0.011175 0.0087 0.0155563 0.0155563 0.0087 0.0158038 0.0158038 0.0087 0.011 0.0190526 0.0087 0.011175 0.0193557 0.0087 0.00569402 0.0212504 0.0087 0.0057846 -0.0215884 0.0087 0.00569402 -0.0212504 0.0087 0.011175 -0.0193557 0.0087 0.011 -0.0190526 0.0087 0.0158038 -0.0158038 0.0087 0.0155563 -0.0155563 0.0087 0.0193557 -0.011175 0.0087 0.0190526 -0.011 0.0087 0.0215884 -0.00578461 0.0087 0.0212504 -0.00569402 0.0087 0.02235 5.47417e-18 0.0087 0.022 5.77316e-18 0.0055 0.0057846 -0.0215884 0.0055 -2.81118e-09 -0.02235 0.00960052 0.0080625 -0.0139647 0.009326 0.00819976 -0.0142024 0.009326 0.00755024 -0.0130774 0.008951 0.0075 -0.0129904 0.00960052 0.0076875 -0.0133151 0.008951 0.00825 -0.0142894 0.0370811 0.00465 -0.00805404 0.0382 0.00465 -0.00805404 0.0272 0.00465 -0.00805404 0.0311189 0.00465 -0.00805404 0.0202605 0.00845057 -0.023328 0.02085 0.010485 -0.0224853 0.0202662 0.0125 -0.0216506 0.0267 0.0125 -0.0216506 0.0122 0.00996736 -0.0226997 0.0126395 0.00845057 -0.023328 0.0122 0.0125 -0.0216506 0.0126338 0.0125 -0.0216506 0.0122 0.0110027 -0.0222708 0.0218 0.00618336 -0.0151604 0.0218 0.0059958 -0.0158604 0.0218 0.00618336 -0.0165604 0.0218 0.0066958 -0.0170728 0.0218 0.0073958 -0.0172604 0.0218 0.0080958 -0.0170728 0.0218 0.00860823 -0.0165604 0.0218 0.0087958 -0.0158604 0.0218 0.00860823 -0.0151604 0.0218 0.0080958 -0.014648 0.0218 0.0073958 -0.0144604 0.0218 0.0066958 -0.014648 0.0182401 0.0110795 -0.0213146 0.018517 0.0101428 -0.0217514 0.018517 0.00623362 -0.013368 0.0182401 0.00717029 -0.0129313 0.01645 0.0141306 -0.0198919 0.01865 0.0135963 -0.020141 0.01425 0.0135963 -0.020141 0.0202605 0.0121367 -0.0208216 0.0126395 0.0121367 -0.0208216 0.01645 0.0120162 -0.0208778 0.0154165 0.0117652 -0.0209949 0.0182401 0.00920617 -0.0221882 0.02085 0.0101428 -0.0217514 0.0174835 0.0117652 -0.0209949 0.014383 0.0101428 -0.0217514 0.0146599 0.00920617 -0.0221882 0.01205 0.0101428 -0.0217514 0.0154165 0.00852048 -0.0225079 0.0126395 0.00814896 -0.0226811 0.01645 0.0082695 -0.0226249 0.0202605 0.00814896 -0.0226811 0.0174835 0.00852048 -0.0225079 0.0146599 0.0110795 -0.0213146 0.0202605 0.0125172 -0.0216375 0.01645 0.00572928 -0.0122865 0.0174835 0.00785598 -0.0126115 0.01645 0.00810696 -0.0124945 0.0154165 0.00785598 -0.0126115 0.0146599 0.00717029 -0.0129313 0.014383 0.00623362 -0.013368 0.01205 0.0104221 -0.0223503 0.0126395 0.0125172 -0.0216375 0.0117 0.01225 -0.0212176 0.0146599 0.00529695 -0.0138048 0.0154165 0.00461126 -0.0141246 0.01645 0.00436028 -0.0142416 0.0174835 0.00461126 -0.0141246 0.0182401 0.00529695 -0.0138048 0.0288 0.0073958 -0.0144604 0.0288 0.0066958 -0.014648 0.0288 0.00618336 -0.0151604 0.0272 0.01225 -0.0212176 0.03585 0.00526554 -0.00912019 0.0341 0.0055 -0.00952628 0.03235 0.00526554 -0.00912019 0.0288 0.0081958 -0.0144748 0.0288 0.0073958 -0.0142604 0.0288 0.0065958 -0.0144748 0.0288 0.00601016 -0.0150604 0.0288 0.0057958 -0.0158604 0.0288 0.0059958 -0.0158604 0.0288 0.00618336 -0.0165604 0.0288 0.0073958 -0.0174604 0.0288 0.0073958 -0.0172604 0.0288 0.0065958 -0.017246 0.0288 0.0066958 -0.0170728 0.0288 0.00601016 -0.0166604 0.0288 0.0080958 -0.014648 0.0288 0.00860823 -0.0151604 0.0288 0.00878144 -0.0150604 0.0288 0.0081958 -0.017246 0.0288 0.0080958 -0.0170728 0.0288 0.00878144 -0.0166604 0.0288 0.00860823 -0.0165604 0.0288 0.0089958 -0.0158604 0.0288 0.0087958 -0.0158604 0.0272 0.0088958 -0.0184585 0.0274 0.0088958 -0.0184585 0.0274 0.0073958 -0.0188604 0.0272 0.0073958 -0.0188604 0.0272 0.00999388 -0.0173604 0.0274 0.00999388 -0.0173604 0.0272 0.0103958 -0.0158604 0.0274 0.0103958 -0.0158604 0.0274 0.00999388 -0.0143604 0.0274 0.0088958 -0.0132623 0.0272 0.0058958 -0.0184585 0.0274 0.0058958 -0.0184585 0.0274 0.0043958 -0.0158604 0.0274 0.00479772 -0.0173604 0.0274 0.0073958 -0.0128604 0.0272 0.0088958 -0.0132623 0.0272 0.0073958 -0.0128604 0.0272 0.0058958 -0.0132623 0.0274 0.0058958 -0.0132623 0.0272 0.00479772 -0.0143604 0.0274 0.00479772 -0.0143604 0.0272 0.0043958 -0.0158604 0.0272 0.00479772 -0.0173604 0.0092 0.01125 -0.0194856 0.0113 0.01125 -0.0194856 0.0115 0.0112768 -0.019532 0.0116464 0.01135 -0.0196588 0.0117 0.01145 -0.019832 0.0055 0.011175 -0.0193557 0.00960052 0.0114021 -0.0114021 0.009326 0.0115962 -0.0115962 0.009326 0.0106776 -0.0106777 0.008951 0.0106066 -0.0106066 0.00960052 0.0108718 -0.0108718 0.008951 0.0116673 -0.0116673 -0.000793502 0.0141421 -0.0156421 0.0055 0.0141421 -0.0156421 0.0055 0.0133921 -0.0154411 -0.000793502 0.0133921 -0.0154411 0.0055 0.0128431 -0.0148921 -0.000793502 0.0128431 -0.0148921 0.0055 0.0126421 -0.0141421 -0.000793501 0.0126421 -0.0141421 0.0055 0.0128431 -0.0133921 -0.000793502 0.0128431 -0.0133921 0.0055 0.0133921 -0.0128431 -0.000793502 0.0133921 -0.0128431 -0.000793502 0.0154411 -0.0148921 0.0055 0.0154411 -0.0148921 0.0055 0.0148921 -0.0154411 -0.000793502 0.0148921 -0.0154411 -0.0011 0.0151757 -0.0147389 -0.0011 0.0147388 -0.0151757 -0.0011 0.0141421 -0.0153356 -0.0011 0.0135453 -0.0151757 -0.0011 0.0131085 -0.0147389 -0.0011 0.0129486 -0.0141421 -0.0011 0.0131085 -0.0135454 -0.0011 0.0135453 -0.0131085 -0.0011 0.0141421 -0.0129486 -0.0011 0.0147388 -0.0131085 -0.0011 0.0151757 -0.0135454 -0.0011 0.0153356 -0.0141421 0.0366709 0.00605035 -0.00697951 0.0358599 0.00657609 -0.00657609 0.0382 0.00657609 -0.00657609 0.0272 0.00657609 -0.00657609 0.0323401 0.00657609 -0.00657609 0.0315291 0.00605035 -0.00697951 0.0122 0.0176777 -0.0176777 0.0267 0.0176777 -0.0176777 0.01645 0.0143049 -0.0202657 0.01425 0.0138259 -0.0206333 0.01865 0.0138259 -0.0206333 0.0087 0.0141421 -0.0158921 0.023899 0.0141421 -0.0158921 0.023899 0.0150171 -0.0156576 0.0087 0.0150171 -0.0156576 0.0117 0.0173241 -0.0173241 0.023899 0.0141421 -0.0156421 0.0087 0.0141421 -0.0156421 0.0087 0.0148921 -0.0154411 0.023899 0.0148921 -0.0154411 0.0239 0.0141421 -0.0171421 0.0272 0.0141421 -0.0171421 0.0272 0.0156421 -0.0167402 0.0239 0.0156421 -0.0167402 0.0272 0.0173241 -0.0173241 0.0239 0.0155171 -0.0165237 0.0269 0.0155171 -0.0165237 0.0269 0.0141421 -0.0168921 0.0239 0.0141421 -0.0168921 0.0269 0.0141421 -0.0155855 0.0269 0.0153921 -0.0148638 0.0256 0.0153921 -0.0148638 0.0256 0.0141421 -0.0155855 0.023899 0.0156576 -0.0150171 0.0087 0.0156576 -0.0150171 0.0087 0.0154411 -0.0148921 0.023899 0.0154411 -0.0148921 0.0272 0.0167402 -0.0156421 0.0239 0.0167402 -0.0156421 0.0269 0.0165237 -0.0155171 0.0239 0.0165237 -0.0155171 0.0239 0.0156421 -0.011544 0.0239 0.0141421 -0.0111421 0.0239 0.0141421 -0.0113921 0.0239 0.0126421 -0.011544 0.0239 0.0127671 -0.0117605 0.0239 0.011544 -0.0126421 0.0239 0.0117605 -0.0127671 0.0239 0.0111421 -0.0141421 0.0239 0.0113921 -0.0141421 0.0239 0.0117605 -0.0155171 0.0239 0.0126421 -0.0167402 0.0239 0.0127671 -0.0165237 0.0239 0.011544 -0.0156421 0.0239 0.0155171 -0.0117605 0.0239 0.0165237 -0.0127671 0.0239 0.0167402 -0.0126421 0.0239 0.0171421 -0.0141421 0.0239 0.0168921 -0.0141421 0.0087 0.0132671 -0.0126266 0.023899 0.0132671 -0.0126266 0.023899 0.0126266 -0.0132671 0.0087 0.0126266 -0.0132671 0.023899 0.0150171 -0.0126266 0.023899 0.0156576 -0.0132671 0.023899 0.0148921 -0.0128431 0.023899 0.0141421 -0.0126421 0.023899 0.0141421 -0.0123921 0.023899 0.0156421 -0.0141421 0.023899 0.0158921 -0.0141421 0.023899 0.0154411 -0.0133921 0.023899 0.0133921 -0.0128431 0.023899 0.0128431 -0.0133921 0.023899 0.0126421 -0.0141421 0.023899 0.0123921 -0.0141421 0.023899 0.0128431 -0.0148921 0.023899 0.0126266 -0.0150171 0.023899 0.0133921 -0.0154411 0.023899 0.0132671 -0.0156576 0.0087 0.0128431 -0.0133921 0.0087 0.0133921 -0.0128431 0.0272 0.0126421 -0.011544 0.0272 0.011544 -0.0126421 0.0269 0.0127671 -0.0165237 0.0269 0.0117605 -0.0155171 0.0269 0.0128921 -0.0148638 0.0269 0.0113921 -0.0141421 0.0269 0.0128921 -0.0134204 0.0269 0.0117605 -0.0127671 0.0269 0.0141421 -0.0126987 0.0269 0.0127671 -0.0117605 0.0269 0.0155171 -0.0117605 0.0269 0.0141421 -0.0113921 0.0269 0.0168921 -0.0141421 0.0269 0.0153921 -0.0134204 0.0269 0.0165237 -0.0127671 0.0256 0.0128921 -0.0134204 0.0256 0.0128921 -0.0148638 0.0256 0.0153921 -0.0134204 0.0256 0.0141421 -0.0126987 0.0087 0.0123921 -0.0141421 0.0087 0.0126421 -0.0141421 0.0272 0.0111421 -0.0141421 0.0087 0.0126266 -0.0150171 0.0087 0.0128431 -0.0148921 0.0272 0.011544 -0.0156421 0.0087 0.0132671 -0.0156576 0.0087 0.0133921 -0.0154411 0.0272 0.0126421 -0.0167402 0.0356155 0.00657804 -0.00789351 0.034975 0.00713277 -0.00629215 0.0352659 0.0069873 -0.00604019 0.0341 0.00678109 -0.00824519 0.0341 0.00725 -0.00649519 0.0325845 0.00657804 -0.00789351 0.033225 0.00713277 -0.00629215 0.0329341 0.0069873 -0.00604019 0.0272 0.00999388 -0.0143604 0.0092 0.0159099 -0.0159099 0.0113 0.0159099 -0.0159099 0.0115 0.0159478 -0.0159478 0.0116464 0.0160513 -0.0160513 0.0117 0.0161927 -0.0161927 0.0087 0.0141421 -0.0126421 0.0087 0.0150171 -0.0126266 0.0087 0.0141421 -0.0123921 0.0087 0.0148921 -0.0128431 0.0087 0.0154411 -0.0133921 0.0087 0.0156576 -0.0132671 0.0087 0.0156421 -0.0141421 0.0087 0.0158921 -0.0141421 0.0055 0.0158038 -0.0158038 0.009326 0.0142024 -0.00819976 0.00960052 0.0139647 -0.0080625 0.009326 0.0130774 -0.00755024 0.008951 0.0129904 -0.0075 0.00960052 0.0133151 -0.0076875 0.008951 0.0142894 -0.00825 0.0055 0.0141421 -0.0126421 -0.000793502 0.0141421 -0.0126421 0.0055 0.0148921 -0.0128431 -0.000793502 0.0148921 -0.0128431 0.0055 0.0154411 -0.0133921 -0.000793502 0.0154411 -0.0133921 0.0055 0.0156421 -0.0141421 -0.000793502 0.0156421 -0.0141421 0.0272 0.00805403 -0.00465 0.0382 0.00805404 -0.00465 0.0347823 0.00705534 -0.00595153 0.0341 0.00709165 -0.00590421 0.0334177 0.00705534 -0.00595153 0.0122 0.02 -0.0146512 0.0267 0.02 -0.0146512 0.0117 0.02 -0.0138368 0.0272 0.02 -0.0138368 0.0272 0.0171421 -0.0141421 0.0222 0.0160375 -0.0132295 0.0228148 0.0160375 -0.0130648 0.0228148 0.02 -0.0130648 0.0222 0.02 -0.0132295 0.0232648 0.0160375 -0.0126148 0.0232648 0.02 -0.0126148 0.0234295 0.0160375 -0.012 0.0234295 0.02 -0.012 0.0222 0.0152987 -0.012 0.0211352 0.0160375 -0.0126148 0.0211352 0.02 -0.0126148 0.0209705 0.02 -0.012 0.0209705 0.0160375 -0.012 0.0215853 0.0160375 -0.0130648 0.0215853 0.02 -0.0130648 0.0215853 0.02 -0.0109352 0.0215853 0.0160375 -0.0109352 0.0211352 0.0160375 -0.0113853 0.0211352 0.02 -0.0113853 0.0232648 0.0160375 -0.0113853 0.0232648 0.02 -0.0113853 0.0228148 0.0160375 -0.0109352 0.0228148 0.02 -0.0109352 0.0272 0.0167402 -0.0126421 0.0222 0.02 -0.0107705 0.0222 0.0160375 -0.0107705 0.0272 0.0156421 -0.011544 0.0272 0.0141421 -0.0111421 0.0092 0.0194856 -0.01125 0.0113 0.0194856 -0.01125 0.0115 0.019532 -0.0112768 0.0116464 0.0196588 -0.01135 0.0117 0.019832 -0.01145 0.0055 0.0193557 -0.011175 0.009326 0.0158407 -0.00424451 0.00960052 0.0155756 -0.00417346 0.009326 0.0145859 -0.00390829 0.008951 0.0144889 -0.00388229 0.00960052 0.0148511 -0.00397934 0.008951 0.0159378 -0.00427051 0.0272 0.00898311 -0.00240702 0.0382 0.00898311 -0.00240702 0.0122 0.0228933 -0.0095 0.0122 0.024 -0.00682813 0.0197 0.024 -0.00682813 0.0197 0.0238 -0.00731097 0.0267 0.0238 -0.00731097 0.0267 0.0228933 -0.0095 0.0152 0.0158266 -0.00382805 0.0152 0.0151218 -0.00491337 0.0152 0.0150541 -0.00620569 0.0152 0.0156416 -0.00735874 0.0152 0.0167269 -0.00806355 0.0152 0.0180192 -0.00813128 0.0152 0.0191723 -0.00754377 0.0152 0.0198771 -0.00645846 0.0152 0.0199448 -0.00516613 0.0152 0.0193573 -0.00401309 0.0152 0.018272 -0.00330827 0.0152 0.0169797 -0.00324054 0.0272 0.0151218 -0.00491337 0.0272 0.0150541 -0.00620569 0.0272 0.0156416 -0.00735874 0.0272 0.0167269 -0.00806355 0.0272 0.0158266 -0.00382805 0.0272 0.0198771 -0.00645846 0.0272 0.0199448 -0.00516613 0.0197 0.024 0.00682813 0.0120466 0.024 -0.00643078 0.0117 0.024 -0.00379788 0.0117 0.024 0.00379788 0.0120466 0.024 0.00643078 0.0122 0.024 0.00682813 0.0197 0.0238 0.00731097 0.0267 0.0238 0.00731097 0.0270604 0.0238 0.00637719 0.0272 0.0238 0.00531703 0.0272 0.0238 -0.00531703 0.0270604 0.0238 -0.00637719 0.0272 0.0180192 -0.00813128 0.0272 0.0204 -0.0095 0.011623 0.0204 -0.0095 0.0116464 0.0204251 -0.0095 0.0117 0.0206397 -0.0095 0.0117 0.0223567 -0.0095 0.0272 0.0223567 -0.0095 0.0272 0.0236652 -0.00634107 0.0272 0.0202 -0.00955359 0.0113409 0.0202 -0.00955359 0.0115 0.0202515 -0.0095398 0.0113 0.02 -0.0100081 0.0092 0.02 -0.0100081 0.00915829 0.02 -0.0099 0.0272 0.02 -0.0099 0.0115 0.02 -0.0101469 0.0117 0.02 -0.0110444 0.0116464 0.02 -0.0105262 0.0113 0.0201799 -0.00957365 0.00913103 0.0200536 -0.0097 0.0092 0.0201799 -0.00957365 0.0272 0.0200536 -0.0097 0.0272 0.0191723 -0.00754377 0.0117 0.0236652 -0.00634107 0.0092 0.0217333 -0.00582343 0.0113 0.0217333 -0.00582343 0.0115 0.0217851 -0.0058373 0.0116464 0.0219265 -0.00587519 0.0117 0.0221197 -0.00592696 0.0055 0.0215884 -0.00578461 0.009326 0.0163995 3.94129e-18 0.00960052 0.016125 3.8719e-18 0.009326 0.0151005 3.9968e-18 0.008951 0.015 3.55271e-18 0.00960052 0.015375 3.9968e-18 0.008951 0.0165 3.9968e-18 0.0055 0.01851 3.55271e-18 0.0087 0.01851 8.88178e-19 0.0087 0.0187096 -0.000745 0.0055 0.0187096 -0.000745 0.0087 0.019255 -0.00129038 0.0055 0.019255 -0.00129038 0.0087 0.02 -0.00149 0.0055 0.02 -0.00149 0.0087 0.020745 -0.00129038 0.0055 0.020745 -0.00129038 0.0272 0.0093 2.22045e-18 0.0382 0.0093 2.22045e-18 0.0272 0.018272 -0.00330827 0.0272 0.0169797 -0.00324054 0.0272 0.0187096 -0.000745 0.0272 0.01851 5.32907e-18 0.0272 0.019255 -0.00129038 0.0272 0.020745 -0.00129038 0.0272 0.02 -0.00149 0.0272 0.0212904 -0.000745 0.0087 0.0212904 -0.000745 0.0272 0.02149 7.99361e-18 0.0087 0.02149 8.88178e-19 0.0272 0.0193573 -0.00401309 0.0092 0.0225 3.55271e-18 0.0113 0.0225 5.77316e-18 0.0115 0.0225536 4.88498e-18 0.0116464 0.0227 3.9968e-18 0.0117 0.0229 5.60888e-18 0.0055 0.02235 5.47417e-18 0.0055 0.0212904 -0.000745 0.0055 0.02149 3.55271e-18 0.00960052 0.0155756 0.00417346 0.009326 0.0158407 0.00424451 0.009326 0.0145859 0.00390829 0.008951 0.0144889 0.00388229 0.00960052 0.0148511 0.00397934 0.008951 0.0159378 0.00427051 0.0087 0.019255 0.00129038 0.0055 0.019255 0.00129038 0.0055 0.02 0.00149 0.0087 0.02 0.00149 0.0087 0.0187096 0.000745 0.0055 0.0187096 0.000745 0.0055 0.020745 0.00129038 0.0087 0.020745 0.00129038 0.0272 0.00898311 0.00240702 0.0382 0.00898311 0.00240702 0.0272 0.019255 0.00129038 0.0272 0.02 0.00149 0.0272 0.0187096 0.000745 0.0272 0.0212904 0.000745 0.0087 0.0212904 0.000745 0.0117 0.0236652 0.00634107 0.0272 0.0236652 0.00634107 0.0272 0.020745 0.00129038 0.0092 0.0217333 0.00582343 0.0113 0.0217333 0.00582343 0.0115 0.0217851 0.0058373 0.0116464 0.0219265 0.00587519 0.0117 0.0221197 0.00592696 0.0055 0.0215884 0.00578461 0.0055 0.0212904 0.000745 0.00960052 0.0139647 0.0080625 0.009326 0.0142024 0.00819976 0.009326 0.0130774 0.00755024 0.008951 0.0129904 0.0075 0.00960052 0.0133151 0.0076875 0.008951 0.0142894 0.00825 0.0117 0.0206397 0.0095 0.0117 0.0223567 0.0095 0.0117 -0.019832 0.01145 0.0117 -0.0221197 0.00592696 0.0117 -0.0236652 0.00634107 0.0117 -0.0229 -2.80444e-18 0.0117 -0.0245 -3.55271e-18 0.0117 -0.0221197 -0.00592696 0.0117 -0.0236652 -0.00634107 0.0117 -0.019832 -0.01145 0.0117 -0.0212176 -0.01225 0.0117 -0.0161927 -0.0161927 0.0117 -0.0173241 -0.0173241 0.0117 -0.01145 -0.019832 0.0117 -0.01225 -0.0212176 0.0117 -0.00592696 -0.0221197 0.0117 -0.00634107 -0.0236652 0.0117 0.00634106 0.0236652 0.0117 0.01225 0.0212176 0.0117 0.00592695 0.0221197 0.0117 -2.54017e-09 0.0229 0.0117 -0.00634107 0.0236652 0.0117 -2.54017e-09 0.0245 0.0117 0.02 0.0110444 0.0117 0.019832 0.01145 0.0117 0.02 0.0138368 0.0117 0.0161927 0.0161927 0.0117 0.0173241 0.0173241 0.0117 0.01145 0.019832 0.0117 -0.0212176 0.01225 0.0117 -0.0161927 0.0161927 0.0117 -0.0173241 0.0173241 0.0117 -0.01145 0.019832 0.0117 -0.01225 0.0212176 0.0117 -0.00592696 0.0221197 0.0272 0.00805403 0.00465 0.0382 0.00805404 0.00465 0.0122 0.0228933 0.0095 0.0267 0.0228933 0.0095 0.00915829 0.02 0.0099 0.0272 0.02 0.0099 0.0272 0.0200536 0.0097 0.00913103 0.0200536 0.0097 0.0228148 0.02 0.0109352 0.0228148 0.0160375 0.0109352 0.0232648 0.0160375 0.0113853 0.0232648 0.02 0.0113853 0.0211352 0.02 0.0113853 0.0211352 0.0160375 0.0113853 0.0215853 0.0160375 0.0109352 0.0215853 0.02 0.0109352 0.0272 0.0202 0.00955359 0.0113409 0.0202 0.00955359 0.0113 0.0201799 0.00957365 0.0092 0.0201799 0.00957365 0.0272 0.0204 0.0095 0.011623 0.0204 0.0095 0.0115 0.0202515 0.0095398 0.0272 0.0223567 0.0095 0.0116464 0.0204251 0.0095 0.0092 0.02 0.0100081 0.0092 0.0194856 0.01125 0.0113 0.0194856 0.01125 0.0113 0.02 0.0100081 0.0115 0.019532 0.0112768 0.0115 0.02 0.0101469 0.0116464 0.02 0.0105262 0.0116464 0.0196588 0.01135 0.0055 0.0193557 0.011175 0.00960052 0.0114021 0.0114021 0.009326 0.0115962 0.0115962 0.009326 0.0106776 0.0106777 0.008951 0.0106066 0.0106066 0.00960052 0.0108718 0.0108718 0.008951 0.0116673 0.0116673 -0.000793502 0.0141421 0.0126421 0.0055 0.0141421 0.0126421 0.0055 0.0133921 0.0128431 -0.000793502 0.0133921 0.0128431 -0.000793502 0.0128431 0.0133921 0.0055 0.0128431 0.0133921 0.0055 0.0154411 0.0148921 -0.000793502 0.0154411 0.0148921 -0.000793502 0.0148921 0.0154411 0.0055 0.0148921 0.0154411 0.0055 0.0156421 0.0141421 -0.000793502 0.0156421 0.0141421 0.0055 0.0154411 0.0133921 -0.000793502 0.0154411 0.0133921 0.0055 0.0148921 0.0128431 -0.000793502 0.0148921 0.0128431 -0.0011 0.0147388 0.0151757 -0.0011 0.0151757 0.0147389 -0.0011 0.0153356 0.0141421 -0.0011 0.0151757 0.0135454 -0.0011 0.0147388 0.0131085 -0.0011 0.0141421 0.0129486 -0.0011 0.0135453 0.0131085 -0.0011 0.0131085 0.0135454 -0.0011 0.0129486 0.0141421 -0.0011 0.0131085 0.0147389 -0.0011 0.0135453 0.0151757 -0.0011 0.0141421 0.0153356 0.0272 0.00657609 0.00657609 0.0323401 0.00657609 0.00657609 0.0329341 0.0069873 0.00604019 0.0334177 0.00705534 0.00595153 0.0341 0.00709165 0.00590421 0.0347823 0.00705534 0.00595153 0.0382 0.00657609 0.00657609 0.0352659 0.0069873 0.00604019 0.0358599 0.00657609 0.00657609 0.0122 0.0176777 0.0176777 0.0267 0.0176777 0.0176777 0.0267 0.02 0.0146512 0.0122 0.02 0.0146512 0.0087 0.0141421 0.0123921 0.023899 0.0141421 0.0123921 0.023899 0.0150171 0.0126266 0.0087 0.0150171 0.0126266 0.0222 0.0160375 0.0107705 0.0222 0.02 0.0107705 0.0222 0.0152987 0.012 0.0234295 0.0160375 0.012 0.0209705 0.0160375 0.012 0.0215853 0.0160375 0.0130648 0.0222 0.0160375 0.0132295 0.0211352 0.0160375 0.0126148 0.0232648 0.0160375 0.0126148 0.0228148 0.0160375 0.0130648 0.0087 0.0148921 0.0128431 0.023899 0.0148921 0.0128431 0.023899 0.0141421 0.0126421 0.0087 0.0141421 0.0126421 0.0239 0.0156421 0.011544 0.0239 0.0141421 0.0111421 0.0272 0.0141421 0.0111421 0.0272 0.0156421 0.011544 0.0239 0.0155171 0.0117605 0.0269 0.0155171 0.0117605 0.0269 0.0141421 0.0113921 0.0239 0.0141421 0.0113921 0.0256 0.0153921 0.0134204 0.0256 0.0141421 0.0126987 0.0269 0.0141421 0.0126987 0.0269 0.0153921 0.0134204 0.023899 0.0156576 0.0132671 0.0087 0.0156576 0.0132671 0.0234295 0.02 0.012 0.0209705 0.02 0.012 0.0211352 0.02 0.0126148 0.0215853 0.02 0.0130648 0.0232648 0.02 0.0126148 0.0228148 0.02 0.0130648 0.0087 0.0154411 0.0133921 0.023899 0.0154411 0.0133921 0.0272 0.0167402 0.0126421 0.0239 0.0167402 0.0126421 0.0239 0.0165237 0.0127671 0.0269 0.0165237 0.0127671 0.023899 0.0158921 0.0141421 0.0087 0.0158921 0.0141421 0.0222 0.02 0.0132295 0.0272 0.02 0.0138368 0.0087 0.0156421 0.0141421 0.023899 0.0156421 0.0141421 0.0272 0.0171421 0.0141421 0.0239 0.0171421 0.0141421 0.0272 0.0173241 0.0173241 0.0239 0.0168921 0.0141421 0.0269 0.0168921 0.0141421 0.0256 0.0153921 0.0148638 0.0269 0.0153921 0.0148638 0.023899 0.0156576 0.0150171 0.0087 0.0156576 0.0150171 0.0087 0.0154411 0.0148921 0.023899 0.0154411 0.0148921 0.0272 0.0167402 0.0156421 0.0239 0.0167402 0.0156421 0.0239 0.0165237 0.0155171 0.0269 0.0165237 0.0155171 0.0087 0.0150171 0.0156576 0.023899 0.0150171 0.0156576 0.023899 0.0148921 0.0154411 0.0087 0.0148921 0.0154411 0.0239 0.0156421 0.0167402 0.0272 0.0156421 0.0167402 0.0239 0.0155171 0.0165237 0.0269 0.0155171 0.0165237 0.0256 0.0141421 0.0155855 0.0269 0.0141421 0.0155855 0.0239 0.0141421 0.0171421 0.0239 0.0141421 0.0168921 0.0239 0.0126421 0.0167402 0.0239 0.0127671 0.0165237 0.0239 0.011544 0.0156421 0.0239 0.0117605 0.0155171 0.0239 0.0111421 0.0141421 0.0239 0.0113921 0.0141421 0.0239 0.0117605 0.0127671 0.0239 0.0126421 0.011544 0.0239 0.0127671 0.0117605 0.0239 0.011544 0.0126421 0.023899 0.0132671 0.0126266 0.0087 0.0132671 0.0126266 0.0087 0.0126266 0.0132671 0.023899 0.0126266 0.0132671 0.023899 0.0141421 0.0156421 0.023899 0.0132671 0.0156576 0.023899 0.0141421 0.0158921 0.023899 0.0133921 0.0154411 0.023899 0.0128431 0.0148921 0.023899 0.0126266 0.0150171 0.023899 0.0126421 0.0141421 0.023899 0.0123921 0.0141421 0.023899 0.0128431 0.0133921 0.023899 0.0133921 0.0128431 0.0087 0.0133921 0.0128431 0.0087 0.0128431 0.0133921 0.0272 0.011544 0.0126421 0.0272 0.0126421 0.011544 0.0269 0.0127671 0.0117605 0.0269 0.0117605 0.0127671 0.0269 0.0128921 0.0134204 0.0269 0.0113921 0.0141421 0.0269 0.0128921 0.0148638 0.0269 0.0117605 0.0155171 0.0269 0.0127671 0.0165237 0.0269 0.0141421 0.0168921 0.0256 0.0128921 0.0148638 0.0256 0.0128921 0.0134204 0.034975 0.00713277 0.00629215 0.0356155 0.00657804 0.00789351 0.0366709 0.00605035 0.00697951 0.0341 0.00725 0.00649519 0.0341 0.00678109 0.00824519 0.033225 0.00713277 0.00629215 0.0325845 0.00657804 0.00789351 0.0315291 0.00605035 0.00697951 0.0092 0.0159099 0.0159099 0.0113 0.0159099 0.0159099 0.0115 0.0159478 0.0159478 0.0116464 0.0160513 0.0160513 0.0087 0.0132671 0.0156576 0.0087 0.0126266 0.0150171 0.0087 0.0133921 0.0154411 0.0087 0.0141421 0.0156421 0.0087 0.0141421 0.0158921 0.0087 0.0126421 0.0141421 0.0087 0.0123921 0.0141421 0.0087 0.0128431 0.0148921 0.0055 0.0158038 0.0158038 0.009326 0.00819976 0.0142024 0.00960052 0.0080625 0.0139647 0.009326 0.00755024 0.0130774 0.008951 0.0075 0.0129904 0.00960052 0.0076875 0.0133151 0.008951 0.00825 0.0142894 0.0055 0.0126421 0.0141421 -0.000793501 0.0126421 0.0141421 0.0055 0.0128431 0.0148921 -0.000793502 0.0128431 0.0148921 0.0055 0.0133921 0.0154411 -0.000793502 0.0133921 0.0154411 0.0055 0.0141421 0.0156421 -0.000793502 0.0141421 0.0156421 0.0370811 0.00465 0.00805404 0.0382 0.00465 0.00805404 0.0272 0.00465 0.00805404 0.0311189 0.00465 0.00805404 0.01645 0.0143049 0.0202657 0.01865 0.0138259 0.0206333 0.0202605 0.0125172 0.0216375 0.0202662 0.0125 0.0216506 0.0267 0.0125 0.0216506 0.0122 0.0125 0.0216506 0.0126395 0.0125172 0.0216375 0.01425 0.0138259 0.0206333 0.0126338 0.0125 0.0216506 0.0272 0.01225 0.0212176 0.01645 0.0141306 0.0198919 0.01425 0.0135963 0.020141 0.01865 0.0135963 0.020141 0.0272 0.0141421 0.0171421 0.01205 0.0101428 0.0217514 0.0126395 0.0121367 0.0208216 0.0122 0.0110027 0.0222708 0.01205 0.0104221 0.0223503 0.0154165 0.0117652 0.0209949 0.0154165 0.00785598 0.0126115 0.01645 0.00810696 0.0124945 0.01645 0.0120162 0.0208778 0.0174835 0.00785598 0.0126115 0.0174835 0.0117652 0.0209949 0.0202605 0.0121367 0.0208216 0.02085 0.0101428 0.0217514 0.02085 0.010485 0.0224853 0.0272 0.0126421 0.0167402 0.0146599 0.0110795 0.0213146 0.0146599 0.00717029 0.0129313 0.0182401 0.00717029 0.0129313 0.0182401 0.0110795 0.0213146 0.0272 0.011544 0.0156421 0.0272 0.0111421 0.0141421 0.01645 0.00572928 0.0122865 0.03585 0.00526554 0.00912019 0.0341 0.0055 0.00952628 0.03235 0.00526554 0.00912019 0.0288 0.00878144 0.0150604 0.0288 0.0081958 0.0144748 0.0274 0.0088958 0.0132623 0.0274 0.00999388 0.0143604 0.0274 0.0103958 0.0158604 0.0288 0.0089958 0.0158604 0.0274 0.00999388 0.0173604 0.0272 0.0103958 0.0158604 0.0272 0.00999388 0.0173604 0.0288 0.00878144 0.0166604 0.0274 0.0073958 0.0128604 0.0272 0.0073958 0.0128604 0.0272 0.0088958 0.0132623 0.0272 0.00999388 0.0143604 0.0288 0.0073958 0.0142604 0.0092 0.01125 0.0194856 0.0113 0.01125 0.0194856 0.0115 0.0112768 0.019532 0.0116464 0.01135 0.0196588 0.0055 0.011175 0.0193557 0.009326 0.00424451 0.0158407 0.00960052 0.00417345 0.0155756 0.009326 0.00390829 0.0145859 0.008951 0.00388228 0.0144889 0.00960052 0.00397934 0.0148511 0.008951 0.00427051 0.0159378 0.0366709 0.00301926 0.00872951 0.0358599 0.00240702 0.00898311 0.0382 0.00240702 0.00898311 0.0272 0.00240702 0.00898311 0.0323401 0.00240702 0.00898311 0.0315291 0.00301926 0.00872951 0.0122 0.00647047 0.0241481 0.0162306 0.00647047 0.0241481 0.01425 0.00696124 0.0239449 0.0126395 0.00845057 0.023328 0.0122 0.00996736 0.0226997 0.0202605 0.00845057 0.023328 0.01865 0.00696124 0.0239449 0.0267 0.00647047 0.0241481 0.0166694 0.00647047 0.0241481 0.0218 0.00618336 0.0165604 0.0218 0.0059958 0.0158604 0.0218 0.00618336 0.0151604 0.0218 0.0066958 0.014648 0.0218 0.0073958 0.0144604 0.0218 0.0080958 0.014648 0.0218 0.00860823 0.0151604 0.0218 0.0087958 0.0158604 0.0218 0.00860823 0.0165604 0.0218 0.0080958 0.0170728 0.0218 0.0073958 0.0172604 0.0218 0.0066958 0.0170728 0.018517 0.0101428 0.0217514 0.018517 0.00623362 0.013368 0.0182401 0.00529695 0.0138048 0.0182401 0.00920617 0.0221882 0.0146599 0.00920617 0.0221882 0.014383 0.0101428 0.0217514 0.0174835 0.00852048 0.0225079 0.0202605 0.00814896 0.0226811 0.01645 0.0082695 0.0226249 0.0126395 0.00814896 0.0226811 0.0154165 0.00852048 0.0225079 0.01425 0.00668934 0.0233618 0.01645 0.00615508 0.0236109 0.01865 0.00668934 0.0233618 0.0174835 0.00461126 0.0141246 0.01645 0.00436028 0.0142416 0.01645 0.00640935 0.0241562 0.0154165 0.00461126 0.0141246 0.0146599 0.00529695 0.0138048 0.014383 0.00623362 0.013368 0.0272 0.00634107 0.0236652 0.0288 0.0066958 0.014648 0.0288 0.0073958 0.0144604 0.0288 0.00618336 0.0151604 0.0356155 0.00354695 0.00964351 0.034975 0.00188277 0.00932323 0.0352659 0.0017373 0.00907128 0.0341 0.00375 0.00999519 0.0341 0.002 0.00952628 0.0325845 0.00354695 0.00964351 0.033225 0.00188277 0.00932323 0.0288 0.0081958 0.017246 0.0288 0.0073958 0.0174604 0.0288 0.0073958 0.0172604 0.0288 0.0065958 0.017246 0.0288 0.0066958 0.0170728 0.0288 0.00601016 0.0166604 0.0288 0.00618336 0.0165604 0.0288 0.0057958 0.0158604 0.0288 0.0059958 0.0158604 0.0288 0.0065958 0.0144748 0.0288 0.00601016 0.0150604 0.0288 0.0080958 0.0170728 0.0288 0.00860823 0.0165604 0.0288 0.0080958 0.014648 0.0288 0.00860823 0.0151604 0.0288 0.0087958 0.0158604 0.0272 0.0088958 0.0184585 0.0274 0.0088958 0.0184585 0.0272 0.0073958 0.0188604 0.0274 0.0073958 0.0188604 0.0274 0.0058958 0.0184585 0.0272 0.0058958 0.0184585 0.0274 0.00479772 0.0173604 0.0274 0.0043958 0.0158604 0.0329341 0.0017373 0.00907128 0.0272 0.00479772 0.0173604 0.0272 0.0043958 0.0158604 0.0272 0.00479772 0.0143604 0.0274 0.00479772 0.0143604 0.0272 0.0058958 0.0132623 0.0274 0.0058958 0.0132623 0.0092 0.00582343 0.0217333 0.0113 0.00582343 0.0217333 0.0115 0.0058373 0.0217851 0.0116464 0.00587519 0.0219265 0.0055 0.0057846 0.0215884 0.009326 -2.64394e-09 0.0163995 0.00960052 -2.63194e-09 0.016125 0.009326 -2.64394e-09 0.0151005 0.008951 -2.66033e-09 0.015 0.00960052 -2.63194e-09 0.015375 0.008951 -2.66033e-09 0.0165 0.0347823 0.00162651 0.00908587 0.0341 0.00156737 0.00909365 0.0272 -1.86265e-09 0.0093 0.0334177 0.00162651 0.00908587 0.0382 -1.38182e-09 0.0093 0.0122 0.000559805 0.0249263 0.0126395 0.0022 0.0247104 0.01425 0.00381051 0.0244983 0.01645 0.0044 0.0244207 0.01865 0.00381051 0.0244983 0.0202605 0.0022 0.0247104 0.02085 -2.14021e-09 0.025 0.0267 -1.8845e-09 0.025 0.0218 -2.09869e-09 0.0161 0.0218 0.000699998 0.0162876 0.0218 0.00121243 0.0168 0.0218 0.0014 0.0175 0.0218 0.00121243 0.0182 0.0218 0.000699998 0.0187124 0.0218 -2.09869e-09 0.0189 0.0218 -0.000700002 0.0187124 0.0218 -0.00121244 0.0182 0.0218 -0.0014 0.0175 0.0218 -0.00121244 0.0168 0.0218 -0.000700002 0.0162876 0.01645 0.002067 0.024 0.01645 0.002067 0.01475 0.0174835 0.00179007 0.01475 0.0174835 0.00179007 0.024 0.01645 0.0044 0.024 0.01865 0.00381051 0.024 0.01645 -2.33254e-09 0.0135566 0.0182401 0.0010335 0.01475 0.0182401 0.0010335 0.024 0.0202605 0.0022 0.024 0.018517 -2.24219e-09 0.01475 0.018517 -2.24219e-09 0.024 0.02085 -2.14021e-09 0.024 0.014383 -2.42289e-09 0.024 0.014383 -2.42289e-09 0.01475 0.0146599 0.0010335 0.01475 0.0146599 0.0010335 0.024 0.01205 -2.52487e-09 0.024 0.0126395 0.0022 0.024 0.01205 -2.52487e-09 0.02485 0.0154165 0.00179007 0.01475 0.0154165 0.00179007 0.024 0.01425 0.00381051 0.024 0.0288 0.00121243 0.0182 0.0288 0.0014 0.0175 0.0272 -1.86265e-09 0.0245 0.0288 0.00121243 0.0168 0.0288 0.000699998 0.0162876 0.0288 0.000699998 0.0187124 0.0288 -1.79271e-09 0.0161 0.0288 -1.79271e-09 0.0189 0.0288 0.000799998 0.0188856 0.0288 0.00138564 0.0183 0.0274 0.00259807 0.019 0.0274 0.0015 0.0200981 0.0288 -1.79271e-09 0.0191 0.0274 -1.8539e-09 0.0205 0.0288 -0.000800002 0.0188856 0.0288 -0.000700002 0.0187124 0.0288 -0.00138564 0.0183 0.0288 -0.00121244 0.0182 0.0288 -0.0016 0.0175 0.0288 -0.0014 0.0175 0.0288 -0.00121244 0.0168 0.0288 -1.79271e-09 0.0159 0.0288 -0.000800002 0.0161144 0.0288 -0.000700002 0.0162876 0.0288 -0.00138564 0.0167 0.0288 0.000799998 0.0161144 0.0288 0.00138564 0.0167 0.0288 0.0016 0.0175 0.0272 0.0015 0.0149019 0.0274 0.0015 0.0149019 0.0274 -1.8539e-09 0.0145 0.0272 -1.86265e-09 0.0145 0.0272 0.00259807 0.016 0.0274 0.00259807 0.016 0.0272 0.003 0.0175 0.0274 0.003 0.0175 0.0272 0.00259807 0.019 0.0272 0.0015 0.0200981 0.0272 -1.86265e-09 0.0205 0.0092 -2.64945e-09 0.0225 0.0113 -2.55766e-09 0.0225 0.0115 -2.54891e-09 0.0225536 0.0116464 -2.54251e-09 0.0227 0.0055 -2.81118e-09 0.02235 0.009326 -0.00424451 0.0158407 0.00960052 -0.00417346 0.0155756 0.009326 -0.00390829 0.0145859 0.008951 -0.00388229 0.0144889 0.00960052 -0.00397935 0.0148511 0.008951 -0.00427052 0.0159378 0.0272 -0.00240702 0.00898311 0.0382 -0.00240702 0.00898311 0.01645 -0.00640936 0.0241562 0.0166694 -0.00647048 0.0241481 0.01865 -0.00381051 0.0244983 0.01645 -0.0044 0.0244207 0.01425 -0.00381051 0.0244983 0.0126395 -0.0022 0.0247104 0.0122 -0.00647048 0.0241481 0.0162306 -0.00647048 0.0241481 0.0202605 -0.0022 0.0247104 0.0267 -0.00647048 0.0241481 0.0122 -0.00055981 0.0249263 0.01645 -0.002067 0.024 0.01645 -0.002067 0.01475 0.0154165 -0.00179008 0.01475 0.0154165 -0.00179008 0.024 0.0182401 -0.0010335 0.024 0.0174835 -0.00179008 0.024 0.0202605 -0.0022 0.024 0.0126395 -0.0022 0.024 0.0146599 -0.0010335 0.024 0.01425 -0.00381051 0.024 0.01645 -0.0044 0.024 0.01865 -0.00381051 0.024 0.0146599 -0.0010335 0.01475 0.01425 -0.00668934 0.0233618 0.01645 -0.00615509 0.0236109 0.01425 -0.00696124 0.0239449 0.0182401 -0.0010335 0.01475 0.0174835 -0.00179008 0.01475 0.01865 -0.00668934 0.0233618 0.01865 -0.00696124 0.0239449 0.0272 -0.00634107 0.0236652 0.0272 -0.00259808 0.016 0.0274 -0.00259808 0.016 0.0274 -0.003 0.0175 0.0272 -0.003 0.0175 0.0272 -0.0015 0.0149019 0.0274 -0.0015 0.0149019 0.0272 -0.0015 0.0200981 0.0274 -0.0015 0.0200981 0.0272 -0.00259808 0.019 0.0274 -0.00259808 0.019 0.0092 -0.00582343 0.0217333 0.0113 -0.00582343 0.0217333 0.0115 -0.0058373 0.0217851 0.0116464 -0.00587519 0.0219265 0.0055 -0.00578461 0.0215884 0.009326 -0.00819976 0.0142024 0.00960052 -0.0080625 0.0139647 0.009326 -0.00755024 0.0130774 0.008951 -0.0075 0.0129904 0.00960052 -0.0076875 0.0133151 0.008951 -0.00825 0.0142894 0.0272 -0.00465 0.00805404 0.0382 -0.00465 0.00805404 0.0202605 -0.00845058 0.023328 0.02085 -0.010485 0.0224853 0.0202662 -0.0125 0.0216506 0.0267 -0.0125 0.0216506 0.0122 -0.00996736 0.0226997 0.0126395 -0.00845058 0.023328 0.0122 -0.0125 0.0216506 0.0126338 -0.0125 0.0216506 0.0122 -0.0110027 0.0222708 0.0218 -0.00860824 0.0165604 0.0218 -0.0087958 0.0158604 0.0218 -0.00860824 0.0151604 0.0218 -0.0080958 0.014648 0.0218 -0.0073958 0.0144604 0.0218 -0.0066958 0.014648 0.0218 -0.00618337 0.0151604 0.0218 -0.0059958 0.0158604 0.0218 -0.00618337 0.0165604 0.0218 -0.0066958 0.0170728 0.0218 -0.0073958 0.0172604 0.0218 -0.0080958 0.0170728 0.018517 -0.00623362 0.013368 0.0182401 -0.00717029 0.0129313 0.0182401 -0.0110795 0.0213146 0.018517 -0.0101428 0.0217514 0.0126395 -0.00814896 0.0226811 0.0202605 -0.00814896 0.0226811 0.01645 -0.0082695 0.0226249 0.0174835 -0.00852048 0.0225079 0.0146599 -0.0110795 0.0213146 0.014383 -0.0101428 0.0217514 0.01205 -0.0101428 0.0217514 0.0146599 -0.00920617 0.0221882 0.0154165 -0.00852048 0.0225079 0.02085 -0.0101428 0.0217514 0.0174835 -0.0117652 0.0209949 0.0202605 -0.0121367 0.0208216 0.01645 -0.0120162 0.0208778 0.0126395 -0.0121367 0.0208216 0.0154165 -0.0117652 0.0209949 0.0182401 -0.00920617 0.0221882 0.01425 -0.0135963 0.020141 0.01645 -0.0141306 0.0198919 0.01865 -0.0135963 0.020141 0.0202605 -0.0125172 0.0216375 0.01645 -0.00572928 0.0122865 0.0174835 -0.00785598 0.0126115 0.01645 -0.00810696 0.0124945 0.0154165 -0.00785598 0.0126115 0.0146599 -0.00717029 0.0129313 0.014383 -0.00623363 0.013368 0.01205 -0.0104221 0.0223503 0.0126395 -0.0125172 0.0216375 0.0146599 -0.00529696 0.0138048 0.0154165 -0.00461127 0.0141246 0.01645 -0.00436029 0.0142416 0.0174835 -0.00461127 0.0141246 0.0182401 -0.00529696 0.0138048 0.0288 -0.0073958 0.0172604 0.0288 -0.0080958 0.0170728 0.0272 -0.01225 0.0212176 0.0288 -0.0066958 0.0170728 0.0288 -0.00618337 0.0165604 0.0288 -0.00860824 0.0165604 0.0288 -0.0059958 0.0158604 0.0288 -0.00618337 0.0151604 0.0288 -0.0066958 0.014648 0.0288 -0.0073958 0.0144604 0.0288 -0.0080958 0.014648 0.0288 -0.0087958 0.0158604 0.0288 -0.00860824 0.0151604 0.0288 -0.0065958 0.017246 0.0288 -0.0073958 0.0174604 0.0288 -0.0081958 0.017246 0.0288 -0.00878144 0.0166604 0.0288 -0.0089958 0.0158604 0.0288 -0.0073958 0.0142604 0.0288 -0.0081958 0.0144748 0.0288 -0.00878144 0.0150604 0.0288 -0.00601016 0.0166604 0.0288 -0.0065958 0.0144748 0.0288 -0.00601016 0.0150604 0.0288 -0.0057958 0.0158604 0.0272 -0.0058958 0.0132623 0.0274 -0.0058958 0.0132623 0.0274 -0.0073958 0.0128604 0.0272 -0.0073958 0.0128604 0.0272 -0.00479773 0.0143604 0.0274 -0.00479773 0.0143604 0.0272 -0.0043958 0.0158604 0.0274 -0.0043958 0.0158604 0.0272 -0.00479773 0.0173604 0.0274 -0.00479773 0.0173604 0.0272 -0.0058958 0.0184585 0.0274 -0.0058958 0.0184585 0.0272 -0.0073958 0.0188604 0.0274 -0.0073958 0.0188604 0.0272 -0.0088958 0.0184585 0.0274 -0.0088958 0.0184585 0.0272 -0.00999388 0.0173604 0.0274 -0.00999388 0.0173604 0.0272 -0.0103958 0.0158604 0.0274 -0.0103958 0.0158604 0.0274 -0.0088958 0.0132623 0.0272 -0.0088958 0.0132623 0.0274 -0.00999388 0.0143604 0.0092 -0.01125 0.0194856 0.0113 -0.01125 0.0194856 0.0115 -0.0112768 0.019532 0.0116464 -0.01135 0.0196588 0.0055 -0.011175 0.0193557 0.009326 -0.0115962 0.0115962 0.00960052 -0.0114021 0.0114021 0.009326 -0.0106777 0.0106777 0.008951 -0.0106066 0.0106066 0.00960052 -0.0108718 0.0108718 0.008951 -0.0116673 0.0116673 -0.0007935 -0.0148921 0.0154411 -0.0007935 -0.0154411 0.0148921 0.0055 -0.0154411 0.0148921 0.0055 -0.0148921 0.0154411 0.0055 -0.0141421 0.0156421 -0.0007935 -0.0141421 0.0156421 0.0055 -0.0133921 0.0154411 -0.0007935 -0.0133921 0.0154411 0.0055 -0.0128431 0.0148921 -0.0007935 -0.0128431 0.0148921 0.0055 -0.0126421 0.0141421 -0.0007935 -0.0126421 0.0141421 0.0055 -0.0128431 0.0133921 -0.0007935 -0.0128431 0.0133921 -0.0007935 -0.0133921 0.0128431 0.0055 -0.0133921 0.0128431 -0.0011 -0.0131085 0.0135454 -0.0011 -0.0135454 0.0131085 -0.0011 -0.0141421 0.0129486 -0.0011 -0.0147389 0.0131085 -0.0011 -0.0151757 0.0135454 -0.0011 -0.0153356 0.0141421 -0.0011 -0.0151757 0.0147389 -0.0011 -0.0147389 0.0151757 -0.0011 -0.0141421 0.0153356 -0.0011 -0.0135454 0.0151757 -0.0011 -0.0131085 0.0147389 -0.0011 -0.0129486 0.0141421 0.0272 -0.00657609 0.00657609 0.0382 -0.00657609 0.00657609 0.01865 -0.0138259 0.0206333 0.01645 -0.0143049 0.0202657 0.0122 -0.0176777 0.0176777 0.01425 -0.0138259 0.0206333 0.0267 -0.0176777 0.0176777 0.023899 -0.0126266 0.0132671 0.0087 -0.0126266 0.0132671 0.0087 -0.0132671 0.0126266 0.023899 -0.0132671 0.0126266 0.0087 -0.0133921 0.0128431 0.0087 -0.0128431 0.0133921 0.023899 -0.0128431 0.0133921 0.023899 -0.0133921 0.0128431 0.0239 -0.011544 0.0126421 0.0239 -0.0126421 0.011544 0.0272 -0.0126421 0.011544 0.0272 -0.011544 0.0126421 0.0269 -0.0117605 0.0127671 0.0269 -0.0127671 0.0117605 0.0239 -0.0127671 0.0117605 0.0239 -0.0117605 0.0127671 0.023899 -0.0123921 0.0141421 0.0087 -0.0123921 0.0141421 0.0087 -0.0126421 0.0141421 0.023899 -0.0126421 0.0141421 0.0272 -0.0111421 0.0141421 0.0239 -0.0111421 0.0141421 0.0239 -0.0113921 0.0141421 0.0269 -0.0113921 0.0141421 0.0256 -0.0128921 0.0148638 0.0256 -0.0128921 0.0134204 0.0269 -0.0128921 0.0134204 0.0269 -0.0128921 0.0148638 0.023899 -0.0126266 0.0150171 0.0087 -0.0126266 0.0150171 0.0087 -0.0128431 0.0148921 0.023899 -0.0128431 0.0148921 0.0239 -0.011544 0.0156421 0.0272 -0.011544 0.0156421 0.0239 -0.0117605 0.0155171 0.0269 -0.0117605 0.0155171 0.023899 -0.0132671 0.0156576 0.0087 -0.0132671 0.0156576 0.0087 -0.0133921 0.0154411 0.023899 -0.0133921 0.0154411 0.0272 -0.0126421 0.0167402 0.0239 -0.0126421 0.0167402 0.0239 -0.0127671 0.0165237 0.0269 -0.0127671 0.0165237 0.0256 -0.0141421 0.0155855 0.0269 -0.0141421 0.0155855 0.023899 -0.0141421 0.0158921 0.0087 -0.0141421 0.0158921 0.0087 -0.0141421 0.0156421 0.023899 -0.0141421 0.0156421 0.0239 -0.0141421 0.0171421 0.0272 -0.0141421 0.0171421 0.0272 -0.0173241 0.0173241 0.0239 -0.0141421 0.0168921 0.0269 -0.0141421 0.0168921 0.023899 -0.0150171 0.0156576 0.0087 -0.0150171 0.0156576 0.0087 -0.0148921 0.0154411 0.023899 -0.0148921 0.0154411 0.0272 -0.0156421 0.0167402 0.0239 -0.0156421 0.0167402 0.0239 -0.0155171 0.0165237 0.0269 -0.0155171 0.0165237 0.0256 -0.0153921 0.0148638 0.0269 -0.0153921 0.0148638 0.023899 -0.0156576 0.0150171 0.0087 -0.0156576 0.0150171 0.0087 -0.0154411 0.0148921 0.023899 -0.0154411 0.0148921 0.0239 -0.0167402 0.0156421 0.0272 -0.0167402 0.0156421 0.0239 -0.0165237 0.0155171 0.0269 -0.0165237 0.0155171 0.0272 -0.00999388 0.0143604 0.0092 -0.0159099 0.0159099 0.0113 -0.0159099 0.0159099 0.0115 -0.0159478 0.0159478 0.0116464 -0.0160513 0.0160513 0.0055 -0.0158038 0.0158038 0.009326 -0.0142024 0.00819976 0.00960052 -0.0139647 0.0080625 0.009326 -0.0130774 0.00755024 0.008951 -0.0129904 0.0075 0.00960052 -0.0133151 0.0076875 0.008951 -0.0142894 0.00825 -0.0007935 -0.0141421 0.0126421 0.0055 -0.0141421 0.0126421 0.0055 -0.0148921 0.0128431 -0.0007935 -0.0148921 0.0128431 0.0055 -0.0154411 0.0133921 -0.0007935 -0.0154411 0.0133921 0.0055 -0.0156421 0.0141421 -0.0007935 -0.0156421 0.0141421 0.0272 -0.00805404 0.00465 0.0382 -0.00805404 0.00465 0.0122 -0.0216506 0.0125 0.0181338 -0.0216506 0.0125 0.0181395 -0.0216375 0.0125172 0.01975 -0.0206333 0.0138259 0.02195 -0.0202657 0.0143049 0.02415 -0.0206333 0.0138259 0.0267 -0.0216506 0.0125 0.0257605 -0.0216375 0.0125172 0.0257662 -0.0216506 0.0125 0.0239 -0.0171421 0.0141421 0.0239 -0.0168921 0.0141421 0.0239 -0.0165237 0.0127671 0.0239 -0.0141421 0.0111421 0.0239 -0.0141421 0.0113921 0.0239 -0.0156421 0.011544 0.0239 -0.0155171 0.0117605 0.0239 -0.0167402 0.0126421 0.0087 -0.0141421 0.0123921 0.023899 -0.0141421 0.0123921 0.0209165 -0.0117052 0.00743336 0.0201599 -0.012025 0.00674767 0.02195 -0.0113802 0.00530666 0.02195 -0.0115882 0.00768434 0.0229835 -0.0117052 0.00743336 0.0237401 -0.012025 0.00674767 0.023899 -0.0156421 0.0141421 0.023899 -0.0158921 0.0141421 0.023899 -0.0154411 0.0133921 0.023899 -0.0156576 0.0132671 0.023899 -0.0148921 0.0128431 0.023899 -0.0150171 0.0126266 0.023899 -0.0141421 0.0126421 0.0087 -0.0141421 0.0126421 0.0272 -0.0141421 0.0111421 0.0269 -0.0155171 0.0117605 0.0269 -0.0141421 0.0126987 0.0269 -0.0165237 0.0127671 0.0269 -0.0153921 0.0134204 0.0269 -0.0168921 0.0141421 0.0269 -0.0141421 0.0113921 0.0256 -0.0153921 0.0134204 0.0256 -0.0141421 0.0126987 0.0272 -0.0212176 0.01225 0.0087 -0.0158921 0.0141421 0.02195 -0.0198919 0.0141306 0.01975 -0.020141 0.0135963 0.02415 -0.020141 0.0135963 0.0087 -0.0156421 0.0141421 0.0272 -0.0171421 0.0141421 0.0087 -0.0156576 0.0132671 0.01755 -0.0217514 0.0101428 0.0181395 -0.0208216 0.0121367 0.01755 -0.0224853 0.010485 0.0209165 -0.0209949 0.0117652 0.02195 -0.0208778 0.0120162 0.0229835 -0.0209949 0.0117652 0.0087 -0.0154411 0.0133921 0.0272 -0.0167402 0.0126421 0.0257605 -0.0208216 0.0121367 0.02635 -0.0217514 0.0101428 0.02635 -0.0224853 0.010485 0.0087 -0.0150171 0.0126266 0.0201599 -0.0213146 0.0110795 0.0237401 -0.0213146 0.0110795 0.0087 -0.0148921 0.0128431 0.0272 -0.0156421 0.011544 0.0092 -0.0194856 0.01125 0.0113 -0.0194856 0.01125 0.0115 -0.019532 0.0112768 0.0116464 -0.0196588 0.01135 0.0055 -0.0193557 0.011175 0.009326 -0.0158407 0.00424451 0.00960052 -0.0155756 0.00417346 0.009326 -0.0145859 0.00390829 0.008951 -0.0144889 0.00388229 0.00960052 -0.0148511 0.00397934 0.008951 -0.0159378 0.00427051 0.0272 -0.00898311 0.00240702 0.0321312 -0.00898311 0.00240702 0.0321743 -0.008955 0.00247487 0.0329341 -0.00872461 0.00303109 0.0334345 -0.00865273 0.00320462 0.0341 -0.0086158 0.00329378 0.0347655 -0.00865273 0.00320462 0.0382 -0.00898311 0.00240702 0.0352659 -0.00872461 0.00303109 0.0360257 -0.008955 0.00247487 0.0360688 -0.00898311 0.00240702 0.0122 -0.0241482 0.00647048 0.0217306 -0.0241481 0.00647048 0.01975 -0.0239449 0.00696124 0.0181395 -0.023328 0.00845058 0.0267 -0.0241481 0.00647048 0.0257605 -0.023328 0.00845058 0.02415 -0.0239449 0.00696124 0.0221694 -0.0241481 0.00647048 0.0237401 -0.0128985 0.00487434 0.0237401 -0.0221882 0.00920617 0.024017 -0.0217514 0.0101428 0.024017 -0.0124617 0.005811 0.0181395 -0.0226812 0.00814896 0.01975 -0.0233618 0.00668934 0.019883 -0.0217514 0.0101428 0.0229835 -0.0225079 0.00852048 0.02195 -0.0226249 0.0082695 0.02195 -0.0236109 0.00615508 0.0209165 -0.0225079 0.00852048 0.0201599 -0.0221882 0.00920617 0.02415 -0.0233618 0.00668934 0.0257605 -0.0226811 0.00814896 0.0272 -0.0236652 0.00634107 0.0229835 -0.0132183 0.00418865 0.02195 -0.0133353 0.00393767 0.02195 -0.0241562 0.00640935 0.0209165 -0.0132183 0.00418865 0.0201599 -0.0128985 0.00487434 0.019883 -0.0124617 0.005811 0.034975 -0.00901555 0.00303109 0.0353374 -0.00964331 0.00247487 0.0356155 -0.010125 0.00175 0.0366709 -0.00906961 0.00175 0.0341 -0.00925 0.00303109 0.0341 -0.00997487 0.00247487 0.033225 -0.00901555 0.00303109 0.0328626 -0.00964331 0.00247487 0.0315291 -0.00906961 0.00175 0.0325845 -0.010125 0.00175 0.0092 -0.0217333 0.00582343 0.0113 -0.0217333 0.00582343 0.0115 -0.0217851 0.0058373 0.0116464 -0.0219265 0.00587519 0.0055 -0.0215884 0.00578461 0.009326 -0.0163995 -2.13718e-18 0.00960052 -0.016125 -2.10942e-18 0.009326 -0.0151005 -2.66454e-18 0.008951 -0.015 -2.22045e-18 0.00960052 -0.015375 -1.88738e-18 0.008951 -0.0165 -3.55271e-18 0.036982 -0.00916394 0.00103349 0.0370304 -0.00918074 0.000905867 0.0370445 -0.0092 0.000759575 0.0370811 -0.0093 -1.11022e-18 0.0382 -0.0093 -1.11022e-18 0.0272 -0.0093 -1.11022e-18 0.0311189 -0.0093 -1.11022e-18 0.0311555 -0.0092 0.000759575 0.0311696 -0.00918074 0.000905867 0.031218 -0.00916394 0.00103349 0.0122 -0.025 -3.9968e-18 0.0267 -0.025 -3.9968e-18 0.0152 -0.0159 6.12323e-19 0.0152 -0.0162349 0.00125 0.0152 -0.01715 0.00216506 0.0152 -0.0184 0.0025 0.0152 -0.01965 0.00216506 0.0152 -0.0205651 0.00125 0.0152 -0.0209 -3.06162e-19 0.0152 -0.0205651 -0.00125 0.0152 -0.01965 -0.00216506 0.0152 -0.0184 -0.0025 0.0152 -0.01715 -0.00216506 0.0152 -0.0162349 -0.00125 0.0272 -0.0184 0.0025 0.0272 -0.01965 0.00216506 0.0272 -0.0245 -3.10862e-18 0.0272 -0.0205651 0.00125 0.0272 -0.0209 -2.66454e-18 0.0272 -0.0159 -1.77636e-18 0.0272 -0.0162349 0.00125 0.0272 -0.01715 0.00216506 0.0370278 -0.00919037 0.000905867 0.0357904 -0.0104278 0.000905867 0.03585 -0.0105311 -6.66134e-19 0.0341 -0.0105311 0.00175 0.0341 -0.0108807 0.000905867 0.0341 -0.011 0 0.0324096 -0.0104278 0.000905867 0.03235 -0.0105311 -6.66134e-19 0.0311722 -0.00919037 0.000905867 0.0092 -0.0225 -2.22045e-18 0.0113 -0.0225 -2.66454e-18 0.0115 -0.0225536 -3.10862e-18 0.0116464 -0.0227 -1.77636e-18 0.0055 -0.02235 -2.73709e-18 0.009326 -0.0158407 -0.00424451 0.00960052 -0.0155756 -0.00417346 0.009326 -0.0145859 -0.00390829 0.008951 -0.0144889 -0.00388229 0.00960052 -0.0148511 -0.00397934 0.008951 -0.0159378 -0.00427051 0.0382 -0.00898311 -0.00240702 0.0370445 -0.0092 -0.000759575 0.0370304 -0.00918074 -0.000905867 0.036982 -0.00916394 -0.00103349 0.0366709 -0.00906961 -0.00175 0.0360688 -0.00898311 -0.00240702 0.0272 -0.00898311 -0.00240702 0.0321312 -0.00898311 -0.00240702 0.0315291 -0.00906961 -0.00175 0.031218 -0.00916394 -0.00103349 0.0311696 -0.00918074 -0.000905867 0.0311555 -0.0092 -0.000759575 0.0122 -0.0241482 -0.00647048 0.0162306 -0.0241482 -0.00647048 0.01645 -0.0241562 -0.00640935 0.0166694 -0.0241482 -0.00647048 0.0242 -0.0241481 -0.00647048 0.0242 -0.0245252 -0.00360674 0.0267 -0.0245252 -0.00360674 0.0272 -0.0205651 -0.00125 0.01425 -0.0233618 -0.00668934 0.01645 -0.0236109 -0.00615508 0.01425 -0.0239449 -0.00696124 0.0242 -0.0237 -0.00658564 0.0242 -0.0231144 -0.006 0.0242 -0.0229 -0.0052 0.0242 -0.0231144 -0.0044 0.0242 -0.0237 -0.00381436 0.0242 -0.0245 -0.0036 0.0242 -0.0240604 -0.00668222 0.0270732 -0.0237 -0.00658564 0.0272 -0.0236038 -0.00648939 0.0272 -0.0231144 -0.006 0.0272 -0.0229 -0.0052 0.0272 -0.0231144 -0.0044 0.0272 -0.0237 -0.00381436 0.0267261 -0.0245 -0.0036 0.0272 -0.0240087 -0.00373164 0.01865 -0.0233618 -0.00668934 0.01865 -0.0239449 -0.00696124 0.0272 -0.01965 -0.00216506 0.0272 -0.0184 -0.0025 0.0272 -0.01715 -0.00216506 0.0272 -0.0162349 -0.00125 0.0370278 -0.00919037 -0.000905867 0.0357904 -0.0104278 -0.000905867 0.0356155 -0.010125 -0.00175 0.0353374 -0.00964331 -0.00247487 0.0360257 -0.008955 -0.00247487 0.034975 -0.00901555 -0.00303109 0.0352659 -0.00872461 -0.00303109 0.0341 -0.0108807 -0.000905867 0.0341 -0.0105311 -0.00175 0.0341 -0.00997487 -0.00247487 0.0341 -0.00925 -0.00303109 0.0324096 -0.0104278 -0.000905867 0.0325845 -0.010125 -0.00175 0.0328626 -0.00964331 -0.00247487 0.033225 -0.00901555 -0.00303109 0.0311722 -0.00919037 -0.000905867 0.0321743 -0.008955 -0.00247487 0.0329341 -0.00872461 -0.00303109 0.0092 -0.0217333 -0.00582343 0.0113 -0.0217333 -0.00582343 0.0115 -0.0217851 -0.0058373 0.0116464 -0.0219265 -0.00587519 0.0055 -0.0215884 -0.00578461 0.009326 -0.0142024 -0.00819976 0.00960052 -0.0139647 -0.0080625 0.009326 -0.0130774 -0.00755024 0.008951 -0.0129904 -0.0075 0.00960052 -0.0133151 -0.0076875 0.008951 -0.0142894 -0.00825 0.0272 -0.00805404 -0.00465 0.0382 -0.00805404 -0.00465 0.0347655 -0.00865273 -0.00320462 0.0341 -0.0086158 -0.00329378 0.0334345 -0.00865273 -0.00320462 0.0202605 -0.023328 -0.00845058 0.02085 -0.0224853 -0.010485 0.0202662 -0.0216506 -0.0125 0.0267 -0.0216506 -0.0125 0.0267 -0.0240604 -0.00668222 0.0122 -0.0226997 -0.00996736 0.0126395 -0.023328 -0.00845058 0.0122 -0.0216506 -0.0125 0.0126338 -0.0216506 -0.0125 0.0122 -0.0222708 -0.0110027 0.0182401 -0.0213146 -0.0110795 0.018517 -0.0217514 -0.0101428 0.018517 -0.0124617 -0.005811 0.0182401 -0.012025 -0.00674767 0.01205 -0.0217514 -0.0101428 0.0126395 -0.0208216 -0.0121367 0.0126395 -0.0226812 -0.00814896 0.01425 -0.020141 -0.0135963 0.014383 -0.0217514 -0.0101428 0.0146599 -0.0221882 -0.00920617 0.0174835 -0.0209949 -0.0117652 0.01645 -0.0208778 -0.0120162 0.01645 -0.0198919 -0.0141306 0.0154165 -0.0209949 -0.0117652 0.0146599 -0.0213146 -0.0110795 0.01645 -0.0226249 -0.0082695 0.0174835 -0.0225079 -0.00852048 0.0182401 -0.0221882 -0.00920617 0.01865 -0.020141 -0.0135963 0.0154165 -0.0225079 -0.00852048 0.0202605 -0.0208216 -0.0121367 0.02085 -0.0217514 -0.0101428 0.0202605 -0.0226812 -0.00814896 0.0202605 -0.0216375 -0.0125172 0.0272 -0.0212176 -0.01225 0.01645 -0.0113802 -0.00530666 0.0174835 -0.0117052 -0.00743336 0.01645 -0.0115882 -0.00768434 0.0154165 -0.0117052 -0.00743336 0.0146599 -0.012025 -0.00674767 0.014383 -0.0124617 -0.005811 0.01205 -0.0223503 -0.0104221 0.0126395 -0.0216375 -0.0125172 0.0146599 -0.0128985 -0.00487434 0.0154165 -0.0132183 -0.00418865 0.01645 -0.0133353 -0.00393767 0.0174835 -0.0132183 -0.00418865 0.0182401 -0.0128985 -0.00487434 0.0092 -0.0194856 -0.01125 0.0113 -0.0194856 -0.01125 0.0115 -0.019532 -0.0112768 0.0116464 -0.0196588 -0.01135 0.0055 -0.0193557 -0.011175 0.009326 -0.0115962 -0.0115962 0.00960052 -0.0114021 -0.0114021 0.009326 -0.0106777 -0.0106777 0.008951 -0.0106066 -0.0106066 0.00960052 -0.0108718 -0.0108718 0.008951 -0.0116673 -0.0116673 0.0055 -0.0148921 -0.0154411 0.0055 -0.0154411 -0.0148921 -0.0007935 -0.0154411 -0.0148921 -0.0007935 -0.0148921 -0.0154411 0.0055 -0.0156421 -0.0141421 -0.0007935 -0.0156421 -0.0141421 0.0055 -0.0154411 -0.0133921 -0.0007935 -0.0154411 -0.0133921 0.0055 -0.0148921 -0.0128431 -0.0007935 -0.0148921 -0.0128431 0.0055 -0.0141421 -0.0126421 -0.0007935 -0.0141421 -0.0126421 0.0055 -0.0133921 -0.0128431 -0.0007935 -0.0133921 -0.0128431 -0.0007935 -0.0128431 -0.0133921 0.0055 -0.0128431 -0.0133921 -0.0011 -0.0147389 -0.0151757 -0.0011 -0.0151757 -0.0147389 -0.0011 -0.0153356 -0.0141421 -0.0011 -0.0151757 -0.0135454 -0.0011 -0.0147389 -0.0131085 -0.0011 -0.0141421 -0.0129486 -0.0011 -0.0135454 -0.0131085 -0.0011 -0.0131085 -0.0135454 -0.0011 -0.0129486 -0.0141421 -0.0011 -0.0131085 -0.0147389 -0.0011 -0.0135454 -0.0151757 -0.0011 -0.0141421 -0.0153356 0.0272 -0.00657609 -0.00657609 0.0382 -0.00657609 -0.00657609 0.0122 -0.0176777 -0.0176777 0.0267 -0.0176777 -0.0176777 0.01865 -0.0206333 -0.0138259 0.01645 -0.0202657 -0.0143049 0.01425 -0.0206333 -0.0138259 0.0087 -0.0126266 -0.0132671 0.023899 -0.0126266 -0.0132671 0.023899 -0.0132671 -0.0126266 0.0087 -0.0132671 -0.0126266 0.023899 -0.0128431 -0.0133921 0.0087 -0.0128431 -0.0133921 0.0087 -0.0133921 -0.0128431 0.023899 -0.0133921 -0.0128431 0.0239 -0.0126421 -0.011544 0.0239 -0.011544 -0.0126421 0.0272 -0.011544 -0.0126421 0.0272 -0.0126421 -0.011544 0.0269 -0.0127671 -0.0117605 0.0269 -0.0117605 -0.0127671 0.0239 -0.0117605 -0.0127671 0.0239 -0.0127671 -0.0117605 0.0269 -0.0128921 -0.0134204 0.0269 -0.0141421 -0.0126987 0.0256 -0.0141421 -0.0126987 0.0256 -0.0128921 -0.0134204 0.023899 -0.0141421 -0.0123921 0.0087 -0.0141421 -0.0123921 0.0087 -0.0141421 -0.0126421 0.023899 -0.0141421 -0.0126421 0.0272 -0.0141421 -0.0111421 0.0239 -0.0141421 -0.0111421 0.0239 -0.0141421 -0.0113921 0.0269 -0.0141421 -0.0113921 0.023899 -0.0150171 -0.0126266 0.0087 -0.0150171 -0.0126266 0.0087 -0.0148921 -0.0128431 0.023899 -0.0148921 -0.0128431 0.0239 -0.0156421 -0.011544 0.0272 -0.0156421 -0.011544 0.0239 -0.0155171 -0.0117605 0.0269 -0.0155171 -0.0117605 0.0269 -0.0153921 -0.0134204 0.0256 -0.0153921 -0.0134204 0.023899 -0.0156576 -0.0132671 0.0087 -0.0156576 -0.0132671 0.0087 -0.0154411 -0.0133921 0.023899 -0.0154411 -0.0133921 0.0272 -0.0167402 -0.0126421 0.0239 -0.0167402 -0.0126421 0.0239 -0.0165237 -0.0127671 0.0269 -0.0165237 -0.0127671 0.023899 -0.0158921 -0.0141421 0.0087 -0.0158921 -0.0141421 0.0087 -0.0156421 -0.0141421 0.023899 -0.0156421 -0.0141421 0.0272 -0.0171421 -0.0141421 0.0239 -0.0171421 -0.0141421 0.0272 -0.0173241 -0.0173241 0.0239 -0.0168921 -0.0141421 0.0269 -0.0168921 -0.0141421 0.0269 -0.0153921 -0.0148638 0.0256 -0.0153921 -0.0148638 0.023899 -0.0156576 -0.0150171 0.0087 -0.0156576 -0.0150171 0.0087 -0.0154411 -0.0148921 0.023899 -0.0154411 -0.0148921 0.0272 -0.0167402 -0.0156421 0.0239 -0.0167402 -0.0156421 0.0239 -0.0165237 -0.0155171 0.0269 -0.0165237 -0.0155171 0.023899 -0.0150171 -0.0156576 0.0087 -0.0150171 -0.0156576 0.0087 -0.0148921 -0.0154411 0.023899 -0.0148921 -0.0154411 0.0239 -0.0156421 -0.0167402 0.0272 -0.0156421 -0.0167402 0.0269 -0.0155171 -0.0165237 0.0239 -0.0155171 -0.0165237 0.0269 -0.0141421 -0.0155855 0.0256 -0.0141421 -0.0155855 0.0092 -0.0159099 -0.0159099 0.0113 -0.0159099 -0.0159099 0.0115 -0.0159478 -0.0159478 0.0116464 -0.0160513 -0.0160513 0.0055 -0.0158038 -0.0158038 0.009326 -0.00819976 -0.0142024 0.00960052 -0.0080625 -0.0139647 0.009326 -0.00755024 -0.0130774 0.008951 -0.0075 -0.0129904 0.00960052 -0.0076875 -0.0133151 0.008951 -0.00825 -0.0142894 -0.0007935 -0.0141421 -0.0156421 0.0055 -0.0141421 -0.0156421 0.0055 -0.0126421 -0.0141421 -0.0007935 -0.0126421 -0.0141421 0.0055 -0.0128431 -0.0148921 -0.0007935 -0.0128431 -0.0148921 0.0055 -0.0133921 -0.0154411 -0.0007935 -0.0133921 -0.0154411 0.0272 -0.00465 -0.00805404 0.0382 -0.00465 -0.00805404 0.0267 -0.0125 -0.0216506 0.01645 -0.0143049 -0.0202657 0.01865 -0.0138259 -0.0206333 0.0202605 -0.0125172 -0.0216375 0.0202662 -0.0125 -0.0216506 0.01425 -0.0138259 -0.0206333 0.0122 -0.0125 -0.0216506 0.0126395 -0.0125172 -0.0216375 0.0126338 -0.0125 -0.0216506 0.0239 -0.0141421 -0.0171421 0.0239 -0.0141421 -0.0168921 0.0239 -0.0126421 -0.0167402 0.0239 -0.0127671 -0.0165237 0.0239 -0.011544 -0.0156421 0.0239 -0.0117605 -0.0155171 0.0239 -0.0111421 -0.0141421 0.0239 -0.0113921 -0.0141421 0.023899 -0.0132671 -0.0156576 0.0087 -0.0132671 -0.0156576 0.0087 -0.0141421 -0.0158921 0.023899 -0.0141421 -0.0158921 0.01205 -0.0101428 -0.0217514 0.0126395 -0.0121367 -0.0208216 0.0122 -0.0110027 -0.0222708 0.01205 -0.0104221 -0.0223503 0.01425 -0.0135963 -0.020141 0.0154165 -0.0117652 -0.0209949 0.0154165 -0.00785598 -0.0126115 0.01645 -0.00810696 -0.0124945 0.01645 -0.0120162 -0.0208778 0.01645 -0.0141306 -0.0198919 0.0174835 -0.00785598 -0.0126115 0.0174835 -0.0117652 -0.0209949 0.01865 -0.0135963 -0.020141 0.0202605 -0.0121367 -0.0208216 0.02085 -0.0101428 -0.0217514 0.02085 -0.010485 -0.0224853 0.023899 -0.0128431 -0.0148921 0.023899 -0.0126421 -0.0141421 0.023899 -0.0123921 -0.0141421 0.023899 -0.0141421 -0.0156421 0.023899 -0.0133921 -0.0154411 0.023899 -0.0126266 -0.0150171 0.0087 -0.0141421 -0.0156421 0.0087 -0.0133921 -0.0154411 0.0272 -0.0141421 -0.0171421 0.0272 -0.0126421 -0.0167402 0.0269 -0.0127671 -0.0165237 0.0269 -0.0117605 -0.0155171 0.0269 -0.0128921 -0.0148638 0.0269 -0.0113921 -0.0141421 0.0269 -0.0141421 -0.0168921 0.0256 -0.0128921 -0.0148638 0.0087 -0.0126266 -0.0150171 0.0146599 -0.0110795 -0.0213146 0.0146599 -0.00717029 -0.0129313 0.0182401 -0.00717029 -0.0129313 0.0182401 -0.0110795 -0.0213146 0.0087 -0.0128431 -0.0148921 0.0272 -0.011544 -0.0156421 0.0087 -0.0123921 -0.0141421 0.0087 -0.0126421 -0.0141421 0.0272 -0.0111421 -0.0141421 0.01645 -0.00572928 -0.0122865 0.0272 -0.01225 -0.0212176 0.0274 -0.0088958 -0.0132623 0.0274 -0.0073958 -0.0128604 0.0272 -0.0073958 -0.0128604 0.0272 -0.0088958 -0.0132623 0.0272 -0.00999388 -0.0143604 0.0274 -0.00999388 -0.0143604 0.0272 -0.0103958 -0.0158604 0.0274 -0.0103958 -0.0158604 0.0288 -0.0081958 -0.0144748 0.0288 -0.0073958 -0.0142604 0.0288 -0.00878144 -0.0150604 0.0288 -0.0089958 -0.0158604 0.0274 -0.00999388 -0.0173604 0.0272 -0.00999388 -0.0173604 0.0288 -0.00878144 -0.0166604 0.0092 -0.01125 -0.0194856 0.0113 -0.01125 -0.0194856 0.0115 -0.0112768 -0.019532 0.0116464 -0.01135 -0.0196588 0.0055 -0.00578461 -0.0215884 0.0055 -0.011175 -0.0193557 0.009326 -0.00424451 -0.0158407 0.00960052 -0.00417346 -0.0155756 0.009326 -0.00390829 -0.0145859 0.008951 -0.00388229 -0.0144889 0.00960052 -0.00397935 -0.0148511 0.008951 -0.00427052 -0.0159378 0.0272 -0.00240702 -0.00898311 0.0382 -0.00240702 -0.00898311 0.0122 -0.00647048 -0.0241481 0.0162306 -0.00647048 -0.0241481 0.01425 -0.00696124 -0.0239449 0.0126395 -0.00845058 -0.023328 0.0122 -0.00996736 -0.0226997 0.0267 -0.00647048 -0.0241481 0.0202605 -0.00845058 -0.023328 0.01865 -0.00696124 -0.0239449 0.0166694 -0.00647048 -0.0241481 0.0272 -0.00479773 -0.0143604 0.0272 -0.0058958 -0.0132623 0.0272 -0.00634107 -0.0236652 0.0272 -0.0015 -0.0200981 0.0272 -0.0073958 -0.0188604 0.0272 -0.00259808 -0.019 0.0272 -0.0058958 -0.0184585 0.0272 -0.003 -0.0175 0.0272 -0.00479773 -0.0173604 0.0272 -0.00259808 -0.016 0.0272 -0.0043958 -0.0158604 0.0272 -0.0015 -0.0149019 0.0272 -0.0088958 -0.0184585 0.0218 -0.00860824 -0.0151604 0.0218 -0.0087958 -0.0158604 0.0218 -0.00860824 -0.0165604 0.0218 -0.0080958 -0.0170728 0.0218 -0.0073958 -0.0172604 0.0218 -0.0066958 -0.0170728 0.0218 -0.00618337 -0.0165604 0.0218 -0.0059958 -0.0158604 0.0218 -0.00618337 -0.0151604 0.0218 -0.0066958 -0.014648 0.0218 -0.0073958 -0.0144604 0.0218 -0.0080958 -0.014648 0.0182401 -0.00529696 -0.0138048 0.0182401 -0.00920617 -0.0221882 0.018517 -0.0101428 -0.0217514 0.018517 -0.00623362 -0.013368 0.01645 -0.00615509 -0.0236109 0.01865 -0.00668934 -0.0233618 0.01425 -0.00668934 -0.0233618 0.0202605 -0.00814896 -0.0226811 0.0126395 -0.00814896 -0.0226811 0.01645 -0.0082695 -0.0226249 0.0154165 -0.00852048 -0.0225079 0.0174835 -0.00852048 -0.0225079 0.014383 -0.0101428 -0.0217514 0.0146599 -0.00920617 -0.0221882 0.0174835 -0.00461127 -0.0141246 0.01645 -0.00436029 -0.0142416 0.01645 -0.00640936 -0.0241562 0.0154165 -0.00461127 -0.0141246 0.0146599 -0.00529696 -0.0138048 0.014383 -0.00623363 -0.013368 0.0288 -0.0080958 -0.014648 0.0288 -0.0073958 -0.0144604 0.0288 -0.0066958 -0.014648 0.0288 -0.00618337 -0.0151604 0.0288 -0.00860824 -0.0151604 0.0288 -0.0059958 -0.0158604 0.0288 -0.00618337 -0.0165604 0.0288 -0.0066958 -0.0170728 0.0288 -0.0073958 -0.0172604 0.0288 -0.0080958 -0.0170728 0.0288 -0.0087958 -0.0158604 0.0288 -0.00860824 -0.0165604 0.0288 -0.0065958 -0.0144748 0.0288 -0.0073958 -0.0174604 0.0288 -0.0081958 -0.017246 0.0288 -0.00601016 -0.0150604 0.0288 -0.0065958 -0.017246 0.0288 -0.00601016 -0.0166604 0.0288 -0.0057958 -0.0158604 0.0274 -0.0058958 -0.0184585 0.0274 -0.0073958 -0.0188604 0.0274 -0.00479773 -0.0173604 0.0274 -0.0043958 -0.0158604 0.0274 -0.00479773 -0.0143604 0.0274 -0.0058958 -0.0132623 0.0274 -0.0088958 -0.0184585 0.0092 -0.00582343 -0.0217333 0.0113 -0.00582343 -0.0217333 0.0115 -0.0058373 -0.0217851 0.0116464 -0.00587519 -0.0219265 0.01425 -0.00381051 -0.0244983 0.01645 -0.0044 -0.0244207 0.01865 -0.00381051 -0.0244983 0.0202605 -0.0022 -0.0247104 0.0126395 -0.0022 -0.0247104 0.0122 -0.00055981 -0.0249263 0.0174835 -0.00179008 -0.024 0.01645 -0.002067 -0.024 0.01645 -0.002067 -0.01475 0.0174835 -0.00179008 -0.01475 0.0146599 -0.0010335 -0.024 0.0154165 -0.00179008 -0.024 0.0126395 -0.0022 -0.024 0.0202605 -0.0022 -0.024 0.0182401 -0.0010335 -0.024 0.01865 -0.00381051 -0.024 0.01645 -0.0044 -0.024 0.01425 -0.00381051 -0.024 0.0182401 -0.0010335 -0.01475 0.0146599 -0.0010335 -0.01475 0.0154165 -0.00179008 -0.01475 0.0274 -0.00259808 -0.019 0.0274 -0.003 -0.0175 0.0274 -0.0015 -0.0200981 0.0274 -0.0015 -0.0149019 0.0274 -0.00259808 -0.016 -0.0065 -0.0291022 0.0120545 -0.0065 -0.0308947 0.00614535 -0.0065 -0.0424812 0.00480919 -0.0065 -0.0425 0.005 -0.0065 -0.0416834 0.0132913 -0.0065 -0.0392649 0.021264 -0.0065 -0.0353375 0.0286117 -0.0065 -0.030052 0.035052 -0.0065 -0.0236117 0.0403375 -0.0065 -0.016264 0.0442649 -0.0065 -0.00829134 0.0466834 -0.0065 -1.86265e-09 0.0475 -0.0065 0.00829134 0.0466834 -0.0065 0.016264 0.0442649 -0.0065 0.0236117 0.0403375 -0.0065 0.030052 0.035052 -0.0065 0.0353375 0.0286117 -0.0065 0.0392649 0.021264 -0.0065 0.0416834 0.0132913 -0.0065 0.0425 0.005 -0.0065 0.0424812 0.00480919 -0.0065 0.0425 0.00480919 -0.0065 0.0425 -0.0475 -0.0065 -0.0425 -0.0475 -0.0065 -0.0425 0.00480919 -0.0065 -0.0312945 -0.00208672 -0.0065 -0.0308947 -0.00614535 -0.0065 -0.0261913 0.0175005 -0.0065 -0.0222739 0.0222739 -0.0065 -0.0291022 -0.0120545 -0.0065 -0.0261913 -0.0175005 -0.0065 -0.0175005 0.0261913 -0.0065 -0.0222739 -0.0222739 -0.0065 -0.0175005 -0.0261913 -0.0065 -0.0120545 0.0291022 -0.0065 -0.00614535 0.0308947 -0.0065 -0.0120545 -0.0291022 -0.0065 -0.00614535 -0.0308947 -0.0065 -1.86265e-09 0.0315 -0.0065 0.00614534 0.0308947 -0.0065 -1.86265e-09 -0.0315 -0.0065 0.0120545 0.0291022 -0.0065 0.0175005 0.0261913 -0.0065 0.00614534 -0.0308947 -0.0065 0.0120545 -0.0291022 -0.0065 0.0222739 0.0222739 -0.0065 0.0175005 -0.0261913 -0.0065 0.0222739 -0.0222739 -0.0065 0.0261913 0.0175005 -0.0065 0.0291022 0.0120545 -0.0065 0.0261913 -0.0175005 -0.0065 0.0291022 -0.0120545 -0.0065 0.0308947 0.00614535 -0.0065 0.0315 0 -0.0065 0.0308947 -0.00614535 -0.0065 -0.0315 0 0.0055 0.0425 -0.0475 0.0055 0.0425 0.00480919 0.0055 0.02235 5.47417e-18 0.0055 0.0424812 0.00480919 0.0055 0.0425 0.005 0.0055 0.0416834 0.0132913 0.0055 0.0392649 0.021264 0.0055 0.0353375 0.0286117 0.0055 0.030052 0.035052 0.0055 0.0236117 0.0403375 0.0055 0.016264 0.0442649 0.0055 0.00829134 0.0466834 0.0055 -1.86265e-09 0.0475 0.0055 -0.00829134 0.0466834 0.0055 -0.016264 0.0442649 0.0055 -0.0236117 0.0403375 0.0055 -0.030052 0.035052 0.0055 -0.0353375 0.0286117 0.0055 -0.0392649 0.021264 0.0055 -0.0416834 0.0132913 0.0055 -0.0215884 0.00578461 0.0055 -0.0193557 0.011175 0.0055 0.0215884 0.00578461 0.0055 -0.0158038 0.0158038 0.0055 0.0193557 0.011175 0.0055 0.0158038 0.0158038 0.0055 -0.011175 0.0193557 0.0055 -0.00578461 0.0215884 0.0055 0.011175 0.0193557 0.0055 -1.86265e-09 0.02235 0.0055 0.0057846 0.0215884 0.0055 -0.02235 -2.73709e-18 0.0055 -0.0425 0.005 0.0055 -0.0424812 0.00480919 0.0055 -0.0425 0.00480919 0.0055 -0.0425 -0.0475 0.0055 0.0215884 -0.00578461 0.0055 0.0193557 -0.011175 0.0055 -0.0215884 -0.00578461 0.0055 -0.0193557 -0.011175 0.0055 0.0158038 -0.0158038 0.0055 -0.0158038 -0.0158038 0.0055 0.011175 -0.0193557 0.0055 0.0057846 -0.0215884 0.0055 -0.011175 -0.0193557 0.0055 -0.00578461 -0.0215884 0.0055 -1.86265e-09 -0.02235 0.0055 0.0187096 0.000745 0.0055 0.01851 3.55271e-18 0.0055 0.0187096 -0.000745 0.0055 0.019255 -0.00129038 0.0055 0.02 -0.00149 0.0055 0.020745 -0.00129038 0.0055 0.0212904 -0.000745 0.0055 0.02149 3.55271e-18 0.0055 0.0212904 0.000745 0.0055 0.020745 0.00129038 0.0055 0.02 0.00149 0.0055 0.019255 0.00129038 0.0055 0.0148921 -0.0154411 0.0055 0.0141421 -0.0156421 0.0055 0.0154411 -0.0148921 0.0055 0.0154411 -0.0133921 0.0055 0.0156421 -0.0141421 0.0055 0.0148921 -0.0128431 0.0055 0.0133921 -0.0154411 0.0055 -0.0128431 -0.0148921 0.0055 -0.0133921 -0.0154411 0.0055 -0.0141421 -0.0156421 0.0055 0.0126421 -0.0141421 0.0055 0.0128431 -0.0133921 0.0055 -0.0128431 -0.0133921 0.0055 -0.0126421 -0.0141421 0.0055 0.0141421 -0.0126421 0.0055 -0.0141421 -0.0126421 0.0055 -0.0148921 -0.0154411 0.0055 -0.0156421 -0.0141421 0.0055 -0.0154411 -0.0133921 0.0055 -0.0148921 -0.0128431 0.0055 -0.0154411 -0.0148921 0.0055 0.0133921 -0.0128431 0.0055 -0.0133921 -0.0128431 0.0055 0.0128431 -0.0148921 0.0055 -0.0141421 0.0126421 0.0055 -0.0148921 0.0128431 0.0055 -0.0154411 0.0133921 0.0055 -0.0156421 0.0141421 0.0055 -0.0154411 0.0148921 0.0055 -0.0148921 0.0154411 0.0055 0.0148921 0.0128431 0.0055 0.0141421 0.0126421 0.0055 0.0154411 0.0133921 0.0055 0.0156421 0.0141421 0.0055 0.0154411 0.0148921 0.0055 0.0148921 0.0154411 0.0055 0.0141421 0.0156421 0.0055 -0.0128431 0.0133921 0.0055 -0.0133921 0.0128431 0.0055 0.0133921 0.0128431 0.0055 -0.0126421 0.0141421 0.0055 0.0128431 0.0133921 0.0055 -0.0141421 0.0156421 0.0055 -0.0133921 0.0154411 0.0055 0.0133921 0.0154411 0.0055 -0.0128431 0.0148921 0.0055 0.0128431 0.0148921 0.0055 0.0126421 0.0141421 5.56897e-10 0.0308947 -0.00614535 5.3044e-10 0.0315 0 6.35251e-10 0.0291022 -0.0120545 7.62491e-10 0.0261913 -0.0175005 -9.73621e-10 0.0222739 -0.0222739 -7.64969e-10 0.0175005 -0.0261913 -5.2692e-10 0.0120545 -0.0291022 -2.68621e-10 0.00614534 -0.0308947 8.14188e-17 -1.86265e-09 -0.0315 2.68622e-10 -0.00614535 -0.0308947 5.2692e-10 -0.0120545 -0.0291022 7.6497e-10 -0.0175005 -0.0261913 -9.33727e-10 -0.0222739 -0.0222739 -7.62491e-10 -0.0261913 -0.0175005 -6.35251e-10 -0.0291022 -0.0120545 -5.56897e-10 -0.0308947 -0.00614535 -5.3044e-10 -0.0315 0 -5.56897e-10 -0.0308947 0.00614535 -6.35251e-10 -0.0291022 0.0120545 -7.62491e-10 -0.0261913 0.0175005 -9.33727e-10 -0.0222739 0.0222739 7.6497e-10 -0.0175005 0.0261913 5.2692e-10 -0.0120545 0.0291022 2.68622e-10 -0.00614535 0.0308947 8.14188e-17 -1.86265e-09 0.0315 -2.68621e-10 0.00614534 0.0308947 -5.2692e-10 0.0120545 0.0291022 -7.64969e-10 0.0175005 0.0261913 -9.73621e-10 0.0222739 0.0222739 7.62491e-10 0.0261913 0.0175005 6.35251e-10 0.0291022 0.0120545 -6.74954e-10 0.0154411 -0.0133921 5.56897e-10 0.0308947 0.00614535 -5.85387e-10 0.0133921 -0.0154411 -6.14037e-10 0.0140475 -0.0156168 -6.18171e-10 0.0141421 -0.0156421 -6.46821e-10 0.0147975 -0.0154665 -6.50954e-10 0.0148921 -0.0154411 -6.83738e-10 0.0156421 -0.0141421 -6.76061e-10 0.0154665 -0.0134867 -6.74954e-10 0.0154411 -0.0148921 -6.8263e-10 0.0156168 -0.0142367 -6.71928e-10 0.0153719 -0.0149613 -5.82361e-10 0.0133229 -0.0153719 5.61388e-10 -0.0128431 -0.0148921 5.53711e-10 -0.0126674 -0.0142367 5.52604e-10 -0.0126421 -0.0141421 5.60281e-10 -0.0128177 -0.0134867 5.61388e-10 -0.0128431 -0.0133921 -5.61388e-10 0.0128431 -0.0148921 -5.52604e-10 0.0126421 -0.0141421 -5.6028e-10 0.0128177 -0.0147975 -5.61388e-10 0.0128431 -0.0133921 -5.53711e-10 0.0126674 -0.0140475 5.64414e-10 -0.0129123 -0.0133229 5.85387e-10 -0.0133921 -0.0128431 6.14037e-10 -0.0140475 -0.0126674 6.18171e-10 -0.0141421 -0.0126421 -5.64414e-10 0.0129123 -0.0133229 6.46821e-10 -0.0147975 -0.0128177 6.50954e-10 -0.0148921 -0.0128431 -6.18171e-10 0.0141421 -0.0126421 -5.89521e-10 0.0134867 -0.0128177 -5.85387e-10 0.0133921 -0.0128431 -6.50954e-10 0.0148921 -0.0128431 -6.22304e-10 0.0142367 -0.0126674 -6.5398e-10 0.0149613 -0.0129123 -6.5398e-10 0.0149613 0.0129123 -6.74954e-10 0.0154411 0.0133921 -6.18171e-10 0.0141421 0.0126421 -6.46821e-10 0.0147975 0.0128177 -6.50954e-10 0.0148921 0.0128431 -5.85387e-10 0.0133921 0.0128431 -6.14037e-10 0.0140475 0.0126674 6.71928e-10 -0.0153719 -0.0133229 6.74954e-10 -0.0154411 -0.0133921 6.71928e-10 -0.0153719 0.0133229 6.50954e-10 -0.0148921 0.0128431 6.22304e-10 -0.0142367 0.0126674 6.18171e-10 -0.0141421 0.0126421 5.89521e-10 -0.0134867 0.0128177 5.85387e-10 -0.0133921 0.0128431 -5.64414e-10 0.0129123 0.0133229 5.82362e-10 -0.0133229 0.0129123 -5.61388e-10 0.0128431 0.0133921 -5.52604e-10 0.0126421 0.0141421 -5.6028e-10 0.0128177 0.0134867 -5.61388e-10 0.0128431 0.0148921 -5.53711e-10 0.0126674 0.0142367 5.85387e-10 -0.0133921 0.0154411 5.64414e-10 -0.0129123 0.0149613 5.52604e-10 -0.0126421 0.0141421 5.60281e-10 -0.0128177 0.0147975 5.61388e-10 -0.0128431 0.0148921 5.61388e-10 -0.0128431 0.0133921 5.53711e-10 -0.0126674 0.0140475 5.82362e-10 -0.0133229 -0.0153719 6.8263e-10 -0.0156168 -0.0140475 6.83738e-10 -0.0156421 -0.0141421 6.76061e-10 -0.0154665 -0.0147975 6.74954e-10 -0.0154411 -0.0148921 5.85387e-10 -0.0133921 -0.0154411 6.18171e-10 -0.0141421 -0.0156421 5.89521e-10 -0.0134867 -0.0154665 6.50954e-10 -0.0148921 -0.0154411 6.22304e-10 -0.0142367 -0.0156168 6.71928e-10 -0.0153719 -0.0149613 6.74954e-10 -0.0154411 0.0133921 6.14037e-10 -0.0140475 0.0156168 6.18171e-10 -0.0141421 0.0156421 6.46821e-10 -0.0147975 0.0154665 6.50954e-10 -0.0148921 0.0154411 6.76061e-10 -0.0154665 0.0134867 6.83738e-10 -0.0156421 0.0141421 6.5398e-10 -0.0149613 0.0153719 6.74954e-10 -0.0154411 0.0148921 6.8263e-10 -0.0156168 0.0142367 -6.8263e-10 0.0156168 0.0140475 -6.83738e-10 0.0156421 0.0141421 -6.76061e-10 0.0154665 0.0147975 -6.74954e-10 0.0154411 0.0148921 -6.5398e-10 0.0149613 0.0153719 -6.50954e-10 0.0148921 0.0154411 -6.22304e-10 0.0142367 0.0156168 -6.18171e-10 0.0141421 0.0156421 -5.89521e-10 0.0134867 0.0154665 -5.85387e-10 0.0133921 0.0154411 -5.82361e-10 0.0133229 0.0153719 -0.1545 -0.0329956 -0.0575 -0.1545 -0.0329956 -0.0475 -0.1545 0.0329955 -0.0475 -0.1545 0.0329955 -0.0575 0.00549998 0.0425 -0.0475 0.00549998 0.0425 -0.0575 0.00549998 -0.0425 -0.0475 0.00549998 -0.0425 -0.0575</float_array>
                    <technique_common>
                        <accessor count="2795" source="#shape0-lib-positions-array" stride="3">
                            <param name="X" type="float"/>
                            <param name="Y" type="float"/>
                            <param name="Z" type="float"/>
                        </accessor>
                    </technique_common>
                </source>
                <source id="shape0-lib-normals" name="normal">
                    <float_array id="shape0-lib-normals-array" count="16782">1 0 0 1 0 0 1 0 0 1 0 0 1 0 0 1 0 0 1 0 0 1 0 0 1 0 0 1 0 0 1 0 0 1 0 0 1 0 0 1 0 0 1 0 0 1 0 0 1 0 0 1 0 0 1 0 0 1 0 0 1 0 0 1 0 0 1 0 0 1 0 0 1 0 0 1 0 0 1 0 0 1 0 0 1 0 0 1 0 0 1 0 0 1 0 0 1 0 0 1 0 0 1 0 0 1 0 0 1 0 0 1 0 0 1 0 0 1 0 0 1 0 0 1 0 0 1 0 0 1 0 0 1 0 0 1 0 0 1 0 0 1 0 0 0.704063 0.0926917 -0.704063 0.704065 0.0926912 -0.704061 0.256752 -0.126151 0.958209 0.256749 -0.12615 0.95821 0.958252 0.0373205 -0.283477 0.958252 0.0373207 -0.283479 0.958252 -0.0373205 0.283478 0.958252 -0.0373206 0.283478 0.704063 -0.0926916 0.704063 0.704064 -0.0926916 0.704062 -0.256752 -0.12615 0.958209 -0.256748 -0.126151 0.95821 -0.256749 0.126151 -0.95821 -0.256751 0.12615 -0.958209 0.25675 0.12615 -0.95821 0.256751 0.12615 -0.958209 1 0 0 1 0 0 1 0 0 1 0 0 1 0 0 1 0 0 1 0 0 1 0 0 1 0 0 1 0 0 1 0 0 1 1.54838e-07 1.54838e-07 1 1.78072e-07 1.0281e-07 1 0 0 1 0 0 1 0 0 1 0 0 1 0 0 1 0 0 1 0 0 1 0 0 1 1.54838e-07 1.54838e-07 1 1.78072e-07 1.0281e-07 1 0 0 1 0 0 1 0 0 1 0 0 1 0 0 1 0 0 1 0 0 1 1.78072e-07 -1.0281e-07 1 1.54838e-07 -1.54838e-07 1 0 0 1 0 0 1 0 0 1 0 0 1 0 0 1 0 0 1 0 0 1 0 0 1 0 0 1 1.54838e-07 -1.54838e-07 1 1.78072e-07 -1.0281e-07 1 0 0 1 0 0 1 0 0 1 0 0 1 0 0 1 0 0 1 0 0 1 0 0 1 0 0 1 0 0 1 2.06824e-07 1.1941e-07 1 3.41899e-06 -4.45571e-06 1 4.45571e-06 -3.41899e-06 1 1.2075e-07 2.09145e-07 1 0 0 1 0 0 1 0 0 1 0 0 1 0 0 1 0 0 1 0 0 1 0 0 1 0 0 1 2.06824e-07 -1.1941e-07 1 3.41899e-06 4.45571e-06 1 4.45571e-06 3.41899e-06 1 1.2075e-07 -2.09146e-07 1 0 0 1 0 0 1 0 0 1 0 0 1 0 0 1 1.2075e-07 -2.09146e-07 1 4.45571e-06 3.41899e-06 1 3.41899e-06 4.45571e-06 1 2.06824e-07 -1.1941e-07 1 0 0 1 0 0 1 0 0 1 0 0 1 0 0 1 0 0 1 2.06824e-07 1.1941e-07 1 3.41899e-06 -4.45571e-06 1 4.45571e-06 -3.41899e-06 1 1.2075e-07 2.09145e-07 1 0 0 1 0 0 1 0 0 1 0 0 1 0 0 1 0 0 1 0 0 -1 0 0 -1 0 0 -1 0 0 -1 0 0 -1 0 0 -1 0 0 -1 0 0 -1 0 0 -1 0 0 -1 -1.2075e-07 2.09145e-07 -1 -9.18597e-07 -7.04864e-07 -1 -7.04864e-07 -9.18597e-07 -1 -1.98346e-07 1.14515e-07 -1 0 0 -1 0 0 -1 0 0 -1 0 0 -1 0 0 -1 0 0 -1 0 0 -1 0 0 -1 -1.2075e-07 2.09145e-07 -1 -9.18597e-07 -7.04864e-07 -1 -7.04864e-07 -9.18597e-07 -1 -1.98346e-07 1.14515e-07 -1 0 0 -1 0 0 -1 0 0 -1 0 0 -1 0 0 -1 0 0 -1 0 0 -1 -1.98346e-07 -1.14515e-07 -1 -7.04864e-07 9.18597e-07 -1 -9.18597e-07 7.04864e-07 -1 -1.2075e-07 -2.09145e-07 -1 0 0 -1 0 0 -1 0 0 -1 -1.2075e-07 -2.09145e-07 -1 -9.18597e-07 7.04864e-07 -1 -7.04864e-07 9.18597e-07 -1 -1.98346e-07 -1.14515e-07 -1 0 0 -1 0 0 -1 0 0 -1 0 0 -1 0 0 -1 0 0 -1 0 0 -1 0 0 -1 0 0 -1 0 0 -1 0 0 -1 0 0 -1 0 0 -1 0 0 -1 0 0 -1 0 0 -1 -1.61154e-07 1.61154e-07 -1 -1.78072e-07 1.0281e-07 -1 0 0 -1 0 0 -1 0 0 -1 -1.78072e-07 -1.0281e-07 -1 -1.61154e-07 -1.61154e-07 -1 0 0 -1 0 0 -1 0 0 -1 0 0 -1 0 0 -1 0 0 -1 0 0 -1 0 0 -1 0 0 -1 0 0 -1 0 0 -1 0 0 -1 0 0 -1 -1.61154e-07 -1.61154e-07 -1 -1.78072e-07 -1.0281e-07 -1 0 0 -1 0 0 -1 0 0 -1 0 0 -1 -1.78072e-07 1.0281e-07 -1 -1.61154e-07 1.61154e-07 -1 0 0 -1 0 0 -1 0 0 -1 0 0 -1 0 0 -1 0 0 -1 0 0 -1 0 0 -1 0 0 5.70547e-09 -0.130526 0.991445 0 -0.130526 0.991445 0 0.130526 -0.991445 0 0.130526 -0.991445 -1 0 0 -1 3.58557e-07 6.2104e-07 -1 -1.72955e-07 -7.16402e-08 -1 -1.16675e-07 -1.53606e-08 -1 -8.25018e-08 1.08616e-08 -1 -5.89916e-08 2.44351e-08 -1 -3.34123e-07 -8.9528e-08 -1 0 0 -1 0 0 -1 0 0 -1 0 0 -1 0 0 -1 0 0 -1 -2.57243e-07 1.4852e-07 -1 -4.13615e-08 -1.71325e-08 -1 -5.1689e-08 -6.80499e-09 -1 -6.33058e-08 8.33438e-09 -1 -7.68794e-08 3.18445e-08 -1 1.16675e-07 -4.35437e-07 -1 0 0 -1 0 0 -1 0 0 1 0 0 1 0 0 1 0 0 1 -1.16675e-07 4.35437e-07 1 7.68794e-08 -3.18445e-08 1 6.33058e-08 -8.33438e-09 1 5.1689e-08 6.80499e-09 1 4.13615e-08 1.71325e-08 1 2.57243e-07 -1.4852e-07 1 0 0 1 0 0 1 0 0 1 0 0 1 0 0 1 0 0 1 3.34123e-07 8.9528e-08 1 5.89916e-08 -2.44351e-08 1 8.25018e-08 -1.08616e-08 1 1.16675e-07 1.53606e-08 1 1.72955e-07 7.16402e-08 1 -3.58557e-07 -6.2104e-07 1 0 0 -9.18887e-07 0.130524 -0.991445 5.79922e-07 0.130528 -0.991445 -1.30165e-07 0.130526 -0.991445 0.00024222 0.129507 -0.991579 0 0.130526 -0.991445 -5.91247e-09 0.130526 -0.991445 -9.27358e-07 0.130519 -0.991446 1.54574e-07 0.130527 -0.991445 -4.25703e-09 0.130526 -0.991445 5.70548e-09 -0.130526 0.991445 9.07284e-09 -0.130526 0.991445 0.704063 0.0926915 -0.704062 0.704063 0.0926916 -0.704062 1 0 0 1 0 0 1 0 0 1 0 0 1 0 0 1 0 0 1 0 0 1 0 0 1 0 0 1 0 0 1 0 0 1 0 0 1 0 0 1 0 0 1 0 0 1 0 0 1 0 0 1 0 0 1 0 0 1 0 0 1 0 0 1 0 0 1.56899e-07 0.130526 -0.991445 -1.69903e-07 0.130526 -0.991445 1.01043e-07 0.130526 -0.991445 -2.00949e-08 0.130526 -0.991445 -6.05947e-09 0.130524 -0.991445 -1.50797e-08 0.130524 -0.991445 2.00044e-08 0.130526 -0.991445 -1.67626e-07 0.130526 -0.991445 3.71481e-07 0.130526 -0.991445 -1.47528e-06 0.130526 -0.991445 -4.37895e-09 0.130525 -0.991445 1 0 0 1 0 0 1 0 0 1 0 0 1 0 0 1 0 0 1 0 0 1 0 0 1 0 0 1 0 0 0.258819 -0.965926 0 0.258819 -0.965926 0 0.258819 -0.965926 0 0.258819 -0.965926 0 0.132788 -0.495572 -0.858356 0.707107 -0.707107 0 0.707107 -0.707107 0 -0.704062 0.0926916 -0.704063 -0.704063 0.0926915 -0.704063 -0.704063 0.0926915 -0.704062 0.707107 -0.707107 0 0.707107 -0.707107 0 0.362784 -0.362784 -0.858356 0.965926 -0.258819 0 0.965926 -0.258819 0 0.965926 -0.258819 -1.89696e-06 0.965926 -0.258819 0 0.965926 -0.258819 0 0.495572 -0.132788 -0.858356 0.258819 0.875426 0.408218 0.258819 0.875426 0.408218 0.258819 0.875426 0.408218 -0.965926 -0.258817 0 -0.965926 -0.258817 0 -0.965926 -0.258819 0 -0.965926 -0.258819 0 -0.495573 -0.132787 -0.858356 -0.707106 -0.707108 0 -0.707106 -0.707108 0 -0.707107 -0.707107 0 -0.707107 -0.707107 0 -0.362784 -0.362785 -0.858356 -0.258819 -0.965926 0 -0.258819 -0.965926 0 -0.258819 -0.965926 0 -0.258819 -0.965926 0 -0.132788 -0.495572 -0.858356 -0.258819 0.875426 0.408218 -0.258819 0.875426 0.408218 -0.258819 0.875426 0.408218 4.81922e-08 -0.965926 -0.258819 4.7623e-08 -0.965926 -0.258819 0.704061 0.0926917 -0.704064 0.704062 0.0926915 -0.704063 4.81922e-08 -0.965926 0.258819 4.7623e-08 -0.965926 0.258819 3.52791e-08 -0.707106 0.707108 3.9219e-08 -0.707106 0.707108 3.52791e-08 -0.707106 -0.707108 3.36163e-08 -0.707106 -0.707108 1.29132e-08 -0.258822 0.965925 1.12054e-08 -0.258822 0.965925 1.13133e-08 -0.258819 -0.965926 1.40068e-08 -0.258819 -0.965926 0.189016 -0.740004 -0.645498 0.508589 -0.347373 -0.787826 0.508583 -0.347358 -0.787836 0.508589 -0.347377 -0.787824 0.069185 -0.705412 -0.705413 0.0691845 -0.705412 -0.705413 0.186157 -0.254295 -0.949041 0.186157 -0.254295 -0.949041 -0.0691845 -0.705412 -0.705413 -0.0691849 -0.705412 -0.705413 -0.186157 -0.254295 -0.949041 -0.186157 -0.254295 -0.949041 1 0 0 1 0 0 1 0 0 1 0 0 1 0 0 1 0 0 1 0 0 1 0 0 1 0 0 1 0 0 1 0 0 1 0 0 1 0 0 1 0 0 1 0 0 1 0 0 1 0 0 1 0 0 1 0 0 1 0 0 1 0 0 1 0 0 1 0 0 1 0 0 0.694746 0.186156 -0.694747 0.694746 0.186157 -0.694747 0.694746 0.508591 -0.50859 0.694746 0.50859 -0.50859 -0.189015 -0.740004 -0.645498 -0.508591 -0.347374 -0.787824 -0.508589 -0.347374 -0.787826 -0.50859 -0.347373 -0.787825 0 0.258819 -0.965926 0 0.258819 -0.965926 0 0.707107 -0.707107 0 0.707107 -0.707107 0 0.965926 -0.258819 0 0.965926 -0.258819 0.694746 0.694747 -0.186157 0.694746 0.694747 -0.186157 0 0.965926 0.258819 0 0.965926 0.258819 0 0.707107 0.707107 0 0.707107 0.707107 -1.13133e-08 0.258819 0.965926 0 0.258819 0.965926 0.694746 0.694747 0.186157 0.694746 0.694747 0.186157 0.694746 0.50859 0.508589 0.694746 0.50859 0.50859 0.694746 0.186157 0.694747 0.694746 0.186156 0.694747 0 0.130526 -0.991445 -3.68672e-08 0.130526 -0.991445 -0.256752 0.126151 -0.958209 -0.256746 0.126151 -0.95821 -0.704067 0.0926911 -0.704058 -0.704064 0.0926916 -0.704061 -0.965364 0.034055 -0.258673 -0.965365 0.0340544 -0.258669 0 -0.130526 0.991445 5.70546e-09 -0.130526 0.991445 1 0 0 1 0 0 1 0 0 1 1.55514e-07 4.16699e-08 1 1.41648e-07 8.1781e-08 1 0 0 1 0 0 1 0 0 1 0 0 1 0 0 1 0 0 1 0 0 1 0 0 1 0 0 1 1.55514e-07 -4.16699e-08 1 1.41648e-07 -8.1781e-08 1 0 0 1 0 0 1 0 0 1 0 0 1 0 0 1 0 0 1 0 0 1 0 0 1 0 0 1 0 0 1 0 0 1 0 0 1 0 0 1 0 0 1 0 0 1 1.41648e-07 -8.1781e-08 1 1.55514e-07 -4.16699e-08 1 0 0 1 0 0 1 1.55514e-07 4.16699e-08 1 1.41648e-07 8.1781e-08 1 0 0 1 0 0 1 0 0 1 0 0 1 0 0 1 0 0 1 0 0 1 0 0 1 0 0 1 0 0 1 0 0 -0.704062 0.0926918 -0.704063 -0.704063 0.0926915 -0.704062 0 0.130526 -0.991445 0 0.130526 -0.991445 0.704065 0.271757 -0.65608 0.704063 0.271758 -0.656081 0.256751 -0.369855 0.892909 0.256749 -0.369855 0.892909 0.958252 0.109419 -0.26416 0.958252 0.109418 -0.264159 0.958252 -0.109418 0.264159 0.958252 -0.109419 0.26416 0.704064 -0.271758 0.656081 0.704063 -0.271758 0.656081 -0.256748 -0.369855 0.89291 -0.256752 -0.369855 0.892909 -0.256752 0.369855 -0.892909 -0.256751 0.369855 -0.892909 0.256751 0.369855 -0.892909 0.256751 0.369855 -0.892909 0 -0.382683 0.92388 0 -0.382683 0.92388 0 0.382684 -0.92388 0 0.382684 -0.92388 0 0.382683 -0.92388 1.33941e-07 0.382684 -0.923879 -1.67404e-07 0.382684 -0.92388 0 0.382684 -0.923879 -2.37291e-07 0.382683 -0.92388 -1.82205e-08 0.382684 -0.92388 3.71253e-08 -0.382683 0.92388 0 -0.382683 0.92388 0.704063 0.271758 -0.656082 0.704063 0.271758 -0.656082 -1.77658e-08 0.382685 -0.923879 -8.01336e-08 0.382684 -0.923879 -5.30016e-07 0.382683 -0.92388 2.6693e-07 0.382684 -0.923879 0 0.382683 -0.92388 3.96392e-06 0.382683 -0.92388 2.18618e-07 0.382684 -0.923879 -4.42125e-08 0.382685 -0.923879 0 0.382683 -0.92388 1 0 0 1 0 0 1 0 0 1 0 0 1 0 0 1 0 0 1 0 0 1 0 0 1 0 0 1 0 0 -0.965926 -0.234568 -0.109381 -0.965926 -0.234568 -0.109381 0 0.422619 -0.906308 0 0.422618 -0.906308 0 0.422618 -0.906308 0 0.422611 -0.906311 4.06599e-07 0.422622 -0.906306 0 0.422619 -0.906307 0 0.422618 -0.906308 1.43975e-07 0.422618 -0.906308 1.7092e-07 0.422618 -0.906308 -4.06599e-07 0.422622 -0.906306 0 0.422619 -0.906307 4.76601e-07 0.42262 -0.906307 -8.95021e-07 0.422618 -0.906308 6.10647e-08 0.422612 -0.906311 0 0.422614 -0.90631 -6.10646e-08 0.422612 -0.906311 8.99496e-07 0.422618 -0.906308 -4.76602e-07 0.42262 -0.906307 -1.7092e-07 0.422618 -0.906308 -2.82902e-07 0.422618 -0.906308 0 0.422618 -0.906308 -4.47266e-08 0.422619 -0.906308 -4.47266e-08 0.422619 -0.906308 0 0.422619 -0.906308 -0.965926 -0.23457 -0.109382 -0.965918 -0.234563 -0.109469 -0.965926 -0.234569 -0.109381 -0.495573 0.242411 -0.834053 -0.707106 -0.640857 -0.298837 -0.707106 -0.640857 -0.298837 -0.362784 0.0339629 -0.931254 -0.132788 -0.0863839 -0.987373 0.132788 -0.0863839 -0.987373 0.707107 -0.640856 -0.298836 0.707106 -0.640857 -0.298837 0.362784 0.033963 -0.931254 0.965926 -0.234569 -0.109382 0.965926 -0.23457 -0.109382 0.965926 -0.234569 -0.109381 0.965926 -0.234568 -0.109383 0.965926 -0.234569 -0.109382 0.965923 -0.234578 -0.109385 -0.704063 0.271758 -0.656082 -0.704063 0.271757 -0.656082 -0.70406 0.271759 -0.656084 -0.704066 0.271757 -0.656078 -0.704063 0.271758 -0.656082 0.495572 0.24241 -0.834054 0.965926 0.23457 0.109382 0.965926 0.23457 0.109382 0.965926 0.23457 0.109382 0.965926 0.23457 0.109381 0.965926 0.234569 0.109381 0.495572 0.483104 -0.721816 0.707107 0.640857 0.298836 0.707107 0.640857 0.298836 0.707107 0.640856 0.298836 0.707107 0.640856 0.298836 0.362784 0.691551 -0.624616 0.258819 0.875426 0.408218 0.258819 0.875426 0.408218 0.132789 0.811898 -0.568497 -0.258819 0.875426 0.408218 -0.258819 0.875426 0.408218 -0.132789 0.811898 -0.568497 -0.707106 0.640857 0.298837 -0.707106 0.640857 0.298837 -0.707107 0.640856 0.298836 -0.707107 0.640856 0.298836 -0.362783 0.691552 -0.624615 -0.965926 0.234568 0.109381 -0.965926 0.234568 0.109381 -0.965926 0.23457 0.109382 -0.965926 0.23457 0.109381 -0.495573 0.483103 -0.721817 -1.72174e-08 0.258819 -0.965926 -1.96095e-08 0.258819 -0.965926 -4.70389e-08 0.707107 -0.707106 -4.48216e-08 0.707107 -0.707106 0.704062 0.271758 -0.656082 0.704062 0.271758 -0.656083 0.684549 0.125281 -0.71812 0.684549 0.125282 -0.71812 0.250563 0.250562 -0.935113 0.250563 0.250563 -0.935113 -0.250563 0.250562 -0.935113 -0.250563 0.250563 -0.935113 1 0 0 1 0 0 1 0 0 1 0 0 1 0 0 1 0 0 1 0 0 1 0 0 1 0 0 1 0 0 1 0 0 1 0 0 1 0 0 1 0 0 1 0 0 1 0 0 1 0 0 1 0 0 1 0 0 1 0 0 1 0 0 1 0 0 1 0 0 1 0 0 0 0.258818 -0.965926 0 0.258818 -0.965926 0 0.707107 -0.707106 0 0.707107 -0.707106 0 0.965926 -0.258818 0 0.965926 -0.258818 0.694746 0.186157 -0.694747 0.694746 0.186156 -0.694747 0.694747 0.508589 -0.508591 0.694746 0.50859 -0.50859 0.694746 0.694747 -0.186156 0.694746 0.694747 -0.186156 0 -0.965926 0.25882 0 -0.965926 0.25882 0 -0.707107 0.707106 0 -0.707107 0.707106 0 -0.258821 0.965925 1.68081e-08 -0.258822 0.965925 0.694746 0.694747 0.186156 0.694746 0.694747 0.186156 0.694746 0.50859 0.508591 0.694746 0.50859 0.50859 1.72174e-08 -0.258819 -0.965926 0 -0.258819 -0.965926 0 -0.707107 -0.707106 0 -0.707107 -0.707106 0 -0.965926 -0.258819 0 -0.965926 -0.258819 0 -0.258818 -0.965926 0 -0.258818 -0.965926 0.694746 -0.694747 -0.186157 0.694746 -0.694747 -0.186157 0.694746 -0.50859 -0.50859 0.694746 -0.50859 -0.50859 0.694746 -0.186156 -0.694747 0.694746 -0.186156 -0.694747 -1.72176e-08 0.258822 0.965925 -1.68081e-08 0.258822 0.965925 -6.44311e-08 0.965926 -0.258819 -6.42563e-08 0.965926 -0.258819 -4.70389e-08 0.707107 0.707106 -4.48216e-08 0.707107 0.707106 -6.42563e-08 0.965926 0.258819 -6.44312e-08 0.965926 0.258819 -0.684551 0.125281 -0.718119 -0.68455 0.125281 -0.718119 0 0.258819 0.965926 0 0.258819 0.965926 0.694746 0.186157 0.694747 0.694746 0.186157 0.694747 0 -0.258819 0.965926 0 -0.258819 0.965926 0 -0.707107 0.707107 0 -0.707107 0.707107 0 -0.965926 0.258819 0 -0.965926 0.258819 0.694746 -0.186157 0.694747 0.694746 -0.186157 0.694747 0.694746 -0.50859 0.50859 0.694746 -0.50859 0.50859 0.694746 -0.694747 0.186157 0.694746 -0.694747 0.186157 0 -0.965926 -0.258819 0 -0.965926 -0.258819 0 -0.707107 -0.707106 0 -0.707107 -0.707106 0 0.382684 -0.92388 -1.47469e-07 0.382683 -0.92388 -0.256757 0.369854 -0.892908 -0.256747 0.369855 -0.89291 -0.704065 0.271757 -0.65608 -0.704062 0.271758 -0.656082 -0.965366 0.0998424 -0.241041 -0.965365 0.0998429 -0.241042 0 -0.382683 0.92388 0 -0.382683 0.92388 -0.704063 0.271758 -0.656082 -0.704062 0.271758 -0.656082 0 0.382683 -0.92388 0 0.382683 -0.92388 0.704063 0.432304 -0.56339 0.704064 0.432304 -0.563389 0.256752 -0.588354 0.766758 0.256752 -0.588354 0.766758 0.958252 0.174059 -0.226838 0.958252 0.17406 -0.226839 0.958252 -0.174059 0.226839 0.958252 -0.17406 0.226839 0.704063 -0.432304 0.56339 0.704065 -0.432303 0.563389 -0.256753 -0.588354 0.766758 -0.256752 -0.588354 0.766758 -0.256754 0.588354 -0.766758 -0.256752 0.588354 -0.766758 0.256751 0.588354 -0.766758 0.256751 0.588354 -0.766758 0 -0.258819 -0.965926 0 -0.258819 -0.965926 0 -0.707106 -0.707107 0 -0.707106 -0.707107 0 -0.965926 -0.258819 0 -0.965926 -0.258819 0 -0.965926 0.258819 0 -0.965926 0.258819 0 -0.707107 0.707107 0 -0.707107 0.707107 0 0.707107 -0.707107 0 0.707107 -0.707107 0 0.258819 -0.965926 0 0.258819 -0.965926 -1 -2.66488e-07 2.66488e-07 -1 -3.57025e-08 -1.33244e-07 -1 -5.63154e-08 -5.63154e-08 -1 -5.63154e-08 -1.50897e-08 -1 -4.87706e-08 1.3068e-08 -1 -3.57025e-08 3.57025e-08 -1 -1.50897e-08 5.63154e-08 -1 -2.10172e-07 -5.63155e-08 -1 0 0 -1 0 0 -0.694748 -0.186157 -0.694746 -0.694747 -0.186157 -0.694746 -0.694748 -0.508588 -0.508589 -0.694748 -0.508589 -0.508589 -0.694748 -0.694745 -0.186156 -0.694747 -0.694746 -0.186157 -0.694747 -0.694746 0.186157 -0.694748 -0.694746 0.186157 -0.694748 -0.508589 0.508589 -0.694748 -0.508589 0.508589 -0.694748 0.508589 -0.508589 -0.694748 0.508589 -0.508589 -0.694747 0.186156 -0.694746 -0.694748 0.186157 -0.694745 0 -0.608761 0.793353 0 -0.608761 0.793353 0 0.608762 -0.793353 0 0.608762 -0.793353 -1.19132e-07 0.608761 -0.793353 -7.65623e-08 0.608761 -0.793353 -2.30254e-07 0.608761 -0.793353 0 0.608762 -0.793353 -5.02846e-08 0.608761 -0.793353 0 0.608761 -0.793353 0 -0.608762 0.793353 0 -0.608762 0.793353 0.704063 0.432304 -0.56339 0.704063 0.432304 -0.56339 -7.82005e-08 0.608762 -0.793353 -7.63066e-08 0.608762 -0.793353 -1.62397e-07 0.608762 -0.793353 3.92941e-05 0.608762 -0.793353 0 0.608762 -0.793353 -4.32824e-08 0.608761 -0.793353 0 0.608761 -0.793353 5.85194e-08 0.608761 -0.793353 0 0.608765 -0.79335 1.58593e-08 -0.25882 0.965926 1.65143e-08 -0.25882 0.965926 -0.258819 -0.875427 -0.408217 -0.258819 -0.875427 -0.408217 0.258819 -0.875427 -0.408217 0.258819 -0.875427 -0.408217 -0.704063 0.432304 -0.563389 -0.704062 0.432305 -0.56339 -1.58592e-08 0.258819 -0.965926 -1.56542e-08 0.258819 -0.965926 0 -0.258817 0.965926 0 -0.258817 0.965926 0.704062 0.432305 -0.563391 0.704063 0.432304 -0.56339 0 0.258819 -0.965926 0 0.258819 -0.965926 0 -0.5 0.866025 0 -0.5 0.866025 8.66562e-08 -0.707106 0.707107 4.33501e-08 -0.707106 0.707108 -4.33501e-08 0.707107 -0.707107 -4.33281e-08 0.707107 -0.707107 0 -0.707107 0.707106 0 -0.707107 0.707106 0 0.707107 -0.707107 0 0.707107 -0.707107 1 0 0 1 0 0 1 0 0 1 0 0 1 0 0 1 0 0 1 0 0 1 0 0 1 0 0 1 0 0 1 0 0 1 0 0 1 0 0 1 0 0 1 0 0 1 0 0 1 0 0 1 0 0 1 0 0 1 0 0 1 0 0 1 0 0 1 0 0 1 0 0 -4.33281e-08 0.707107 -0.707107 -4.33501e-08 0.707107 -0.707107 -1 0 0 -1 0 0 -1 0 0 -1 0 0 -1 0 0 -1 0 0 -1 0 0 -1 0 0 -1 0 0 -1 0 0 -1 0 0 -1 0 0 -1 0 0 -1 0 0 -1 0 0 -1 0 0 -1 0 0 -1 0 0 -1 0 0 -1 0 0 -1 0 0 -1 0 0 -1 0 0 -1 0 0 4.33281e-08 -0.707107 0.707107 4.335e-08 -0.707107 0.707107 0 0.707107 -0.707106 0 0.707107 -0.707106 1 0 0 1 0 0 1 0 0 1 0 0 1 0 0 1 0 0 1 0 0 1 0 0 1 0 0 1 0 0 1 0 0 1 0 0 1 0 0 1 0 0 1 0 0 1 0 0 1 0 0 1 0 0 0 -0.707107 0.707107 0 -0.707107 0.707107 1 0 0 1 0 0 1 0 0 1 0 0 -5.91874e-08 0.965926 -0.258818 -5.88323e-08 0.965926 -0.258818 -0.258819 -0.875426 -0.408218 -0.25882 -0.875426 -0.408218 0.258819 -0.875426 -0.408218 0.25882 -0.875426 -0.408218 5.91873e-08 -0.965926 0.258819 5.90043e-08 -0.965926 0.258819 0 0.965926 -0.258818 0 0.965926 -0.258818 0 -0.965926 0.258819 0 -0.965926 0.258819 0 1 0 0 1 0 -5.91874e-08 0.965926 0.258818 -5.98644e-08 0.965926 0.258818 5.91874e-08 -0.965926 -0.258819 5.90043e-08 -0.965926 -0.258819 0 0.965926 0.258818 0 0.965926 0.258818 0 -0.965926 -0.258819 0 -0.965926 -0.258819 -4.33281e-08 0.707106 0.707107 -4.33501e-08 0.707106 0.707107 4.33281e-08 -0.707106 -0.707107 4.33501e-08 -0.707106 -0.707107 0 0.707107 0.707106 0 0.707107 0.707106 0 -0.707107 -0.707107 0 -0.707107 -0.707107 0 0.5 0.866025 0 0.5 0.866025 -1.58593e-08 0.25882 0.965926 -1.65143e-08 0.25882 0.965926 -0.707107 -0.640857 -0.298836 -0.707107 -0.640857 -0.298836 0.707107 -0.640857 -0.298836 0.707107 -0.640857 -0.298836 1.58592e-08 -0.258819 -0.965926 1.56542e-08 -0.258819 -0.965926 0 0.258818 0.965926 0 0.258818 0.965926 0 -0.258819 -0.965926 0 -0.258819 -0.965926 0.684549 0.559269 -0.467557 0.68455 0.55927 -0.467557 0.508593 0.855961 -0.0930764 0.508586 0.855965 -0.0930788 0.50859 0.855963 -0.0930795 0.250563 0.684551 -0.68455 0.250563 0.68455 -0.68455 0.186157 0.949041 -0.254295 0.186156 0.949042 -0.254295 -0.250563 0.68455 -0.68455 -0.250563 0.684551 -0.68455 -0.186156 0.949041 -0.254295 -0.186157 0.949041 -0.254295 -0.68455 0.559269 -0.467557 -0.684551 0.559269 -0.467556 -0.50859 0.855963 -0.0930782 -0.50859 0.855963 -0.0930782 -0.508592 0.855963 -0.0930735 0 0.965926 0.258818 0 0.965926 0.258818 0 0.707107 0.707107 0 0.707107 0.707107 0 0.608762 -0.793353 -2.94938e-07 0.608761 -0.793353 -0.25675 0.588355 -0.766758 -0.256756 0.588354 -0.766757 -0.704063 0.432304 -0.56339 -0.704068 0.432301 -0.563386 -0.965365 0.158828 -0.206988 -0.965364 0.158829 -0.20699 0 -0.608761 0.793353 0 -0.608761 0.793353 1 0 0 1 0 0 1 0 0 1 0 0 1 0 0 1 0 0 1 0 0 1 0 0 1 0 0 1 0 0 1 0 0 1 0 0 1 0 0 1 0 0 1 0 0 1 0 0 1 0 0 1 0 0 1 0 0 1 0 0 1 0 0 1 0 0 1 0 0 1 0 0 -0.704062 0.432305 -0.56339 -0.704063 0.432305 -0.56339 0 0.608761 -0.793353 0 0.608761 -0.793353 0.704064 0.563389 -0.432304 0.704063 0.56339 -0.432304 0.256752 -0.766758 0.588354 0.256752 -0.766758 0.588354 0.958252 0.226839 -0.17406 0.958252 0.226839 -0.174059 0.958252 -0.226839 0.17406 0.958252 -0.226838 0.174059 0.704065 -0.563389 0.432303 0.704063 -0.56339 0.432304 -0.256753 -0.766758 0.588354 -0.256752 -0.766758 0.588354 -0.256751 0.766758 -0.588354 -0.256753 0.766758 -0.588354 0.256751 0.766758 -0.588354 0.256751 0.766758 -0.588354 0 -0.258818 0.965926 0 -0.258818 0.965926 0 0.258818 0.965926 0 0.258818 0.965926 0 0.707107 0.707106 0 0.707107 0.707106 0 0.965926 0.25882 0 0.965926 0.25882 0 0.965926 -0.25882 0 0.965926 -0.25882 -0.694748 -0.186156 0.694746 -0.694746 -0.186157 0.694747 -0.694746 0.186156 0.694747 -0.694748 0.186157 0.694745 -0.694748 0.508589 0.508589 -0.694748 0.50859 0.508589 -0.694748 0.694745 0.186157 -0.694748 0.694746 0.186157 -0.694748 0.694745 -0.186157 -0.694748 0.694745 -0.186157 0 -0.793353 0.608761 0 -0.793353 0.608761 0 0.793353 -0.608762 0 0.793353 -0.608761 -6.71698e-08 0.793353 -0.608762 -5.11223e-07 0.793352 -0.608763 2.28858e-07 0.793354 -0.608761 0 0.793353 -0.608761 0 0.793353 -0.608761 0 0.793353 -0.608761 -1.60089e-07 0.793353 -0.608761 -1.50439e-07 0.793353 -0.608761 0 0.793353 -0.608762 0 -0.793353 0.608762 0 -0.793353 0.608762 0.704063 0.56339 -0.432304 0.704063 0.56339 -0.432305 -9.86521e-08 0.793353 -0.608762 -1.01913e-07 0.793353 -0.608762 -0.704063 0.56339 -0.432304 -0.704063 0.56339 -0.432305 0.704063 0.56339 -0.432305 0.704062 0.563391 -0.432305 1.18375e-07 -0.965926 0.258818 1.18697e-07 -0.965926 0.258818 -1.18375e-07 0.965925 -0.258821 -5.90043e-08 0.965926 -0.25882 0 -0.965926 0.258818 0 -0.965926 0.258818 0 0.965926 -0.258819 0 0.965926 -0.258819 0 -1 0 0 -1 0 1.18375e-07 -0.965926 -0.258818 1.17665e-07 -0.965926 -0.258818 -0.258818 0 0.965926 -0.258818 0 0.965926 -0.707107 0 0.707106 -0.707107 0 0.707106 -0.965926 0 0.258818 -0.965926 0 0.258818 -0.136708 0.84912 0.510203 -0.373495 0.84912 0.373494 0.965926 0 0.258818 0.965926 0 0.258818 0.707106 0 0.707108 0.707106 0 0.707107 0.258818 0 0.965926 0.258818 0 0.965926 0.373492 0.84912 0.373496 0.136708 0.84912 0.510203 0.707106 0 -0.707108 0.707106 0 -0.707108 0.965926 0 -0.258818 0.965926 0 -0.258818 -0.965926 0 -0.258818 -0.965926 0 -0.258818 -0.707107 0 -0.707106 -0.707107 0 -0.707106 -1.18375e-07 0.965926 0.25882 -5.90043e-08 0.965925 0.258821 0 -0.965926 -0.258818 0 -0.965926 -0.258818 0 0.965926 0.258819 0 0.965926 0.258819 4.33281e-08 -0.707107 -0.707107 8.67001e-08 -0.707106 -0.707107 -0.510203 0.84912 0.136708 0.510202 0.84912 0.136708 0.258818 0 -0.965926 0.258818 0 -0.965926 0.136708 0.849119 -0.510203 0.373492 0.84912 -0.373496 0.510202 0.84912 -0.136708 -0.258818 0 -0.965926 -0.258818 0 -0.965926 -0.510203 0.84912 -0.136708 -0.373495 0.84912 -0.373494 -0.136708 0.849119 -0.510203 -4.33282e-08 0.707107 0.707106 -4.33501e-08 0.707107 0.707106 0 -0.707107 -0.707106 0 -0.707107 -0.707106 0 0.707107 0.707107 0 0.707107 0.707107 0 -0.499999 -0.866026 0 -0.499999 -0.866026 1.58592e-08 -0.258818 -0.965926 1.54822e-08 -0.258818 -0.965926 -1.58591e-08 0.258818 0.965926 -1.56542e-08 0.258818 0.965926 0 -0.258818 -0.965926 0 -0.258818 -0.965926 0 0.258819 0.965926 0 0.258819 0.965926 -1.58592e-08 0.258818 -0.965926 -1.54822e-08 0.258818 -0.965926 1.58591e-08 -0.258818 0.965926 1.56542e-08 -0.258818 0.965926 0 0.258818 -0.965926 0 0.258818 -0.965926 0 -0.258819 0.965926 0 -0.258819 0.965926 0 0.499999 -0.866026 0 0.499999 -0.866026 0.189016 0.929019 0.318116 0.0691837 0.963611 0.2582 0.0691846 0.963611 0.258199 -0.0691846 0.963611 0.258199 -0.0691837 0.963611 0.2582 -0.189016 0.929019 0.318116 0 0.793353 -0.608761 0 0.793353 -0.608761 -0.256756 0.766757 -0.588354 -0.256751 0.766758 -0.588354 -0.704067 0.563387 -0.432302 -0.704063 0.56339 -0.432304 -0.965364 0.20699 -0.158829 -0.965365 0.206988 -0.158828 0 -0.793353 0.608761 0 -0.793353 0.608761 -0.704062 0.56339 -0.432305 -0.704063 0.56339 -0.432304 0 0.793353 -0.608761 0 0.793353 -0.608761 0.704063 0.656081 -0.271758 0.704064 0.656081 -0.271758 0.256752 -0.892909 0.369855 0.256751 -0.892909 0.369855 0.958252 0.264159 -0.109418 0.958252 0.26416 -0.109419 0.958252 -0.26416 0.109419 0.958252 -0.264159 0.109418 0.704063 -0.656081 0.271758 0.704063 -0.656081 0.271758 -0.256752 -0.892909 0.369855 -0.256752 -0.892909 0.369855 -0.256751 0.892909 -0.369855 -0.256757 0.892907 -0.369854 0.256754 0.892908 -0.369855 0.256751 0.892909 -0.369855 0 -0.92388 0.382683 0 -0.92388 0.382683 0 0.92388 -0.382684 0 0.92388 -0.382684 -7.82209e-08 0.92388 -0.382684 -8.51406e-08 0.92388 -0.382684 0 -0.92388 0.382683 0 -0.92388 0.382683 0.704063 0.656082 -0.271758 0.704063 0.656082 -0.271758 0 0.92388 -0.382683 0 0.92388 -0.382683 -2.46763e-07 0.92388 -0.382682 -1.1868e-07 0.92388 -0.382683 1 0 0 1 0 0 1 0 0 1 0 0 1 0 0 1 0 0 1 0 0 1 0 0 1 0 0 1 0 0 0 0.99863 -0.0523359 0 0.99863 -0.0523359 -1.35436e-07 0.891006 0.453991 0 0.891007 0.45399 -8.41901e-08 0.544639 0.838671 -8.45391e-08 0.544639 0.838671 0 0.83867 -0.544639 -1.30179e-07 0.838671 -0.544638 1.55111e-07 -0.99863 0.0523359 1.55008e-07 -0.99863 0.0523359 0 1 0 0 1 0 0 1 0 0 1 0 0 1 0 0 1 0 1 0 0 1 0 0 -2.66092e-07 1 0 -1.47316e-07 1 -5.6862e-08 -2.0329e-07 1 -2.67637e-08 -2.48353e-07 1 0 -2.57361e-07 1 3.38823e-08 -2.66092e-07 1 1.02708e-07 -8.23598e-09 0.0523366 0.99863 -8.12371e-09 0.0523366 0.99863 0 0 -1 0 0 -1 0 0 -1 0 0 -1 0 0 -1 0 0 -1 0.704062 0.656082 -0.271758 0.704062 0.656083 -0.271758 0.704063 0.656081 -0.271759 -3.03983e-08 0.25882 -0.965926 -4.58627e-08 0.258816 -0.965927 -3.11179e-08 0.258817 -0.965926 0 1 0 -1.03241e-07 1 -2.04619e-06 -1.21906e-07 1 7.00208e-07 -1.3551e-07 1 5.0573e-07 -5.08375e-07 1 -3.63057e-06 0 1 0 0 1 0 0 1 0 0 1 0 0 1 0 0 1 0 -7.68213e-07 1 3.37073e-06 -1.21696e-07 1 -4.54178e-07 -1.28458e-07 1 -4.06614e-07 0 1 0 0 1 0 0 1 0 0 1 0 0 1 0 0 1 0 0 1 0 0 1 0 0 1 0 -8.30878e-08 0.707107 -0.707107 -9.139e-08 0.70711 -0.707103 0 0.707109 -0.707104 -7.28925e-08 0.707109 -0.707105 -9.97231e-08 0.965925 -0.258821 -9.97081e-08 0.965925 -0.258821 7.32087e-08 -0.453991 0.891006 7.04687e-08 -0.453991 0.891006 1.31776e-07 -0.83867 0.54464 1.30179e-07 -0.83867 0.54464 -0.704063 0.656082 -0.271757 -0.704063 0.656081 -0.271757 -0.704061 0.656083 -0.271758 0 0.92388 -0.382684 0 0.92388 -0.382684 0 0.923879 -0.382684 0 0.923879 -0.382684 -0.256753 0.892908 -0.369855 -0.256746 0.89291 -0.369855 -0.256748 0.89291 -0.369855 -0.256757 0.892908 -0.369854 -0.256752 0.892908 -0.369855 -0.704063 0.656082 -0.271758 -0.704063 0.656082 -0.271758 -0.704065 0.65608 -0.271757 -0.704055 0.656089 -0.27176 -0.704066 0.656079 -0.271757 -0.965365 0.241042 -0.099843 -0.965365 0.241043 -0.099843 -0.965365 0.241042 -0.0998428 -0.965365 0.241041 -0.0998426 0 -0.92388 0.382683 0 -0.92388 0.382683 -0.704063 0.656082 -0.271758 -0.704056 0.656089 -0.271759 -0.704064 0.656081 -0.271757 -0.70406 0.656084 -0.271761 -0.704061 0.656083 -0.27176 -0.704063 0.656082 -0.271758 0 0.92388 -0.382683 0 0.92388 -0.382683 0.704064 0.704062 -0.0926913 0.704063 0.704063 -0.0926916 0.256751 -0.958209 0.126151 0.256752 -0.958209 0.126151 0.958252 0.283479 -0.0373206 0.958252 0.283479 -0.0373207 0.958252 -0.283477 0.0373205 0.958252 -0.283478 0.0373206 0.704064 -0.704062 0.0926915 0.704063 -0.704063 0.0926917 -0.256751 -0.958209 0.126151 -0.256752 -0.958209 0.126151 -0.256758 0.958208 -0.12615 -0.256749 0.95821 -0.126151 0.256755 0.958208 -0.12615 0.25675 0.95821 -0.12615 2.15509e-16 0.965926 0.258818 0 0.965926 0.258818 0 0.707107 0.707106 0 0.707107 0.707106 0 0.258818 0.965926 0 0.258818 0.965926 0 -0.258819 0.965926 0 -0.258819 0.965926 0 -0.991445 0.130526 0 -0.991445 0.130526 0 0.991445 -0.130526 0 0.991445 -0.130526 -8.39414e-08 0.991445 -0.130526 -8.30121e-08 0.991445 -0.130526 0 -0.991445 0.130526 0 -0.991445 0.130526 0.704063 0.704062 -0.0926917 0.704063 0.704062 -0.0926916 8.23598e-09 -0.0523361 -0.99863 8.12363e-09 -0.0523361 -0.99863 -9.72528e-08 0.965926 0.258818 -9.66068e-08 0.965926 0.258818 -7.11941e-08 0.707107 0.707106 -7.17082e-08 0.707107 0.707106 -6.95483e-08 0.453991 -0.891006 -7.04687e-08 0.453991 -0.891006 2.60588e-08 -0.258819 0.965926 2.68905e-08 -0.258819 0.965926 0.704064 0.704061 -0.0926921 7.11941e-08 -0.707107 0.707106 7.17082e-08 -0.707107 0.707106 9.72528e-08 -0.965926 0.258818 9.66068e-08 -0.965926 0.258818 1.39097e-07 -0.891007 -0.45399 1.38302e-07 -0.891007 -0.45399 -2.60587e-08 0.258818 0.965926 -2.58945e-08 0.258818 0.965926 8.41899e-08 -0.544639 -0.838671 8.45391e-08 -0.544639 -0.838671 -0.704064 0.704062 -0.0926917 0 0.991445 -0.130526 0 0.991445 -0.130526 -0.256746 0.95821 -0.126151 -0.256752 0.958209 -0.126151 -0.704064 0.704061 -0.0926916 -0.704067 0.704058 -0.0926911 -0.965365 0.258669 -0.0340544 -0.965364 0.258673 -0.034055 0 -0.991445 0.130526 0 -0.991445 0.130526 -0.704063 0.704062 -0.0926917 -0.704062 0.704063 -0.0926916 0 0.991445 -0.130526 0 0.991445 -0.130526 0 -0.707107 0.707106 0 -0.707107 0.707106 0 -0.965926 0.258818 0 -0.965926 0.258818 0.704063 0.704063 0.0926916 0.704064 0.704062 0.0926913 0.256752 -0.958209 -0.126151 0.256751 -0.958209 -0.126151 0.958252 0.283479 0.0373207 0.958252 0.283479 0.0373206 0.958252 -0.283477 -0.0373205 0.958252 -0.283478 -0.0373206 0.704063 -0.704063 -0.0926916 0.704064 -0.704062 -0.0926916 -0.256752 -0.958209 -0.126151 -0.256751 -0.958209 -0.126151 -0.256749 0.95821 0.12615 -0.256758 0.958208 0.12615 0.25675 0.95821 0.12615 0.256755 0.958208 0.12615 0 0.258818 -0.965926 0 0.258818 -0.965926 0 0.707107 -0.707106 0 0.707107 -0.707106 -2.15509e-16 0.965926 -0.258818 0 0.965926 -0.258818 0 -0.258819 -0.965926 0 -0.258819 -0.965926 0 -0.991445 -0.130526 0 -0.991445 -0.130526 0 0.991445 0.130526 0 0.991445 0.130526 -8.39414e-08 0.991445 0.130526 -8.51406e-08 0.991445 0.130526 3.69986e-19 -0.991445 -0.130526 0 -0.991445 -0.130526 0.704063 0.704062 0.0926917 0.704063 0.704062 0.0926916 -2.60587e-08 0.258818 -0.965926 -2.68905e-08 0.258818 -0.965926 -7.11941e-08 0.707107 -0.707106 -7.17082e-08 0.707107 -0.707106 -9.72528e-08 0.965926 -0.258818 -9.76028e-08 0.965926 -0.258818 9.72528e-08 -0.965926 -0.258818 9.76028e-08 -0.965926 -0.258818 -0.704063 0.704062 0.0926916 0.704064 0.704061 0.0926921 7.11941e-08 -0.707107 -0.707106 7.17082e-08 -0.707107 -0.707106 2.60588e-08 -0.258819 -0.965926 2.58946e-08 -0.258819 -0.965926 -1.38012e-16 0.991445 0.130526 0 0.991445 0.130526 -0.256752 0.958209 0.126151 -0.256746 0.95821 0.126151 -0.704067 0.704058 0.0926911 -0.704064 0.704061 0.0926916 -0.965364 0.258673 0.0340549 -0.965366 0.258669 0.0340545 -2.01831e-17 -0.991445 -0.130526 0 -0.991445 -0.130526 -0.704063 0.704062 0.0926915 -0.704062 0.704063 0.0926918 0 0.991445 0.130526 0 0.991445 0.130526 -2.15509e-16 -0.965926 -0.258818 0 -0.965926 -0.258818 0 -0.707107 -0.707106 0 -0.707107 -0.707106 0.704064 0.656081 0.271758 0.704063 0.656081 0.271758 0.256752 -0.892909 -0.369855 0.256751 -0.892909 -0.369855 0.958252 0.26416 0.109419 0.958252 0.264159 0.109418 0.958252 -0.26416 -0.109419 0.958252 -0.264159 -0.109418 0.704063 -0.656081 -0.271758 0.704063 -0.656081 -0.271758 -0.256751 -0.892909 -0.369855 -0.256752 -0.892909 -0.369855 -0.256752 0.892909 0.369855 -0.256757 0.892907 0.369854 0.256754 0.892908 0.369855 0.256751 0.892909 0.369855 0 -0.92388 -0.382683 0 -0.92388 -0.382683 0 0.92388 0.382684 0 0.92388 0.382684 -1 0 0 -1 0 0 -1 0 0 -1 0 0 -1 0 0 -1 0 0 -1 0 0 -1 0 0 -1 0 0 -1 0 0 -1 0 0 -1 0 0 -1 0 0 -1 0 0 -1 0 0 -1 0 0 -1 0 0 -1 0 0 -1 0 0 -1 0 0 -1 -1.36081e-07 7.85667e-08 -1 -1.41867e-07 3.80132e-08 -1 0 0 -1 0 0 -1 0 0 -1 -1.41867e-07 -3.80132e-08 -1 -1.36081e-07 -7.85667e-08 -1 0 0 -1 0 0 -1 0 0 -1 0 0 -1 0 0 -1 -1.41867e-07 3.80132e-08 -1 0 0 -1 0 0 -1 0 0 -1 0 0 -1 0 0 -1 0 0 -1 0 0 -1 0 0 -1 -1.36081e-07 7.85667e-08 -1 0 0 -1 0 0 -1 0 0 -1 0 0 -1 -1.36081e-07 -7.85667e-08 -1 -1.41867e-07 -3.80132e-08 -1 0 0 -1 0 0 -1 0 0 -7.82209e-08 0.92388 0.382684 -7.66266e-08 0.92388 0.382684 0 -0.92388 -0.382683 0 -0.92388 -0.382683 0.704063 0.656082 0.271758 0.704063 0.656082 0.271758 0 0.92388 0.382683 0 0.92388 0.382683 -1.19127e-07 0.92388 0.382682 -2.45837e-07 0.92388 0.382683 -9.97231e-08 0.965925 0.258821 -9.94707e-08 0.965925 0.258821 -0.707107 0 0.707106 -0.707107 0 0.707106 0.707106 0 0.707108 0.707106 0 0.707107 -8.30495e-08 0.707109 0.707105 -1.23996e-07 0.707107 0.707107 -7.28926e-08 0.70711 0.707104 0 0.707109 0.707104 -3.09484e-08 0.258816 0.965927 -7.65584e-08 0.25882 0.965926 -3.02938e-08 0.258817 0.965926 -0.704061 0.656083 0.271758 -0.704063 0.656081 0.271757 -0.704063 0.656082 0.271757 0.704063 0.656081 0.271757 0.704062 0.656083 0.271758 0.704062 0.656082 0.271758 0 0 1 0 0 1 0 0 1 0 0 1 0 0 1 0 0 1 0 0.92388 0.382684 0 0.92388 0.382684 0 0.923879 0.382684 0 0.923879 0.382684 -0.256751 0.892909 0.369855 -0.256748 0.89291 0.369855 -0.256746 0.89291 0.369855 -0.256757 0.892907 0.369855 -0.256752 0.892909 0.369855 -0.704066 0.656079 0.271757 -0.704055 0.656089 0.27176 -0.704065 0.65608 0.271757 -0.704063 0.656082 0.271758 -0.704063 0.656082 0.271758 -0.965365 0.241042 0.0998427 -0.965365 0.241042 0.0998428 -0.965365 0.241043 0.099843 -0.965365 0.241042 0.099843 0 -0.92388 -0.382683 0 -0.92388 -0.382683 -0.704063 0.656082 0.271758 -0.704061 0.656083 0.27176 -0.70406 0.656084 0.271761 -0.704065 0.65608 0.271757 -0.704063 0.656082 0.271758 -0.704053 0.656091 0.271762 0 0.92388 0.382683 0 0.92388 0.382683 0.704063 0.56339 0.432304 0.704064 0.563389 0.432304 0.256752 -0.766758 -0.588354 0.256752 -0.766758 -0.588354 0.958252 0.226839 0.174059 0.958252 0.226839 0.17406 0.958252 -0.226839 -0.17406 0.958252 -0.226838 -0.174059 0.704063 -0.56339 -0.432304 0.704065 -0.563389 -0.432303 -0.256752 -0.766758 -0.588354 -0.256753 -0.766758 -0.588354 -0.256754 0.766758 0.588354 -0.256752 0.766758 0.588354 0.256751 0.766758 0.588354 0.256751 0.766758 0.588354 0 -0.258818 -0.965926 0 -0.258818 -0.965926 0 -0.707107 -0.707107 0 -0.707107 -0.707107 0 0.707107 0.707107 0 0.707107 0.707107 0 0.965926 0.25882 0 0.965926 0.25882 0 0.965926 -0.25882 0 0.965926 -0.25882 0 0.707107 -0.707106 0 0.707107 -0.707106 0 0.258818 -0.965926 0 0.258818 -0.965926 -1 0 0 -1 0 0 -1 0 0 -1 -1.95082e-07 0 -1 -1.3068e-08 -4.87706e-08 -1 -3.57025e-08 -3.57025e-08 -1 -5.63154e-08 -1.50897e-08 -1 -7.69283e-08 2.06129e-08 -1 -9.75412e-08 9.75412e-08 -1 -9.75412e-08 3.64028e-07 -0.694748 -0.186156 -0.694746 -0.694746 -0.186157 -0.694747 -0.694748 -0.508589 -0.508589 -0.694748 -0.508589 -0.508589 -0.694748 0.508589 0.508589 -0.694748 0.508589 0.508589 -0.694748 0.694745 0.186157 -0.694748 0.694745 0.186157 -0.694748 0.694745 -0.186157 -0.694748 0.694745 -0.186157 -0.694748 0.508589 -0.508589 -0.694748 0.50859 -0.508589 -0.694746 0.186156 -0.694747 -0.694748 0.186157 -0.694745 0 -0.793353 -0.608761 0 -0.793353 -0.608761 0 0.793353 0.608762 0 0.793353 0.608761 0 0.793353 0.608761 0 0.793353 0.608761 0 0.793353 0.608761 2.28858e-07 0.793354 0.608761 -5.11223e-07 0.793352 0.608763 -6.71698e-08 0.793353 0.608762 -1.37016e-07 0.793353 0.608762 -4.61533e-05 0.793282 0.608854 -1.57873e-07 0.793353 0.608761 0 -0.793353 -0.608762 0 -0.793353 -0.608762 0.704063 0.56339 0.432305 0.704063 0.56339 0.432304 -1.01913e-07 0.793353 0.608762 -9.86521e-08 0.793353 0.608762 1.58592e-08 -0.258818 0.965926 1.65143e-08 -0.258818 0.965926 -0.258818 0 0.965926 -0.258818 0 0.965926 -0.136708 0.849119 0.510203 -0.373495 0.84912 0.373494 -0.510203 0.84912 0.136708 0.258818 0 0.965926 0.258818 0 0.965926 0.510202 0.84912 0.136708 0.373492 0.84912 0.373496 0.136708 0.849119 0.510203 0.136708 0.84912 -0.510203 0.373492 0.84912 -0.373496 0.510202 0.84912 -0.136708 -0.510203 0.84912 -0.136708 -0.373495 0.84912 -0.373494 -0.136708 0.84912 -0.510203 -1.58591e-08 0.258817 -0.965926 -1.56542e-08 0.258818 -0.965926 0 -0.258818 0.965926 0 -0.258818 0.965926 0 0.258819 -0.965926 0 0.258819 -0.965926 0 -0.499999 0.866026 0 -0.499999 0.866026 8.66563e-08 -0.707107 0.707107 4.335e-08 -0.707106 0.707107 -0.965926 0 0.258818 -0.965926 0 0.258818 0.965926 0 0.258818 0.965926 0 0.258818 0.707106 0 -0.707107 0.707106 0 -0.707108 0.965926 0 -0.258818 0.965926 0 -0.258818 -0.965926 0 -0.258818 -0.965926 0 -0.258818 -0.707107 0 -0.707106 -0.707107 0 -0.707106 -4.33282e-08 0.707107 -0.707106 -4.33501e-08 0.707107 -0.707106 0 -0.707107 0.707106 0 -0.707107 0.707106 0 0.707107 -0.707107 0 0.707107 -0.707107 1.18375e-07 -0.965926 0.258818 1.18697e-07 -0.965926 0.258818 -1.28458e-07 1 4.06614e-07 -1.21696e-07 1 4.54178e-07 -7.68213e-07 1 -3.37073e-06 0 1 0 0 1 0 0 1 0 0 1 0 0 1 0 0 1 0 -5.08375e-07 1 3.63057e-06 -1.3551e-07 1 -5.0573e-07 -1.21906e-07 1 -7.00208e-07 -1.03241e-07 1 2.04619e-06 0 1 0 0 1 0 0 1 0 0 1 0 0 1 0 0 1 0 0 1 0 0 1 0 0 1 0 0 1 0 0.258818 0 -0.965926 0.258818 0 -0.965926 -0.704063 0.563389 0.432304 -0.704063 0.56339 0.432305 -0.258818 0 -0.965926 -0.258818 0 -0.965926 -1.18375e-07 0.965925 -0.258821 -5.90043e-08 0.965926 -0.25882 0 -0.965926 0.258818 0 -0.965926 0.258818 0.704062 0.563391 0.432305 0.704063 0.56339 0.432305 0 0.965926 -0.258819 0 0.965926 -0.258819 0 -1 0 0 -1 0 1.18375e-07 -0.965926 -0.258818 1.17665e-07 -0.965926 -0.258818 -5.91873e-08 0.965925 0.258821 -1.18009e-07 0.965926 0.25882 0 -0.965926 -0.258818 0 -0.965926 -0.258818 0 0.965926 0.258819 0 0.965926 0.258819 8.67002e-08 -0.707106 -0.707107 4.33281e-08 -0.707106 -0.707108 -4.33501e-08 0.707107 0.707107 -4.33281e-08 0.707107 0.707107 0 -0.707107 -0.707106 0 -0.707107 -0.707106 0 0.707107 0.707107 0 0.707107 0.707107 0 -0.5 -0.866025 0 -0.5 -0.866025 1 0 0 1 0 0 1 0 0 1 0 0 1 0 0 1 0 0 1 0 0 1 0 0 1 0 0 1 0 0 1 0 0 1 0 0 1 0 0 1 0 0 1 0 0 1 0 0 1 0 0 1 0 0 1 0 0 1 0 0 1 0 0 1 0 0 1 0 0 1 0 0 -4.33281e-08 0.707107 0.707107 -4.33501e-08 0.707107 0.707107 -1 0 0 -1 0 0 -1 0 0 -1 0 0 -1 0 0 -1 0 0 -1 0 0 -1 0 0 -1 0 0 -1 0 0 -1 0 0 -1 0 0 -1 0 0 -1 0 0 -1 0 0 -1 0 0 -1 0 0 -1 0 0 -1 0 0 -1 0 0 -1 0 0 -1 0 0 -1 0 0 -1 0 0 4.33281e-08 -0.707107 -0.707107 4.335e-08 -0.707107 -0.707107 0 0.707107 0.707106 0 0.707107 0.707106 1 0 0 1 0 0 1 0 0 1 0 0 1 0 0 1 0 0 1 0 0 1 0 0 1 0 0 1 0 0 1 0 0 1 0 0 1 0 0 1 0 0 1 0 0 1 0 0 1 0 0 1 0 0 0 -0.707107 -0.707107 0 -0.707107 -0.707107 1 0 0 1 0 0 1 0 0 1 0 0 0 0.499999 0.866026 0 0.499999 0.866026 -1.58592e-08 0.258818 0.965926 -1.65143e-08 0.258818 0.965926 1.58591e-08 -0.258818 -0.965926 1.56542e-08 -0.258818 -0.965926 0 0.258818 0.965926 0 0.258818 0.965926 0 -0.258819 -0.965926 0 -0.258819 -0.965926 0.189016 0.929019 -0.318116 0.508589 0.855963 0.0930788 0.508585 0.855965 0.0930911 0.508591 0.855963 0.0930718 0.0691837 0.963611 -0.2582 0.0691846 0.963611 -0.258199 0.186157 0.949041 0.254295 0.186156 0.949041 0.254295 -0.0691846 0.963611 -0.258199 -0.0691837 0.963611 -0.2582 -0.186157 0.949041 0.254295 -0.186156 0.949042 0.254295 -0.189016 0.929019 -0.318116 -0.508593 0.855961 0.0930764 -0.508589 0.855964 0.0930779 -0.50859 0.855963 0.0930782 0 0.793353 0.608761 0 0.793353 0.608761 -0.25675 0.766758 0.588354 -0.256756 0.766757 0.588353 -0.704063 0.56339 0.432304 -0.704067 0.563387 0.432302 -0.965365 0.206988 0.158828 -0.965364 0.20699 0.158829 0 -0.793353 -0.608761 0 -0.793353 -0.608761 1 0 0 1 0 0 1 0 0 1 0 0 1 0 0 1 0 0 1 0 0 1 0 0 1 0 0 1 0 0 1 0 0 1 0 0 1 0 0 1 0 0 1 0 0 1 0 0 1 0 0 1 0 0 1 0 0 1 0 0 1 0 0 1 0 0 1 0 0 1 0 0 -0.704062 0.56339 0.432305 -0.704063 0.56339 0.432304 0 0.793354 0.608761 0 0.793353 0.608761 0.704063 0.432304 0.56339 0.704064 0.432304 0.563389 0.256752 -0.588354 -0.766758 0.256752 -0.588354 -0.766758 0.958252 0.174059 0.226838 0.958252 0.17406 0.226839 0.958252 -0.17406 -0.22684 0.958252 -0.174059 -0.226839 0.704063 -0.432304 -0.56339 0.704065 -0.432303 -0.563389 -0.256753 -0.588354 -0.766758 -0.256752 -0.588354 -0.766758 -0.256754 0.588354 0.766758 -0.256751 0.588354 0.766758 0.256751 0.588354 0.766758 0.256751 0.588354 0.766758 0 -0.965926 -0.258819 0 -0.965926 -0.258819 0 -0.965926 0.258819 0 -0.965926 0.258819 0 -0.707106 0.707107 0 -0.707106 0.707107 0 -0.258819 0.965926 0 -0.258819 0.965926 0 0.258819 0.965926 0 0.258819 0.965926 -0.694748 -0.694746 -0.186156 -0.694747 -0.694746 -0.186157 -0.694747 -0.694746 0.186156 -0.694748 -0.694745 0.186157 -0.694748 -0.508588 0.508589 -0.694748 -0.508589 0.508589 -0.694748 -0.186157 0.694746 -0.694747 -0.186157 0.694746 -0.694747 0.186156 0.694746 -0.694748 0.186157 0.694745 0 -0.608761 -0.793353 0 -0.608761 -0.793353 0 0.608762 0.793353 0 0.608762 0.793353 -1.21141e-07 0.608761 0.793353 -3.82687e-08 0.608761 0.793353 -2.51106e-07 0.608761 0.793353 0 0.608761 0.793353 -1.58194e-07 0.608762 0.793353 0 0.608761 0.793353 0 -0.608762 -0.793353 0 -0.608762 -0.793353 0.704063 0.432304 0.56339 0.704063 0.432304 0.56339 -7.82005e-08 0.608762 0.793353 5.85194e-08 0.608761 0.793353 0 0.608761 0.793353 -1.03341e-05 0.608763 0.793352 0 0.608761 0.793353 6.34184e-07 0.608762 0.793353 -1.62397e-07 0.608762 0.793353 -7.63066e-08 0.608762 0.793353 0 0.608765 0.79335 0.704062 0.432305 0.563391 0.704063 0.432305 0.56339 1.58593e-08 -0.25882 -0.965926 1.54822e-08 -0.25882 -0.965926 0.258819 -0.875427 0.408217 0.258819 -0.875427 0.408217 -0.258819 -0.875427 0.408217 -0.258819 -0.875427 0.408217 -1.58592e-08 0.258819 0.965926 -1.56542e-08 0.258819 0.965926 0 -0.258817 -0.965926 0 -0.258817 -0.965926 0 0.258819 0.965926 0 0.258819 0.965926 -1.58593e-08 0.25882 -0.965926 -1.54822e-08 0.25882 -0.965926 0.965926 -0.234569 0.109381 0.965924 -0.234568 0.109398 0.965926 -0.234569 0.109383 0.965926 -0.234568 0.109381 -0.704063 0.432304 0.56339 -0.704062 0.432305 0.56339 0.707107 -0.640857 0.298836 0.707107 -0.640857 0.298836 0.258819 -0.875426 0.408218 0.25882 -0.875426 0.408218 -0.25882 -0.875426 0.408218 -0.258819 -0.875426 0.408218 -0.707107 -0.640857 0.298836 -0.707106 -0.640857 0.298836 -0.965926 -0.23457 0.109381 -0.965926 -0.234569 0.109382 -0.965913 -0.234614 0.109402 1.58592e-08 -0.258819 0.965926 1.56542e-08 -0.258819 0.965926 0 0.258818 -0.965926 0 0.258818 -0.965926 0 -0.258819 0.965926 0 -0.258819 0.965926 0 0.5 -0.866025 0 0.5 -0.866025 -4.33281e-08 0.707106 -0.707107 -4.33501e-08 0.707106 -0.707107 0.707106 -0.640857 0.298836 0.707107 -0.640856 0.298836 -0.707106 -0.640857 0.298836 -0.707106 -0.640858 0.298837 4.33281e-08 -0.707106 0.707107 4.33501e-08 -0.707106 0.707107 0 0.707107 -0.707106 0 0.707107 -0.707106 0 -0.707107 0.707107 0 -0.707107 0.707107 -5.91874e-08 0.965926 -0.258818 -5.88323e-08 0.965926 -0.258818 5.91874e-08 -0.965926 0.258819 5.90043e-08 -0.965926 0.258819 0 0.965926 -0.258818 0 0.965926 -0.258818 0 -0.965926 0.258819 0 -0.965926 0.258819 0 1 0 0 1 0 -5.91874e-08 0.965926 0.258818 -5.98644e-08 0.965926 0.258818 0.362784 0.033963 0.931254 0.132788 -0.0863839 0.987373 -0.132788 -0.0863839 0.987373 -0.362784 0.0339629 0.931254 5.91873e-08 -0.965926 -0.258819 5.90043e-08 -0.965926 -0.258819 0 0.965926 0.258818 0 0.965926 0.258818 0 -0.965926 -0.258819 0 -0.965926 -0.258819 0.68455 0.55927 0.467557 0.684549 0.559269 0.467557 0.250563 0.684551 0.68455 0.250563 0.68455 0.68455 -0.250563 0.68455 0.68455 -0.250563 0.684551 0.68455 0.694746 0.50859 -0.50859 0.694746 0.50859 -0.50859 0.694746 0.694747 -0.186156 0.694746 0.694747 -0.186156 0 0.965926 0.258818 0 0.965926 0.258818 0.694746 0.694747 0.186156 0.694746 0.694747 0.186156 -0.684551 0.559269 0.467556 -0.68455 0.559269 0.467557 0 0.258819 -0.965926 0 0.258819 -0.965926 0 0.707107 -0.707107 0 0.707107 -0.707107 0 0.965926 -0.258818 0 0.965926 -0.258818 0.694746 0.186157 -0.694747 0.694746 0.186157 -0.694747 -2.69978e-07 0.608762 0.793353 0 0.608761 0.793353 -0.256756 0.588354 0.766757 -0.256751 0.588354 0.766758 -0.704063 0.432304 0.56339 -0.704068 0.432301 0.563386 -0.965365 0.158828 0.206988 -0.965364 0.158829 0.20699 0 -0.608761 -0.793353 0 -0.608761 -0.793353 -0.704062 0.432305 0.56339 -0.704063 0.432304 0.56339 0 0.608761 0.793353 0 0.608761 0.793353 0.704065 0.271757 0.65608 0.704063 0.271758 0.656081 0.256752 -0.369855 -0.892909 0.256749 -0.369855 -0.892909 0.958252 0.109419 0.26416 0.958252 0.109418 0.264159 0.958252 -0.109418 -0.264159 0.958252 -0.109419 -0.26416 0.704064 -0.271758 -0.656081 0.704063 -0.271758 -0.656081 -0.256752 -0.369855 -0.892909 -0.256748 -0.369855 -0.89291 -0.256751 0.369855 0.892909 -0.256752 0.369855 0.892909 0.256751 0.369855 0.892909 0.256751 0.369855 0.892909 0 -0.382683 -0.92388 0 -0.382683 -0.92388 0 0.382684 0.92388 0 0.382684 0.92388 0 0.382683 0.92388 7.65623e-08 0.382684 0.92388 -1.72691e-07 0.382684 0.923879 -1.73345e-08 0.382683 0.92388 -6.46516e-08 0.382684 0.923879 0 0.382684 0.92388 0 -0.382683 -0.92388 3.62914e-08 -0.382683 -0.92388 0.704063 0.271758 0.656082 0.704063 0.271758 0.656082 0 0.382683 0.92388 -4.42125e-08 0.382685 0.923879 2.18618e-07 0.382684 0.923879 3.96392e-06 0.382683 0.92388 0 0.382684 0.923879 5.0978e-07 0.382683 0.92388 -1.64279e-06 0.382686 0.923879 -1.21181e-07 0.382683 0.92388 -1.77658e-08 0.382685 0.923879 1 0 0 1 0 0 1 0 0 1 0 0 1 0 0 1 0 0 1 0 0 1 0 0 1 0 0 1 0 0 -0.965926 0.234568 -0.109381 -0.965926 0.234568 -0.109381 0 0.422619 0.906308 0 0.422618 0.906308 0 0.422618 0.906308 0 0.422611 0.906311 -4.06599e-07 0.422622 0.906306 0 0.422619 0.906307 0 0.422618 0.906308 -1.43975e-07 0.422618 0.906308 -1.7092e-07 0.422618 0.906308 4.06599e-07 0.422622 0.906306 0 0.422619 0.906307 -4.76602e-07 0.42262 0.906307 8.95021e-07 0.422618 0.906308 -6.10646e-08 0.422612 0.906311 0 0.422614 0.90631 6.10647e-08 0.422612 0.906311 -8.99496e-07 0.422618 0.906308 4.76601e-07 0.42262 0.906307 1.7092e-07 0.422618 0.906308 2.82903e-07 0.422618 0.906308 0 0.422618 0.906308 -4.47266e-08 0.422619 0.906308 -4.47267e-08 0.422619 0.906308 0 0.422619 0.906308 -0.965926 0.23457 -0.109381 -0.965926 0.23457 -0.109382 -0.495573 0.483103 0.721817 -0.707106 0.640857 -0.298837 -0.707106 0.640857 -0.298837 -0.707107 0.640856 -0.298836 -0.707107 0.640856 -0.298836 -0.362783 0.691552 0.624615 -0.258819 0.875426 -0.408218 -0.258819 0.875426 -0.408218 -0.258819 0.875426 -0.408218 -0.258819 0.875426 -0.408218 -0.258819 0.875426 -0.408218 -0.132789 0.811898 0.568497 0.258819 0.875426 -0.408218 0.258819 0.875426 -0.408218 0.258819 0.875426 -0.408218 0.258819 0.875426 -0.408218 0.258819 0.875426 -0.408218 0.132789 0.811898 0.568497 0.707107 0.640857 -0.298836 0.707107 0.640857 -0.298836 0.707107 0.640856 -0.298836 0.707107 0.640856 -0.298836 -0.704063 0.271758 0.656082 -0.704066 0.271757 0.656078 -0.704025 0.271767 0.656119 -0.704063 0.271758 0.656082 -0.704064 0.271757 0.656081 0.362784 0.691551 0.624616 0.965926 0.23457 -0.109382 0.965926 0.23457 -0.109382 0.965926 0.23457 -0.109381 0.965926 0.23457 -0.10938 0.965926 0.23457 -0.109382 0.495572 0.483104 0.721816 0.965926 -0.23457 0.109382 0.965926 -0.234569 0.109382 0.495572 0.24241 0.834054 -0.965926 -0.234568 0.109381 -0.965926 -0.234568 0.109381 -0.495573 0.242411 0.834053 0.704062 0.271758 0.656083 0.704062 0.271758 0.656082 -1.72174e-08 0.258819 0.965926 -1.68081e-08 0.258819 0.965926 -4.70389e-08 0.707107 0.707106 -4.48216e-08 0.707107 0.707106 0.68455 0.125281 0.71812 0.684549 0.125282 0.71812 0.508591 -0.347374 0.787824 0.508586 -0.347374 0.787827 0.50859 -0.347372 0.787826 0.250563 0.250562 0.935113 0.250563 0.250563 0.935113 0.186157 -0.254295 0.949041 0.186157 -0.254295 0.949041 -0.250563 0.250562 0.935113 -0.250563 0.250563 0.935113 -0.186157 -0.254295 0.949041 -0.186157 -0.254295 0.949041 1 0 0 1 0 0 1 0 0 1 0 0 1 0 0 1 0 0 1 0 0 1 0 0 1 0 0 1 0 0 1 0 0 1 0 0 1 0 0 1 0 0 1 0 0 1 0 0 1 0 0 1 0 0 1 0 0 1 0 0 1 0 0 1 0 0 1 0 0 1 0 0 0 -0.965926 0.258819 0 -0.965926 0.258819 0 -0.707107 0.707106 0 -0.707107 0.707106 0 -0.258819 0.965926 1.68081e-08 -0.258819 0.965926 0 0.707107 0.707106 0 0.707107 0.707106 0 0.258818 0.965926 0 0.258818 0.965926 0.694746 0.508589 0.508591 0.694747 0.50859 0.50859 0.694747 0.186157 0.694747 0.694746 0.186156 0.694747 0 -0.258822 -0.965925 1.68081e-08 -0.258821 -0.965925 0 -0.707107 -0.707106 0 -0.707107 -0.707106 0 -0.965926 -0.25882 0 -0.965926 -0.25882 0 -0.258818 0.965926 0 -0.258818 0.965926 0.694746 -0.186156 0.694747 0.694746 -0.186156 0.694747 0.694746 -0.50859 0.50859 0.694746 -0.50859 0.50859 0.694746 -0.694747 0.186157 0.694746 -0.694747 0.186157 -1.72176e-08 0.258822 -0.965925 -1.68081e-08 0.258822 -0.965925 -4.70389e-08 0.707107 -0.707106 -4.48216e-08 0.707107 -0.707106 -6.42563e-08 0.965926 -0.258819 -6.44312e-08 0.965926 -0.258819 -6.16298e-08 0.965926 0.258819 -6.42563e-08 0.965926 0.258819 -0.684551 0.125281 0.718119 -0.68455 0.125281 0.718119 -0.50859 -0.347374 0.787825 -0.508587 -0.347368 0.787829 -0.50859 -0.347375 0.787824 0 -0.707107 0.707106 0 -0.707107 0.707106 0 -0.965926 0.258819 0 -0.965926 0.258819 0 -0.965926 -0.258819 0 -0.965926 -0.258819 0 -0.707107 -0.707107 0 -0.707107 -0.707107 0 -0.258819 -0.965926 0 -0.258819 -0.965926 0.694746 -0.694747 -0.186157 0.694746 -0.694747 -0.186157 0.694746 -0.50859 -0.50859 0.694746 -0.50859 -0.50859 0.694746 -0.186157 -0.694747 0.694746 -0.186157 -0.694747 0 0.382683 0.92388 -1.47469e-07 0.382684 0.92388 -0.256757 0.369854 0.892908 -0.256746 0.369855 0.89291 -0.704065 0.271757 0.65608 -0.704063 0.271758 0.656082 -0.965366 0.0998424 0.241041 -0.965365 0.0998429 0.241043 0 -0.382683 -0.92388 0 -0.382683 -0.92388 -0.704063 0.271758 0.656082 -0.704063 0.271758 0.656082 0 0.382683 0.92388 0 0.382683 0.92388 0.704063 0.0926914 0.704063 0.704065 0.0926914 0.704061 0.256752 -0.126151 -0.958209 0.256749 -0.12615 -0.95821 0.958252 0.0373206 0.283477 0.958252 0.0373206 0.283479 0.958252 -0.0373206 -0.283478 0.958252 -0.0373206 -0.283478 0.704063 -0.0926916 -0.704063 0.704064 -0.0926916 -0.704062 -0.256752 -0.126151 -0.958209 -0.256748 -0.126151 -0.95821 -0.256749 0.126151 0.95821 -0.256751 0.12615 0.958209 0.25675 0.12615 0.95821 0.256751 0.12615 0.958209 0 -0.130526 -0.991445 0 -0.130526 -0.991445 -5.70546e-09 0.130526 0.991445 0 0.130526 0.991445 1.15424e-06 0.130521 0.991446 -5.14932e-07 0.130528 0.991445 6.02508e-08 0.130526 0.991445 -9.27358e-07 0.130519 0.991446 -5.91247e-09 0.130526 0.991445 -5.70549e-09 0.130526 0.991445 -1.30165e-07 0.130526 0.991445 0.000239314 0.129498 0.99158 0 0.130526 0.991445 1.26628e-08 -0.130526 -0.991445 1.81457e-08 -0.130526 -0.991445 0.704063 0.0926916 0.704062 0.704063 0.0926916 0.704062 -1.47528e-06 0.130526 0.991445 3.71481e-07 0.130526 0.991445 -1.67626e-07 0.130526 0.991445 2.00044e-08 0.130526 0.991445 -1.50797e-08 0.130524 0.991445 -6.05947e-09 0.130524 0.991445 -2.00949e-08 0.130526 0.991445 1.01043e-07 0.130526 0.991445 -1.69903e-07 0.130526 0.991445 4.05343e-07 0.130526 0.991445 -1.1911e-08 0.130526 0.991445 1 0 0 1 0 0 1 0 0 1 0 0 1 0 0 1 0 0 1 0 0 1 0 0 1 0 0 1 0 0 -0.258819 -0.965926 0 -0.258819 -0.965926 0 -0.258819 -0.965926 0 -0.258819 -0.965926 0 -0.132788 -0.495572 0.858356 -0.707106 -0.707108 0 -0.707106 -0.707108 0 -0.707107 -0.707107 0 -0.707107 -0.707107 0 -0.362784 -0.362785 0.858356 -0.965926 -0.258817 0 -0.965926 -0.258817 0 -0.965926 -0.258819 0 -0.965926 -0.258819 0 -0.495573 -0.132787 0.858356 0.965926 -0.258819 0 0.965926 -0.258819 0 0.965926 -0.258819 0 0.965926 -0.258819 2.84543e-07 0.965926 -0.258819 0 0.495572 -0.132788 0.858356 0.707107 -0.707107 0 0.707107 -0.707107 0 -0.704063 0.0926915 0.704062 -0.704063 0.0926916 0.704063 -0.704063 0.0926918 0.704063 0.707107 -0.707107 0 0.707107 -0.707107 0 0.362784 -0.362784 0.858356 0.258819 -0.965926 0 0.258819 -0.965926 0 0.258819 -0.965926 0 0.258819 -0.965926 0 0.132788 -0.495572 0.858356 4.81922e-08 -0.965926 -0.258819 4.7623e-08 -0.965926 -0.258819 0.704061 0.0926916 0.704064 0.704062 0.0926916 0.704063 4.81922e-08 -0.965926 0.258819 4.7623e-08 -0.965926 0.258819 3.52791e-08 -0.707106 0.707108 3.9219e-08 -0.707106 0.707108 3.52791e-08 -0.707106 -0.707108 3.36163e-08 -0.707106 -0.707108 1.13133e-08 -0.258819 0.965926 1.40068e-08 -0.258819 0.965926 1.29132e-08 -0.258822 -0.965925 1.12054e-08 -0.258822 -0.965925 0.189016 -0.740004 0.645498 0.069185 -0.705412 0.705413 0.0691845 -0.705412 0.705413 -0.0691845 -0.705412 0.705413 -0.0691849 -0.705412 0.705413 0.694746 0.50859 0.508589 0.694746 0.50859 0.50859 0.694746 0.186156 0.694747 0.694746 0.186157 0.694747 -0.189015 -0.740004 0.645498 1 0 0 1 0 0 1 0 0 1 0 0 1 0 0 1 0 0 1 0 0 1 0 0 1 0 0 1 0 0 1 0 0 1 0 0 1 0 0 1 0 0 1 0 0 1 0 0 1 0 0 1 0 0 1 0 0 1 0 0 1 0 0 1 0 0 1 0 0 1 0 0 0 0.258819 -0.965926 0 0.258819 -0.965926 0 0.707107 -0.707107 0 0.707107 -0.707107 0 0.965926 -0.258819 0 0.965926 -0.258819 0.694746 0.186156 -0.694747 0.694746 0.186157 -0.694747 0.694746 0.508591 -0.50859 0.694746 0.50859 -0.50859 0.694746 0.694747 -0.186157 0.694746 0.694747 -0.186157 0 0.965926 0.258819 0 0.965926 0.258819 0 0.707107 0.707107 0 0.707107 0.707107 -1.13133e-08 0.258819 0.965926 0 0.258819 0.965926 0.694746 0.694747 0.186157 0.694746 0.694747 0.186157 -5.70548e-09 0.130526 0.991445 0 0.130526 0.991445 -0.256752 0.126151 0.958209 -0.256746 0.126151 0.95821 -0.704067 0.0926911 0.704058 -0.704064 0.0926916 0.704061 -0.965364 0.0340549 0.258673 -0.965365 0.0340545 0.258669 0 -0.130526 -0.991445 0 -0.130526 -0.991445 -0.704062 0.0926918 0.704063 -0.704063 0.0926915 0.704062 -5.70549e-09 0.130526 0.991445 0 0.130526 0.991445 0.704065 -0.0926912 0.704061 0.704063 -0.0926917 0.704063 0.256748 0.126151 -0.95821 0.256752 0.12615 -0.958209 0.958252 -0.0373207 0.283478 0.958252 -0.0373205 0.283477 0.958252 0.0373205 -0.283478 0.958252 0.0373206 -0.283478 0.704064 0.0926915 -0.704062 0.704063 0.0926917 -0.704063 -0.256748 0.126151 -0.95821 -0.256752 0.12615 -0.958209 -0.256751 -0.12615 0.958209 -0.256749 -0.126151 0.95821 0.256751 -0.12615 0.958209 0.25675 -0.12615 0.95821 -5.70547e-09 0.130526 -0.991445 0 0.130526 -0.991445 0 -0.130526 0.991445 0 -0.130526 0.991445 5.70548e-09 -0.130526 0.991445 6.38555e-09 -0.130526 0.991445 -5.70548e-09 0.130526 -0.991445 -9.07284e-09 0.130526 -0.991445 0.704063 -0.0926916 0.704062 0.704063 -0.0926915 0.704062 -6.0297e-07 -0.130525 0.991445 7.1921e-08 -0.130526 0.991445 2.1673e-07 -0.130526 0.991445 -2.03981e-07 -0.130526 0.991445 3.86042e-06 -0.130523 0.991445 6.27783e-08 -0.130526 0.991445 1.49679e-08 -0.130523 0.991445 6.1906e-07 -0.130527 0.991445 4.37895e-09 -0.130525 0.991445 6.94667e-09 -0.130526 0.991445 -1.47528e-06 -0.130526 0.991445 0.258819 0.965926 0 0.258819 0.965926 0 0 0 1 0 0 1 0 0 1 0 0 1 0 0 1 0 0 1 0 0 1 0 0 1 0 0 1 0 0 1 0 0 1 0 0 1 0 0 1 0 0 1 0 0 1 0 0 1 0 0 1 0 0 1 0 0 1 0 0 1 0 0 1 0 0 1 0 0 1 0 0 1 0.258819 0.965926 0 0.258819 0.965926 0 0.132788 0.495572 0.858356 0.707107 0.707107 0 0.707107 0.707107 0 -0.704062 -0.0926916 0.704063 -0.704063 -0.0926915 0.704063 -0.704063 -0.0926915 0.704062 0.707107 0.707107 0 0.707107 0.707107 0 0.362784 0.362784 0.858356 0.965926 0.258819 0 0.965926 0.258819 0 0.965926 0.258819 0 0.965926 0.258819 0 0.965926 0.258819 1.33903e-06 0.495572 0.132788 0.858356 0.258819 -0.875426 -0.408217 0.258821 -0.875424 -0.408222 0.258819 -0.875426 -0.408218 -0.965926 0.258817 0 -0.965926 0.258817 0 -0.965926 0.258819 0 -0.965926 0.258819 0 -0.495573 0.132787 0.858356 -0.707106 0.707108 0 -0.707106 0.707108 0 -0.707107 0.707107 0 -0.707107 0.707107 0 -0.362784 0.362785 0.858356 -0.258819 0.965926 0 -0.258819 0.965926 0 -0.258819 0.965926 0 -0.258819 0.965926 0 -0.132788 0.495572 0.858356 -0.258819 -0.875426 -0.408218 -0.258819 -0.875426 -0.408218 -0.258821 -0.875426 -0.408217 -1.13133e-08 0.258819 0.965926 -1.40068e-08 0.258819 0.965926 -3.52791e-08 0.707106 0.707108 -3.36163e-08 0.707106 0.707108 -4.81922e-08 0.965926 0.258819 -5.04243e-08 0.965926 0.258819 -4.81922e-08 0.965926 -0.258819 -4.7623e-08 0.965926 -0.258819 -3.52791e-08 0.707106 -0.707108 -3.9219e-08 0.707106 -0.707108 0.704062 -0.0926915 0.704063 0.704061 -0.0926917 0.704064 -1.29132e-08 0.258822 -0.965925 -1.12054e-08 0.258822 -0.965925 0 -0.965926 -0.258819 0 -0.965926 -0.258819 0 -0.707107 -0.707107 0 -0.707107 -0.707107 1.13133e-08 -0.258819 -0.965926 0 -0.258819 -0.965926 0.694746 -0.694747 -0.186157 0.694746 -0.694747 -0.186157 0.694746 -0.50859 -0.50859 0.694746 -0.508591 -0.50859 0.694746 -0.186157 -0.694747 0.694746 -0.186156 -0.694747 0 -0.258819 0.965926 0 -0.258819 0.965926 0 -0.707107 0.707107 0 -0.707107 0.707107 0 -0.965926 0.258819 0 -0.965926 0.258819 0.694746 -0.186156 0.694747 0.694746 -0.186157 0.694747 0.694746 -0.50859 0.50859 0.694746 -0.508591 0.50859 0.694746 -0.694747 0.186157 0.694746 -0.694747 0.186157 5.70548e-09 -0.130526 0.991445 0 -0.130526 0.991445 -0.256747 -0.126151 0.95821 -0.256752 -0.126151 0.958209 -0.704064 -0.0926916 0.704061 -0.704067 -0.0926911 0.704058 -0.965365 -0.0340544 0.258669 -0.965364 -0.034055 0.258673 0 0.130526 -0.991445 -5.70546e-09 0.130526 -0.991445 -0.704063 -0.0926915 0.704062 -0.704062 -0.0926918 0.704063 0 -0.130526 0.991445 0 -0.130526 0.991445 0.704063 -0.271758 0.656081 0.704065 -0.271757 0.65608 0.256752 0.369855 -0.892909 0.256749 0.369855 -0.892909 0.958252 -0.109418 0.264159 0.958252 -0.109419 0.26416 0.958252 0.109419 -0.26416 0.958252 0.109418 -0.264159 0.704063 0.271758 -0.656081 0.704064 0.271758 -0.656081 -0.256748 0.369855 -0.892909 -0.256752 0.369855 -0.892909 -0.256753 -0.369855 0.892908 -0.256752 -0.369855 0.892909 0.256752 -0.369855 0.892909 0.256751 -0.369855 0.892909 0 0.382683 -0.92388 0 0.382683 -0.92388 0 -0.382684 0.92388 0 -0.382684 0.92388 1.62001e-08 -0.382684 0.92388 1.70281e-08 -0.382684 0.92388 -3.71253e-08 0.382683 -0.92388 0 0.382683 -0.92388 0.704063 -0.271758 0.656082 0.704063 -0.271758 0.656082 1.77658e-08 -0.382685 0.923879 -3.08206e-08 -0.382684 0.923879 -5.15293e-07 -0.382683 0.92388 2.6693e-07 -0.382684 0.923879 0 -0.382683 0.92388 4.51067e-06 -0.382683 0.92388 1.503e-07 -0.382684 0.923879 4.42124e-08 -0.382685 0.923879 0 -0.382683 0.92388 1 0 0 1 0 0 1 0 0 1 0 0 1 0 0 1 0 0 1 0 0 1 0 0 1 0 0 1 0 0 -0.965926 0.234568 0.109381 -0.965926 0.234568 0.109381 4.38311e-08 -0.422619 0.906308 4.47267e-08 -0.422619 0.906307 0 -0.422619 0.906308 0 -0.422614 0.90631 -6.10646e-08 -0.422612 0.906311 0 -0.422617 0.906308 0 -0.422619 0.906307 -4.98374e-07 -0.422618 0.906308 -1.05499e-06 -0.422619 0.906308 6.10647e-08 -0.422612 0.906311 0 -0.422617 0.906308 3.33622e-07 -0.422618 0.906308 3.04307e-07 -0.422618 0.906308 -4.51281e-07 -0.422623 0.906306 0 -0.422611 0.906311 4.51281e-07 -0.422623 0.906306 -2.95357e-07 -0.422618 0.906308 -3.33621e-07 -0.422618 0.906308 1.05499e-06 -0.422619 0.906308 1.08446e-06 -0.422619 0.906308 0 -0.422618 0.906308 0 -0.422619 0.906308 0 -0.422618 0.906308 0 -0.422618 0.906308 -0.965926 0.23457 0.109382 -0.965916 0.234562 0.109487 -0.965926 0.234569 0.109381 -0.495573 -0.242411 0.834053 -0.707106 0.640858 0.298837 -0.707106 0.640857 0.298837 -0.362784 -0.0339629 0.931254 -0.132788 0.0863839 0.987373 0.132788 0.0863839 0.987373 0.707107 0.640857 0.298836 0.707106 0.640857 0.298836 0.362784 -0.0339631 0.931254 0.965926 0.23457 0.109382 0.965926 0.234571 0.109382 0.965926 0.23457 0.109382 0.965926 0.234571 0.109381 0.965926 0.234569 0.109382 0.965921 0.234587 0.109389 -0.704063 -0.271758 0.656082 -0.704041 -0.271763 0.656103 -0.704066 -0.271757 0.656078 -0.704063 -0.271758 0.656082 -0.70406 -0.271758 0.656084 0.495572 -0.24241 0.834054 0.965926 -0.23457 -0.109382 0.965926 -0.23457 -0.109382 0.965926 -0.23457 -0.109382 0.965926 -0.23457 -0.109381 0.965926 -0.234569 -0.109381 0.495572 -0.483104 0.721816 0.707107 -0.640857 -0.298836 0.707107 -0.640856 -0.298836 0.707107 -0.640857 -0.298836 0.707107 -0.640856 -0.298836 0.362784 -0.691551 0.624615 0.258819 -0.875426 -0.408218 0.258819 -0.875426 -0.408218 0.132789 -0.811898 0.568497 -0.258819 -0.875426 -0.408218 -0.258819 -0.875426 -0.408218 -0.132789 -0.811898 0.568497 -0.707106 -0.640857 -0.298837 -0.707106 -0.640857 -0.298837 -0.707107 -0.640856 -0.298836 -0.707107 -0.640856 -0.298836 -0.362783 -0.691552 0.624616 -0.965926 -0.234568 -0.109381 -0.965926 -0.234568 -0.109381 -0.965926 -0.23457 -0.109381 -0.965926 -0.23457 -0.109382 -0.495573 -0.483103 0.721817 -1.72176e-08 0.258821 -0.965925 0 0.258822 -0.965925 0.704062 -0.271758 0.656082 0.704062 -0.271758 0.656082 1.72176e-08 -0.258821 -0.965925 1.68081e-08 -0.258821 -0.965925 4.70389e-08 -0.707107 -0.707106 5.04244e-08 -0.707107 -0.707106 0 0.707107 -0.707106 0 0.707107 -0.707106 6.42563e-08 -0.965926 -0.25882 6.44312e-08 -0.965926 -0.25882 6.42563e-08 -0.965926 0.258819 6.44311e-08 -0.965926 0.258819 4.70389e-08 -0.707107 0.707106 4.48217e-08 -0.707107 0.707106 1.72174e-08 -0.258819 0.965926 1.68081e-08 -0.258819 0.965926 -1.72174e-08 0.258819 0.965926 0 0.258819 0.965926 0 0.965926 -0.25882 0 0.965926 -0.25882 0 0.707107 0.707106 0 0.707107 0.707106 0 0.965926 0.258819 0 0.965926 0.258819 1 0 0 1 0 0 1 0 0 1 0 0 1 0 0 1 0 0 1 0 0 1 0 0 1 0 0 1 0 0 1 0 0 1 0 0 1 0 0 1 0 0 1 0 0 1 0 0 1 0 0 1 0 0 1 0 0 1 0 0 1 0 0 1 0 0 1 0 0 1 0 0 0 0.258819 -0.965926 0 0.258819 -0.965926 0 0.707107 -0.707107 0 0.707107 -0.707107 0 0.965926 -0.258819 0 0.965926 -0.258819 0.694746 0.186157 -0.694747 0.694746 0.186157 -0.694747 0.694746 0.50859 -0.50859 0.694746 0.50859 -0.50859 0.694746 0.694747 -0.186157 0.694746 0.694747 -0.186157 0 0.965926 0.258819 0 0.965926 0.258819 0 0.707107 0.707106 0 0.707107 0.707106 0 0.258818 0.965926 0 0.258818 0.965926 0.694746 0.694747 0.186157 0.694746 0.694747 0.186157 0.694746 0.50859 0.50859 0.694746 0.50859 0.50859 0.694746 0.186156 0.694747 0.694746 0.186156 0.694747 0 -0.258818 0.965926 0 -0.258818 0.965926 0 -0.707107 0.707106 0 -0.707107 0.707106 0 -0.965926 0.258818 0 -0.965926 0.258818 0.694746 -0.186156 0.694747 0.694746 -0.186156 0.694747 0.694746 -0.50859 0.50859 0.694746 -0.50859 0.50859 0.694746 -0.694747 0.186156 0.694746 -0.694747 0.186156 0 -0.258819 -0.965926 0 -0.258819 -0.965926 0.694746 -0.694747 -0.186156 0.694746 -0.694747 -0.186156 0.694746 -0.50859 -0.50859 0.694746 -0.50859 -0.50859 0.694746 -0.186157 -0.694747 0.694746 -0.186157 -0.694747 0 -0.382683 0.92388 1.47469e-07 -0.382684 0.92388 -0.256747 -0.369855 0.89291 -0.256757 -0.369855 0.892907 -0.704063 -0.271758 0.656082 -0.704064 -0.271757 0.656081 -0.965365 -0.0998432 0.241042 -0.965365 -0.0998428 0.241041 0 0.382683 -0.92388 0 0.382683 -0.92388 -0.704063 -0.271758 0.656082 -0.704063 -0.271758 0.656082 0 -0.382683 0.92388 0 -0.382683 0.92388 0.704064 -0.432304 0.56339 0.704063 -0.432304 0.56339 0.256752 0.588354 -0.766758 0.256752 0.588354 -0.766758 0.958252 -0.174059 0.226839 0.958252 -0.174059 0.226839 0.958252 0.17406 -0.226839 0.958252 0.17406 -0.226839 0.704065 0.432303 -0.563389 0.704063 0.432304 -0.56339 -0.256752 0.588354 -0.766758 -0.256755 0.588354 -0.766758 -0.256754 -0.588354 0.766758 -0.256753 -0.588354 0.766758 0.256751 -0.588354 0.766758 0.256752 -0.588354 0.766758 0 -0.707107 0.707107 0 -0.707107 0.707107 0 -0.258819 0.965926 0 -0.258819 0.965926 0 0.258819 0.965926 0 0.258819 0.965926 0 0.707106 0.707107 0 0.707106 0.707107 0 0.965926 0.258818 0 0.965926 0.258818 0 0.965926 -0.258818 0 0.965926 -0.258818 0 0.707107 -0.707107 0 0.707107 -0.707107 -1 0 0 -1 -1.33244e-07 2.30785e-07 -1 -5.63154e-08 -5.63154e-08 -1 -5.63154e-08 -1.50897e-08 -1 -4.87706e-08 1.3068e-08 -1 -3.57025e-08 3.57025e-08 -1 -1.68946e-07 -9.75412e-08 -1 0 0 -1 0 0 -1 0 0 -0.694748 -0.508589 0.508589 -0.694748 -0.508589 0.508589 -0.694748 -0.186156 0.694745 -0.694747 -0.186157 0.694746 -0.694747 0.186157 0.694746 -0.694748 0.186157 0.694746 -0.694748 0.508589 0.508589 -0.694748 0.508588 0.508589 -0.694746 0.694747 0.186156 -0.694748 0.694745 0.186157 -0.694748 0.694746 -0.186156 -0.694746 0.694747 -0.186157 -0.694748 0.508589 -0.508589 -0.694748 0.508589 -0.508589 0 0.608761 -0.793354 0 0.608761 -0.793354 0 -0.608761 0.793353 0 -0.608761 0.793353 2.57706e-08 -0.608761 0.793353 2.55422e-08 -0.608761 0.793353 0 0.608762 -0.793353 0 0.608762 -0.793353 0.704063 -0.432304 0.56339 0.704063 -0.432305 0.56339 -1.04355e-07 -0.608761 0.793353 -1.34439e-06 -0.608757 0.793357 -2.68235e-08 -0.608761 0.793353 -2.2892e-07 -0.608761 0.793353 4.07877e-07 -0.608761 0.793353 1.59833e-06 -0.60876 0.793354 0 -0.608786 0.793334 7.68873e-08 -0.608762 0.793353 0 -0.608786 0.793334 4.33281e-08 -0.707107 0.707107 4.33501e-08 -0.707107 0.707107 -4.335e-08 0.707107 -0.707107 -4.33281e-08 0.707107 -0.707107 0 -0.707107 0.707106 0 -0.707107 0.707106 0 0.707107 -0.707107 0 0.707107 -0.707107 5.91874e-08 -0.965926 0.258818 5.98645e-08 -0.965926 0.258818 -0.258819 0.875426 0.408218 -0.258819 0.875426 0.408218 0.25882 0.875426 0.408218 0.258819 0.875426 0.408218 -5.91874e-08 0.965926 -0.258818 -5.90044e-08 0.965926 -0.258818 0 -0.965926 0.258819 0 -0.965926 0.258819 0 0.965926 -0.258819 0 0.965926 -0.258819 0 -1 0 0 -1 0 5.91874e-08 -0.965926 -0.258818 5.88323e-08 -0.965926 -0.258818 -5.91874e-08 0.965926 0.258818 -5.90043e-08 0.965926 0.258818 0 -0.965926 -0.258819 0 -0.965926 -0.258819 0 0.965926 0.258819 0 0.965926 0.258819 4.33281e-08 -0.707106 -0.707107 4.33501e-08 -0.707106 -0.707107 -4.33281e-08 0.707106 0.707107 -4.33501e-08 0.707106 0.707107 0 -0.707107 -0.707106 0 -0.707107 -0.707106 0 0.707107 0.707107 0 0.707107 0.707107 0 -0.5 -0.866025 0 -0.5 -0.866025 1.58593e-08 -0.25882 -0.965926 1.54822e-08 -0.25882 -0.965926 -0.707107 0.640857 0.298836 -0.707107 0.640857 0.298836 -0.25882 0.875426 0.408219 -0.258819 0.875427 0.408217 0.258819 0.875426 0.408219 0.25882 0.875426 0.408217 -0.704063 -0.432304 0.56339 -0.704063 -0.432304 0.56339 0.707107 0.640857 0.298836 0.707107 0.640857 0.298836 -1.58592e-08 0.258819 0.965926 -1.56542e-08 0.258819 0.965926 0 -0.258818 -0.965926 0 -0.258818 -0.965926 0.704063 -0.432305 0.56339 0.704062 -0.432305 0.563391 0 0.258819 0.965926 0 0.258819 0.965926 -1.58593e-08 0.25882 -0.965926 -1.65143e-08 0.25882 -0.965926 1.58592e-08 -0.258819 0.965926 1.56542e-08 -0.258819 0.965926 0 0.258818 -0.965926 0 0.258818 -0.965926 0 -0.258819 0.965926 0 -0.258819 0.965926 0 0.5 -0.866025 0 0.5 -0.866025 -4.33282e-08 0.707107 -0.707106 -8.67003e-08 0.707107 -0.707107 4.33281e-08 -0.707107 0.707107 4.33501e-08 -0.707107 0.707107 0 0.707107 -0.707107 0 0.707107 -0.707107 0 -0.707107 0.707107 0 -0.707107 0.707107 0 -0.965926 -0.258818 0 -0.965926 -0.258818 0 -0.707107 -0.707107 0 -0.707107 -0.707107 0 -0.608761 0.793353 2.94938e-07 -0.608761 0.793353 -0.25675 -0.588355 0.766758 -0.256756 -0.588353 0.766757 -0.704071 -0.432299 0.563384 -0.704063 -0.432304 0.56339 -0.965364 -0.158829 0.20699 -0.965365 -0.158827 0.206988 0 0.608761 -0.793353 0 0.608761 -0.793353 -0.704063 -0.432304 0.56339 -0.704062 -0.432305 0.56339 0 -0.608761 0.793353 0 -0.608761 0.793353 0.704063 -0.56339 0.432304 0.704064 -0.563389 0.432304 0.256752 0.766758 -0.588354 0.256752 0.766758 -0.588354 0.958252 -0.226839 0.174059 0.958252 -0.226839 0.17406 0.958252 0.226839 -0.17406 0.958252 0.226839 -0.17406 0.704063 0.56339 -0.432304 0.704065 0.563389 -0.432303 -0.256755 0.766757 -0.588354 -0.256752 0.766758 -0.588354 -0.256754 -0.766758 0.588354 -0.256751 -0.766758 0.588354 0.256751 -0.766758 0.588354 0.256751 -0.766758 0.588354 0 -0.258818 -0.965926 0 -0.258818 -0.965926 0 -0.707107 -0.707106 0 -0.707107 -0.707106 0 -0.965926 -0.25882 0 -0.965926 -0.25882 0 -0.965926 0.25882 0 -0.965926 0.25882 0 0.258818 -0.965926 0 0.258818 -0.965926 -0.694748 -0.186155 -0.694746 -0.694746 -0.186157 -0.694747 -0.694748 -0.50859 -0.508589 -0.694748 -0.508589 -0.508589 -0.694748 -0.694745 -0.186157 -0.694748 -0.694745 -0.186157 -0.694748 -0.694745 0.186157 -0.694748 -0.694745 0.186157 -0.694746 0.186156 -0.694747 -0.694748 0.186157 -0.694746 0 0.793354 -0.608761 0 0.793353 -0.608761 0 -0.793353 0.608762 0 -0.793353 0.608761 6.71698e-08 -0.793353 0.608761 3.40563e-08 -0.793353 0.608762 0 0.793353 -0.608761 0 0.793353 -0.608761 0.704063 -0.56339 0.432305 0.704063 -0.56339 0.432305 0 -0.793353 0.608761 1.10103e-05 -0.793356 0.608758 0 -0.793353 0.608761 4.17751e-07 -0.793353 0.608762 0 -0.793354 0.608761 1.01913e-07 -0.793353 0.608761 -5.46503e-08 -0.793353 0.608761 -1.11391e-07 -0.793353 0.608761 0 -0.79335 0.608765 1 0 0 1 0 0 1 0 0 1 0 0 1 0 0 1 0 0 1 0 0 1 0 0 1 0 0 1 0 0 1 0 0 1 0 0 1 0 0 1 0 0 1 0 0 1 0 0 1 0 0 1 0 0 1 0 0 1 0 0 1 0 0 1 0 0 1 0 0 1 0 0 1.58592e-08 -0.258818 0.965926 1.65143e-08 -0.258818 0.965926 0.362784 -0.931254 0.0339632 0.132787 -0.987373 -0.0863843 -0.132787 -0.987373 -0.0863843 -0.362784 -0.931254 0.0339634 -1 0 0 -1 0 0 -1 0 0 -1 0 0 -1 0 0 -1 0 0 -1 0 0 -1 0 0 -1 0 0 -1 0 0 -1 0 0 -1 0 0 -1 0 0 -1 0 0 -1 0 0 -1 0 0 -1 0 0 -1 0 0 -1 0 0 -1 0 0 -1 0 0 -1 0 0 -1 0 0 -1 0 0 -1.58591e-08 0.258818 -0.965926 -1.56542e-08 0.258818 -0.965926 0 -0.258818 0.965926 0 -0.258818 0.965926 1 0 0 1 0 0 1 0 0 1 0 0 1 0 0 1 0 0 1 0 0 1 0 0 1 0 0 1 0 0 1 0 0 1 0 0 1 0 0 1 0 0 1 0 0 1 0 0 1 0 0 1 0 0 0 0.258819 -0.965926 0 0.258819 -0.965926 1 0 0 1 0 0 1 0 0 1 0 0 0 -0.499999 0.866026 0 -0.499999 0.866026 -0.704063 -0.56339 0.432305 -0.704063 -0.56339 0.432304 0.704063 -0.56339 0.432304 0.704063 -0.56339 0.432305 -1.18375e-07 0.965926 -0.258818 -1.17665e-07 0.965926 -0.258818 0.25882 -0.408217 -0.875426 0.25882 -0.408217 -0.875426 -0.258819 -0.408217 -0.875427 -0.258819 -0.408217 -0.875427 5.91873e-08 -0.965926 0.25882 1.18009e-07 -0.965926 0.258819 0 0.965926 -0.258818 0 0.965926 -0.258818 0 -0.965926 0.258819 0 -0.965926 0.258819 0 1 0 0 1 0 -1.18375e-07 0.965926 0.258818 -1.18697e-07 0.965926 0.258818 0.965926 -0.109379 -0.23457 0.965917 -0.109469 -0.234563 0.965926 -0.109381 -0.234569 0.707107 -0.298835 -0.640857 0.707107 -0.298836 -0.640857 0.258819 -0.408218 -0.875426 0.25882 -0.408218 -0.875426 -0.258819 -0.408218 -0.875426 -0.258818 -0.408218 -0.875426 1.18375e-07 -0.965926 -0.25882 5.90043e-08 -0.965926 -0.258819 0 0.965926 0.258818 0 0.965926 0.258818 -0.707106 -0.298838 -0.640856 -0.707107 -0.298836 -0.640857 -0.965926 -0.109381 -0.23457 -0.965926 -0.109382 -0.234569 -0.965934 -0.10937 -0.23454 0 -0.965926 -0.258819 0 -0.965926 -0.258819 -8.66564e-08 0.707108 0.707106 -4.33501e-08 0.707107 0.707106 0.707107 -0.298836 -0.640856 0.707107 -0.298836 -0.640857 -0.707107 -0.298836 -0.640857 -0.707105 -0.298837 -0.640858 4.33282e-08 -0.707107 -0.707106 4.33501e-08 -0.707107 -0.707106 0 0.707107 0.707107 0 0.707107 0.707107 0 -0.707107 -0.707107 0 -0.707107 -0.707107 0 0.499999 0.866026 0 0.499999 0.866026 -1.58591e-08 0.258818 0.965926 -1.54822e-08 0.258818 0.965926 1.58591e-08 -0.258818 -0.965926 1.56542e-08 -0.258818 -0.965926 0 0.258818 0.965926 0 0.258818 0.965926 0 -0.258819 -0.965926 0 -0.258819 -0.965926 0 -0.793353 0.608762 0 -0.793353 0.608762 -0.256756 -0.766757 0.588354 -0.256751 -0.766758 0.588354 -0.704063 -0.56339 0.432304 -0.704071 -0.563384 0.4323 -0.965365 -0.206988 0.158828 -0.965364 -0.20699 0.158829 0 0.793353 -0.608761 0 0.793353 -0.608761 1 0 0 1 0 0 1 0 0 1 0 0 1 0 0 1 0 0 1 0 0 1 0 0 1 0 0 1 0 0 1 0 0 1 0 0 1 0 0 1 0 0 1 0 0 1 0 0 1 0 0 1 0 0 1 0 0 1 0 0 1 0 0 1 0 0 1 0 0 1 0 0 -0.704063 -0.56339 0.432305 -0.704063 -0.56339 0.432304 0 -0.793353 0.608761 0 -0.793353 0.608761 0.704063 -0.656082 0.271758 0.704063 -0.656081 0.271758 0.256752 0.892909 -0.369855 0.256749 0.892909 -0.369855 0.958252 -0.264159 0.109418 0.958252 -0.264159 0.109418 0.958252 0.264159 -0.109418 0.958252 0.26416 -0.109419 0.704063 0.656081 -0.271758 0.704063 0.656081 -0.271758 -0.256752 0.892909 -0.369855 -0.256748 0.89291 -0.369855 -0.256757 -0.892907 0.369855 -0.256752 -0.892909 0.369855 0.256754 -0.892908 0.369855 0.256751 -0.892909 0.369855 0 0.92388 -0.382683 0 0.92388 -0.382683 0 -0.92388 0.382684 0 -0.92388 0.382684 1.89921e-07 -0.92388 0.382684 1.46181e-06 -0.923878 0.382686 -7.12985e-08 -0.92388 0.382683 -5.81856e-08 -0.92388 0.382683 3.45995e-07 -0.923879 0.382685 -1.8275e-06 -0.923883 0.382675 7.82209e-08 -0.92388 0.382684 6.81726e-08 -0.92388 0.382684 -1.33382e-07 -0.92388 0.382683 -1.41746e-07 -0.92388 0.382683 0 -0.923878 0.382687 0 0.92388 -0.382683 0 0.92388 -0.382683 0.704063 -0.656082 0.271758 0.704063 -0.656082 0.271758 1.80562e-07 -0.92388 0.382682 6.32735e-08 -0.923879 0.382684 5.54851e-07 -0.92388 0.382683 -1.04193e-07 -0.92388 0.382683 0 -0.923879 0.382684 1.59266e-06 -0.92388 0.382684 -2.3882e-06 -0.92388 0.382683 -1.65967e-07 -0.923879 0.382684 0 -0.923879 0.382685 0 -0.923879 0.382684 -0.965926 0.109381 0.234568 -0.965926 0.109381 0.234568 -3.50649e-07 -0.906308 0.422618 -8.98425e-07 -0.906308 0.422618 -2.59353e-07 -0.906308 0.422618 7.17829e-06 -0.906308 0.422618 -2.2877e-06 -0.906308 0.422618 -1.95674e-06 -0.906308 0.422619 3.58343e-06 -0.906308 0.422619 3.87625e-07 -0.906308 0.422617 -1.60311e-06 -0.906308 0.422618 -2.66898e-06 -0.906308 0.422619 3.06477e-07 -0.906308 0.422618 0 -0.906308 0.422618 -1.07402e-07 -0.906308 0.422618 2.2877e-06 -0.906308 0.422618 -7.17829e-06 -0.906308 0.422618 2.66898e-06 -0.906308 0.422619 1.25303e-07 -0.906308 0.422618 3.81281e-06 -0.906309 0.422616 9.43009e-08 -0.906308 0.422618 1.22591e-06 -0.906308 0.422619 8.30624e-07 -0.906308 0.422618 3.50649e-07 -0.906308 0.422618 0 -0.906308 0.422618 6.85432e-07 -0.906308 0.422618 -0.965926 0.109381 0.234569 -0.965926 0.109381 0.234569 0.704063 -0.656081 0.271758 0.704062 -0.656082 0.271758 -0.495573 -0.721817 0.483103 -0.707107 0.298836 0.640857 -0.707107 0.298836 0.640857 -0.707107 0.298836 0.640856 -0.707107 0.298836 0.640856 -0.362784 -0.624616 0.691551 -0.258819 0.408218 0.875426 -0.258818 0.408218 0.875426 -0.258819 0.408218 0.875426 -0.258818 0.408213 0.875429 -0.258819 0.408218 0.875426 -0.132788 -0.568497 0.811898 0.258819 0.408218 0.875426 0.258818 0.408218 0.875426 0.258819 0.408218 0.875426 0.258819 0.408218 0.875426 0.258819 0.408218 0.875426 0.132788 -0.568497 0.811898 0.707107 0.298836 0.640856 0.707107 0.298836 0.640856 0.707107 0.298836 0.640856 0.707107 0.298836 0.640856 0.362784 -0.624616 0.691551 0.965926 0.109381 0.234568 0.965926 0.109381 0.234568 0.965926 0.109382 0.23457 0.965926 0.109381 0.23457 -0.704062 -0.656082 0.271758 -0.704063 -0.656082 0.271758 0.495573 -0.721817 0.483103 0.965926 -0.109381 -0.234568 0.965926 -0.109381 -0.234568 0.495573 -0.834053 0.242411 -0.965926 -0.109381 -0.234568 -0.965926 -0.109381 -0.234568 -0.495573 -0.834053 0.242411 0.278684 -0.278682 0.91906 0.439831 -0.43983 0.783006 0.439834 -0.43983 0.783005 0.568081 -0.568081 0.595456 0.568081 -0.56808 0.595457 0.568079 -0.568079 0.59546 0.102005 -0.380688 0.91906 0.102005 -0.380688 0.91906 0.160989 -0.600821 0.783005 0.160989 -0.600821 0.783005 -0.102005 -0.380688 0.91906 -0.102005 -0.380688 0.91906 -0.16099 -0.600821 0.783005 -0.160989 -0.600821 0.783005 -0.278684 -0.278682 0.91906 -0.439835 -0.439831 0.783003 -0.43983 -0.439832 0.783005 -0.568078 -0.56808 0.595459 -0.56808 -0.568083 0.595455 -0.568081 -0.56808 0.595458 0 -0.92388 0.382684 0 -0.92388 0.382684 -0.256754 -0.892908 0.369855 -0.256757 -0.892907 0.369854 -0.70406 -0.656084 0.271759 -0.704063 -0.656082 0.271758 -0.965365 -0.241042 0.0998426 -0.965365 -0.241042 0.099843 0 0.92388 -0.382684 0 0.92388 -0.382684 -0.704063 -0.656082 0.271758 -0.704063 -0.656082 0.271758 0 -0.92388 0.382683 0 -0.92388 0.382683 0.704063 -0.704063 0.0926918 0.704062 -0.704063 0.0926917 0.256752 0.958209 -0.126151 0.256749 0.95821 -0.12615 0.958252 -0.283477 0.0373206 0.958252 -0.283478 0.0373206 0.958252 0.283477 -0.0373205 0.958252 0.283478 -0.0373206 0.704063 0.704063 -0.0926916 0.704064 0.704062 -0.0926916 -0.256752 0.958209 -0.126151 -0.256748 0.95821 -0.126151 -0.256756 -0.958208 0.126151 -0.256758 -0.958207 0.126151 0.256755 -0.958208 0.126151 0.256755 -0.958208 0.126151 0 0.991445 -0.130526 0 0.991445 -0.130526 0 -0.991445 0.130526 0 -0.991445 0.130526 0 -0.991445 0.130526 -5.90677e-07 -0.991445 0.130527 6.35013e-06 -0.991446 0.130521 -1.75874e-06 -0.991445 0.130527 -1.86255e-06 -0.991445 0.130527 0 -0.991445 0.130526 0 -0.991445 0.130526 5.70042e-07 -0.991445 0.130527 5.61808e-07 -0.991445 0.130527 -2.43246e-06 -0.991446 0.130519 2.3225e-07 -0.991445 0.130527 1.87246e-07 -0.991445 0.130527 0 0.991445 -0.130526 0 0.991445 -0.130526 0.704063 -0.704062 0.0926916 0.704063 -0.704062 0.0926916 1.27359e-07 -0.991445 0.130526 -1.11258e-06 -0.991445 0.130528 4.50336e-07 -0.991445 0.130526 1.90089e-07 -0.991445 0.130526 0 -0.991445 0.130526 1 0 0 1 0 0 1 0 0 1 0 0 1 0 0 1 0 0 1 0 0 1 0 0 1 0 0 1 0 0 -4.02648e-08 0.258819 -0.965926 -4.0174e-08 0.258819 -0.965926 0.704061 -0.704064 0.0926916 0.704062 -0.704063 0.0926916 -1.09813e-07 0.707107 -0.707107 -1.09757e-07 0.707107 -0.707107 -1.50078e-07 0.965926 -0.258818 -1.49931e-07 0.965926 -0.258818 1.50078e-07 -0.965926 -0.258819 1.49931e-07 -0.965926 -0.25882 1.09813e-07 -0.707107 -0.707107 1.09757e-07 -0.707107 -0.707107 4.02648e-08 -0.258819 -0.965926 4.0174e-08 -0.258819 -0.965926 -0.704063 -0.704062 0.0926914 -0.704062 -0.704063 0.0926917 0.896685 -0.240711 0.371502 0.958086 -0.257194 0.126181 0.65651 -0.65651 0.371469 0.656509 -0.656514 0.371464 0.65651 -0.65651 0.37147 0.701456 -0.701459 0.126153 0.701454 -0.70146 0.126158 0.701457 -0.701458 0.126151 0.207932 -0.776013 0.595456 0.207932 -0.776013 0.595456 0.240299 -0.896809 0.371469 0.240299 -0.896809 0.37147 0.256752 -0.958209 0.126151 0.256751 -0.958209 0.126152 -0.207932 -0.776013 0.595456 -0.207932 -0.776013 0.595457 -0.240299 -0.896809 0.37147 -0.240299 -0.896809 0.371469 -0.256752 -0.958209 0.126151 -0.256751 -0.958209 0.126152 -0.656508 -0.656509 0.371473 -0.65651 -0.65651 0.371469 -0.65651 -0.656509 0.371471 -0.701457 -0.701458 0.126152 -0.701457 -0.701458 0.126151 -0.701457 -0.701458 0.12615 -0.896779 -0.24039 0.371483 -0.958182 -0.256849 0.126157 2.76025e-17 -0.991445 0.130526 0 -0.991445 0.130526 -0.256752 -0.958209 0.12615 -0.256755 -0.958208 0.12615 -0.704067 -0.704058 0.0926909 -0.70406 -0.704065 0.0926922 -0.965364 -0.258673 0.0340549 -0.965365 -0.258669 0.0340545 0 0.991445 -0.130526 0 0.991445 -0.130526 -0.704062 -0.704063 0.0926918 -0.704063 -0.704062 0.0926915 0 -0.991445 0.130526 0 -0.991445 0.130526 0.704062 -0.704063 -0.0926918 0.704063 -0.704063 -0.0926917 0.256749 0.95821 0.126151 0.256752 0.958209 0.12615 0.958252 -0.283478 -0.0373206 0.958252 -0.283477 -0.0373205 0.958252 0.283478 0.0373206 0.958252 0.283477 0.0373205 0.704064 0.704062 0.0926915 0.704063 0.704063 0.0926917 -0.256748 0.95821 0.126151 -0.256752 0.958209 0.12615 -0.256758 -0.958207 -0.126151 -0.256756 -0.958208 -0.126151 0.256755 -0.958208 -0.126151 0.256755 -0.958208 -0.126151 0 0.991445 0.130526 0 0.991445 0.130526 0 -0.991445 -0.130526 0 -0.991445 -0.130526 0 -0.991445 -0.130526 -1.86255e-06 -0.991445 -0.130527 -1.75874e-06 -0.991445 -0.130527 6.35013e-06 -0.991446 -0.130521 -5.90677e-07 -0.991445 -0.130527 0 -0.991445 -0.130526 1.87246e-07 -0.991445 -0.130527 2.3225e-07 -0.991445 -0.130527 -2.43246e-06 -0.991446 -0.130519 5.61808e-07 -0.991445 -0.130527 5.70042e-07 -0.991445 -0.130527 0 -0.991445 -0.130526 -5.85309e-18 0.991445 0.130526 0 0.991445 0.130526 0.704063 -0.704062 -0.0926916 0.704063 -0.704062 -0.0926915 0 -0.991445 -0.130526 5.41196e-07 -0.991445 -0.130526 -7.8641e-07 -0.991445 -0.130527 2.40574e-07 -0.991445 -0.130526 -2.62395e-08 -0.991445 -0.130526 0 -0.991445 -0.130526 1.27359e-07 -0.991445 -0.130526 -1.50078e-07 0.965926 0.258818 -1.49931e-07 0.965926 0.258818 0.258819 0.408218 -0.875426 0.258819 0.408218 -0.875426 0.258819 0.408218 -0.875426 1 0 0 1 0 0 1 0 0 1 0 0 1 0 0 1 0 0 1 0 0 0 -0.707106 0.707107 3.437e-07 -0.707105 0.707108 0 -0.707106 0.707107 0 -0.965925 0.258821 0 -0.965925 0.258821 0 -0.965925 -0.258821 0 -0.965925 -0.258821 0 -0.707106 -0.707107 0 -0.707106 -0.707107 0.704076 -0.704049 -0.0926895 0.704062 -0.704063 -0.0926915 0.704061 -0.704064 -0.0926919 2.06391e-06 -0.258821 -0.965925 0 -0.25882 -0.965926 0 -0.25882 -0.965926 0 0.258803 -0.96593 0 0.258803 -0.96593 -0.258819 0.408218 -0.875426 -0.258819 0.408218 -0.875426 -0.258819 0.408218 -0.875426 -1.09813e-07 0.707107 0.707107 -1.09757e-07 0.707107 0.707107 -4.02648e-08 0.258819 0.965926 -4.0174e-08 0.258819 0.965926 4.02648e-08 -0.258819 0.965926 4.0174e-08 -0.258819 0.965926 1.09813e-07 -0.707107 0.707107 1.09757e-07 -0.707107 0.707107 1.50078e-07 -0.965926 0.258819 1.49931e-07 -0.965926 0.258819 -0.704062 -0.704063 -0.0926915 -0.704063 -0.704062 -0.0926915 0.958086 -0.257194 -0.126181 0.896685 -0.240711 -0.371502 0.701457 -0.701457 -0.126158 0.701457 -0.701458 -0.126153 0.701456 -0.701459 -0.126151 0.65651 -0.65651 -0.371469 0.656509 -0.65651 -0.37147 0.656511 -0.656511 -0.371465 0.568079 -0.568079 -0.59546 0.568081 -0.56808 -0.595457 0.568081 -0.568081 -0.595456 0.439832 -0.439831 -0.783005 0.439832 -0.439828 -0.783006 0.256751 -0.958209 -0.126151 0.256752 -0.958209 -0.126152 0.240299 -0.896809 -0.371469 0.240299 -0.896809 -0.37147 0.207932 -0.776013 -0.595456 0.207932 -0.776013 -0.595456 0.160989 -0.600821 -0.783005 0.160989 -0.600821 -0.783005 -0.256751 -0.958209 -0.126152 -0.256752 -0.958209 -0.126151 -0.240299 -0.896809 -0.37147 -0.240299 -0.896809 -0.371469 -0.207932 -0.776013 -0.595456 -0.207932 -0.776013 -0.595457 -0.16099 -0.600821 -0.783005 -0.160989 -0.600822 -0.783004 -0.701457 -0.701458 -0.12615 -0.701457 -0.701458 -0.126151 -0.701457 -0.701458 -0.126152 -0.65651 -0.656509 -0.371471 -0.65651 -0.65651 -0.371469 -0.656508 -0.656509 -0.371473 -0.568081 -0.56808 -0.595458 -0.56808 -0.568083 -0.595455 -0.568078 -0.56808 -0.595459 -0.43983 -0.439832 -0.783005 -0.439835 -0.439831 -0.783003 -0.958182 -0.256849 -0.126157 -0.896779 -0.24039 -0.371483 0 -0.991445 -0.130526 0 -0.991445 -0.130526 -0.256755 -0.958208 -0.12615 -0.256752 -0.958209 -0.126151 -0.70406 -0.704065 -0.0926922 -0.704067 -0.704058 -0.0926909 -0.965365 -0.258669 -0.0340544 -0.965365 -0.258673 -0.034055 4.78737e-17 0.991445 0.130526 0 0.991445 0.130526 -0.704063 -0.704062 -0.0926915 -0.704062 -0.704063 -0.0926918 0 -0.991445 -0.130526 0 -0.991445 -0.130526 0.704063 -0.656081 -0.271758 0.704063 -0.656082 -0.271758 0.256749 0.892909 0.369855 0.256752 0.892909 0.369855 0.958252 -0.264159 -0.109418 0.958252 -0.264159 -0.109418 0.958252 0.26416 0.109419 0.958252 0.264159 0.109418 0.704063 0.656081 0.271758 0.704063 0.656081 0.271758 -0.256752 0.892908 0.369855 -0.256748 0.89291 0.369855 -0.256752 -0.892909 -0.369855 -0.256757 -0.892907 -0.369854 0.256751 -0.892909 -0.369855 0.256754 -0.892908 -0.369855 0 0.92388 0.382683 0 0.92388 0.382683 0 -0.92388 -0.382684 0 -0.92388 -0.382684 7.82209e-08 -0.92388 -0.382684 -1.8275e-06 -0.923883 -0.382675 3.45995e-07 -0.923879 -0.382685 -5.81856e-08 -0.92388 -0.382683 -7.12985e-08 -0.92388 -0.382683 1.46181e-06 -0.923878 -0.382686 1.89921e-07 -0.92388 -0.382684 0 -0.92388 -0.382684 -2.61373e-06 -0.923879 -0.382685 2.9359e-07 -0.92388 -0.382683 1.59231e-07 -0.92388 -0.382683 0 0.92388 0.382683 0 0.92388 0.382683 0.704063 -0.656082 -0.271758 0.704063 -0.656082 -0.271758 2.28485e-07 -0.923878 -0.382687 3.38611e-07 -0.923879 -0.382684 3.37448e-07 -0.92388 -0.382684 -1.62353e-07 -0.92388 -0.382683 1.85493e-06 -0.923879 -0.382684 2.69383e-07 -0.92388 -0.382683 0 -0.92388 -0.382683 4.10061e-06 -0.92388 -0.382683 1.98123e-07 -0.923879 -0.382684 0 -0.923879 -0.382685 0 -0.92388 -0.382683 -0.965926 -0.109381 0.234568 -0.965926 -0.109381 0.234568 -3.50649e-07 -0.906308 -0.422618 0 -0.906308 -0.422618 -6.85432e-07 -0.906308 -0.422618 6.28109e-06 -0.906308 -0.422618 -2.66896e-06 -0.906308 -0.422619 3.06477e-07 -0.906308 -0.422618 -3.77204e-07 -0.906308 -0.422618 1.1075e-07 -0.906308 -0.422618 9.43007e-08 -0.906308 -0.422618 -2.28768e-06 -0.906308 -0.422618 -1.96853e-06 -0.906308 -0.422619 3.81279e-06 -0.906309 -0.422617 1.25303e-07 -0.906308 -0.422618 2.66898e-06 -0.906308 -0.422619 -6.28109e-06 -0.906308 -0.422618 2.28771e-06 -0.906308 -0.422618 -1.07403e-07 -0.906308 -0.422618 0 -0.906308 -0.422618 -1.60311e-06 -0.906308 -0.422618 1.46166e-06 -0.906309 -0.422617 -3.87624e-08 -0.906308 -0.422619 3.50648e-07 -0.906308 -0.422618 8.98424e-07 -0.906308 -0.422618 2.59353e-07 -0.906308 -0.422618 -0.965926 -0.109384 0.23457 -0.965917 -0.109469 0.234563 -0.965926 -0.109381 0.234569 0.704065 -0.65608 -0.271757 0.70406 -0.656084 -0.27176 0.704063 -0.656081 -0.271758 -0.495573 -0.834053 -0.242411 -0.707104 -0.298837 0.640859 -0.707106 -0.298837 0.640857 -0.362784 -0.931254 -0.0339629 -0.132787 -0.987373 0.0863843 0.132788 -0.987373 0.0863843 0.707107 -0.298836 0.640857 0.707106 -0.298837 0.640857 0.362784 -0.931254 -0.033963 0.965926 -0.109382 0.23457 0.965926 -0.109382 0.23457 0.965926 -0.109381 0.23457 0.965926 -0.109382 0.234569 0.965926 -0.109382 0.234569 0.965923 -0.109385 0.234578 -0.704063 -0.656082 -0.271758 -0.704062 -0.656083 -0.271758 -0.704061 -0.656083 -0.271759 -0.704066 -0.656078 -0.271757 -0.704063 -0.656082 -0.271758 0.495573 -0.834054 -0.24241 0.965926 0.109382 -0.23457 0.965926 0.109382 -0.23457 0.965926 0.109382 -0.23457 0.965926 0.10938 -0.23457 0.965926 0.109381 -0.23457 0.495573 -0.721816 -0.483104 0.707107 0.298836 -0.640857 0.707107 0.298836 -0.640856 0.707107 0.298836 -0.640856 0.707107 0.298836 -0.640856 0.362784 -0.624615 -0.691551 0.258819 0.408218 -0.875426 0.25882 0.408218 -0.875426 0.132789 -0.568497 -0.811898 -0.258819 0.408218 -0.875426 -0.258819 0.408218 -0.875426 -0.132788 -0.568497 -0.811898 -0.707106 0.298836 -0.640857 -0.707106 0.298836 -0.640857 -0.707107 0.298836 -0.640856 -0.707107 0.298836 -0.640856 -0.362783 -0.624616 -0.691552 -0.965926 0.109381 -0.234568 -0.965926 0.109381 -0.234568 -0.965926 0.109382 -0.23457 -0.965926 0.109381 -0.23457 0 -0.258821 0.965925 0 -0.258821 0.965925 -0.495573 -0.721817 -0.483103 0.278684 -0.278682 -0.91906 0.102005 -0.380688 -0.91906 0.102005 -0.380688 -0.91906 -0.102005 -0.380688 -0.91906 -0.102005 -0.380688 -0.91906 -0.278684 -0.278682 -0.91906 0 -0.92388 -0.382684 0 -0.92388 -0.382684 -0.256754 -0.892908 -0.369855 -0.256757 -0.892907 -0.369854 -0.704063 -0.656082 -0.271758 -0.70406 -0.656084 -0.271759 -0.965365 -0.241042 -0.099843 -0.965365 -0.241042 -0.0998426 0 0.92388 0.382684 0 0.92388 0.382684 -0.704063 -0.656082 -0.271758 -0.704063 -0.656082 -0.271758 0 -0.92388 -0.382683 0 -0.92388 -0.382683 0.704064 -0.563389 -0.432304 0.704063 -0.56339 -0.432304 0.256752 0.766758 0.588354 0.256752 0.766758 0.588354 0.958252 -0.226839 -0.17406 0.958252 -0.226839 -0.174059 0.958252 0.226839 0.174059 0.958252 0.226839 0.17406 0.704065 0.563389 0.432303 0.704063 0.56339 0.432304 -0.256752 0.766758 0.588354 -0.256754 0.766758 0.588354 -0.256751 -0.766758 -0.588354 -0.256754 -0.766758 -0.588354 0.256751 -0.766758 -0.588354 0.256751 -0.766758 -0.588354 0 -0.707107 -0.707107 0 -0.707107 -0.707107 0 -0.965926 -0.25882 0 -0.965926 -0.25882 0 -0.965926 0.25882 0 -0.965926 0.25882 0 -0.707107 0.707106 0 -0.707107 0.707106 0 -0.258818 0.965926 0 -0.258818 0.965926 0 0.258818 0.965926 0 0.258818 0.965926 0 0.707107 0.707107 0 0.707107 0.707107 -1 0 0 -1 0 0 -1 0 0 -1 -1.95082e-07 0 -1 -1.3068e-08 -4.87706e-08 -1 -3.57025e-08 -3.57025e-08 -1 -5.63154e-08 -1.50897e-08 -1 -7.69283e-08 2.06129e-08 -1 -9.75412e-08 9.75412e-08 -1 -9.75412e-08 3.64028e-07 -0.694748 -0.508589 -0.508589 -0.694748 -0.508589 -0.508589 -0.694748 -0.694745 -0.186157 -0.694748 -0.694745 -0.186157 -0.694748 -0.694745 0.186157 -0.694748 -0.694746 0.186157 -0.694748 -0.50859 0.508589 -0.694748 -0.508589 0.508589 -0.694748 -0.186155 0.694746 -0.694746 -0.186157 0.694747 -0.694746 0.186156 0.694747 -0.694748 0.186157 0.694746 -0.694748 0.508589 0.508589 -0.694748 0.508589 0.508589 0 0.793354 0.608761 0 0.793354 0.608761 0 -0.793353 -0.608762 0 -0.793353 -0.608761 6.71698e-08 -0.793353 -0.608762 3.40563e-08 -0.793353 -0.608761 0 0.793353 0.608761 0 0.793353 0.608761 0.704063 -0.56339 -0.432305 0.704063 -0.56339 -0.432305 1.01913e-07 -0.793353 -0.608762 1.34012e-07 -0.793353 -0.608761 -7.63066e-08 -0.793353 -0.608761 0 -0.793353 -0.608761 3.92941e-05 -0.793353 -0.608762 0 -0.793353 -0.608761 2.16602e-07 -0.793353 -0.608761 0 -0.793352 -0.608763 1.29321e-07 -0.793353 -0.608762 4.33281e-08 -0.707107 -0.707107 4.33501e-08 -0.707107 -0.707107 -4.33281e-08 0.707107 0.707107 -4.335e-08 0.707107 0.707107 0 -0.707107 -0.707106 0 -0.707107 -0.707106 0 0.707107 0.707107 0 0.707107 0.707107 0 -0.499999 -0.866026 0 -0.499999 -0.866026 1.58592e-08 -0.258818 -0.965926 1.54822e-08 -0.258818 -0.965926 -0.258819 -0.408218 0.875426 -0.258819 -0.408218 0.875426 0.25882 -0.408218 0.875426 0.258819 -0.408218 0.875426 -1.58591e-08 0.258818 0.965926 -1.56542e-08 0.258818 0.965926 0 -0.258818 -0.965926 0 -0.258818 -0.965926 0 0.258819 0.965926 0 0.258819 0.965926 -1.58591e-08 0.258818 -0.965926 -1.65143e-08 0.258818 -0.965926 1.58591e-08 -0.258818 0.965926 1.56542e-08 -0.258818 0.965926 0 0.258818 -0.965926 0 0.258818 -0.965926 0 -0.258819 0.965926 0 -0.258819 0.965926 0 0.499999 -0.866026 0 0.499999 -0.866026 -8.66564e-08 0.707107 -0.707106 -4.33501e-08 0.707108 -0.707106 4.33282e-08 -0.707107 0.707106 4.33501e-08 -0.707107 0.707106 0 0.707107 -0.707107 0 0.707107 -0.707107 0 -0.707107 0.707107 0 -0.707107 0.707107 -1.18375e-07 0.965926 -0.258818 -1.17665e-07 0.965926 -0.258818 -0.707107 -0.298836 0.640857 -0.707106 -0.298838 0.640856 -0.258819 -0.408217 0.875427 -0.258819 -0.408217 0.875427 0.258819 -0.408217 0.875426 0.258819 -0.408217 0.875426 -0.704063 -0.56339 -0.432304 -0.704062 -0.56339 -0.432305 0.707107 -0.298836 0.640857 0.707107 -0.298836 0.640857 1.18375e-07 -0.965926 0.258819 5.90043e-08 -0.965926 0.25882 0 0.965926 -0.258818 0 0.965926 -0.258818 0.704063 -0.56339 -0.432304 0.704063 -0.56339 -0.432305 0 -0.965926 0.258819 0 -0.965926 0.258819 0 1 0 0 1 0 -1.18375e-07 0.965926 0.258818 -1.18697e-07 0.965926 0.258818 5.91874e-08 -0.965926 -0.258819 1.18009e-07 -0.965926 -0.25882 0 0.965926 0.258818 0 0.965926 0.258818 0 -0.965926 -0.258819 0 -0.965926 -0.258819 -4.33281e-08 0.707107 0.707107 -8.67003e-08 0.707107 0.707106 4.33281e-08 -0.707107 -0.707107 4.33501e-08 -0.707107 -0.707107 0 0.707107 0.707107 0 0.707107 0.707107 0 -0.707107 -0.707107 0 -0.707107 -0.707107 0 0.5 0.866025 0 0.5 0.866025 0 -0.793353 -0.608762 0 -0.793353 -0.608762 -0.25675 -0.766758 -0.588355 -0.256756 -0.766757 -0.588354 -0.704071 -0.563384 -0.4323 -0.704063 -0.56339 -0.432304 -0.965364 -0.20699 -0.158829 -0.965365 -0.206988 -0.158828 0 0.793353 0.608761 0 0.793353 0.608761 -0.704063 -0.56339 -0.432304 -0.704063 -0.56339 -0.432305 0 -0.793353 -0.608761 0 -0.793353 -0.608761 0.704064 -0.432304 -0.563389 0.704063 -0.432304 -0.56339 0.256752 0.588354 0.766758 0.256752 0.588354 0.766758 0.958252 -0.174059 -0.226839 0.958252 -0.174059 -0.226839 0.958252 0.17406 0.226839 0.958252 0.17406 0.226839 0.704065 0.432303 0.563389 0.704063 0.432304 0.56339 -0.256755 0.588354 0.766757 -0.256752 0.588354 0.766758 -0.256753 -0.588354 -0.766758 -0.256753 -0.588354 -0.766758 0.256752 -0.588354 -0.766758 0.256751 -0.588354 -0.766758 0 -0.258819 -0.965926 0 -0.258819 -0.965926 0 0.965926 0.258818 0 0.965926 0.258818 0 0.965926 -0.258818 0 0.965926 -0.258818 0 0.707106 -0.707107 0 0.707106 -0.707107 0 0.258819 -0.965926 0 0.258819 -0.965926 -0.694748 -0.186156 -0.694745 -0.694747 -0.186157 -0.694746 -0.694746 0.694747 0.186156 -0.694748 0.694746 0.186157 -0.694748 0.694746 -0.186155 -0.694746 0.694747 -0.186157 -0.694748 0.508589 -0.508589 -0.694748 0.508588 -0.508589 -0.694747 0.186157 -0.694746 -0.694748 0.186156 -0.694746 0 0.608761 0.793354 0 0.608761 0.793354 0 -0.608761 -0.793353 0 -0.608761 -0.793353 2.57706e-08 -0.608761 -0.793353 2.55422e-08 -0.608761 -0.793353 0 0.608762 0.793353 0 0.608762 0.793353 0.704063 -0.432304 -0.56339 0.704063 -0.432305 -0.56339 2.71918e-08 -0.608762 -0.793353 -1.34439e-06 -0.608757 -0.793357 -1.04187e-07 -0.608761 -0.793353 0 -0.608786 -0.793334 7.82004e-08 -0.608761 -0.793353 4.07877e-07 -0.608761 -0.793353 1.64723e-06 -0.60876 -0.793354 0 -0.608786 -0.793334 -1.14987e-06 -0.608763 -0.793352 1 0 0 1 0 0 1 0 0 1 0 0 1 0 0 1 0 0 1 0 0 1 0 0 1 0 0 1 0 0 1 0 0 1 0 0 1 0 0 1 0 0 1 0 0 1 0 0 1 0 0 1 0 0 1 0 0 1 0 0 1 0 0 1 0 0 1 0 0 1 0 0 1.58593e-08 -0.25882 0.965926 1.65143e-08 -0.25882 0.965926 0.965926 0.23457 -0.109382 0.965923 0.234568 -0.109413 0.965926 0.23457 -0.109381 0.965926 0.23457 -0.109382 0.707107 0.640857 -0.298836 0.707107 0.640857 -0.298836 0.258819 0.875426 -0.408218 0.25882 0.875426 -0.408218 0.258819 0.875426 -0.408219 0.25882 0.875426 -0.408217 -0.258819 0.875426 -0.408218 -0.258819 0.875426 -0.408218 -0.25882 0.875426 -0.408219 -0.258819 0.875427 -0.408217 -0.707107 0.640857 -0.298836 -0.707107 0.640857 -0.298836 -0.965926 0.23457 -0.109381 -0.965926 0.234568 -0.109383 -0.96591 0.234623 -0.109406 -1 0 0 -1 0 0 -1 0 0 -1 0 0 -1 0 0 -1 0 0 -1 0 0 -1 0 0 -1 0 0 -1 0 0 -1 0 0 -1 0 0 -1 0 0 -1 0 0 -1 0 0 -1 0 0 -1 0 0 -1 0 0 -1 0 0 -1 0 0 -1 0 0 -1 0 0 -1 0 0 -1 0 0 -1.58592e-08 0.258819 -0.965926 -1.56542e-08 0.258819 -0.965926 0 -0.258818 0.965926 0 -0.258818 0.965926 1 0 0 1 0 0 1 0 0 1 0 0 1 0 0 1 0 0 1 0 0 1 0 0 1 0 0 1 0 0 1 0 0 1 0 0 1 0 0 1 0 0 1 0 0 1 0 0 1 0 0 1 0 0 0 0.258819 -0.965926 0 0.258819 -0.965926 1 0 0 1 0 0 1 0 0 1 0 0 0 -0.5 0.866025 0 -0.5 0.866025 4.33281e-08 -0.707106 0.707107 4.33501e-08 -0.707106 0.707107 0.707106 0.640857 -0.298836 0.707107 0.640856 -0.298836 -0.707106 0.640857 -0.298837 -0.707106 0.640857 -0.298837 -4.33281e-08 0.707106 -0.707107 -4.33501e-08 0.707106 -0.707107 0 -0.707107 0.707106 0 -0.707107 0.707106 0 0.707107 -0.707107 0 0.707107 -0.707107 5.91874e-08 -0.965926 0.258818 5.98645e-08 -0.965926 0.258818 -5.91874e-08 0.965926 -0.258818 -5.90043e-08 0.965926 -0.258818 0 -0.965926 0.258819 0 -0.965926 0.258819 0 0.965926 -0.258819 0 0.965926 -0.258819 0 -1 0 0 -1 0 5.91874e-08 -0.965926 -0.258818 5.88323e-08 -0.965926 -0.258818 0.362784 -0.0339631 -0.931254 0.132788 0.0863839 -0.987373 -0.132788 0.0863839 -0.987373 -0.362784 -0.0339629 -0.931254 -5.91874e-08 0.965926 0.258818 -5.90044e-08 0.965926 0.258818 0 -0.965926 -0.258819 0 -0.965926 -0.258819 0 0.965926 0.258819 0 0.965926 0.258819 -0.704063 -0.432304 -0.56339 -0.704063 -0.432305 -0.56339 0.704062 -0.432305 -0.563391 0.704063 -0.432305 -0.56339 -1.58593e-08 0.25882 0.965926 -1.54822e-08 0.25882 0.965926 1.58592e-08 -0.258819 -0.965926 1.56542e-08 -0.258819 -0.965926 0 0.258818 0.965926 0 0.258818 0.965926 0 -0.258819 -0.965926 0 -0.258819 -0.965926 0 -0.258819 0.965926 0 -0.258819 0.965926 0 -0.707107 0.707107 0 -0.707107 0.707107 0 -0.965926 0.258818 0 -0.965926 0.258818 0.694746 -0.186157 0.694747 0.694746 -0.186157 0.694747 0.694746 -0.50859 0.50859 0.694746 -0.50859 0.50859 0.694746 -0.694747 0.186156 0.694746 -0.694747 0.186156 0 -0.965926 -0.258818 0 -0.965926 -0.258818 0.694746 -0.694747 -0.186156 0.694746 -0.694747 -0.186156 0 -0.608761 -0.793353 2.94938e-07 -0.608761 -0.793353 -0.256751 -0.588354 -0.766758 -0.256756 -0.588353 -0.766757 -0.704071 -0.432299 -0.563384 -0.704063 -0.432304 -0.56339 -0.965364 -0.158829 -0.20699 -0.965365 -0.158827 -0.206988 0 0.608761 0.793353 0 0.608761 0.793353 1 0 0 1 0 0 1 0 0 1 0 0 1 0 0 1 0 0 1 0 0 1 0 0 1 0 0 1 0 0 1 0 0 1 0 0 1 0 0 1 0 0 1 0 0 1 0 0 1 0 0 1 0 0 1 0 0 1 0 0 1 0 0 1 0 0 1 0 0 1 0 0 -0.704063 -0.432305 -0.56339 -0.704062 -0.432305 -0.56339 -1 -8.05001e-08 -4.92224e-14 -1 -8.05001e-08 -1.94344e-07 -1 -4.16699e-08 1.006e-07 -1 -4.16699e-08 -5.43053e-08 -1 -2.94651e-08 3.83997e-08 -1 -2.94651e-08 3.02733e-07 -1 -3.29273e-08 -3.38305e-07 -1 -3.29273e-08 1.22886e-07 -1 -3.47713e-08 -1.29768e-07 -1 -3.47713e-08 3.47714e-08 -1 -3.62578e-08 -3.62579e-08 -1 -3.62578e-08 9.71528e-09 -1 -3.68342e-08 -9.86962e-09 -1 -3.68342e-08 -9.86973e-09 -1 -3.62578e-08 9.7152e-09 -1 -3.62578e-08 -3.62578e-08 -1 -3.47713e-08 3.47713e-08 -1 -3.47713e-08 -1.29769e-07 -1 -3.29273e-08 1.22887e-07 -1 -3.29273e-08 2.0039e-07 -1 -4.81163e-08 -1.46414e-07 -1 -4.81163e-08 -1.99304e-08 -1 -4.31399e-08 1.78691e-08 -1 -4.31399e-08 1.59561e-08 -1 -3.23285e-08 1.20652e-07 -1 -4.10838e-08 4.10838e-08 -1 -4.47231e-08 1.19836e-08 -1 -4.5586e-08 6.00153e-09 -1 -4.5586e-08 -1.22146e-08 -1 -4.62027e-08 -4.62028e-08 -1 -8.05001e-08 4.92224e-14 -1 -8.05001e-08 -1.94344e-07 -1 -4.16699e-08 1.006e-07 -1 -4.16699e-08 -5.43053e-08 -1 -2.94651e-08 3.83997e-08 -1 -2.94651e-08 3.02733e-07 -1 -3.29273e-08 -3.38305e-07 -1 -3.29273e-08 1.22886e-07 -1 -3.47713e-08 -1.29768e-07 -1 -3.47713e-08 3.47714e-08 -1 -3.62578e-08 -3.62579e-08 -1 -3.62578e-08 9.71519e-09 -1 -3.68342e-08 -9.86967e-09 -1 -3.68342e-08 -9.86964e-09 -1 -3.62578e-08 9.71525e-09 -1 -3.62578e-08 -3.62578e-08 -1 -3.47713e-08 3.47713e-08 -1 -3.47713e-08 -1.29769e-07 -1 -3.29273e-08 1.22887e-07 -1 -3.29273e-08 2.0039e-07 -1 -4.81163e-08 -1.46414e-07 -1 -4.81163e-08 -1.99304e-08 -1 -4.31399e-08 1.78691e-08 -1 -4.31399e-08 -5.67947e-09 -1 -4.45621e-08 -1.64821e-08 -1 -5.06302e-08 -1.88955e-07 -1 -3.06606e-08 -7.70733e-08 -1 -2.35864e-06 2.35864e-06 -1 -1.59553e-07 4.27523e-08 -1 -1.03283e-07 -2.76747e-08 -1 -7.59442e-08 -7.59441e-08 -1 -4.3565e-08 -1.62588e-07 -1 -1.16347e-07 1.13239e-08 -1 0 0 -1 0 0 -1 0 0 -1 -4.3565e-08 1.62588e-07 -1 -7.59442e-08 7.59441e-08 -1 -1.03283e-07 2.76747e-08 -1 0 0 -1 0 0 -1 0 0 -1 -1.16347e-07 -1.13239e-08 -1 -1.03283e-07 -2.76747e-08 -1 -7.59442e-08 -7.59441e-08 -1 -4.3565e-08 -1.62588e-07 -1 0 0 -1 0 0 -1 0 0 -1 0 0 -1 0 0 -1 0 0 -1 0 0 -1 0 0 -1 -4.3565e-08 1.62588e-07 -1 -7.59442e-08 7.59441e-08 -1 -1.03283e-07 2.76747e-08 -1 -1.59553e-07 -4.27523e-08 -1 -2.35864e-06 -2.35864e-06 -1 -3.06606e-08 7.70733e-08 -1 0 0 -1 0 0 0 -0.608761 -0.793353 0 -0.608761 -0.793353 0.704063 -0.271758 -0.656081 0.704065 -0.271757 -0.65608 0.256752 0.369855 0.892909 0.256749 0.369855 0.892909 0.958252 -0.109418 -0.264159 0.958252 -0.109419 -0.26416 0.958252 0.109418 0.264159 0.958252 0.109419 0.26416 0.704063 0.271758 0.656081 0.704064 0.271758 0.656081 -0.256748 0.369855 0.892909 -0.256752 0.369855 0.892909 -0.256752 -0.369855 -0.892909 -0.256753 -0.369855 -0.892908 0.256751 -0.369855 -0.892909 0.256752 -0.369855 -0.892909 0 0.382683 0.92388 0 0.382683 0.92388 0 -0.382684 -0.92388 0 -0.382684 -0.92388 1.62001e-08 -0.382684 -0.92388 1.70281e-08 -0.382684 -0.92388 0 0.382683 0.92388 -3.62914e-08 0.382683 0.92388 0.704063 -0.271758 -0.656082 0.704063 -0.271758 -0.656082 0 -0.382683 -0.92388 4.42124e-08 -0.382685 -0.923879 1.503e-07 -0.382684 -0.923879 4.51067e-06 -0.382683 -0.92388 7.14657e-08 -0.382683 -0.92388 -5.15293e-07 -0.382683 -0.92388 -3.08206e-08 -0.382684 -0.923879 1.77658e-08 -0.382685 -0.923879 0 -0.382684 -0.92388 1 0 0 1 0 0 1 0 0 1 0 0 1 0 0 1 0 0 1 0 0 1 0 0 1 0 0 1 0 0 1 0 0 1 0 0 1 0 0 1 0 0 1 2.12633e-07 3.69859e-07 1 8.73467e-07 -1.71427e-06 1 0 0 1 0 0 1 0 0 1 0 0 1 3.74196e-08 4.49553e-07 1 1.16254e-07 4.81538e-08 1 0 0 1 0 0 1 0 0 1 0 0 1 9.51927e-07 -9.70967e-05 1 7.80137e-08 5.92573e-07 1 8.78707e-08 2.12138e-07 1 9.5076e-08 1.23905e-07 1 1.09621e-07 4.54063e-08 1 1.14569e-07 8.79122e-08 1 1.09194e-07 1.43758e-08 1 1.03007e-07 3.84428e-07 1 2.63024e-07 2.63024e-07 1 3.55949e-06 -1.54643e-06 1 -1.50158e-05 6.52364e-06 1 2.80245e-06 -8.52925e-07 1 4.83152e-07 0 1 0 0 1 0 0 1 0 0 1 0 0 1 4.80676e-07 -6.32826e-08 1 4.92509e-07 -2.58113e-08 1 5.01808e-07 -3.25878e-07 1 0 0 1 1.0526e-07 2.71625e-07 1 1.10159e-07 -8.45277e-08 1 7.84315e-08 -3.77418e-07 1 0 0 1 0 0 1 0 0 1 0 0 1 0 0 1 0 0 1 0 0 1 0 0 1 0 0 1 -1.56359e-08 1.58354e-06 1 9.32763e-08 3.48109e-07 1 1.15518e-07 1.15519e-07 1 1.24535e-07 5.15842e-08 1 1.24232e-07 3.3288e-08 1 1.26723e-07 -3.39555e-08 1 1.35857e-07 -1.35857e-07 1 1.09818e-07 8.42667e-08 1 3.89014e-08 -3.07228e-07 1 6.94347e-08 -2.59135e-07 1 4.1226e-08 -3.16499e-07 1 8.25999e-07 6.27408e-06 1 1.22733e-07 2.96304e-07 1 1.1012e-07 1.43511e-07 1 0 0 1 0 0 1 0 0 1 0 0 1 0 0 1 0 0 1 0 0 1 0 0 1 0 0 1 0 0 1 0 0 1 0 0 1 0 0 1 0 0 1 0 0 1 0 0 1 0 0 1 0 0 1 0 0 1 0 0 1 0 0 1 0 0 1 0 0 1 0 0 1 0 0 1 0 0 1 0 0 1 0 0 1 0 0 1 0 0 1 0 0 1 0 0 1 0 0 1 0 0 1 0 0 1 0 0 1 0 0 1 0 0 1 0 0 1 0 0 1 0 0 1 0 0 1 0 0 1 0 0 1 0 0 1 0 0 1 0 0 1 0 0 1 0 0 1 5.17401e-07 -6.81171e-08 1 4.17235e-07 -1.11797e-07 1 2.27396e-07 -2.27396e-07 1 9.50317e-08 -3.54663e-07 1 4.08031e-07 5.37183e-08 1 6.93739e-07 6.93739e-07 1 5.17401e-07 1.38637e-07 1 0 0 1 0 0 1 0 0 1 0 0 1 0 0 1 0 0 1 0 0 1 0 0 1 0 0 1 0 0 1 0 0 1 0 0 1 0 0 1 0 0 1 0 0 1 0 0 1 0 0 1 0 0 1 0 0 1 0 0 1 0 0 1 0 0 1 0 0 1 0 0 1 0 0 1 0 0 1 0 0 1 0 0 1 0 0 1 0 0 1 0 0 1 0 0 1 0 0 1 0 0 1 0 0 1 0 0 1 0 0 1 0 0 1 0 0 1 0 0 1 0 0 1 0 0 1 0 0 1 0 0 1 0 0 1 0 0 1 0 0 1 0 0 1 0 0 1 0 0 1 0 0 1 0 0 1 0 0 1 0 0 1 0 0 1 0 0 1 0 0 1 0 0 1 0 0 1 0 0 1 0 0 1 0 0 1 0 0 1 0 0 1 0 0 1 0 0 1 0 0 1 0 0 1 0 0 1 0 0 1 0 0 1 0 0 1 0 0 1 0 0 1 0 0 1 0 0 1 0 0 1 0 0 1 0 0 1 0 0 1 0 0 1 0 0 1 0 0 1 0 0 1 0 0 1 0 0 1 0 0 1 0 0 1 0 0 1 0 0 1 0 0 1 0 0 1 0 0 1 0 0 1 0 0 1 0 0 1 0 0 1 0 0 1 0 0 1 0 0 1 0 0 1 0 0 1 0 0 1 0 0 1 0 0 1 0 0 1 0 0 1 0 0 1 0 0 1 0 0 1 0 0 1 0 0 1 0 0 1 0 0 1 1.82518e-07 6.81168e-07 1 0 0 1 9.51927e-07 -3.943e-07 1 0 0 1 0 0 1 0 0 1 0 0 1 0 0 1 0 0 1 0 0 1 0 0 1 0 0 1 0 0 -0.965926 -0.234568 0.109381 -0.965926 -0.234568 0.109381 4.38311e-08 -0.422619 -0.906308 4.47266e-08 -0.422619 -0.906308 0 -0.422619 -0.906308 0 -0.422614 -0.90631 6.10647e-08 -0.422612 -0.906311 0 -0.422617 -0.906308 0 -0.422619 -0.906307 4.98374e-07 -0.422618 -0.906308 1.05499e-06 -0.422619 -0.906308 -6.10646e-08 -0.422612 -0.906311 0 -0.422617 -0.906308 -3.33621e-07 -0.422618 -0.906308 -3.04307e-07 -0.422618 -0.906308 4.51281e-07 -0.422623 -0.906306 0 -0.422611 -0.906311 -4.51281e-07 -0.422623 -0.906306 2.95357e-07 -0.422618 -0.906308 3.33622e-07 -0.422618 -0.906308 -1.05499e-06 -0.422619 -0.906308 -1.08446e-06 -0.422619 -0.906308 0 -0.422618 -0.906308 0 -0.422619 -0.906308 0 -0.422618 -0.906308 0 -0.422618 -0.906308 -0.965926 -0.23457 0.109382 -0.965926 -0.23457 0.109381 -0.495573 -0.483103 -0.721817 -0.707106 -0.640857 0.298837 -0.707106 -0.640857 0.298837 -0.707107 -0.640856 0.298836 -0.707107 -0.640856 0.298836 -0.362783 -0.691552 -0.624616 -0.258819 -0.875426 0.408218 -0.258819 -0.875426 0.408218 -0.258819 -0.875426 0.408218 -0.258821 -0.875423 0.408223 -0.258819 -0.875426 0.408218 -0.132789 -0.811898 -0.568497 0.258819 -0.875426 0.408218 0.258819 -0.875426 0.408218 0.258819 -0.875426 0.408218 0.258819 -0.875426 0.408218 0.258821 -0.875426 0.408217 0.132789 -0.811898 -0.568497 0.707107 -0.640856 0.298836 0.707107 -0.640857 0.298836 0.707107 -0.640856 0.298836 0.707107 -0.640856 0.298836 -0.704063 -0.271758 -0.656082 -0.704066 -0.271757 -0.656078 -0.704062 -0.271759 -0.656083 -0.704062 -0.271759 -0.656083 -0.704063 -0.271757 -0.656082 0.362784 -0.691551 -0.624615 0.965926 -0.23457 0.109382 0.965926 -0.23457 0.109382 0.965926 -0.23457 0.109382 0.965926 -0.23457 0.109381 0.965926 -0.234569 0.109381 0.495572 -0.483104 -0.721816 0.965926 0.234571 -0.109382 0.965926 0.23457 -0.109382 0.495572 -0.24241 -0.834054 -0.965926 0.234568 -0.109381 -0.965926 0.234568 -0.109381 -0.495572 -0.242411 -0.834053 0 0.258819 -0.965926 -1.68081e-08 0.258819 -0.965926 1.72174e-08 -0.258819 -0.965926 1.68081e-08 -0.258819 -0.965926 4.70389e-08 -0.707107 -0.707106 5.04244e-08 -0.707107 -0.707106 0 0.707107 -0.707106 0 0.707107 -0.707106 6.42563e-08 -0.965926 -0.258819 6.44311e-08 -0.965926 -0.258819 6.42563e-08 -0.965926 0.25882 6.44312e-08 -0.965926 0.25882 4.70389e-08 -0.707107 0.707106 4.48217e-08 -0.707107 0.707106 1.72176e-08 -0.258821 0.965925 1.96094e-08 -0.258821 0.965925 0 0.258821 0.965925 -1.68081e-08 0.258822 0.965925 0 0.965926 -0.258819 0 0.965926 -0.258819 0.704062 -0.271758 -0.656082 0.704062 -0.271758 -0.656082 0 0.707107 0.707106 0 0.707107 0.707106 0 0.965926 0.25882 0 0.965926 0.25882 1 0 0 1 0 0 1 0 0 1 0 0 1 0 0 1 0 0 1 0 0 1 0 0 1 0 0 1 0 0 1 0 0 1 0 0 1 0 0 1 0 0 1 0 0 1 0 0 1 0 0 1 0 0 1 0 0 1 0 0 1 0 0 1 0 0 1 0 0 1 0 0 0 0.258818 -0.965926 0 0.258818 -0.965926 0 0.707107 -0.707106 0 0.707107 -0.707106 0 0.965926 -0.258819 0 0.965926 -0.258819 0.694746 0.186156 -0.694747 0.694746 0.186156 -0.694747 0.694746 0.50859 -0.50859 0.694746 0.50859 -0.50859 0.694746 0.694747 -0.186157 0.694746 0.694747 -0.186157 0 0.965926 0.258819 0 0.965926 0.258819 0 0.707107 0.707107 0 0.707107 0.707107 0 0.258819 0.965926 0 0.258819 0.965926 0.694746 0.694747 0.186157 0.694746 0.694747 0.186157 0.694746 0.50859 0.50859 0.694746 0.50859 0.50859 0.694746 0.186157 0.694747 0.694746 0.186157 0.694747 0 -0.707107 -0.707106 0 -0.707107 -0.707106 0 -0.258818 -0.965926 0 -0.258818 -0.965926 0.694746 -0.50859 -0.50859 0.694746 -0.50859 -0.50859 0.694746 -0.186156 -0.694747 0.694746 -0.186156 -0.694747 0 -0.382684 -0.92388 1.47469e-07 -0.382683 -0.92388 -0.256747 -0.369855 -0.89291 -0.256757 -0.369855 -0.892907 -0.704063 -0.271758 -0.656082 -0.704064 -0.271757 -0.656081 -0.965365 -0.0998432 -0.241042 -0.965365 -0.0998427 -0.241041 0 0.382683 0.92388 0 0.382683 0.92388 -0.704063 -0.271758 -0.656082 -0.704063 -0.271758 -0.656082 0 -0.382683 -0.92388 0 -0.382683 -0.92388 0.704065 -0.0926912 -0.704061 0.704063 -0.0926917 -0.704063 0.256749 0.126151 0.95821 0.256752 0.12615 0.958209 0.958252 -0.0373207 -0.283478 0.958252 -0.0373205 -0.283477 0.958252 0.0373205 0.283478 0.958252 0.0373206 0.283478 0.704064 0.0926915 0.704062 0.704063 0.0926917 0.704063 -0.256748 0.126151 0.95821 -0.256752 0.12615 0.958209 -0.256751 -0.12615 -0.958209 -0.256749 -0.126151 -0.95821 0.256751 -0.12615 -0.958209 0.25675 -0.12615 -0.95821 0 0.130526 0.991445 0 0.130526 0.991445 5.70546e-09 -0.130526 -0.991445 0 -0.130526 -0.991445 5.70548e-09 -0.130526 -0.991445 4.25703e-09 -0.130526 -0.991445 -1.26628e-08 0.130526 0.991445 -1.81457e-08 0.130526 0.991445 0.704063 -0.0926915 -0.704062 0.704063 -0.0926916 -0.704062 -2.00794e-07 -0.130526 -0.991445 2.1673e-07 -0.130526 -0.991445 7.1921e-08 -0.130526 -0.991445 6.27314e-07 -0.130527 -0.991445 5.70545e-09 -0.130525 -0.991445 6.05942e-09 -0.130523 -0.991445 -1.264e-08 -0.130526 -0.991445 3.86042e-06 -0.130523 -0.991445 7.79657e-07 -0.130526 -0.991445 2.61936e-08 -0.130526 -0.991445 -1.47528e-06 -0.130526 -0.991445 -0.258819 0.965926 0 -0.258819 0.965926 0 0 0 -1 0 0 -1 0 0 -1 0 0 -1 0 0 -1 0 0 -1 0 0 -1 0 0 -1 0 0 -1 0 0 -1 0 0 -1 0 0 -1 0 0 -1 0 0 -1 0 0 -1 0 0 -1 0 0 -1 0 0 -1 0 0 -1 0 0 -1 0 0 -1 0 0 -1 0 0 -1 0 0 -1 -0.258819 0.965926 0 -0.258819 0.965926 0 -0.132788 0.495572 -0.858356 -0.707106 0.707108 0 -0.707106 0.707108 0 -0.707107 0.707107 0 -0.707107 0.707107 0 -0.362784 0.362785 -0.858356 -0.965926 0.258817 0 -0.965926 0.258817 0 -0.965926 0.258819 0 -0.965926 0.258819 0 -0.495573 0.132787 -0.858356 0.965926 0.258819 0 0.965926 0.258819 0 0.965926 0.258819 -1.33903e-06 0.965926 0.258819 0 0.965926 0.258819 0 0.495572 0.132789 -0.858356 0.707107 0.707107 0 0.707107 0.707107 0 -0.704063 -0.0926916 -0.704063 -0.704062 -0.0926917 -0.704063 -0.704063 -0.0926915 -0.704062 0.707107 0.707107 0 0.707107 0.707107 0 0.362784 0.362784 -0.858356 0.258819 0.965926 0 0.258819 0.965926 0 0.258819 0.965926 0 0.258819 0.965926 0 0.132788 0.495572 -0.858356 -1.29132e-08 0.258822 0.965925 -1.12054e-08 0.258822 0.965925 0.704061 -0.0926916 -0.704064 0.704062 -0.0926916 -0.704063 -3.52791e-08 0.707106 0.707108 -3.36163e-08 0.707106 0.707108 -4.81922e-08 0.965926 0.258819 -5.04243e-08 0.965926 0.258819 -4.81922e-08 0.965926 -0.258819 -4.7623e-08 0.965926 -0.258819 -3.52791e-08 0.707106 -0.707108 -3.9219e-08 0.707106 -0.707108 -1.13133e-08 0.258819 -0.965926 -1.12054e-08 0.258819 -0.965926 0 -0.965926 -0.258819 0 -0.965926 -0.258819 0 -0.707107 -0.707107 0 -0.707107 -0.707107 1.13133e-08 -0.258819 -0.965926 0 -0.258819 -0.965926 0.694746 -0.694747 -0.186157 0.694746 -0.694747 -0.186157 0.694746 -0.50859 -0.50859 0.694746 -0.508591 -0.50859 0.694746 -0.186157 -0.694747 0.694746 -0.186156 -0.694747 0 -0.258819 0.965926 0 -0.258819 0.965926 0 -0.707107 0.707107 0 -0.707107 0.707107 0 -0.965926 0.258819 0 -0.965926 0.258819 0.694746 -0.186156 0.694747 0.694746 -0.186157 0.694747 0.694746 -0.50859 0.50859 0.694746 -0.508591 0.50859 0.694746 -0.694747 0.186157 0.694746 -0.694747 0.186157 5.70548e-09 -0.130526 -0.991445 0 -0.130526 -0.991445 -0.256747 -0.126151 -0.95821 -0.256752 -0.126151 -0.958209 -0.704064 -0.0926917 -0.704061 -0.704067 -0.0926911 -0.704058 -0.965365 -0.0340544 -0.258669 -0.965364 -0.034055 -0.258673 0 0.130526 0.991445 0 0.130526 0.991445 -0.704063 -0.0926915 -0.704062 -0.704062 -0.0926918 -0.704063 5.7055e-09 -0.130526 -0.991445 0 -0.130526 -0.991445 -1 -4.1647e-08 1.26335e-08 -1 0 0 -1 -2.74157e-07 8.31647e-08 -1 -2.21462e-07 1.81749e-07 -1 -8.00368e-07 2.44592e-06 -1 -5.61624e-08 0 -1 -1.35052e-07 -2.52664e-07 -1 -2.21461e-07 -1.81749e-07 -1 -2.74157e-07 -8.31645e-08 -1 0 0 -1 0 0 -1 -4.15564e-08 0 -1 -2.9701e-08 -2.92528e-09 -1 0 0 -1 -1.59067e-08 2.38061e-08 -1 -5.61624e-08 -6.22083e-08 -1 3.91292e-07 -4.31005e-07 -1 -9.49384e-08 8.9299e-09 -1 1.61851e-08 -9.41574e-08 -1 -1.58538e-07 1.30108e-07 -1 1.45567e-07 -6.3252e-08 -1 -4.2601e-08 5.96956e-09 -1 -1.9282e-08 -5.84913e-09 -1 -1.08103e-07 2.77238e-08 -1 -3.1986e-07 3.16765e-07 -1 -2.06822e-07 2.52013e-07 -1 -2.27548e-08 -1.86743e-08 -1 -1.8274e-08 -2.2267e-08 -1 6.7587e-07 -1.44668e-07 -1 0 0 -1 3.53503e-07 -4.58438e-07 -1 2.55591e-08 8.42572e-08 -1 -7.47737e-08 -1.01632e-08 -1 -7.68894e-08 -1.13186e-08 -1 0 1.40215e-07 -1 -8.7094e-08 -1.14928e-07 -1 2.47617e-08 8.16282e-08 -1 -1.49938e-07 -1.20544e-07 -1 -6.91497e-08 -6.72636e-08 -1 -1.53355e-08 5.05543e-08 -1 -6.53209e-09 5.99504e-08 -1 -1.1003e-07 -1.34072e-07 -1 -6.69094e-08 -3.47923e-08 -1 -1.8274e-08 2.2267e-08 -1 -7.73669e-08 -6.34933e-08 -1 -4.3151e-08 6.24415e-08 -1 -2.27548e-08 1.86743e-08 -1 -1.08103e-07 -2.77238e-08 -1 -3.59408e-08 -1.09025e-08 -1 -4.05189e-08 -3.99077e-09 -1 -3.60373e-08 -4.84098e-10 -1 -5.24731e-08 5.16816e-09 -1 -9.51769e-08 2.88716e-08 -1 -4.06518e-08 4.00385e-09 -1 -4.42377e-08 -4.35705e-09 -1 0 9.68274e-08 0 1 0 0 1 0 1 -4.73775e-08 4.66647e-09 1 0 0 1 -2.21462e-07 -1.81749e-07 1 4.05155e-07 7.57992e-07 1 5.50832e-08 -1.09567e-08 1 -2.77574e-07 1.10758e-06 1 -1.35052e-07 2.52664e-07 1 -2.21461e-07 1.81748e-07 1 4.16288e-08 -1.2628e-08 1 3.8663e-08 -1.60147e-08 1 2.02454e-08 2.02454e-08 1 0 -2.87879e-07 1 -2.23806e-07 -1.83316e-07 1 -4.40455e-08 -8.7612e-09 1 -4.72409e-08 -6.21939e-09 1 0 4.04908e-08 1 4.46638e-08 -4.17298e-09 1 1.49281e-07 -1.39475e-08 1 -3.8663e-08 -1.60147e-08 1 3.02472e-09 -9.82791e-08 1 1.24006e-08 -1.61608e-08 1 7.13929e-09 -1.72358e-08 1 -1.87416e-08 -4.7553e-09 1 9.27006e-08 1.2081e-07 1 -2.25102e-07 -1.24561e-07 1 1.42417e-08 3.43824e-08 1 9.54178e-08 1.13311e-07 1 4.41736e-08 -5.81558e-09 1 0 0 1 0 0 1 0 0 1 -4.77649e-08 6.28838e-09 1 -5.64278e-08 2.33732e-08 1 0 0 1 5.29656e-08 6.97307e-09 1 7.63791e-08 3.16373e-08 1 -4.02625e-08 -1.44658e-11 1 5.33734e-08 5.96453e-08 1 4.11064e-08 -5.52193e-10 1 8.98833e-08 -3.16302e-08 1 -6.84762e-09 8.92399e-09 1 -4.69079e-09 1.13246e-08 1 2.05428e-08 2.6772e-08 1 1.40724e-08 3.39737e-08 1 0 1.79712e-08 1 -1.9755e-07 3.33833e-07 1 1.03534e-07 -1.74957e-07 1 0 0 1 0 0 1 0 0 1 0 0 1 0 0 1 0 0 1 0 0 1 0 0 1 0 0 1 0 0 1 0 0 1 2.35879e-06 -2.3588e-06 1 1.03283e-07 2.76744e-08 1 7.59442e-08 7.59442e-08 1 0 0 1 1.59553e-07 -4.27518e-08 1 -3.47713e-08 3.47715e-08 1 -4.16699e-08 -5.43053e-08 1 -4.16699e-08 1.006e-07 1 -3.29273e-08 1.22886e-07 1 -3.47713e-08 -1.29768e-07 1 -3.62578e-08 9.71523e-09 1 -3.68342e-08 -9.86962e-09 1 -8.05001e-08 -1.94344e-07 1 3.06607e-08 7.70733e-08 1 4.35651e-08 1.62587e-07 1 -3.29273e-08 -4.34415e-07 1 0 3.17403e-07 1 0 0 1 3.06607e-08 -7.70733e-08 1 1.03283e-07 -2.76744e-08 1 7.59442e-08 -7.59442e-08 1 4.35651e-08 -1.62587e-07 1 0 0 1 0 0 1 0 0 1 0 0 1 0 0 1 0 0 1 0 0 1 0 0 1 0 0 1 -2.94651e-08 3.83997e-08 1 -2.94651e-08 3.02733e-07 1 0 0 1 -3.29273e-08 -3.38305e-07 1 1.59553e-07 4.27518e-08 1 2.35879e-06 2.3588e-06 1 -3.47713e-08 3.47713e-08 1 -3.62578e-08 -3.62579e-08 1 -3.62578e-08 9.71519e-09 1 -3.68342e-08 -9.86962e-09 1 0 0 1 -3.47713e-08 -1.29768e-07 1 -3.29273e-08 1.22886e-07 1 -3.62578e-08 -3.62578e-08 1 0 0 1 -8.05001e-08 1.22292e-06 1 0 0 1 0 0 1 0 0 1 0 0 1 0 0 1 0 0 1 0 0 1 0 0 1 4.35651e-08 1.62587e-07 1 7.59442e-08 7.59442e-08 1 1.03283e-07 2.76744e-08 1 1.16347e-07 1.13241e-08 1 0 0 1 0 0 1 4.35651e-08 -1.62587e-07 1 7.59442e-08 -7.59442e-08 1 1.03283e-07 -2.76744e-08 1 1.16347e-07 -1.13241e-08 1 0 0 1 0 0 1 0 0 1 -3.47713e-08 3.47713e-08 1 -3.62578e-08 9.71519e-09 1 -3.29273e-08 -3.38305e-07 1 0 0 1 -3.47713e-08 -1.29768e-07 1 -3.62578e-08 -3.62579e-08 1 -3.68342e-08 -9.86962e-09 1 -2.94651e-08 3.02733e-07 1 -3.47713e-08 3.47715e-08 1 -3.62578e-08 9.71523e-09 1 -3.68342e-08 -9.86967e-09 1 -3.62578e-08 -3.62578e-08 1 -3.47713e-08 -1.29768e-07 1 -3.29273e-08 1.22886e-07 1 -3.29273e-08 -4.34415e-07 1 0 3.17403e-07 1 0 0 1 -4.16699e-08 -5.43053e-08 1 -3.29273e-08 1.22886e-07 1 -2.94651e-08 3.83997e-08 1 -8.05001e-08 -1.22292e-06 1 -8.05001e-08 -1.94344e-07 1 -4.16699e-08 1.006e-07 0 -1 0 0 -1 0 0 0 -1 0 0 -1 0 0.995184 -0.0980212 0 0.995184 -0.0980212 0 -0.995184 -0.0980212 0 -0.995184 -0.0980212 0 -0.995185 0.098017 0 -0.995185 0.098017 0 -0.95694 0.290285 0 -0.95694 0.290285 0 -0.881922 0.471396 0 -0.881921 0.471396 0 -0.77301 0.634394 0 -0.77301 0.634394 0 -0.634393 0.77301 0 -0.634393 0.77301 0 -0.471397 0.881921 0 -0.471397 0.881921 0 -0.290285 0.95694 0 -0.290285 0.95694 0 -0.098017 0.995185 -1.81368e-15 -0.098017 0.995185 0 0.098017 0.995185 0 0.098017 0.995185 0 0.290285 0.95694 0 0.290285 0.95694 0 0.471397 0.881921 0 0.471397 0.881921 0 0.634393 0.77301 0 0.634393 0.77301 0 0.773011 0.634393 0 0.773011 0.634393 0 0.881921 0.471397 0 0.881921 0.471397 0 0.95694 0.290285 0 0.95694 0.290285 0 0.995185 0.098017 0 0.995185 0.098017 0 0 1 0 0 1 0 0 1 0 0 1 0 -0.995185 0.0980173 0 -0.995185 0.0980173 0 -0.95694 0.290284 0 -0.95694 0.290284 0 -0.881921 0.471397 0 -0.881921 0.471397 0 -0.773011 0.634393 0 -0.773011 0.634393 0 -0.634393 0.773011 0 -0.634393 0.773011 0 -0.471397 0.881921 0 -0.471397 0.881921 0 -0.290285 0.95694 0 -0.290285 0.95694 0 -0.098017 0.995185 0 -0.098017 0.995185 0 0.098017 0.995185 0 0.098017 0.995185 0 0.290285 0.95694 0 0.290285 0.95694 0 0.471397 0.881921 0 0.471397 0.881921 0 0.634393 0.773011 0 0.634393 0.773011 0 0.773011 0.634393 0 0.773011 0.634393 0 0.881921 0.471397 0 0.881921 0.471397 0 0.95694 0.290285 0 0.95694 0.290285 0 0.995185 0.0980175 0 0.995185 0.098017 2.25154e-07 0.995185 0.0980168 0 0.995185 -0.098017 0 0.995185 -0.098017 0 0.95694 -0.290285 0 0.95694 -0.290285 0 0.881921 -0.471397 0 0.881921 -0.471397 0 0.773011 -0.634393 0 0.773011 -0.634393 0 0.634393 -0.773011 0 0.634393 -0.773011 0 0.471397 -0.881921 0 0.471397 -0.881921 0 0.290285 -0.95694 0 0.290285 -0.95694 0 0.098017 -0.995185 0 0.098017 -0.995185 0 -0.098017 -0.995185 0 -0.098017 -0.995185 0 -0.290285 -0.95694 0 -0.290285 -0.95694 0 -0.471397 -0.881921 0 -0.471397 -0.881921 0 -0.634393 -0.773011 0 -0.634393 -0.773011 0 -0.773011 -0.634393 0 -0.773011 -0.634393 0 -0.881921 -0.471397 0 -0.881921 -0.471397 -1 6.60459e-08 1.08102e-08 -1 -4.37114e-08 5.46539e-15 -1 1.3526e-06 -7.46345e-07 -1 -4.37114e-08 0 -1 -4.37114e-08 1.73023e-15 -1 -4.83887e-08 -1.66637e-08 -1 -3.3776e-08 -3.97364e-08 -1 -4.37114e-08 3.86678e-15 -1 -2.69007e-07 3.37179e-07 -1 9.86811e-08 -2.83236e-08 -1 -9.28457e-08 -1.33251e-08 -1 -1.60933e-07 3.05474e-08 -1 9.23387e-08 3.64542e-08 -1 8.87094e-08 -2.05376e-08 -1 1.17028e-06 -4.53066e-06 -1 1.04137e-07 -3.96155e-08 -1 1.32512e-07 -1.76224e-07 -1 1.32511e-07 -1.76221e-07 -1 -4.37109e-08 -2.13457e-13 -1 -4.37114e-08 0 -1 -6.25849e-07 -1.61429e-07 -1 -4.37112e-08 0 -1 -4.37114e-08 2.73739e-14 -1 -2.54975e-07 -5.62933e-08 -1 -3.12924e-07 7.07805e-08 -1 -4.37114e-08 -6.57953e-15 -1 -4.37113e-08 0 -1 -4.37168e-08 0 -1 -4.37115e-08 3.59977e-14 -1 -4.37114e-08 1.92213e-15 -1 -5.24521e-08 -3.09944e-08 -1 -4.37114e-08 2.81506e-13 -1 -4.37114e-08 -1.27917e-13 -1 -2.6491e-08 -6.62274e-08 -1 -4.37114e-08 0 -1 -9.18905e-08 1.6888e-07 -1 -4.37114e-08 2.44414e-14 -1 -4.37114e-08 -5.72235e-14 -1 -4.1944e-08 4.41516e-09 -1 1.07981e-08 5.45097e-08 -1 1.07985e-08 5.45098e-08 -1 4.03115e-08 -8.40229e-08 -1 -2.6491e-08 -6.62274e-08 -1 4.03114e-08 -8.4023e-08 -1 -2.17546e-08 8.19438e-08 -1 -4.37114e-08 1.01523e-07 -1 2.81058e-09 -1.73623e-07 -1 -5.24521e-08 -3.09944e-08 -1 -2.98243e-07 -9.49924e-07 -1 -1.19765e-07 2.83837e-07 -1 4.03117e-08 -8.40224e-08 -1 3.29573e-08 -8.44235e-08 -1 4.03115e-08 -8.40229e-08 -1 1.07982e-08 5.45097e-08 -1 -4.1944e-08 4.41516e-09 -1 -9.18905e-08 1.6888e-07 -1 -2.17545e-08 8.19437e-08 -1 3.78766e-08 -8.98404e-08 -1 -1.35677e-08 3.01437e-08 -1 -7.94547e-08 1.33395e-07 -1 -1.32741e-06 1.28371e-06 -1 -1.35677e-08 3.01438e-08 -1 -2.54975e-07 -5.62933e-08 -1 -3.12924e-07 7.07805e-08 -1 -4.37114e-08 0 -1 -4.37114e-08 -2.63913e-14 -1 -4.7643e-09 1.04358e-08 -1 -4.37114e-08 0 -1 -6.25849e-07 -1.61429e-07 -1 -4.37114e-08 1.30598e-13 -1 -4.86683e-08 1.04654e-07 -1 -4.37114e-08 -2.92328e-13 -1 -4.37114e-08 -3.14458e-14 -1 -4.37114e-08 1.04676e-13 -1 -4.37114e-08 -3.82616e-14 -1 -4.37114e-08 -4.8433e-14 -1 -4.37114e-08 0 -1 -4.37114e-08 -2.91487e-14 -1 1.18016e-06 1.00441e-06 -1 -4.37114e-08 -2.91487e-14 -1 6.59356e-08 -2.93798e-08 -1 -4.41304e-08 0 -1 6.5937e-08 -2.93781e-08 -1 3.30942e-07 1.55187e-07 -1 -4.37114e-08 0 -1 -4.37111e-08 3.77672e-13 -1 -7.61615e-08 1.12587e-07 -1 -4.30005e-08 1.70299e-09 -1 -4.37114e-08 -1.74686e-14 -1 -6.55387e-08 -1.09733e-07 -1 1.01778e-07 3.89834e-08 -1 2.40679e-07 2.84389e-07 -1 -4.37114e-08 2.94522e-14 -1 2.40678e-07 2.84391e-07 -1 5.25988e-07 7.75549e-07 -1 1.07986e-08 5.45093e-08 -1 -4.37113e-08 0 -1 -4.37114e-08 2.55051e-14 -1 1.18016e-06 -1.00441e-06 -1 -4.37114e-08 -2.91487e-14 -1 -4.37114e-08 1.90185e-14 -1 -3.3776e-08 -3.97364e-08 -1 -4.37112e-08 -1.31823e-13 -1 -1.98898e-07 3.74654e-07 -1 -4.37114e-08 0 -1 4.84827e-08 2.47023e-08 -1 4.84816e-08 2.47031e-08 -1 6.6022e-08 -2.18273e-08 -1 -4.37114e-08 0 -1 -4.13921e-09 -4.05643e-08 -1 1.50583e-07 -5.20591e-08 -1 -4.37114e-08 -5.88867e-14 -1 1.50586e-07 -5.20618e-08 -1 5.46229e-07 -3.42691e-07 -1 -4.37114e-08 -7.89698e-15 -1 -4.37114e-08 -5.82974e-14 -1 -4.37114e-08 0 -1 1.3526e-06 7.46345e-07 -1 1.00182e-07 4.36495e-08 -1 -1.60933e-07 3.05474e-08 -1 -9.28457e-08 -1.33251e-08 -1 -3.72529e-08 1.49012e-08 -1 -4.30005e-08 1.70299e-09 -1 -7.61615e-08 1.12587e-07 -1 -2.42558e-07 1.97854e-07 -1 -4.37114e-08 -1.28001e-15 -1 -2.69007e-07 -3.37179e-07 -1 9.23387e-08 -3.64543e-08 -1 1.04137e-07 3.96155e-08 -1 -4.37114e-08 -8.22878e-16 -1 -4.37114e-08 -3.86678e-15 -1 1.03179e-07 3.50076e-08 -1 -4.37114e-08 1.4007e-15 -1 -4.37115e-08 -2.73672e-14 0 -0.95694 -0.290284 0 -0.95694 -0.290284 0 -0.995185 -0.0980173 0 -0.995185 -0.0980173 0 0.25882 0.965925 2.45454e-06 0.258837 0.965921 0 0.258818 0.965926 0 0.707106 0.707108 2.11144e-07 0.707107 0.707107 0 0.707105 0.707108 0 0.965926 0.258819 2.87011e-08 0.965926 0.258819 0 0.965926 0.258817 0 0.965926 -0.258819 1.49745e-08 0.965926 -0.258819 0 0.965926 -0.258819 0 0.707107 -0.707107 0 0.707107 -0.707107 0 0.707107 -0.707107 0 -0.707106 0.707108 -2.11144e-07 -0.707107 0.707107 0 -0.707105 0.707108 0 -0.25882 0.965926 0 -0.25882 0.965926 3.95892e-07 -0.258817 0.965926 0 0.258817 -0.965926 3.99321e-08 0.258819 -0.965926 0 0.25882 -0.965926 0 -0.258818 -0.965926 0 -0.258824 -0.965925 9.10949e-08 -0.258819 -0.965926 0 -0.707107 -0.707107 0 -0.707107 -0.707107 0 -0.707107 -0.707107 0 -0.965926 -0.258818 1.37243e-06 -0.965929 -0.258808 0 -0.965926 -0.258819 0 -0.965926 0.258817 0 -0.965926 0.258818 2.6393e-07 -0.965926 0.258819 0 0.258819 0.965926 1.31965e-06 0.258828 0.965923 0 0.258818 0.965926 0 0.707107 0.707107 0 0.707107 0.707107 0 0.707107 0.707107 0 -0.707105 -0.707108 2.9949e-08 -0.707106 -0.707108 0 -0.707107 -0.707107 0 -0.965926 -0.258819 0 -0.965926 -0.258818 1.37243e-06 -0.965929 -0.258808 0 -0.965926 0.258818 2.6393e-07 -0.965926 0.258819 0 -0.965926 0.258817 0 -0.707107 0.707107 0 -0.707107 0.707107 0 -0.707107 0.707107 0 -0.258819 0.965926 0 -0.258819 0.965926 2.37535e-07 -0.258817 0.965926 0 0.965926 0.258819 2.87011e-08 0.965926 0.258819 0 0.965926 0.258817 0 0.965926 -0.258819 1.49745e-08 0.965926 -0.258819 0 0.965926 -0.258819 2.9949e-08 0.707106 -0.707108 0 0.707107 -0.707107 0 0.707105 -0.707108 6.03141e-08 0.25882 -0.965925 0 0.258817 -0.965926 0 0.258821 -0.965925 2.34184e-07 -0.25882 -0.965926 0 -0.258832 -0.965922 0 -0.258818 -0.965926 0 0.707105 -0.707108 2.9949e-08 0.707106 -0.707108 0 0.707107 -0.707107 0 0.25882 -0.965926 4.90831e-08 0.25882 -0.965926 0 0.258817 -0.965926 3.10722e-07 -0.25882 -0.965925 0 -0.258837 -0.965921 0 -0.258818 -0.965926 -2.9949e-08 -0.707106 -0.707108 0 -0.707107 -0.707107 0 -0.707105 -0.707108 0 -0.965926 -0.258818 7.91784e-08 -0.965926 -0.258817 0 -0.965926 -0.258818 0 -0.965926 0.258819 0 -0.965926 0.258818 -1.02933e-06 -0.965928 0.25881 0 -0.707107 0.707107 0 -0.707107 0.707107 0 -0.707107 0.707107 0 0.258819 0.965926 7.12598e-07 0.258823 0.965925 0 0.258818 0.965926 0 0.707107 0.707107 0 0.707107 0.707107 0 0.707107 0.707107 1.71791e-07 0.965926 0.258818 0 0.965929 0.258808 0 0.965926 0.258819 -1.28115e-07 0.965926 -0.258818 0 0.965928 -0.258811 0 0.965926 -0.258819 0 -0.25882 0.965926 0 -0.258819 0.965926 3.16714e-07 -0.258817 0.965926 -2.9949e-08 0.707106 0.707108 0 0.707107 0.707107 0 0.707105 0.707108 1.71791e-07 0.965926 0.258818 0 0.965929 0.258808 0 0.965926 0.258819 0 0.965926 -0.258819 -1.28115e-07 0.965926 -0.258818 0 0.965928 -0.258811 0 0.707107 -0.707107 0 0.707107 -0.707107 0 0.707107 -0.707107 0 0.258819 -0.965926 2.87011e-08 0.258819 -0.965926 0 0.258817 -0.965926 1.67632e-07 -0.258819 -0.965926 0 -0.258828 -0.965923 0 -0.258818 -0.965926 0 -0.707107 -0.707107 0 -0.707107 -0.707107 0 -0.707107 -0.707107 0 0.258818 0.965926 0 0.25882 0.965926 1.84747e-06 0.258832 0.965922 0 -0.965926 -0.258818 0 -0.965926 -0.258818 7.91784e-08 -0.965926 -0.258817 0 -0.965926 0.258819 0 -0.965926 0.258818 -1.02933e-06 -0.965928 0.25881 2.9949e-08 -0.707106 0.707108 0 -0.707107 0.707107 0 -0.707105 0.707108 0 -0.258821 0.965925 0 -0.25882 0.965925 4.75071e-07 -0.258817 0.965926 -1 0 0 -1 0 0 -0.0592983 0.99824 0 -0.0592983 0.99824 0 1 0 0 1 0 0 -0.0592983 -0.99824 0 -0.0592983 -0.99824 0 0 0 -1 0 0 -1 0 0 1 0 0 1</float_array>
                    <technique_common>
                        <accessor count="5594" source="#shape0-lib-normals-array" stride="3">
                            <param name="X" type="float"/>
                            <param name="Y" type="float"/>
                            <param name="Z" type="float"/>
                        </accessor>
                    </technique_common>
                </source>
                <vertices id="shape0-lib-vertices">
                    <input semantic="POSITION" source="#shape0-lib-positions"/>
                </vertices>
                <triangles count="5594">
                    <input offset="0" semantic="VERTEX" source="#shape0-lib-vertices"/>
                    <input offset="1" semantic="NORMAL" source="#shape0-lib-normals"/>
                    <p>0 0 1 0 2 0 2 1 1 1 3 1 2 2 3 2 4 2 4 3 3 3 5 3 4 4 5 4 6 4 6 5 5 5 7 5 6 6 7 6 8 6 9 7 10 7 11 7 11 8 10 8 12 8 11 9 12 9 5 9 5 10 12 10 13 10 5 11 13 11 7 11 14 12 15 12 16 12 14 13 16 13 17 13 14 14 17 14 9 14 14 15 9 15 11 15 18 16 19 16 20 16 20 17 19 17 21 17 20 18 21 18 15 18 15 19 21 19 16 19 22 20 23 20 24 20 22 21 24 21 25 21 22 22 25 22 18 22 22 23 18 23 20 23 26 24 27 24 28 24 28 25 27 25 29 25 28 26 29 26 30 26 30 27 29 27 31 27 30 28 31 28 23 28 23 29 31 29 32 29 23 30 32 30 24 30 33 31 34 31 35 31 33 32 35 32 6 32 33 33 6 33 8 33 36 34 37 34 38 34 38 35 37 35 39 35 38 36 39 36 40 36 40 37 39 37 35 37 40 38 35 38 34 38 41 39 42 39 43 39 41 40 43 40 37 40 41 41 37 41 36 41 44 42 45 42 46 42 44 43 46 43 43 43 44 44 43 44 42 44 47 45 32 45 31 45 47 46 31 46 46 46 47 47 46 47 45 47 48 48 49 48 50 48 48 49 50 49 51 49 52 50 53 50 54 50 52 51 54 51 55 51 56 52 57 52 49 52 56 53 49 53 48 53 58 54 59 54 60 54 58 55 60 55 61 55 53 56 61 56 60 56 53 57 60 57 54 57 62 58 52 58 55 58 62 59 55 59 63 59 64 60 65 60 66 60 64 61 66 61 67 61 51 62 50 62 64 62 51 63 64 63 67 63 68 64 69 64 70 64 68 65 70 65 71 65 68 66 71 66 72 66 68 67 72 67 73 67 74 68 75 68 76 68 76 69 75 69 77 69 76 70 77 70 78 70 78 71 77 71 79 71 78 72 79 72 80 72 80 73 79 73 81 73 80 74 81 74 82 74 82 75 81 75 83 75 82 76 83 76 69 76 69 77 83 77 70 77 84 78 85 78 86 78 86 79 85 79 87 79 86 80 87 80 88 80 88 81 87 81 89 81 88 82 89 82 90 82 90 83 89 83 91 83 90 84 91 84 92 84 92 85 91 85 93 85 92 86 93 86 94 86 94 87 93 87 66 87 94 88 66 88 95 88 95 89 66 89 65 89 95 90 65 90 96 90 96 91 65 91 97 91 96 92 97 92 98 92 98 93 97 93 99 93 98 94 99 94 100 94 100 95 99 95 101 95 100 96 101 96 102 96 102 97 101 97 103 97 102 98 103 98 104 98 104 99 103 99 74 99 104 100 74 100 76 100 84 101 105 101 106 101 106 102 105 102 107 102 106 103 107 103 108 103 108 104 107 104 109 104 108 105 109 105 110 105 110 106 109 106 111 106 110 107 111 107 112 107 112 108 111 108 72 108 112 109 72 109 71 109 95 110 96 110 113 110 84 111 86 111 105 111 114 112 115 112 116 112 116 113 115 113 117 113 116 114 117 114 118 114 118 115 117 115 119 115 118 116 119 116 120 116 120 117 119 117 121 117 120 118 121 118 122 118 122 119 121 119 123 119 122 120 123 120 124 120 124 121 123 121 125 121 124 122 125 122 126 122 126 123 125 123 127 123 126 124 127 124 128 124 128 125 127 125 129 125 62 126 130 126 131 126 131 127 130 127 132 127 131 128 132 128 133 128 133 129 132 129 134 129 133 130 134 130 135 130 135 131 134 131 136 131 135 132 136 132 137 132 137 133 136 133 138 133 137 134 138 134 139 134 139 135 138 135 129 135 139 136 129 136 127 136 140 137 141 137 142 137 142 138 141 138 143 138 142 139 143 139 144 139 144 140 143 140 145 140 144 141 145 141 146 141 146 142 145 142 147 142 146 143 147 143 148 143 148 144 147 144 114 144 148 145 114 145 116 145 130 146 63 146 149 146 149 147 63 147 150 147 149 148 150 148 151 148 151 149 150 149 152 149 151 150 152 150 153 150 153 151 152 151 154 151 153 152 154 152 155 152 155 153 154 153 156 153 155 154 156 154 157 154 157 155 156 155 158 155 157 156 158 156 159 156 159 157 158 157 141 157 159 158 141 158 140 158 63 159 130 159 62 159 160 160 161 160 162 160 160 161 162 161 163 161 160 162 163 162 164 162 160 163 164 163 165 163 166 164 167 164 168 164 168 165 167 165 169 165 168 166 169 166 170 166 170 167 169 167 171 167 170 168 171 168 172 168 172 169 171 169 173 169 172 170 173 170 174 170 174 171 173 171 175 171 174 172 175 172 161 172 161 173 175 173 162 173 176 174 177 174 178 174 178 175 177 175 179 175 178 176 179 176 180 176 180 177 179 177 181 177 180 178 181 178 182 178 182 179 181 179 183 179 182 180 183 180 184 180 184 181 183 181 185 181 184 182 185 182 186 182 186 183 185 183 187 183 186 184 187 184 188 184 188 185 187 185 189 185 188 186 189 186 190 186 190 187 189 187 191 187 190 188 191 188 59 188 59 189 191 189 192 189 59 190 192 190 193 190 193 191 192 191 194 191 193 192 194 192 195 192 195 193 194 193 196 193 195 194 196 194 197 194 197 195 196 195 198 195 197 196 198 196 199 196 199 197 198 197 166 197 199 198 166 198 168 198 176 199 200 199 201 199 201 200 200 200 202 200 201 201 202 201 203 201 203 202 202 202 204 202 203 203 204 203 205 203 205 204 204 204 164 204 205 205 164 205 163 205 190 206 59 206 58 206 176 207 178 207 200 207 206 208 207 208 208 208 206 209 208 209 209 209 206 210 209 210 210 210 206 211 210 211 211 211 212 212 213 212 214 212 214 213 213 213 215 213 214 214 215 214 216 214 216 215 215 215 217 215 216 216 217 216 218 216 218 217 217 217 219 217 218 218 219 218 220 218 220 219 219 219 221 219 220 220 221 220 207 220 207 221 221 221 208 221 57 222 56 222 222 222 222 223 56 223 223 223 222 224 223 224 224 224 224 225 223 225 225 225 224 226 225 226 226 226 226 227 225 227 227 227 226 228 227 228 228 228 228 229 227 229 212 229 228 230 212 230 214 230 229 231 230 231 231 231 229 232 231 232 232 232 229 233 232 233 57 233 229 234 57 234 222 234 233 235 234 235 235 235 235 236 234 236 236 236 235 237 236 237 237 237 237 238 236 238 238 238 237 239 238 239 239 239 239 240 238 240 240 240 239 241 240 241 241 241 241 242 240 242 210 242 241 243 210 243 209 243 242 244 232 244 243 244 243 245 232 245 244 245 243 246 244 246 245 246 245 247 244 247 246 247 245 248 246 248 247 248 247 249 246 249 248 249 247 250 248 250 249 250 249 251 248 251 250 251 249 252 250 252 251 252 251 253 250 253 234 253 251 254 234 254 233 254 57 255 232 255 242 255 252 256 253 256 254 256 252 257 254 257 255 257 149 258 192 258 191 258 149 259 191 259 130 259 256 260 257 260 258 260 256 261 258 261 259 261 256 262 259 262 260 262 256 263 260 263 261 263 256 264 261 264 262 264 256 265 262 265 263 265 256 266 263 266 264 266 256 267 264 267 265 267 256 268 265 268 266 268 256 269 266 269 267 269 256 270 267 270 268 270 256 271 268 271 269 271 256 272 269 272 270 272 256 273 270 273 271 273 256 274 271 274 272 274 256 275 272 275 273 275 256 276 273 276 274 276 256 277 274 277 275 277 256 278 275 278 276 278 256 279 276 279 277 279 256 280 277 280 254 280 256 281 254 281 253 281 278 282 252 282 255 282 278 283 255 283 279 283 278 284 279 284 280 284 278 285 280 285 281 285 278 286 281 286 282 286 278 287 282 287 283 287 278 288 283 288 284 288 278 289 284 289 285 289 278 290 285 290 286 290 278 291 286 291 287 291 278 292 287 292 288 292 278 293 288 293 289 293 278 294 289 294 290 294 278 295 290 295 291 295 278 296 291 296 292 296 278 297 292 297 293 297 278 298 293 298 294 298 278 299 294 299 295 299 278 300 295 300 296 300 278 301 296 301 297 301 278 302 297 302 298 302 278 303 298 303 299 303 300 304 301 304 302 304 302 305 301 305 303 305 302 306 303 306 304 306 304 307 303 307 305 307 304 308 305 308 306 308 307 309 308 309 309 309 307 310 309 310 300 310 307 311 300 311 302 311 307 312 302 312 310 312 311 313 32 313 47 313 311 314 47 314 312 314 27 315 26 315 302 315 27 316 302 316 304 316 313 317 311 317 312 317 313 318 312 318 314 318 313 319 314 319 315 319 313 320 315 320 316 320 313 321 316 321 317 321 313 322 317 322 318 322 313 323 318 323 319 323 313 324 319 324 320 324 313 325 320 325 321 325 313 326 321 326 322 326 313 327 322 327 323 327 313 328 323 328 324 328 313 329 324 329 325 329 313 330 325 330 326 330 313 331 326 331 327 331 313 332 327 332 328 332 313 333 328 333 329 333 313 334 329 334 330 334 313 335 330 335 331 335 313 336 331 336 332 336 313 337 332 337 333 337 313 338 333 338 334 338 335 339 336 339 337 339 335 340 337 340 338 340 335 341 338 341 339 341 335 342 339 342 340 342 335 343 340 343 341 343 342 344 343 344 340 344 342 345 340 345 339 345 342 346 339 346 344 346 342 347 344 347 345 347 342 348 345 348 346 348 337 349 336 349 347 349 348 350 349 350 350 350 348 351 350 351 351 351 348 352 351 352 352 352 348 353 352 353 353 353 348 354 353 354 354 354 348 355 354 355 355 355 348 356 355 356 356 356 348 357 356 357 357 357 348 358 357 358 358 358 348 359 358 359 359 359 360 360 361 360 362 360 360 361 362 361 363 361 364 362 344 362 339 362 364 363 339 363 365 363 363 364 362 364 366 364 367 365 360 365 363 365 367 366 363 366 368 366 342 367 346 367 369 367 342 368 369 368 370 368 342 369 370 369 371 369 364 370 372 370 345 370 364 371 345 371 344 371 363 372 366 372 368 372 373 373 367 373 368 373 373 374 368 374 374 374 369 375 346 375 345 375 369 376 345 376 372 376 369 377 372 377 375 377 368 378 366 378 374 378 376 379 377 379 340 379 376 380 340 380 343 380 376 381 343 381 378 381 379 382 380 382 381 382 379 383 381 383 382 383 383 384 384 384 337 384 383 385 337 385 347 385 382 386 381 386 366 386 385 387 379 387 382 387 385 388 382 388 386 388 338 389 337 389 384 389 338 390 384 390 387 390 382 391 366 391 386 391 361 392 385 392 386 392 361 393 386 393 362 393 339 394 338 394 387 394 339 395 387 395 365 395 362 396 386 396 366 396 377 397 388 397 389 397 377 398 389 398 341 398 377 399 341 399 340 399 351 400 390 400 391 400 351 401 391 401 352 401 392 402 393 402 336 402 392 403 336 403 335 403 350 404 394 404 390 404 350 405 390 405 351 405 349 406 395 406 394 406 349 407 394 407 350 407 352 408 391 408 396 408 352 409 396 409 353 409 395 410 349 410 348 410 395 411 348 411 397 411 398 412 354 412 353 412 398 413 353 413 396 413 399 414 305 414 303 414 399 415 400 415 401 415 399 416 401 416 306 416 399 417 306 417 305 417 402 418 399 418 303 418 402 419 303 419 301 419 400 420 399 420 402 420 400 421 402 421 403 421 402 422 301 422 300 422 402 423 300 423 404 423 404 424 405 424 403 424 404 425 403 425 402 425 406 426 407 426 398 426 398 427 407 427 408 427 398 428 408 428 409 428 409 429 408 429 410 429 409 430 410 430 411 430 411 431 410 431 412 431 411 432 412 432 413 432 413 433 412 433 414 433 415 434 397 434 416 434 416 435 397 435 417 435 416 436 417 436 418 436 418 437 417 437 414 437 418 438 414 438 412 438 396 439 391 439 419 439 396 440 419 440 406 440 396 441 406 441 398 441 397 442 420 442 395 442 395 443 420 443 421 443 395 444 421 444 394 444 394 445 421 445 422 445 394 446 422 446 390 446 390 447 422 447 419 447 390 448 419 448 391 448 420 449 397 449 415 449 423 450 420 450 415 450 423 451 415 451 424 451 421 452 420 452 423 452 421 453 423 453 425 453 404 454 300 454 309 454 405 455 404 455 309 455 405 456 309 456 308 456 405 457 308 457 426 457 427 458 423 458 424 458 427 459 424 459 428 459 429 460 425 460 423 460 429 461 423 461 427 461 430 462 431 462 425 462 430 463 425 463 429 463 422 464 421 464 425 464 422 465 425 465 431 465 432 466 433 466 431 466 432 467 431 467 430 467 434 468 435 468 433 468 434 469 433 469 432 469 436 470 437 470 435 470 436 471 435 471 434 471 422 472 431 472 433 472 422 473 433 473 419 473 406 474 419 474 433 474 406 475 433 475 435 475 435 476 437 476 407 476 435 477 407 477 406 477 438 478 439 478 440 478 438 479 440 479 441 479 442 480 440 480 439 480 442 481 439 481 443 481 444 482 442 482 443 482 444 483 443 483 445 483 446 484 444 484 445 484 446 485 445 485 447 485 230 486 229 486 95 486 230 487 95 487 113 487 448 488 449 488 450 488 450 489 449 489 451 489 450 490 451 490 452 490 452 491 451 491 453 491 452 492 453 492 454 492 454 493 453 493 455 493 454 494 455 494 456 494 456 495 455 495 457 495 456 496 457 496 458 496 458 497 457 497 459 497 458 498 459 498 460 498 460 499 459 499 461 499 462 500 463 500 464 500 464 501 463 501 465 501 464 502 465 502 466 502 466 503 465 503 467 503 466 504 467 504 468 504 468 505 467 505 469 505 468 506 469 506 470 506 470 507 469 507 471 507 470 508 471 508 472 508 472 509 471 509 473 509 472 510 473 510 474 510 474 511 473 511 461 511 474 512 461 512 459 512 475 513 476 513 477 513 477 514 476 514 478 514 477 515 478 515 479 515 479 516 478 516 480 516 479 517 480 517 481 517 481 518 480 518 482 518 481 519 482 519 483 519 483 520 482 520 448 520 483 521 448 521 450 521 463 522 484 522 485 522 485 523 484 523 486 523 485 524 486 524 487 524 487 525 486 525 488 525 487 526 488 526 489 526 489 527 488 527 490 527 489 528 490 528 491 528 491 529 490 529 492 529 491 530 492 530 493 530 493 531 492 531 494 531 493 532 494 532 495 532 495 533 494 533 476 533 495 534 476 534 475 534 484 535 463 535 462 535 441 536 463 536 485 536 441 537 485 537 438 537 496 538 484 538 462 538 496 539 462 539 497 539 498 540 48 540 51 540 498 541 51 541 499 541 54 542 500 542 501 542 54 543 501 543 55 543 223 544 56 544 48 544 223 545 48 545 498 545 502 546 60 546 59 546 502 547 59 547 193 547 500 548 54 548 60 548 500 549 60 549 502 549 63 550 55 550 501 550 63 551 501 551 150 551 93 552 503 552 67 552 93 553 67 553 66 553 503 554 499 554 51 554 503 555 51 555 67 555 255 556 254 556 277 556 255 557 277 557 279 557 151 558 194 558 192 558 151 559 192 559 149 559 304 560 306 560 401 560 304 561 401 561 504 561 304 562 504 562 505 562 506 563 507 563 426 563 506 564 426 564 308 564 506 565 308 565 307 565 312 566 47 566 45 566 312 567 45 567 314 567 29 568 27 568 304 568 29 569 304 569 505 569 335 570 341 570 389 570 335 571 389 571 508 571 335 572 508 572 509 572 335 573 509 573 510 573 335 574 510 574 511 574 342 575 512 575 513 575 342 576 513 576 378 576 342 577 378 577 343 577 514 578 515 578 516 578 517 579 518 579 519 579 517 580 519 580 520 580 517 581 520 581 521 581 517 582 521 582 522 582 517 583 522 583 523 583 517 584 523 584 524 584 517 585 524 585 525 585 517 586 525 586 526 586 517 587 526 587 527 587 517 588 527 588 528 588 529 589 530 589 531 589 529 590 531 590 532 590 533 591 534 591 535 591 535 592 534 592 536 592 535 593 536 593 537 593 537 594 536 594 538 594 537 595 538 595 539 595 540 596 530 596 541 596 541 597 530 597 529 597 541 598 529 598 536 598 536 599 529 599 542 599 536 600 542 600 538 600 543 601 544 601 545 601 545 602 544 602 546 602 545 603 546 603 547 603 547 604 546 604 548 604 547 605 548 605 549 605 549 606 548 606 550 606 549 607 550 607 541 607 541 608 550 608 540 608 537 609 539 609 551 609 537 610 551 610 543 610 537 611 543 611 545 611 388 612 377 612 376 612 388 613 376 613 547 613 388 614 547 614 549 614 541 615 536 615 552 615 541 616 552 616 510 616 541 617 510 617 509 617 531 618 553 618 532 618 554 619 542 619 529 619 554 620 529 620 532 620 554 621 532 621 553 621 553 622 555 622 554 622 553 623 556 623 555 623 539 624 556 624 557 624 539 625 557 625 551 625 557 626 556 626 553 626 558 627 543 627 551 627 558 628 551 628 557 628 537 629 545 629 559 629 537 630 559 630 516 630 537 631 516 631 515 631 537 632 515 632 560 632 514 633 516 633 561 633 561 634 516 634 559 634 561 635 559 635 371 635 371 636 559 636 512 636 371 637 512 637 342 637 557 638 553 638 558 638 562 639 544 639 543 639 562 640 543 640 558 640 545 641 547 641 513 641 545 642 513 642 512 642 545 643 512 643 559 643 553 644 562 644 558 644 563 645 546 645 544 645 563 646 544 646 562 646 376 647 378 647 513 647 376 648 513 648 547 648 562 649 553 649 563 649 563 650 564 650 548 650 563 651 548 651 546 651 563 652 553 652 564 652 565 653 550 653 548 653 565 654 548 654 564 654 553 655 565 655 564 655 540 656 550 656 565 656 540 657 565 657 566 657 388 658 549 658 508 658 388 659 508 659 389 659 553 660 566 660 565 660 530 661 540 661 566 661 530 662 566 662 531 662 509 663 508 663 549 663 509 664 549 664 541 664 531 665 566 665 553 665 527 666 567 666 568 666 527 667 568 667 528 667 569 668 517 668 528 668 569 669 528 669 568 669 570 670 392 670 335 670 570 671 335 671 511 671 504 672 401 672 400 672 504 673 400 673 571 673 571 674 400 674 403 674 571 675 403 675 572 675 403 676 405 676 573 676 403 677 573 677 572 677 574 678 575 678 567 678 567 679 575 679 576 679 567 680 576 680 568 680 568 681 576 681 577 681 568 682 577 682 569 682 569 683 577 683 578 683 569 684 578 684 579 684 579 685 578 685 580 685 581 686 582 686 583 686 583 687 582 687 584 687 583 688 584 688 585 688 585 689 584 689 580 689 585 690 580 690 578 690 586 691 587 691 588 691 586 692 588 692 574 692 586 693 574 693 567 693 582 694 589 694 590 694 590 695 589 695 591 695 590 696 591 696 592 696 592 697 591 697 593 697 592 698 593 698 594 698 594 699 593 699 588 699 594 700 588 700 587 700 589 701 582 701 581 701 595 702 596 702 597 702 595 703 597 703 598 703 599 704 600 704 596 704 599 705 596 705 595 705 599 706 601 706 602 706 599 707 602 707 600 707 589 708 581 708 597 708 589 709 597 709 596 709 591 710 589 710 596 710 591 711 596 711 600 711 593 712 591 712 600 712 593 713 600 713 602 713 523 714 592 714 594 714 523 715 594 715 524 715 592 716 523 716 522 716 592 717 522 717 590 717 590 718 522 718 521 718 590 719 521 719 582 719 593 720 602 720 603 720 593 721 603 721 588 721 574 722 588 722 603 722 574 723 603 723 604 723 567 724 527 724 526 724 567 725 526 725 586 725 525 726 587 726 586 726 525 727 586 727 526 727 524 728 594 728 587 728 524 729 587 729 525 729 605 730 598 730 597 730 605 731 597 731 606 731 585 732 578 732 607 732 585 733 607 733 608 733 585 734 608 734 606 734 585 735 606 735 583 735 581 736 583 736 606 736 581 737 606 737 597 737 520 738 584 738 582 738 520 739 582 739 521 739 569 740 579 740 518 740 569 741 518 741 517 741 584 742 520 742 519 742 584 743 519 743 580 743 580 744 519 744 518 744 580 745 518 745 579 745 405 746 426 746 507 746 405 747 507 747 573 747 609 748 604 748 610 748 609 749 610 749 611 749 574 750 604 750 609 750 574 751 609 751 575 751 612 752 613 752 609 752 612 753 609 753 611 753 614 754 615 754 613 754 614 755 613 755 612 755 616 756 607 756 615 756 616 757 615 757 614 757 609 758 613 758 576 758 609 759 576 759 575 759 577 760 576 760 613 760 577 761 613 761 615 761 615 762 607 762 578 762 615 763 578 763 577 763 617 764 608 764 607 764 617 765 607 765 616 765 605 766 606 766 608 766 605 767 608 767 617 767 439 768 438 768 618 768 439 769 618 769 619 769 619 770 620 770 443 770 619 771 443 771 439 771 445 772 443 772 620 772 445 773 620 773 621 773 447 774 445 774 621 774 447 775 621 775 622 775 95 776 229 776 222 776 95 777 222 777 94 777 438 778 485 778 487 778 438 779 487 779 618 779 623 780 486 780 484 780 623 781 484 781 496 781 624 782 498 782 499 782 624 783 499 783 625 783 501 784 500 784 626 784 501 785 626 785 627 785 225 786 223 786 498 786 225 787 498 787 624 787 193 788 195 788 628 788 193 789 628 789 502 789 626 790 500 790 502 790 626 791 502 791 628 791 501 792 627 792 152 792 501 793 152 793 150 793 91 794 629 794 503 794 91 795 503 795 93 795 625 796 499 796 503 796 625 797 503 797 629 797 630 798 631 798 632 798 630 799 632 799 633 799 633 800 632 800 634 800 633 801 634 801 635 801 636 802 637 802 635 802 636 803 635 803 634 803 637 804 636 804 638 804 637 805 638 805 639 805 639 806 638 806 640 806 639 807 640 807 641 807 642 808 643 808 644 808 642 809 644 809 645 809 631 810 630 810 645 810 631 811 645 811 644 811 646 812 647 812 648 812 646 813 648 813 649 813 646 814 649 814 650 814 646 815 650 815 651 815 646 816 651 816 652 816 646 817 652 817 653 817 646 818 653 818 654 818 646 819 654 819 655 819 646 820 655 820 656 820 646 821 656 821 657 821 630 822 633 822 649 822 630 823 649 823 648 823 633 824 635 824 650 824 633 825 650 825 649 825 650 826 635 826 637 826 650 827 637 827 651 827 651 828 637 828 639 828 651 829 639 829 652 829 653 830 652 830 639 830 653 831 639 831 641 831 647 832 646 832 642 832 647 833 642 833 645 833 645 834 630 834 648 834 645 835 648 835 647 835 279 836 277 836 276 836 279 837 276 837 280 837 153 838 196 838 194 838 153 839 194 839 151 839 658 840 659 840 660 840 658 841 660 841 505 841 658 842 505 842 504 842 661 843 662 843 663 843 661 844 663 844 507 844 661 845 507 845 506 845 314 846 45 846 44 846 314 847 44 847 315 847 31 848 29 848 505 848 31 849 505 849 660 849 664 850 665 850 666 850 664 851 666 851 667 851 664 852 667 852 560 852 664 853 560 853 515 853 664 854 515 854 514 854 665 855 511 855 552 855 665 856 552 856 668 856 665 857 668 857 666 857 552 858 511 858 510 858 669 859 670 859 671 859 669 860 671 860 672 860 533 861 666 861 668 861 533 862 668 862 534 862 666 863 533 863 535 863 666 864 535 864 667 864 561 865 673 865 664 865 561 866 664 866 514 866 674 867 675 867 676 867 674 868 676 868 677 868 678 869 679 869 680 869 678 870 680 870 681 870 682 871 570 871 511 871 682 872 511 872 665 872 683 873 684 873 685 873 683 874 685 874 686 874 687 875 688 875 689 875 687 876 689 876 690 876 691 877 692 877 672 877 691 878 672 878 671 878 676 879 693 879 694 879 676 880 694 880 677 880 680 881 695 881 696 881 680 882 696 882 681 882 697 883 684 883 683 883 697 884 683 884 698 884 699 885 700 885 701 885 701 886 700 886 702 886 701 887 702 887 703 887 703 888 702 888 704 888 703 889 704 889 705 889 705 890 704 890 706 890 705 891 706 891 707 891 707 892 706 892 708 892 678 893 686 893 709 893 709 894 686 894 710 894 709 895 710 895 711 895 711 896 710 896 708 896 711 897 708 897 706 897 712 898 713 898 714 898 712 899 714 899 699 899 712 900 699 900 701 900 686 901 681 901 683 901 683 902 681 902 696 902 683 903 696 903 698 903 698 904 696 904 715 904 698 905 715 905 716 905 716 906 715 906 714 906 716 907 714 907 713 907 681 908 686 908 678 908 717 909 718 909 719 909 717 910 719 910 720 910 721 911 722 911 723 911 721 912 723 912 724 912 721 913 724 913 718 913 721 914 718 914 725 914 694 915 726 915 727 915 727 916 726 916 728 916 727 917 728 917 722 917 722 918 728 918 723 918 729 919 730 919 719 919 719 920 730 920 731 920 719 921 731 921 732 921 732 922 731 922 733 922 732 923 733 923 734 923 734 924 733 924 735 924 734 925 735 925 736 925 736 926 735 926 674 926 736 927 674 927 671 927 671 928 674 928 677 928 671 929 677 929 691 929 691 930 677 930 694 930 691 931 694 931 727 931 729 932 719 932 718 932 729 933 718 933 724 933 736 934 671 934 670 934 737 935 730 935 729 935 737 936 729 936 738 936 704 937 702 937 739 937 704 938 739 938 740 938 684 939 697 939 741 939 741 940 697 940 687 940 741 941 687 941 742 941 742 942 687 942 743 942 742 943 743 943 744 943 744 944 743 944 745 944 744 945 745 945 746 945 746 946 745 946 747 946 746 947 747 947 748 947 748 948 747 948 749 948 748 949 749 949 750 949 687 950 697 950 688 950 688 951 697 951 751 951 688 952 751 952 752 952 752 953 751 953 753 953 752 954 753 954 747 954 747 955 753 955 749 955 684 956 741 956 685 956 703 957 705 957 746 957 703 958 746 958 748 958 754 959 755 959 690 959 754 960 690 960 689 960 754 961 689 961 756 961 754 962 756 962 757 962 720 963 719 963 732 963 720 964 732 964 758 964 542 965 554 965 555 965 542 966 555 966 538 966 538 967 555 967 556 967 538 968 556 968 539 968 730 969 737 969 759 969 730 970 759 970 731 970 704 971 740 971 760 971 704 972 760 972 706 972 707 973 744 973 746 973 707 974 746 974 705 974 755 975 754 975 745 975 755 976 745 976 743 976 734 977 761 977 758 977 734 978 758 978 732 978 762 979 733 979 731 979 762 980 731 980 759 980 706 981 760 981 763 981 706 982 763 982 711 982 708 983 742 983 744 983 708 984 744 984 707 984 761 985 734 985 736 985 761 986 736 986 764 986 765 987 735 987 733 987 765 988 733 988 762 988 763 989 766 989 709 989 763 990 709 990 711 990 710 991 741 991 742 991 710 992 742 992 708 992 743 993 687 993 690 993 743 994 690 994 755 994 670 995 669 995 764 995 670 996 764 996 736 996 668 997 552 997 536 997 668 998 536 998 534 998 537 999 560 999 667 999 537 1000 667 1000 535 1000 675 1001 674 1001 735 1001 675 1002 735 1002 765 1002 678 1003 709 1003 766 1003 678 1004 766 1004 679 1004 686 1005 685 1005 741 1005 686 1006 741 1006 710 1006 504 1007 571 1007 767 1007 504 1008 767 1008 658 1008 767 1009 768 1009 769 1009 767 1010 769 1010 659 1010 767 1011 659 1011 658 1011 767 1012 571 1012 572 1012 767 1013 572 1013 770 1013 768 1014 767 1014 770 1014 768 1015 770 1015 771 1015 770 1016 572 1016 573 1016 770 1017 573 1017 772 1017 772 1018 773 1018 771 1018 772 1019 771 1019 770 1019 772 1020 573 1020 507 1020 772 1021 507 1021 663 1021 773 1022 772 1022 663 1022 773 1023 663 1023 662 1023 773 1024 662 1024 774 1024 775 1025 603 1025 602 1025 775 1026 602 1026 601 1026 775 1027 610 1027 604 1027 775 1028 604 1028 603 1028 776 1029 777 1029 619 1029 776 1030 619 1030 618 1030 777 1031 778 1031 620 1031 777 1032 620 1032 619 1032 621 1033 620 1033 778 1033 621 1034 778 1034 779 1034 622 1035 621 1035 779 1035 622 1036 779 1036 780 1036 94 1037 222 1037 224 1037 94 1038 224 1038 92 1038 717 1039 720 1039 738 1039 717 1040 738 1040 781 1040 717 1041 781 1041 782 1041 717 1042 782 1042 783 1042 762 1043 759 1043 758 1043 758 1044 759 1044 737 1044 758 1045 737 1045 720 1045 720 1046 737 1046 738 1046 784 1047 785 1047 786 1047 786 1048 785 1048 787 1048 786 1049 787 1049 788 1049 788 1050 787 1050 693 1050 788 1051 693 1051 692 1051 692 1052 693 1052 676 1052 692 1053 676 1053 672 1053 672 1054 676 1054 675 1054 672 1055 675 1055 764 1055 764 1056 675 1056 765 1056 764 1057 765 1057 761 1057 761 1058 765 1058 762 1058 761 1059 762 1059 758 1059 784 1060 786 1060 782 1060 784 1061 782 1061 781 1061 672 1062 764 1062 669 1062 618 1063 487 1063 489 1063 618 1064 489 1064 776 1064 488 1065 486 1065 623 1065 488 1066 623 1066 789 1066 624 1067 625 1067 790 1067 624 1068 790 1068 791 1068 627 1069 626 1069 792 1069 627 1070 792 1070 793 1070 225 1071 624 1071 791 1071 225 1072 791 1072 227 1072 195 1073 197 1073 794 1073 195 1074 794 1074 628 1074 626 1075 628 1075 794 1075 626 1076 794 1076 792 1076 152 1077 627 1077 793 1077 152 1078 793 1078 154 1078 89 1079 795 1079 629 1079 89 1080 629 1080 91 1080 795 1081 790 1081 625 1081 795 1082 625 1082 629 1082 641 1083 640 1083 796 1083 641 1084 796 1084 797 1084 798 1085 799 1085 797 1085 798 1086 797 1086 796 1086 800 1087 801 1087 799 1087 800 1088 799 1088 798 1088 801 1089 800 1089 802 1089 801 1090 802 1090 803 1090 643 1091 642 1091 803 1091 643 1092 803 1092 802 1092 653 1093 641 1093 797 1093 653 1094 797 1094 654 1094 654 1095 797 1095 799 1095 654 1096 799 1096 655 1096 656 1097 655 1097 799 1097 656 1098 799 1098 801 1098 801 1099 803 1099 657 1099 801 1100 657 1100 656 1100 803 1101 642 1101 646 1101 803 1102 646 1102 657 1102 280 1103 276 1103 275 1103 280 1104 275 1104 281 1104 155 1105 198 1105 196 1105 155 1106 196 1106 153 1106 804 1107 805 1107 806 1107 804 1108 806 1108 807 1108 804 1109 807 1109 808 1109 804 1110 808 1110 774 1110 804 1111 774 1111 662 1111 804 1112 662 1112 661 1112 805 1113 660 1113 659 1113 805 1114 659 1114 769 1114 805 1115 769 1115 806 1115 315 1116 44 1116 42 1116 315 1117 42 1117 316 1117 31 1118 660 1118 805 1118 31 1119 805 1119 46 1119 664 1120 809 1120 810 1120 664 1121 810 1121 665 1121 809 1122 664 1122 673 1122 809 1123 673 1123 811 1123 812 1124 682 1124 665 1124 812 1125 665 1125 810 1125 727 1126 788 1126 692 1126 727 1127 692 1127 691 1127 787 1128 726 1128 694 1128 787 1129 694 1129 693 1129 696 1130 695 1130 813 1130 696 1131 813 1131 715 1131 716 1132 751 1132 697 1132 716 1133 697 1133 698 1133 756 1134 689 1134 688 1134 756 1135 688 1135 752 1135 788 1136 727 1136 722 1136 788 1137 722 1137 786 1137 814 1138 815 1138 816 1138 814 1139 816 1139 817 1139 815 1140 818 1140 819 1140 815 1141 819 1141 816 1141 820 1142 821 1142 819 1142 820 1143 819 1143 818 1143 822 1144 815 1144 814 1144 815 1145 822 1145 818 1145 823 1146 824 1146 825 1146 823 1147 825 1147 826 1147 824 1148 823 1148 827 1148 824 1149 827 1149 828 1149 827 1150 814 1150 817 1150 827 1151 817 1151 828 1151 822 1152 827 1152 823 1152 827 1153 822 1153 814 1153 829 1154 830 1154 831 1154 829 1155 831 1155 832 1155 825 1156 832 1156 831 1156 825 1157 831 1157 826 1157 833 1158 834 1158 821 1158 833 1159 821 1159 820 1159 834 1160 833 1160 835 1160 834 1161 835 1161 836 1161 726 1162 787 1162 785 1162 726 1163 785 1163 728 1163 715 1164 813 1164 837 1164 715 1165 837 1165 714 1165 713 1166 753 1166 751 1166 713 1167 751 1167 716 1167 721 1168 782 1168 786 1168 721 1169 786 1169 722 1169 822 1170 820 1170 818 1170 826 1171 822 1171 823 1171 838 1172 839 1172 830 1172 838 1173 830 1173 829 1173 830 1174 839 1174 822 1174 822 1175 831 1175 830 1175 822 1176 826 1176 831 1176 839 1177 838 1177 836 1177 839 1178 836 1178 835 1178 820 1179 822 1179 833 1179 833 1180 822 1180 835 1180 839 1181 835 1181 822 1181 728 1182 785 1182 784 1182 728 1183 784 1183 723 1183 714 1184 837 1184 840 1184 714 1185 840 1185 699 1185 712 1186 749 1186 753 1186 712 1187 753 1187 713 1187 752 1188 747 1188 757 1188 752 1189 757 1189 756 1189 782 1190 721 1190 725 1190 782 1191 725 1191 783 1191 723 1192 784 1192 781 1192 723 1193 781 1193 724 1193 700 1194 699 1194 840 1194 700 1195 840 1195 841 1195 701 1196 750 1196 749 1196 701 1197 749 1197 712 1197 718 1198 717 1198 783 1198 718 1199 783 1199 725 1199 738 1200 729 1200 724 1200 738 1201 724 1201 781 1201 700 1202 841 1202 739 1202 700 1203 739 1203 702 1203 703 1204 748 1204 750 1204 703 1205 750 1205 701 1205 747 1206 745 1206 754 1206 747 1207 754 1207 757 1207 806 1208 769 1208 768 1208 806 1209 768 1209 771 1209 806 1210 771 1210 807 1210 808 1211 807 1211 771 1211 808 1212 771 1212 773 1212 774 1213 808 1213 773 1213 777 1214 776 1214 842 1214 777 1215 842 1215 843 1215 843 1216 844 1216 778 1216 843 1217 778 1217 777 1217 845 1218 779 1218 778 1218 845 1219 778 1219 844 1219 846 1220 780 1220 779 1220 846 1221 779 1221 845 1221 92 1222 224 1222 226 1222 92 1223 226 1223 90 1223 491 1224 842 1224 776 1224 491 1225 776 1225 489 1225 789 1226 847 1226 490 1226 789 1227 490 1227 488 1227 791 1228 790 1228 848 1228 791 1229 848 1229 849 1229 793 1230 792 1230 850 1230 793 1231 850 1231 851 1231 227 1232 791 1232 849 1232 227 1233 849 1233 212 1233 794 1234 197 1234 199 1234 794 1235 199 1235 852 1235 792 1236 794 1236 852 1236 792 1237 852 1237 850 1237 793 1238 851 1238 156 1238 793 1239 156 1239 154 1239 853 1240 795 1240 89 1240 853 1241 89 1241 87 1241 853 1242 848 1242 790 1242 853 1243 790 1243 795 1243 281 1244 275 1244 274 1244 281 1245 274 1245 282 1245 157 1246 166 1246 198 1246 157 1247 198 1247 155 1247 805 1248 804 1248 854 1248 805 1249 854 1249 855 1249 316 1250 42 1250 41 1250 316 1251 41 1251 317 1251 46 1252 805 1252 855 1252 46 1253 855 1253 43 1253 856 1254 857 1254 858 1254 856 1255 858 1255 859 1255 856 1256 859 1256 860 1256 856 1257 860 1257 861 1257 862 1258 863 1258 864 1258 862 1259 864 1259 865 1259 862 1260 865 1260 866 1260 862 1261 866 1261 867 1261 862 1262 867 1262 868 1262 862 1263 868 1263 869 1263 862 1264 869 1264 870 1264 862 1265 870 1265 871 1265 862 1266 871 1266 872 1266 862 1267 872 1267 873 1267 874 1268 875 1268 864 1268 874 1269 864 1269 863 1269 875 1270 876 1270 865 1270 875 1271 865 1271 864 1271 876 1272 877 1272 866 1272 876 1273 866 1273 865 1273 878 1274 874 1274 863 1274 878 1275 863 1275 862 1275 879 1276 880 1276 870 1276 879 1277 870 1277 869 1277 881 1278 858 1278 857 1278 881 1279 857 1279 882 1279 881 1280 882 1280 883 1280 881 1281 883 1281 884 1281 881 1282 884 1282 885 1282 881 1283 885 1283 886 1283 887 1284 859 1284 858 1284 887 1285 858 1285 881 1285 859 1286 887 1286 888 1286 859 1287 888 1287 889 1287 859 1288 889 1288 890 1288 859 1289 890 1289 891 1289 859 1290 891 1290 892 1290 859 1291 892 1291 860 1291 877 1292 893 1292 867 1292 877 1293 867 1293 866 1293 894 1294 895 1294 896 1294 894 1295 896 1295 897 1295 894 1296 897 1296 898 1296 894 1297 898 1297 856 1297 894 1298 856 1298 861 1298 894 1299 861 1299 899 1299 900 1300 899 1300 861 1300 900 1301 861 1301 860 1301 900 1302 860 1302 892 1302 901 1303 902 1303 903 1303 901 1304 903 1304 895 1304 901 1305 895 1305 894 1305 904 1306 905 1306 906 1306 904 1307 906 1307 907 1307 904 1308 907 1308 838 1308 904 1309 838 1309 829 1309 904 1310 829 1310 832 1310 904 1311 832 1311 825 1311 904 1312 825 1312 908 1312 809 1313 811 1313 909 1313 809 1314 909 1314 910 1314 809 1315 910 1315 825 1315 809 1316 825 1316 824 1316 809 1317 824 1317 828 1317 809 1318 828 1318 817 1318 809 1319 817 1319 810 1319 810 1320 817 1320 816 1320 810 1321 816 1321 819 1321 810 1322 819 1322 821 1322 810 1323 821 1323 834 1323 810 1324 834 1324 836 1324 810 1325 836 1325 907 1325 810 1326 907 1326 812 1326 907 1327 836 1327 838 1327 908 1328 825 1328 910 1328 911 1329 902 1329 901 1329 911 1330 901 1330 912 1330 911 1331 912 1331 913 1331 912 1332 901 1332 914 1332 907 1333 906 1333 912 1333 907 1334 912 1334 914 1334 893 1335 915 1335 868 1335 893 1336 868 1336 867 1336 915 1337 879 1337 869 1337 915 1338 869 1338 868 1338 856 1339 898 1339 916 1339 856 1340 916 1340 882 1340 856 1341 882 1341 857 1341 911 1342 913 1342 917 1342 911 1343 917 1343 918 1343 905 1344 904 1344 843 1344 905 1345 843 1345 842 1345 902 1346 911 1346 918 1346 902 1347 918 1347 919 1347 902 1348 919 1348 903 1348 908 1349 844 1349 843 1349 908 1350 843 1350 904 1350 910 1351 845 1351 844 1351 910 1352 844 1352 908 1352 919 1353 920 1353 896 1353 919 1354 896 1354 895 1354 919 1355 895 1355 903 1355 909 1356 846 1356 845 1356 909 1357 845 1357 910 1357 921 1358 897 1358 896 1358 921 1359 896 1359 920 1359 226 1360 228 1360 88 1360 226 1361 88 1361 90 1361 917 1362 913 1362 493 1362 493 1363 913 1363 912 1363 493 1364 912 1364 491 1364 491 1365 912 1365 906 1365 491 1366 906 1366 905 1366 491 1367 905 1367 842 1367 922 1368 492 1368 490 1368 922 1369 490 1369 847 1369 849 1370 848 1370 923 1370 849 1371 923 1371 924 1371 851 1372 850 1372 925 1372 851 1373 925 1373 926 1373 212 1374 849 1374 924 1374 212 1375 924 1375 213 1375 199 1376 168 1376 927 1376 199 1377 927 1377 852 1377 850 1378 852 1378 927 1378 850 1379 927 1379 925 1379 158 1380 156 1380 851 1380 158 1381 851 1381 926 1381 928 1382 853 1382 87 1382 928 1383 87 1383 85 1383 848 1384 853 1384 928 1384 848 1385 928 1385 923 1385 929 1386 930 1386 931 1386 929 1387 931 1387 932 1387 933 1388 934 1388 932 1388 933 1389 932 1389 931 1389 934 1390 933 1390 935 1390 934 1391 935 1391 936 1391 936 1392 935 1392 937 1392 936 1393 937 1393 938 1393 282 1394 274 1394 273 1394 282 1395 273 1395 283 1395 159 1396 167 1396 166 1396 159 1397 166 1397 157 1397 939 1398 940 1398 855 1398 939 1399 855 1399 854 1399 317 1400 41 1400 36 1400 317 1401 36 1401 318 1401 37 1402 43 1402 855 1402 37 1403 855 1403 940 1403 941 1404 942 1404 873 1404 941 1405 873 1405 872 1405 943 1406 931 1406 930 1406 943 1407 930 1407 944 1407 945 1408 933 1408 931 1408 945 1409 931 1409 943 1409 942 1410 878 1410 862 1410 942 1411 862 1411 873 1411 946 1412 937 1412 935 1412 946 1413 935 1413 947 1413 900 1414 892 1414 891 1414 937 1415 946 1415 948 1415 937 1416 948 1416 949 1416 950 1417 951 1417 949 1417 950 1418 949 1418 948 1418 880 1419 952 1419 871 1419 880 1420 871 1420 870 1420 933 1421 945 1421 947 1421 933 1422 947 1422 935 1422 952 1423 941 1423 872 1423 952 1424 872 1424 871 1424 883 1425 882 1425 916 1425 918 1426 917 1426 953 1426 918 1427 953 1427 954 1427 955 1428 919 1428 918 1428 955 1429 918 1429 954 1429 956 1430 920 1430 919 1430 956 1431 919 1431 955 1431 957 1432 921 1432 920 1432 957 1433 920 1433 956 1433 228 1434 214 1434 86 1434 228 1435 86 1435 88 1435 917 1436 493 1436 495 1436 917 1437 495 1437 953 1437 922 1438 958 1438 494 1438 922 1439 494 1439 492 1439 938 1440 937 1440 949 1440 938 1441 949 1441 959 1441 959 1442 949 1442 951 1442 959 1443 951 1443 960 1443 961 1444 924 1444 923 1444 961 1445 923 1445 962 1445 926 1446 925 1446 963 1446 926 1447 963 1447 964 1447 215 1448 213 1448 924 1448 215 1449 924 1449 961 1449 965 1450 927 1450 168 1450 965 1451 168 1451 170 1451 925 1452 927 1452 965 1452 925 1453 965 1453 963 1453 158 1454 926 1454 964 1454 158 1455 964 1455 141 1455 966 1456 928 1456 85 1456 966 1457 85 1457 84 1457 923 1458 928 1458 966 1458 923 1459 966 1459 962 1459 967 1460 968 1460 969 1460 967 1461 969 1461 970 1461 968 1462 967 1462 971 1462 968 1463 971 1463 972 1463 930 1464 929 1464 972 1464 930 1465 972 1465 971 1465 969 1466 973 1466 974 1466 969 1467 974 1467 970 1467 283 1468 273 1468 272 1468 283 1469 272 1469 284 1469 140 1470 169 1470 167 1470 140 1471 167 1471 159 1471 975 1472 976 1472 940 1472 975 1473 940 1473 939 1473 318 1474 36 1474 38 1474 318 1475 38 1475 319 1475 39 1476 37 1476 940 1476 39 1477 940 1477 976 1477 977 1478 967 1478 970 1478 977 1479 970 1479 978 1479 967 1480 977 1480 979 1480 967 1481 979 1481 971 1481 944 1482 930 1482 971 1482 944 1483 971 1483 979 1483 951 1484 950 1484 980 1484 951 1485 980 1485 981 1485 885 1486 884 1486 982 1486 983 1487 890 1487 889 1487 984 1488 974 1488 981 1488 984 1489 981 1489 980 1489 974 1490 984 1490 978 1490 974 1491 978 1491 970 1491 954 1492 953 1492 985 1492 954 1493 985 1493 986 1493 955 1494 954 1494 986 1494 955 1495 986 1495 987 1495 956 1496 955 1496 987 1496 956 1497 987 1497 988 1497 989 1498 957 1498 956 1498 989 1499 956 1499 988 1499 86 1500 214 1500 216 1500 86 1501 216 1501 105 1501 475 1502 985 1502 953 1502 475 1503 953 1503 495 1503 990 1504 476 1504 494 1504 990 1505 494 1505 958 1505 960 1506 951 1506 981 1506 960 1507 981 1507 991 1507 991 1508 981 1508 974 1508 991 1509 974 1509 973 1509 992 1510 961 1510 962 1510 992 1511 962 1511 993 1511 963 1512 994 1512 995 1512 963 1513 995 1513 964 1513 217 1514 215 1514 961 1514 217 1515 961 1515 992 1515 170 1516 172 1516 996 1516 170 1517 996 1517 965 1517 994 1518 963 1518 965 1518 994 1519 965 1519 996 1519 141 1520 964 1520 995 1520 141 1521 995 1521 143 1521 106 1522 997 1522 966 1522 106 1523 966 1523 84 1523 993 1524 962 1524 966 1524 993 1525 966 1525 997 1525 284 1526 272 1526 271 1526 284 1527 271 1527 285 1527 142 1528 171 1528 169 1528 142 1529 169 1529 140 1529 916 1530 921 1530 883 1530 883 1531 921 1531 957 1531 883 1532 957 1532 884 1532 884 1533 957 1533 989 1533 884 1534 989 1534 982 1534 982 1535 989 1535 998 1535 982 1536 998 1536 999 1536 898 1537 897 1537 921 1537 898 1538 921 1538 916 1538 1000 1539 1001 1539 1002 1539 1002 1540 1001 1540 1003 1540 1002 1541 1003 1541 1004 1541 1004 1542 1003 1542 1005 1542 1004 1543 1005 1543 1006 1543 1006 1544 1005 1544 1007 1544 1006 1545 1007 1545 1008 1545 1008 1546 1007 1546 1009 1546 1008 1547 1009 1547 1010 1547 1010 1548 1009 1548 1011 1548 1010 1549 1011 1549 1012 1549 1012 1550 1011 1550 1013 1550 1012 1551 1013 1551 1014 1551 1014 1552 1013 1552 446 1552 1014 1553 446 1553 371 1553 371 1554 446 1554 447 1554 371 1555 447 1555 561 1555 561 1556 447 1556 622 1556 561 1557 622 1557 673 1557 673 1558 622 1558 780 1558 673 1559 780 1559 811 1559 811 1560 780 1560 846 1560 811 1561 846 1561 909 1561 1015 1562 1016 1562 1017 1562 1015 1563 1017 1563 1018 1563 1015 1564 1018 1564 1019 1564 1015 1565 1019 1565 1020 1565 1021 1566 1022 1566 1023 1566 1023 1567 1022 1567 1024 1567 1023 1568 1024 1568 1025 1568 1025 1569 1024 1569 1026 1569 1025 1570 1026 1570 1016 1570 1016 1571 1026 1571 1017 1571 1000 1572 1027 1572 1028 1572 1028 1573 1027 1573 1029 1573 1028 1574 1029 1574 1030 1574 1030 1575 1029 1575 1031 1575 1030 1576 1031 1576 1032 1576 1032 1577 1031 1577 1019 1577 1032 1578 1019 1578 1018 1578 1014 1579 371 1579 370 1579 1000 1580 1002 1580 1027 1580 1033 1581 1034 1581 976 1581 1033 1582 976 1582 975 1582 319 1583 38 1583 40 1583 319 1584 40 1584 320 1584 35 1585 39 1585 976 1585 35 1586 976 1586 1034 1586 887 1587 881 1587 886 1587 887 1588 886 1588 1035 1588 887 1589 1035 1589 1036 1589 887 1590 1036 1590 888 1590 1037 1591 1038 1591 1039 1591 1037 1592 1039 1592 1040 1592 1041 1593 1042 1593 1043 1593 1041 1594 1043 1594 1044 1594 1045 1595 1046 1595 1047 1595 1045 1596 1047 1596 1048 1596 1049 1597 1050 1597 1039 1597 1039 1598 1050 1598 1051 1598 1039 1599 1051 1599 1040 1599 1040 1600 1051 1600 1052 1600 1053 1601 1054 1601 1055 1601 1053 1602 1055 1602 1050 1602 1053 1603 1050 1603 1049 1603 1035 1604 886 1604 885 1604 1035 1605 885 1605 982 1605 1035 1606 982 1606 999 1606 1056 1607 983 1607 889 1607 1056 1608 889 1608 888 1608 1056 1609 888 1609 1036 1609 999 1610 998 1610 1056 1610 999 1611 1056 1611 1036 1611 999 1612 1036 1612 1035 1612 1056 1613 998 1613 1057 1613 1056 1614 1057 1614 1054 1614 1056 1615 1054 1615 1053 1615 1052 1616 1051 1616 986 1616 1052 1617 986 1617 985 1617 1058 1618 1059 1618 1060 1618 1058 1619 1060 1619 1061 1619 986 1620 1051 1620 1050 1620 986 1621 1050 1621 1055 1621 986 1622 1055 1622 987 1622 1061 1623 1060 1623 1062 1623 1061 1624 1062 1624 1063 1624 987 1625 1055 1625 1054 1625 987 1626 1054 1626 1057 1626 987 1627 1057 1627 988 1627 1064 1628 1063 1628 1062 1628 1064 1629 1062 1629 1065 1629 998 1630 989 1630 988 1630 998 1631 988 1631 1057 1631 1021 1632 1064 1632 1065 1632 1021 1633 1065 1633 1022 1633 105 1634 216 1634 218 1634 105 1635 218 1635 107 1635 477 1636 1059 1636 1058 1636 477 1637 1058 1637 1037 1637 477 1638 1037 1638 1040 1638 477 1639 1040 1639 985 1639 477 1640 985 1640 475 1640 985 1641 1040 1641 1052 1641 1066 1642 478 1642 476 1642 1066 1643 476 1643 990 1643 1067 1644 992 1644 993 1644 1067 1645 993 1645 1068 1645 994 1646 1069 1646 1070 1646 994 1647 1070 1647 995 1647 219 1648 217 1648 992 1648 219 1649 992 1649 1067 1649 1071 1650 996 1650 172 1650 1071 1651 172 1651 174 1651 1069 1652 994 1652 996 1652 1069 1653 996 1653 1071 1653 143 1654 995 1654 1070 1654 143 1655 1070 1655 145 1655 108 1656 1072 1656 997 1656 108 1657 997 1657 106 1657 1072 1658 1068 1658 993 1658 1072 1659 993 1659 997 1659 1073 1660 1074 1660 1075 1660 1073 1661 1075 1661 1076 1661 1077 1662 1076 1662 1075 1662 1077 1663 1075 1663 1078 1663 1079 1664 1080 1664 1081 1664 1079 1665 1081 1665 1082 1665 1083 1666 1084 1666 1080 1666 1083 1667 1080 1667 1079 1667 1084 1668 1083 1668 1085 1668 1084 1669 1085 1669 1086 1669 1085 1670 1087 1670 1088 1670 1085 1671 1088 1671 1086 1671 1074 1672 1073 1672 1088 1672 1074 1673 1088 1673 1087 1673 1089 1674 1090 1674 1091 1674 1089 1675 1091 1675 1092 1675 1089 1676 1092 1676 1093 1676 1089 1677 1093 1677 1094 1677 1089 1678 1094 1678 1095 1678 1089 1679 1095 1679 1096 1679 1089 1680 1096 1680 1097 1680 1089 1681 1097 1681 1098 1681 1089 1682 1098 1682 1099 1682 1089 1683 1099 1683 1100 1683 1073 1684 1076 1684 1095 1684 1073 1685 1095 1685 1094 1685 1076 1686 1077 1686 1096 1686 1076 1687 1096 1687 1095 1687 1090 1688 1089 1688 1081 1688 1090 1689 1081 1689 1080 1689 1080 1690 1084 1690 1091 1690 1080 1691 1091 1691 1090 1691 1084 1692 1086 1692 1092 1692 1084 1693 1092 1693 1091 1693 1088 1694 1093 1694 1092 1694 1088 1695 1092 1695 1086 1695 1088 1696 1073 1696 1094 1696 1088 1697 1094 1697 1093 1697 285 1698 271 1698 270 1698 285 1699 270 1699 286 1699 144 1700 173 1700 171 1700 144 1701 171 1701 142 1701 1033 1702 1101 1702 1102 1702 1033 1703 1102 1703 1103 1703 1033 1704 1103 1704 1104 1704 1033 1705 1104 1705 1105 1705 1033 1706 1105 1706 1106 1706 1033 1707 1106 1707 1034 1707 1107 1708 1034 1708 1106 1708 1107 1709 1106 1709 1108 1709 1107 1710 1108 1710 1109 1710 320 1711 40 1711 34 1711 320 1712 34 1712 321 1712 6 1713 35 1713 1034 1713 6 1714 1034 1714 1107 1714 1110 1715 1111 1715 1112 1715 1110 1716 1112 1716 1113 1716 1114 1717 1115 1717 1116 1717 1114 1718 1116 1718 1117 1718 1118 1719 1042 1719 1041 1719 1118 1720 1041 1720 1119 1720 1042 1721 1118 1721 1120 1721 1120 1722 1043 1722 1042 1722 1043 1723 1120 1723 1121 1723 1048 1724 1047 1724 1118 1724 1048 1725 1118 1725 1119 1725 1122 1726 1120 1726 1046 1726 1046 1727 1120 1727 1047 1727 1118 1728 1047 1728 1120 1728 1120 1729 1123 1729 1124 1729 1125 1730 1123 1730 1120 1730 1120 1731 1122 1731 1125 1731 1120 1732 1126 1732 1121 1732 1127 1733 1126 1733 1120 1733 1120 1734 1124 1734 1127 1734 1128 1735 1129 1735 1130 1735 1128 1736 1130 1736 1131 1736 1132 1737 1133 1737 1134 1737 1132 1738 1134 1738 1135 1738 1136 1739 1137 1739 1138 1739 1136 1740 1138 1740 1139 1740 1140 1741 1141 1741 1142 1741 1140 1742 1142 1742 1143 1742 1144 1743 1145 1743 1117 1743 1144 1744 1117 1744 1116 1744 1044 1745 1043 1745 1121 1745 1044 1746 1121 1746 1146 1746 1046 1747 1045 1747 1147 1747 1046 1748 1147 1748 1122 1748 1123 1749 1125 1749 1148 1749 1123 1750 1148 1750 1149 1750 1122 1751 1147 1751 1148 1751 1122 1752 1148 1752 1125 1752 1146 1753 1121 1753 1126 1753 1146 1754 1126 1754 1150 1754 1126 1755 1127 1755 1151 1755 1126 1756 1151 1756 1150 1756 1129 1757 1128 1757 1152 1757 1129 1758 1152 1758 1153 1758 1132 1759 1135 1759 1154 1759 1132 1760 1154 1760 1155 1760 1156 1761 1157 1761 1137 1761 1156 1762 1137 1762 1136 1762 1145 1763 1144 1763 1158 1763 1145 1764 1158 1764 1159 1764 1113 1765 1112 1765 1160 1765 1113 1766 1160 1766 1149 1766 1113 1767 1149 1767 1148 1767 1113 1768 1148 1768 1147 1768 1113 1769 1147 1769 1064 1769 1113 1770 1064 1770 1021 1770 1113 1771 1021 1771 1023 1771 1061 1772 1063 1772 1147 1772 1061 1773 1147 1773 1045 1773 1061 1774 1045 1774 1048 1774 1061 1775 1048 1775 1119 1775 1061 1776 1119 1776 1038 1776 1061 1777 1038 1777 1037 1777 1061 1778 1037 1778 1058 1778 1112 1779 1161 1779 1041 1779 1112 1780 1041 1780 1044 1780 1112 1781 1044 1781 1146 1781 1112 1782 1146 1782 1150 1782 1112 1783 1150 1783 1151 1783 1112 1784 1151 1784 1160 1784 1041 1785 1161 1785 1038 1785 1041 1786 1038 1786 1119 1786 1147 1787 1063 1787 1064 1787 1124 1788 1123 1788 1149 1788 1124 1789 1149 1789 1160 1789 1023 1790 1025 1790 1110 1790 1023 1791 1110 1791 1113 1791 1127 1792 1124 1792 1160 1792 1127 1793 1160 1793 1151 1793 1162 1794 1163 1794 1153 1794 1162 1795 1153 1795 1152 1795 1155 1796 1154 1796 1164 1796 1155 1797 1164 1797 1165 1797 1166 1798 1161 1798 1112 1798 1166 1799 1112 1799 1111 1799 1167 1800 1168 1800 1157 1800 1167 1801 1157 1801 1156 1801 1169 1802 1140 1802 1143 1802 1169 1803 1143 1803 1170 1803 1159 1804 1158 1804 1171 1804 1159 1805 1171 1805 1172 1805 1173 1806 1174 1806 1163 1806 1173 1807 1163 1807 1162 1807 1165 1808 1164 1808 1175 1808 1165 1809 1175 1809 1176 1809 1177 1810 1178 1810 1168 1810 1177 1811 1168 1811 1167 1811 1179 1812 1172 1812 1171 1812 1179 1813 1171 1813 1180 1813 1181 1814 1174 1814 1173 1814 1181 1815 1173 1815 1182 1815 1183 1816 1176 1816 1175 1816 1183 1817 1175 1817 1184 1817 1177 1818 1185 1818 1186 1818 1177 1819 1186 1819 1178 1819 1187 1820 1169 1820 1170 1820 1187 1821 1170 1821 1188 1821 1183 1822 1189 1822 1190 1822 1190 1823 1189 1823 1191 1823 1190 1824 1191 1824 1192 1824 1192 1825 1191 1825 1193 1825 1192 1826 1193 1826 1194 1826 1194 1827 1193 1827 1195 1827 1194 1828 1195 1828 1196 1828 1196 1829 1195 1829 1197 1829 1133 1830 1139 1830 1198 1830 1198 1831 1139 1831 1199 1831 1198 1832 1199 1832 1200 1832 1200 1833 1199 1833 1197 1833 1200 1834 1197 1834 1195 1834 1185 1835 1177 1835 1176 1835 1185 1836 1176 1836 1183 1836 1185 1837 1183 1837 1190 1837 1139 1838 1132 1838 1136 1838 1136 1839 1132 1839 1155 1839 1136 1840 1155 1840 1156 1840 1156 1841 1155 1841 1165 1841 1156 1842 1165 1842 1167 1842 1167 1843 1165 1843 1176 1843 1167 1844 1176 1844 1177 1844 1132 1845 1139 1845 1133 1845 1201 1846 1202 1846 1203 1846 1201 1847 1203 1847 1204 1847 1180 1848 1171 1848 1181 1848 1180 1849 1181 1849 1205 1849 1180 1850 1205 1850 1206 1850 1180 1851 1206 1851 1207 1851 1153 1852 1163 1852 1158 1852 1158 1853 1163 1853 1174 1853 1158 1854 1174 1854 1171 1854 1171 1855 1174 1855 1181 1855 1208 1856 1209 1856 1210 1856 1210 1857 1209 1857 1211 1857 1210 1858 1211 1858 1212 1858 1212 1859 1211 1859 1213 1859 1212 1860 1213 1860 1204 1860 1204 1861 1213 1861 1214 1861 1204 1862 1214 1862 1201 1862 1201 1863 1214 1863 1130 1863 1201 1864 1130 1864 1116 1864 1116 1865 1130 1865 1129 1865 1116 1866 1129 1866 1144 1866 1144 1867 1129 1867 1153 1867 1144 1868 1153 1868 1158 1868 1208 1869 1210 1869 1206 1869 1208 1870 1206 1870 1205 1870 1201 1871 1116 1871 1115 1871 1215 1872 1214 1872 1213 1872 1215 1873 1213 1873 1216 1873 1198 1874 1200 1874 1217 1874 1198 1875 1217 1875 1218 1875 1137 1876 1157 1876 1219 1876 1219 1877 1157 1877 1142 1877 1219 1878 1142 1878 1220 1878 1220 1879 1142 1879 1221 1879 1220 1880 1221 1880 1222 1880 1222 1881 1221 1881 1223 1881 1222 1882 1223 1882 1224 1882 1224 1883 1223 1883 1188 1883 1224 1884 1188 1884 1225 1884 1225 1885 1188 1885 1186 1885 1225 1886 1186 1886 1226 1886 1142 1887 1157 1887 1143 1887 1143 1888 1157 1888 1168 1888 1143 1889 1168 1889 1170 1889 1170 1890 1168 1890 1178 1890 1170 1891 1178 1891 1188 1891 1188 1892 1178 1892 1186 1892 1137 1893 1219 1893 1138 1893 1197 1894 1199 1894 1219 1894 1197 1895 1219 1895 1220 1895 1141 1896 1140 1896 1169 1896 1141 1897 1169 1897 1187 1897 1141 1898 1187 1898 1227 1898 1141 1899 1227 1899 1228 1899 1141 1900 1228 1900 1221 1900 1141 1901 1221 1901 1142 1901 1202 1902 1201 1902 1115 1902 1202 1903 1115 1903 1114 1903 1131 1904 1130 1904 1214 1904 1131 1905 1214 1905 1215 1905 1198 1906 1218 1906 1134 1906 1198 1907 1134 1907 1133 1907 1139 1908 1138 1908 1219 1908 1139 1909 1219 1909 1199 1909 1229 1910 1108 1910 1106 1910 1229 1911 1230 1911 1231 1911 1229 1912 1231 1912 1109 1912 1229 1913 1109 1913 1108 1913 1232 1914 1229 1914 1106 1914 1232 1915 1106 1915 1105 1915 1232 1916 1233 1916 1230 1916 1232 1917 1230 1917 1229 1917 1232 1918 1105 1918 1104 1918 1232 1919 1104 1919 1234 1919 1234 1920 1235 1920 1233 1920 1234 1921 1233 1921 1232 1921 1234 1922 1104 1922 1103 1922 1235 1923 1234 1923 1103 1923 1235 1924 1103 1924 1102 1924 1235 1925 1102 1925 1236 1925 1060 1926 1059 1926 1237 1926 1060 1927 1237 1927 1238 1927 1238 1928 1239 1928 1062 1928 1238 1929 1062 1929 1060 1929 1065 1930 1062 1930 1239 1930 1065 1931 1239 1931 1240 1931 1022 1932 1065 1932 1240 1932 1022 1933 1240 1933 1024 1933 107 1934 218 1934 220 1934 107 1935 220 1935 109 1935 1241 1936 1242 1936 1243 1936 1241 1937 1243 1937 1244 1937 1241 1938 1244 1938 1179 1938 1241 1939 1179 1939 1245 1939 1216 1940 1246 1940 1247 1940 1247 1941 1246 1941 1248 1941 1247 1942 1248 1942 1242 1942 1242 1943 1248 1943 1243 1943 1182 1944 1173 1944 1172 1944 1172 1945 1173 1945 1162 1945 1172 1946 1162 1946 1159 1946 1159 1947 1162 1947 1152 1947 1159 1948 1152 1948 1145 1948 1145 1949 1152 1949 1128 1949 1145 1950 1128 1950 1117 1950 1117 1951 1128 1951 1131 1951 1117 1952 1131 1952 1202 1952 1202 1953 1131 1953 1215 1953 1202 1954 1215 1954 1203 1954 1203 1955 1215 1955 1216 1955 1203 1956 1216 1956 1247 1956 1182 1957 1172 1957 1179 1957 1182 1958 1179 1958 1244 1958 1117 1959 1202 1959 1114 1959 1059 1960 477 1960 479 1960 1059 1961 479 1961 1237 1961 480 1962 478 1962 1066 1962 480 1963 1066 1963 1249 1963 1250 1964 1251 1964 1067 1964 1250 1965 1067 1965 1068 1965 1069 1966 1252 1966 1253 1966 1069 1967 1253 1967 1070 1967 1251 1968 221 1968 219 1968 1251 1969 219 1969 1067 1969 174 1970 161 1970 1254 1970 174 1971 1254 1971 1071 1971 1254 1972 1252 1972 1069 1972 1254 1973 1069 1973 1071 1973 145 1974 1070 1974 1253 1974 145 1975 1253 1975 147 1975 1255 1976 1072 1976 108 1976 1255 1977 108 1977 110 1977 1250 1978 1068 1978 1072 1978 1250 1979 1072 1979 1255 1979 1256 1980 1257 1980 1077 1980 1256 1981 1077 1981 1078 1981 1258 1982 1259 1982 1257 1982 1258 1983 1257 1983 1256 1983 1258 1984 1260 1984 1261 1984 1258 1985 1261 1985 1259 1985 1261 1986 1260 1986 1262 1986 1261 1987 1262 1987 1263 1987 1263 1988 1262 1988 1082 1988 1263 1989 1082 1989 1081 1989 1096 1990 1077 1990 1257 1990 1096 1991 1257 1991 1097 1991 1097 1992 1257 1992 1259 1992 1097 1993 1259 1993 1098 1993 1098 1994 1259 1994 1261 1994 1098 1995 1261 1995 1099 1995 1099 1996 1261 1996 1263 1996 1099 1997 1263 1997 1100 1997 1100 1998 1263 1998 1081 1998 1100 1999 1081 1999 1089 1999 286 2000 270 2000 269 2000 286 2001 269 2001 287 2001 146 2002 175 2002 173 2002 146 2003 173 2003 144 2003 1107 2004 1109 2004 1231 2004 1107 2005 1231 2005 1264 2005 1107 2006 1264 2006 1265 2006 1266 2007 1267 2007 1236 2007 1266 2008 1236 2008 1102 2008 1266 2009 1102 2009 1101 2009 321 2010 34 2010 33 2010 321 2011 33 2011 322 2011 1265 2012 4 2012 6 2012 1265 2013 6 2013 1107 2013 1111 2014 1110 2014 1268 2014 1111 2015 1268 2015 1269 2015 1111 2016 1269 2016 1270 2016 1111 2017 1270 2017 1271 2017 1111 2018 1271 2018 1272 2018 1110 2019 1273 2019 1274 2019 1110 2020 1274 2020 1275 2020 1110 2021 1275 2021 1268 2021 1274 2022 1273 2022 1276 2022 1111 2023 1272 2023 1277 2023 1111 2024 1277 2024 1166 2024 1207 2025 1245 2025 1179 2025 1207 2026 1179 2026 1180 2026 1278 2027 1268 2027 1275 2027 1278 2028 1275 2028 1279 2028 1268 2029 1278 2029 1280 2029 1268 2030 1280 2030 1269 2030 1244 2031 1205 2031 1181 2031 1244 2032 1181 2032 1182 2032 1183 2033 1184 2033 1281 2033 1183 2034 1281 2034 1189 2034 1190 2035 1226 2035 1186 2035 1190 2036 1186 2036 1185 2036 1245 2037 1207 2037 1206 2037 1245 2038 1206 2038 1241 2038 1282 2039 1283 2039 1274 2039 1282 2040 1274 2040 1276 2040 1282 2041 1276 2041 1284 2041 1282 2042 1284 2042 1285 2042 1273 2043 1110 2043 1025 2043 1273 2044 1025 2044 1016 2044 1283 2045 1279 2045 1275 2045 1283 2046 1275 2046 1274 2046 1286 2047 1287 2047 1288 2047 1286 2048 1288 2048 1289 2048 1290 2049 1291 2049 1289 2049 1290 2050 1289 2050 1288 2050 1280 2051 1292 2051 1270 2051 1280 2052 1270 2052 1269 2052 1292 2053 1293 2053 1294 2053 1292 2054 1294 2054 1271 2054 1292 2055 1271 2055 1270 2055 1205 2056 1244 2056 1243 2056 1205 2057 1243 2057 1208 2057 1191 2058 1189 2058 1281 2058 1191 2059 1281 2059 1295 2059 1192 2060 1225 2060 1226 2060 1192 2061 1226 2061 1190 2061 1227 2062 1187 2062 1188 2062 1227 2063 1188 2063 1223 2063 1241 2064 1206 2064 1210 2064 1241 2065 1210 2065 1242 2065 1287 2066 1286 2066 1296 2066 1287 2067 1296 2067 1297 2067 1291 2068 1290 2068 1298 2068 1291 2069 1298 2069 1299 2069 1208 2070 1243 2070 1248 2070 1208 2071 1248 2071 1209 2071 1295 2072 1300 2072 1193 2072 1295 2073 1193 2073 1191 2073 1194 2074 1224 2074 1225 2074 1194 2075 1225 2075 1192 2075 1212 2076 1247 2076 1242 2076 1212 2077 1242 2077 1210 2077 1209 2078 1248 2078 1246 2078 1209 2079 1246 2079 1211 2079 1193 2080 1300 2080 1301 2080 1193 2081 1301 2081 1195 2081 1196 2082 1222 2082 1224 2082 1196 2083 1224 2083 1194 2083 1228 2084 1227 2084 1223 2084 1228 2085 1223 2085 1221 2085 1204 2086 1203 2086 1247 2086 1204 2087 1247 2087 1212 2087 1302 2088 1287 2088 1297 2088 1302 2089 1288 2089 1287 2089 1288 2090 1302 2090 1290 2090 1298 2091 1290 2091 1302 2091 1211 2092 1246 2092 1216 2092 1211 2093 1216 2093 1213 2093 1301 2094 1217 2094 1200 2094 1301 2095 1200 2095 1195 2095 1197 2096 1220 2096 1222 2096 1197 2097 1222 2097 1196 2097 1264 2098 1231 2098 1230 2098 1264 2099 1230 2099 1303 2099 1304 2100 1303 2100 1230 2100 1304 2101 1230 2101 1233 2101 1304 2102 1233 2102 1235 2102 1304 2103 1235 2103 1305 2103 1306 2104 1307 2104 1308 2104 1306 2105 1308 2105 1309 2105 1306 2106 1309 2106 1310 2106 1306 2107 1310 2107 1311 2107 1312 2108 1310 2108 1313 2108 1312 2109 1313 2109 1314 2109 1310 2110 1312 2110 1315 2110 1310 2111 1315 2111 1311 2111 1235 2112 1236 2112 1267 2112 1235 2113 1267 2113 1305 2113 1308 2114 1316 2114 1317 2114 1308 2115 1317 2115 1318 2115 1318 2116 1319 2116 1309 2116 1318 2117 1309 2117 1308 2117 1313 2118 1310 2118 1309 2118 1313 2119 1309 2119 1319 2119 1316 2120 1308 2120 1307 2120 1316 2121 1307 2121 1320 2121 1321 2122 1322 2122 1238 2122 1321 2123 1238 2123 1237 2123 1322 2124 1323 2124 1239 2124 1322 2125 1239 2125 1238 2125 1239 2126 1323 2126 1324 2126 1239 2127 1324 2127 1240 2127 1240 2128 1324 2128 1026 2128 1240 2129 1026 2129 1024 2129 220 2130 207 2130 111 2130 220 2131 111 2131 109 2131 479 2132 481 2132 1321 2132 479 2133 1321 2133 1237 2133 1249 2134 1325 2134 482 2134 1249 2135 482 2135 480 2135 1326 2136 1327 2136 1251 2136 1326 2137 1251 2137 1250 2137 1253 2138 1252 2138 1328 2138 1253 2139 1328 2139 1329 2139 1327 2140 208 2140 221 2140 1327 2141 221 2141 1251 2141 160 2142 1330 2142 1254 2142 160 2143 1254 2143 161 2143 1330 2144 1328 2144 1252 2144 1330 2145 1252 2145 1254 2145 147 2146 1253 2146 1329 2146 147 2147 1329 2147 114 2147 112 2148 1331 2148 1255 2148 112 2149 1255 2149 110 2149 1331 2150 1326 2150 1250 2150 1331 2151 1250 2151 1255 2151 287 2152 269 2152 268 2152 287 2153 268 2153 288 2153 148 2154 162 2154 175 2154 148 2155 175 2155 146 2155 1332 2156 1333 2156 1334 2156 1332 2157 1334 2157 1265 2157 1332 2158 1265 2158 1264 2158 1335 2159 1336 2159 1337 2159 1335 2160 1337 2160 1267 2160 1335 2161 1267 2161 1266 2161 322 2162 33 2162 8 2162 322 2163 8 2163 323 2163 1334 2164 2 2164 4 2164 1334 2165 4 2165 1265 2165 1284 2166 1276 2166 1273 2166 1338 2167 1339 2167 1340 2167 1338 2168 1340 2168 1341 2168 1338 2169 1341 2169 1342 2169 1272 2170 1271 2170 1294 2170 1272 2171 1294 2171 1343 2171 1272 2172 1343 2172 1344 2172 1272 2173 1344 2173 1345 2173 1345 2174 1344 2174 1346 2174 1347 2175 1348 2175 1349 2175 1347 2176 1349 2176 1350 2176 1347 2177 1350 2177 1351 2177 1347 2178 1351 2178 1352 2178 1347 2179 1352 2179 1353 2179 1347 2180 1353 2180 1354 2180 1347 2181 1354 2181 1355 2181 1347 2182 1355 2182 1356 2182 1347 2183 1356 2183 1357 2183 1347 2184 1357 2184 1358 2184 1359 2185 1360 2185 1361 2185 1359 2186 1361 2186 1362 2186 1278 2187 1279 2187 1280 2187 1280 2188 1279 2188 1283 2188 1280 2189 1283 2189 1292 2189 1292 2190 1283 2190 1289 2190 1292 2191 1289 2191 1291 2191 1363 2192 1364 2192 1282 2192 1282 2193 1364 2193 1296 2193 1282 2194 1296 2194 1283 2194 1283 2195 1296 2195 1286 2195 1283 2196 1286 2196 1289 2196 1359 2197 1362 2197 1293 2197 1293 2198 1362 2198 1365 2198 1293 2199 1365 2199 1366 2199 1366 2200 1365 2200 1367 2200 1366 2201 1367 2201 1368 2201 1368 2202 1367 2202 1369 2202 1368 2203 1369 2203 1282 2203 1282 2204 1369 2204 1363 2204 1292 2205 1291 2205 1299 2205 1292 2206 1299 2206 1359 2206 1292 2207 1359 2207 1293 2207 1370 2208 1371 2208 1372 2208 1370 2209 1372 2209 1366 2209 1370 2210 1366 2210 1368 2210 1294 2211 1293 2211 1366 2211 1294 2212 1366 2212 1343 2212 1302 2213 1361 2213 1360 2213 1362 2214 1361 2214 1373 2214 1362 2215 1373 2215 1365 2215 1343 2216 1366 2216 1372 2216 1343 2217 1372 2217 1344 2217 1373 2218 1361 2218 1302 2218 1367 2219 1365 2219 1373 2219 1367 2220 1373 2220 1374 2220 1372 2221 1371 2221 1375 2221 1372 2222 1375 2222 1346 2222 1372 2223 1346 2223 1344 2223 1374 2224 1373 2224 1302 2224 1367 2225 1374 2225 1376 2225 1367 2226 1376 2226 1369 2226 1371 2227 1370 2227 1340 2227 1371 2228 1340 2228 1339 2228 1371 2229 1339 2229 1375 2229 1376 2230 1374 2230 1302 2230 1376 2231 1377 2231 1363 2231 1376 2232 1363 2232 1369 2232 1370 2233 1368 2233 1341 2233 1370 2234 1341 2234 1340 2234 1015 2235 1338 2235 1342 2235 1015 2236 1342 2236 1285 2236 1015 2237 1285 2237 1273 2237 1015 2238 1273 2238 1016 2238 1273 2239 1285 2239 1284 2239 1376 2240 1302 2240 1377 2240 1377 2241 1378 2241 1364 2241 1377 2242 1364 2242 1363 2242 1368 2243 1282 2243 1285 2243 1368 2244 1285 2244 1342 2244 1368 2245 1342 2245 1341 2245 1378 2246 1377 2246 1302 2246 1378 2247 1297 2247 1296 2247 1378 2248 1296 2248 1364 2248 1378 2249 1302 2249 1297 2249 1299 2250 1298 2250 1360 2250 1299 2251 1360 2251 1359 2251 1298 2252 1302 2252 1360 2252 1379 2253 1277 2253 1272 2253 1379 2254 1272 2254 1345 2254 1350 2255 1380 2255 1381 2255 1350 2256 1381 2256 1351 2256 1380 2257 1350 2257 1349 2257 1380 2258 1349 2258 1382 2258 1383 2259 1332 2259 1264 2259 1383 2260 1264 2260 1303 2260 1383 2261 1384 2261 1385 2261 1383 2262 1385 2262 1333 2262 1383 2263 1333 2263 1332 2263 1386 2264 1383 2264 1303 2264 1386 2265 1303 2265 1304 2265 1384 2266 1383 2266 1386 2266 1384 2267 1386 2267 1387 2267 1305 2268 1388 2268 1386 2268 1305 2269 1386 2269 1304 2269 1387 2270 1386 2270 1388 2270 1387 2271 1388 2271 1389 2271 1390 2272 1391 2272 1392 2272 1392 2273 1391 2273 1393 2273 1392 2274 1393 2274 1394 2274 1394 2275 1393 2275 1395 2275 1394 2276 1395 2276 1396 2276 1396 2277 1395 2277 1397 2277 1396 2278 1397 2278 1398 2278 1398 2279 1397 2279 1382 2279 1320 2280 1381 2280 1399 2280 1399 2281 1381 2281 1380 2281 1399 2282 1380 2282 1400 2282 1400 2283 1380 2283 1382 2283 1400 2284 1382 2284 1397 2284 1401 2285 1402 2285 1315 2285 1401 2286 1315 2286 1390 2286 1401 2287 1390 2287 1392 2287 1381 2288 1307 2288 1403 2288 1403 2289 1307 2289 1306 2289 1403 2290 1306 2290 1404 2290 1404 2291 1306 2291 1311 2291 1404 2292 1311 2292 1405 2292 1405 2293 1311 2293 1315 2293 1405 2294 1315 2294 1402 2294 1307 2295 1381 2295 1320 2295 1405 2296 1354 2296 1353 2296 1405 2297 1353 2297 1404 2297 1352 2298 1403 2298 1404 2298 1352 2299 1404 2299 1353 2299 1403 2300 1352 2300 1351 2300 1403 2301 1351 2301 1381 2301 1406 2302 1407 2302 1312 2302 1406 2303 1312 2303 1314 2303 1408 2304 1409 2304 1407 2304 1408 2305 1407 2305 1406 2305 1390 2306 1315 2306 1312 2306 1390 2307 1312 2307 1407 2307 1391 2308 1390 2308 1407 2308 1391 2309 1407 2309 1409 2309 1356 2310 1401 2310 1392 2310 1356 2311 1392 2311 1357 2311 1401 2312 1356 2312 1355 2312 1401 2313 1355 2313 1402 2313 1354 2314 1405 2314 1402 2314 1354 2315 1402 2315 1355 2315 1410 2316 1409 2316 1408 2316 1410 2317 1408 2317 1411 2317 1409 2318 1410 2318 1393 2318 1409 2319 1393 2319 1391 2319 1412 2320 1395 2320 1393 2320 1412 2321 1393 2321 1410 2321 1395 2322 1412 2322 1413 2322 1395 2323 1413 2323 1397 2323 1394 2324 1358 2324 1357 2324 1394 2325 1357 2325 1392 2325 1358 2326 1394 2326 1396 2326 1358 2327 1396 2327 1347 2327 1347 2328 1396 2328 1398 2328 1347 2329 1398 2329 1348 2329 1398 2330 1382 2330 1349 2330 1398 2331 1349 2331 1348 2331 1267 2332 1337 2332 1388 2332 1267 2333 1388 2333 1305 2333 1389 2334 1388 2334 1337 2334 1389 2335 1337 2335 1336 2335 1389 2336 1336 2336 1414 2336 1415 2337 1412 2337 1410 2337 1415 2338 1410 2338 1411 2338 1416 2339 1413 2339 1412 2339 1416 2340 1412 2340 1415 2340 1417 2341 1418 2341 1413 2341 1417 2342 1413 2342 1416 2342 1419 2343 1420 2343 1418 2343 1419 2344 1418 2344 1417 2344 1317 2345 1316 2345 1420 2345 1317 2346 1420 2346 1419 2346 1400 2347 1397 2347 1413 2347 1400 2348 1413 2348 1418 2348 1400 2349 1418 2349 1420 2349 1400 2350 1420 2350 1399 2350 1320 2351 1399 2351 1420 2351 1320 2352 1420 2352 1316 2352 1421 2353 1422 2353 1322 2353 1421 2354 1322 2354 1321 2354 1423 2355 1323 2355 1322 2355 1423 2356 1322 2356 1422 2356 1323 2357 1423 2357 1424 2357 1323 2358 1424 2358 1324 2358 1324 2359 1424 2359 1017 2359 1324 2360 1017 2360 1026 2360 111 2361 207 2361 206 2361 111 2362 206 2362 72 2362 481 2363 483 2363 1421 2363 481 2364 1421 2364 1321 2364 1425 2365 448 2365 482 2365 1425 2366 482 2366 1325 2366 1326 2367 1426 2367 1427 2367 1326 2368 1427 2368 1327 2368 1328 2369 1428 2369 1429 2369 1328 2370 1429 2370 1329 2370 1327 2371 1427 2371 209 2371 1327 2372 209 2372 208 2372 160 2373 165 2373 1430 2373 160 2374 1430 2374 1330 2374 1330 2375 1430 2375 1428 2375 1330 2376 1428 2376 1328 2376 1429 2377 115 2377 114 2377 1429 2378 114 2378 1329 2378 112 2379 71 2379 1431 2379 112 2380 1431 2380 1331 2380 1431 2381 1426 2381 1326 2381 1431 2382 1326 2382 1331 2382 288 2383 268 2383 267 2383 288 2384 267 2384 289 2384 116 2385 163 2385 162 2385 116 2386 162 2386 148 2386 1432 2387 1433 2387 1434 2387 1434 2388 1433 2388 1435 2388 1434 2389 1435 2389 1335 2389 1335 2390 1435 2390 1414 2390 1335 2391 1414 2391 1336 2391 1434 2392 1436 2392 1432 2392 1432 2393 1436 2393 1334 2393 1432 2394 1334 2394 1385 2394 1385 2395 1334 2395 1333 2395 323 2396 8 2396 7 2396 323 2397 7 2397 324 2397 0 2398 2 2398 1334 2398 0 2399 1334 2399 1436 2399 1338 2400 1437 2400 1438 2400 1338 2401 1438 2401 1439 2401 1338 2402 1439 2402 1440 2402 1338 2403 1440 2403 1375 2403 1338 2404 1375 2404 1339 2404 1345 2405 1346 2405 1375 2405 1345 2406 1375 2406 1440 2406 1345 2407 1440 2407 1441 2407 1345 2408 1441 2408 1442 2408 1345 2409 1442 2409 1443 2409 1345 2410 1443 2410 1444 2410 1445 2411 1446 2411 1447 2411 1445 2412 1447 2412 1448 2412 1445 2413 1448 2413 1449 2413 1445 2414 1449 2414 1450 2414 1445 2415 1450 2415 1451 2415 1445 2416 1451 2416 1452 2416 1445 2417 1452 2417 1453 2417 1445 2418 1453 2418 1454 2418 1445 2419 1454 2419 1455 2419 1445 2420 1455 2420 1456 2420 1457 2421 1458 2421 1459 2421 1457 2422 1459 2422 1460 2422 1440 2423 1461 2423 1462 2423 1440 2424 1462 2424 1441 2424 1463 2425 1459 2425 1458 2425 1460 2426 1459 2426 1464 2426 1460 2427 1464 2427 1465 2427 1462 2428 1466 2428 1442 2428 1462 2429 1442 2429 1441 2429 1459 2430 1463 2430 1464 2430 1465 2431 1464 2431 1467 2431 1465 2432 1467 2432 1468 2432 1442 2433 1466 2433 1469 2433 1442 2434 1469 2434 1443 2434 1464 2435 1463 2435 1467 2435 1470 2436 1471 2436 1472 2436 1470 2437 1472 2437 1473 2437 1474 2438 1475 2438 1438 2438 1474 2439 1438 2439 1437 2439 1474 2440 1437 2440 1476 2440 1472 2441 1471 2441 1463 2441 1473 2442 1472 2442 1477 2442 1473 2443 1477 2443 1478 2443 1437 2444 1338 2444 1015 2444 1437 2445 1015 2445 1020 2445 1437 2446 1020 2446 1476 2446 1438 2447 1475 2447 1479 2447 1438 2448 1479 2448 1439 2448 1472 2449 1463 2449 1477 2449 1478 2450 1477 2450 1458 2450 1478 2451 1458 2451 1457 2451 1439 2452 1479 2452 1461 2452 1439 2453 1461 2453 1440 2453 1477 2454 1463 2454 1458 2454 1480 2455 1449 2455 1448 2455 1480 2456 1448 2456 1481 2456 1345 2457 1444 2457 1482 2457 1345 2458 1482 2458 1379 2458 1481 2459 1448 2459 1447 2459 1481 2460 1447 2460 1483 2460 1483 2461 1447 2461 1446 2461 1483 2462 1446 2462 1484 2462 1485 2463 1450 2463 1449 2463 1485 2464 1449 2464 1480 2464 1445 2465 1486 2465 1484 2465 1445 2466 1484 2466 1446 2466 1450 2467 1485 2467 1487 2467 1450 2468 1487 2468 1451 2468 1432 2469 1385 2469 1384 2469 1432 2470 1384 2470 1387 2470 1432 2471 1387 2471 1433 2471 1435 2472 1433 2472 1387 2472 1435 2473 1387 2473 1389 2473 1488 2474 1489 2474 1490 2474 1488 2475 1490 2475 1491 2475 1492 2476 1488 2476 1491 2476 1492 2477 1491 2477 1493 2477 1414 2478 1435 2478 1389 2478 1488 2479 1492 2479 1487 2479 1487 2480 1492 2480 1494 2480 1487 2481 1494 2481 1495 2481 1495 2482 1494 2482 1496 2482 1495 2483 1496 2483 1497 2483 1497 2484 1496 2484 1498 2484 1497 2485 1498 2485 1499 2485 1499 2486 1498 2486 1500 2486 1501 2487 1486 2487 1502 2487 1502 2488 1486 2488 1503 2488 1502 2489 1503 2489 1504 2489 1504 2490 1503 2490 1500 2490 1504 2491 1500 2491 1498 2491 1485 2492 1480 2492 1489 2492 1485 2493 1489 2493 1488 2493 1485 2494 1488 2494 1487 2494 1486 2495 1505 2495 1484 2495 1484 2496 1505 2496 1506 2496 1484 2497 1506 2497 1483 2497 1483 2498 1506 2498 1507 2498 1483 2499 1507 2499 1481 2499 1481 2500 1507 2500 1489 2500 1481 2501 1489 2501 1480 2501 1505 2502 1486 2502 1501 2502 1508 2503 1509 2503 1510 2503 1508 2504 1510 2504 1511 2504 1512 2505 1513 2505 1509 2505 1512 2506 1509 2506 1508 2506 1514 2507 1515 2507 1513 2507 1514 2508 1513 2508 1512 2508 1505 2509 1501 2509 1510 2509 1505 2510 1510 2510 1509 2510 1506 2511 1505 2511 1509 2511 1506 2512 1509 2512 1513 2512 1507 2513 1506 2513 1513 2513 1507 2514 1513 2514 1515 2514 1516 2515 1490 2515 1515 2515 1516 2516 1515 2516 1514 2516 1517 2517 1491 2517 1490 2517 1517 2518 1490 2518 1516 2518 1518 2519 1493 2519 1491 2519 1518 2520 1491 2520 1517 2520 1507 2521 1515 2521 1490 2521 1507 2522 1490 2522 1489 2522 1519 2523 1520 2523 1422 2523 1519 2524 1422 2524 1421 2524 1422 2525 1520 2525 1521 2525 1422 2526 1521 2526 1423 2526 1423 2527 1521 2527 1522 2527 1423 2528 1522 2528 1424 2528 1522 2529 1018 2529 1017 2529 1522 2530 1017 2530 1424 2530 72 2531 206 2531 211 2531 72 2532 211 2532 73 2532 483 2533 450 2533 1519 2533 483 2534 1519 2534 1421 2534 1523 2535 449 2535 448 2535 1523 2536 448 2536 1425 2536 1426 2537 1524 2537 1525 2537 1426 2538 1525 2538 1427 2538 1428 2539 1526 2539 1527 2539 1428 2540 1527 2540 1429 2540 1427 2541 1525 2541 241 2541 1427 2542 241 2542 209 2542 165 2543 164 2543 1528 2543 165 2544 1528 2544 1430 2544 1430 2545 1528 2545 1526 2545 1430 2546 1526 2546 1428 2546 1527 2547 117 2547 115 2547 1527 2548 115 2548 1429 2548 70 2549 1529 2549 1431 2549 70 2550 1431 2550 71 2550 1431 2551 1529 2551 1524 2551 1431 2552 1524 2552 1426 2552 289 2553 267 2553 266 2553 289 2554 266 2554 290 2554 118 2555 205 2555 163 2555 118 2556 163 2556 116 2556 1436 2557 1434 2557 1530 2557 1436 2558 1530 2558 1531 2558 324 2559 7 2559 13 2559 324 2560 13 2560 325 2560 1436 2561 1531 2561 1 2561 1436 2562 1 2562 0 2562 1532 2563 1533 2563 1444 2563 1532 2564 1444 2564 1534 2564 1532 2565 1534 2565 1535 2565 1532 2566 1535 2566 1536 2566 1532 2567 1536 2567 1537 2567 1532 2568 1537 2568 1538 2568 1532 2569 1538 2569 1539 2569 1540 2570 1534 2570 1444 2570 1540 2571 1444 2571 1443 2571 1444 2572 1533 2572 1541 2572 1538 2573 1537 2573 1542 2573 1543 2574 1544 2574 1545 2574 1543 2575 1545 2575 1546 2575 1461 2576 1479 2576 1462 2576 1462 2577 1479 2577 1475 2577 1462 2578 1475 2578 1466 2578 1466 2579 1475 2579 1457 2579 1466 2580 1457 2580 1460 2580 1475 2581 1474 2581 1470 2581 1475 2582 1470 2582 1473 2582 1475 2583 1473 2583 1478 2583 1475 2584 1478 2584 1457 2584 1468 2585 1547 2585 1469 2585 1469 2586 1547 2586 1548 2586 1469 2587 1548 2587 1549 2587 1549 2588 1548 2588 1543 2588 1549 2589 1543 2589 1550 2589 1550 2590 1543 2590 1546 2590 1550 2591 1546 2591 1474 2591 1474 2592 1546 2592 1551 2592 1474 2593 1551 2593 1470 2593 1465 2594 1468 2594 1469 2594 1465 2595 1469 2595 1466 2595 1465 2596 1466 2596 1460 2596 1552 2597 1553 2597 1554 2597 1552 2598 1554 2598 1549 2598 1552 2599 1549 2599 1550 2599 1535 2600 1553 2600 1552 2600 1535 2601 1552 2601 1536 2601 1545 2602 1544 2602 1463 2602 1546 2603 1545 2603 1555 2603 1546 2604 1555 2604 1551 2604 1538 2605 1542 2605 1476 2605 1538 2606 1476 2606 1020 2606 1538 2607 1020 2607 1019 2607 1536 2608 1552 2608 1550 2608 1536 2609 1550 2609 1537 2609 1555 2610 1545 2610 1463 2610 1551 2611 1555 2611 1471 2611 1551 2612 1471 2612 1470 2612 1537 2613 1550 2613 1474 2613 1537 2614 1474 2614 1476 2614 1537 2615 1476 2615 1542 2615 1471 2616 1555 2616 1463 2616 1556 2617 1557 2617 1532 2617 1556 2618 1532 2618 1539 2618 1556 2619 1539 2619 1558 2619 1468 2620 1467 2620 1559 2620 1468 2621 1559 2621 1547 2621 1443 2622 1469 2622 1549 2622 1443 2623 1549 2623 1540 2623 1463 2624 1559 2624 1467 2624 1547 2625 1559 2625 1560 2625 1547 2626 1560 2626 1548 2626 1540 2627 1549 2627 1554 2627 1540 2628 1554 2628 1534 2628 1463 2629 1560 2629 1559 2629 1548 2630 1560 2630 1544 2630 1548 2631 1544 2631 1543 2631 1554 2632 1553 2632 1535 2632 1554 2633 1535 2633 1534 2633 1544 2634 1560 2634 1463 2634 1557 2635 1561 2635 1562 2635 1557 2636 1562 2636 1533 2636 1557 2637 1533 2637 1532 2637 1486 2638 1445 2638 1456 2638 1486 2639 1456 2639 1503 2639 1455 2640 1500 2640 1503 2640 1455 2641 1503 2641 1456 2641 1454 2642 1499 2642 1500 2642 1454 2643 1500 2643 1455 2643 1453 2644 1497 2644 1499 2644 1453 2645 1499 2645 1454 2645 1452 2646 1495 2646 1497 2646 1452 2647 1497 2647 1453 2647 1444 2648 1541 2648 1563 2648 1444 2649 1563 2649 1482 2649 1495 2650 1452 2650 1451 2650 1495 2651 1451 2651 1487 2651 1564 2652 1565 2652 1566 2652 1564 2653 1566 2653 1567 2653 1568 2654 1569 2654 1565 2654 1568 2655 1565 2655 1564 2655 1511 2656 1510 2656 1569 2656 1511 2657 1569 2657 1568 2657 1504 2658 1498 2658 1566 2658 1504 2659 1566 2659 1565 2659 1504 2660 1565 2660 1569 2660 1504 2661 1569 2661 1502 2661 1502 2662 1569 2662 1510 2662 1502 2663 1510 2663 1501 2663 1570 2664 1571 2664 1493 2664 1570 2665 1493 2665 1518 2665 1572 2666 1573 2666 1571 2666 1572 2667 1571 2667 1570 2667 1567 2668 1566 2668 1573 2668 1567 2669 1573 2669 1572 2669 1494 2670 1492 2670 1493 2670 1494 2671 1493 2671 1571 2671 1571 2672 1573 2672 1496 2672 1571 2673 1496 2673 1494 2673 1498 2674 1496 2674 1573 2674 1498 2675 1573 2675 1566 2675 1520 2676 1519 2676 1574 2676 1520 2677 1574 2677 1575 2677 1575 2678 1576 2678 1521 2678 1575 2679 1521 2679 1520 2679 1576 2680 1577 2680 1522 2680 1576 2681 1522 2681 1521 2681 1577 2682 1032 2682 1018 2682 1577 2683 1018 2683 1522 2683 211 2684 210 2684 68 2684 211 2685 68 2685 73 2685 452 2686 1574 2686 1519 2686 452 2687 1519 2687 450 2687 1578 2688 451 2688 449 2688 1578 2689 449 2689 1523 2689 1524 2690 1579 2690 1580 2690 1524 2691 1580 2691 1525 2691 1526 2692 1581 2692 1582 2692 1526 2693 1582 2693 1527 2693 1525 2694 1580 2694 239 2694 1525 2695 239 2695 241 2695 164 2696 204 2696 1583 2696 164 2697 1583 2697 1528 2697 1528 2698 1583 2698 1581 2698 1528 2699 1581 2699 1526 2699 117 2700 1527 2700 1582 2700 117 2701 1582 2701 119 2701 83 2702 1584 2702 1529 2702 83 2703 1529 2703 70 2703 1584 2704 1579 2704 1524 2704 1584 2705 1524 2705 1529 2705 290 2706 266 2706 265 2706 290 2707 265 2707 291 2707 120 2708 203 2708 205 2708 120 2709 205 2709 118 2709 1585 2710 1586 2710 1531 2710 1585 2711 1531 2711 1530 2711 325 2712 13 2712 12 2712 325 2713 12 2713 326 2713 1531 2714 1586 2714 3 2714 1531 2715 3 2715 1 2715 1541 2716 1533 2716 1562 2716 1541 2717 1562 2717 1587 2717 1541 2718 1587 2718 1588 2718 1541 2719 1588 2719 1589 2719 1541 2720 1589 2720 1590 2720 1538 2721 1591 2721 1592 2721 1538 2722 1592 2722 1558 2722 1538 2723 1558 2723 1539 2723 1593 2724 1594 2724 1595 2724 1596 2725 1597 2725 1598 2725 1596 2726 1598 2726 1599 2726 1596 2727 1599 2727 1600 2727 1596 2728 1600 2728 1601 2728 1596 2729 1601 2729 1602 2729 1596 2730 1602 2730 1603 2730 1596 2731 1603 2731 1604 2731 1596 2732 1604 2732 1605 2732 1596 2733 1605 2733 1606 2733 1596 2734 1606 2734 1607 2734 1608 2735 1609 2735 1610 2735 1608 2736 1610 2736 1611 2736 1557 2737 1556 2737 1561 2737 1561 2738 1556 2738 1612 2738 1561 2739 1612 2739 1613 2739 1613 2740 1612 2740 1614 2740 1613 2741 1614 2741 1615 2741 1616 2742 1617 2742 1618 2742 1618 2743 1617 2743 1619 2743 1618 2744 1619 2744 1612 2744 1612 2745 1619 2745 1620 2745 1612 2746 1620 2746 1614 2746 1611 2747 1610 2747 1621 2747 1621 2748 1610 2748 1622 2748 1621 2749 1622 2749 1623 2749 1623 2750 1622 2750 1624 2750 1623 2751 1624 2751 1625 2751 1625 2752 1624 2752 1626 2752 1625 2753 1626 2753 1618 2753 1618 2754 1626 2754 1616 2754 1613 2755 1615 2755 1627 2755 1613 2756 1627 2756 1611 2756 1613 2757 1611 2757 1621 2757 1628 2758 1629 2758 1630 2758 1628 2759 1630 2759 1623 2759 1628 2760 1623 2760 1625 2760 1621 2761 1623 2761 1631 2761 1621 2762 1631 2762 1589 2762 1621 2763 1589 2763 1588 2763 1632 2764 1609 2764 1608 2764 1633 2765 1622 2765 1610 2765 1633 2766 1610 2766 1609 2766 1633 2767 1609 2767 1632 2767 1632 2768 1634 2768 1633 2768 1634 2769 1632 2769 1635 2769 1626 2770 1635 2770 1636 2770 1626 2771 1636 2771 1616 2771 1636 2772 1635 2772 1632 2772 1616 2773 1636 2773 1637 2773 1616 2774 1637 2774 1617 2774 1625 2775 1618 2775 1638 2775 1625 2776 1638 2776 1595 2776 1625 2777 1595 2777 1594 2777 1625 2778 1594 2778 1639 2778 1019 2779 1031 2779 1593 2779 1019 2780 1593 2780 1638 2780 1019 2781 1638 2781 1591 2781 1019 2782 1591 2782 1538 2782 1638 2783 1593 2783 1595 2783 1637 2784 1636 2784 1632 2784 1617 2785 1637 2785 1640 2785 1617 2786 1640 2786 1619 2786 1618 2787 1612 2787 1592 2787 1618 2788 1592 2788 1591 2788 1618 2789 1591 2789 1638 2789 1640 2790 1637 2790 1632 2790 1619 2791 1640 2791 1641 2791 1619 2792 1641 2792 1620 2792 1592 2793 1612 2793 1556 2793 1592 2794 1556 2794 1558 2794 1640 2795 1632 2795 1641 2795 1642 2796 1614 2796 1620 2796 1642 2797 1620 2797 1641 2797 1632 2798 1642 2798 1641 2798 1643 2799 1615 2799 1614 2799 1643 2800 1614 2800 1642 2800 1632 2801 1643 2801 1642 2801 1643 2802 1644 2802 1627 2802 1643 2803 1627 2803 1615 2803 1561 2804 1613 2804 1587 2804 1561 2805 1587 2805 1562 2805 1632 2806 1644 2806 1643 2806 1644 2807 1608 2807 1611 2807 1644 2808 1611 2808 1627 2808 1613 2809 1621 2809 1588 2809 1613 2810 1588 2810 1587 2810 1632 2811 1608 2811 1644 2811 1606 2812 1645 2812 1646 2812 1606 2813 1646 2813 1607 2813 1647 2814 1563 2814 1541 2814 1647 2815 1541 2815 1590 2815 1645 2816 1606 2816 1605 2816 1645 2817 1605 2817 1648 2817 1604 2818 1649 2818 1648 2818 1604 2819 1648 2819 1605 2819 1650 2820 1596 2820 1607 2820 1650 2821 1607 2821 1646 2821 1649 2822 1604 2822 1603 2822 1649 2823 1603 2823 1651 2823 1651 2824 1603 2824 1602 2824 1651 2825 1602 2825 1652 2825 1652 2826 1602 2826 1601 2826 1652 2827 1601 2827 1653 2827 1600 2828 1654 2828 1653 2828 1600 2829 1653 2829 1601 2829 1654 2830 1600 2830 1599 2830 1654 2831 1599 2831 1655 2831 1596 2832 1650 2832 1656 2832 1596 2833 1656 2833 1597 2833 1598 2834 1657 2834 1655 2834 1598 2835 1655 2835 1599 2835 1597 2836 1656 2836 1657 2836 1597 2837 1657 2837 1598 2837 1658 2838 1659 2838 1645 2838 1645 2839 1659 2839 1660 2839 1645 2840 1660 2840 1646 2840 1646 2841 1660 2841 1661 2841 1646 2842 1661 2842 1650 2842 1650 2843 1661 2843 1662 2843 1650 2844 1662 2844 1656 2844 1656 2845 1662 2845 1657 2845 1663 2846 1654 2846 1664 2846 1664 2847 1654 2847 1655 2847 1664 2848 1655 2848 1665 2848 1665 2849 1655 2849 1657 2849 1665 2850 1657 2850 1662 2850 1648 2851 1649 2851 1666 2851 1648 2852 1666 2852 1658 2852 1648 2853 1658 2853 1645 2853 1654 2854 1667 2854 1653 2854 1653 2855 1667 2855 1668 2855 1653 2856 1668 2856 1652 2856 1652 2857 1668 2857 1669 2857 1652 2858 1669 2858 1651 2858 1651 2859 1669 2859 1666 2859 1651 2860 1666 2860 1649 2860 1667 2861 1654 2861 1663 2861 1670 2862 1671 2862 1672 2862 1670 2863 1672 2863 1673 2863 1674 2864 1675 2864 1671 2864 1674 2865 1671 2865 1670 2865 1676 2866 1677 2866 1675 2866 1676 2867 1675 2867 1674 2867 1667 2868 1663 2868 1672 2868 1667 2869 1672 2869 1671 2869 1668 2870 1667 2870 1671 2870 1668 2871 1671 2871 1675 2871 1669 2872 1668 2872 1675 2872 1669 2873 1675 2873 1677 2873 1678 2874 1679 2874 1677 2874 1678 2875 1677 2875 1676 2875 1680 2876 1681 2876 1679 2876 1680 2877 1679 2877 1678 2877 1682 2878 1683 2878 1681 2878 1682 2879 1681 2879 1680 2879 1666 2880 1669 2880 1677 2880 1666 2881 1677 2881 1679 2881 1658 2882 1666 2882 1679 2882 1658 2883 1679 2883 1681 2883 1659 2884 1658 2884 1681 2884 1659 2885 1681 2885 1683 2885 1684 2886 1685 2886 1683 2886 1684 2887 1683 2887 1682 2887 1686 2888 1687 2888 1685 2888 1686 2889 1685 2889 1684 2889 1686 2890 1688 2890 1689 2890 1686 2891 1689 2891 1687 2891 1683 2892 1685 2892 1660 2892 1683 2893 1660 2893 1659 2893 1661 2894 1660 2894 1685 2894 1661 2895 1685 2895 1687 2895 1687 2896 1689 2896 1662 2896 1687 2897 1662 2897 1661 2897 1672 2898 1690 2898 1691 2898 1672 2899 1691 2899 1673 2899 1665 2900 1662 2900 1689 2900 1665 2901 1689 2901 1692 2901 1690 2902 1664 2902 1665 2902 1690 2903 1665 2903 1692 2903 1664 2904 1690 2904 1672 2904 1664 2905 1672 2905 1663 2905 1575 2906 1574 2906 1693 2906 1575 2907 1693 2907 1694 2907 1695 2908 1576 2908 1575 2908 1695 2909 1575 2909 1694 2909 1695 2910 1696 2910 1577 2910 1695 2911 1577 2911 1576 2911 1696 2912 1030 2912 1032 2912 1696 2913 1032 2913 1577 2913 68 2914 210 2914 240 2914 68 2915 240 2915 69 2915 454 2916 1693 2916 1574 2916 454 2917 1574 2917 452 2917 1697 2918 453 2918 451 2918 1697 2919 451 2919 1578 2919 1579 2920 1698 2920 1699 2920 1579 2921 1699 2921 1580 2921 1582 2922 1581 2922 1700 2922 1582 2923 1700 2923 1701 2923 1580 2924 1699 2924 237 2924 1580 2925 237 2925 239 2925 204 2926 202 2926 1702 2926 204 2927 1702 2927 1583 2927 1583 2928 1702 2928 1700 2928 1583 2929 1700 2929 1581 2929 119 2930 1582 2930 1701 2930 119 2931 1701 2931 121 2931 81 2932 1703 2932 1584 2932 81 2933 1584 2933 83 2933 1703 2934 1698 2934 1579 2934 1703 2935 1579 2935 1584 2935 1704 2936 1705 2936 1706 2936 1704 2937 1706 2937 1707 2937 1708 2938 1709 2938 1704 2938 1708 2939 1704 2939 1707 2939 1709 2940 1708 2940 1710 2940 1709 2941 1710 2941 1711 2941 1710 2942 1712 2942 1713 2942 1710 2943 1713 2943 1711 2943 1713 2944 1712 2944 1714 2944 1713 2945 1714 2945 1715 2945 1716 2946 1717 2946 1715 2946 1716 2947 1715 2947 1714 2947 1718 2948 1717 2948 1716 2948 1718 2949 1716 2949 1719 2949 1720 2950 1721 2950 1722 2950 1720 2951 1722 2951 1723 2951 1720 2952 1723 2952 1724 2952 1720 2953 1724 2953 1725 2953 1720 2954 1725 2954 1726 2954 1720 2955 1726 2955 1727 2955 1720 2956 1727 2956 1728 2956 1720 2957 1728 2957 1729 2957 1720 2958 1729 2958 1730 2958 1720 2959 1730 2959 1731 2959 1705 2960 1704 2960 1727 2960 1705 2961 1727 2961 1726 2961 1727 2962 1704 2962 1709 2962 1727 2963 1709 2963 1728 2963 1728 2964 1709 2964 1711 2964 1728 2965 1711 2965 1729 2965 1730 2966 1729 2966 1711 2966 1730 2967 1711 2967 1713 2967 1713 2968 1715 2968 1731 2968 1713 2969 1731 2969 1730 2969 1715 2970 1717 2970 1720 2970 1715 2971 1720 2971 1731 2971 1717 2972 1718 2972 1721 2972 1717 2973 1721 2973 1720 2973 291 2974 265 2974 264 2974 291 2975 264 2975 292 2975 122 2976 201 2976 203 2976 122 2977 203 2977 120 2977 1732 2978 1733 2978 1586 2978 1732 2979 1586 2979 1585 2979 326 2980 12 2980 10 2980 326 2981 10 2981 327 2981 1586 2982 1733 2982 5 2982 1586 2983 5 2983 3 2983 1631 2984 1734 2984 1590 2984 1590 2985 1734 2985 1735 2985 1590 2986 1735 2986 1736 2986 1736 2987 1735 2987 1737 2987 1736 2988 1737 2988 1593 2988 1593 2989 1737 2989 1639 2989 1593 2990 1639 2990 1594 2990 1590 2991 1736 2991 1738 2991 1631 2992 1590 2992 1589 2992 1739 2993 1740 2993 1741 2993 1739 2994 1741 2994 1742 2994 1743 2995 1744 2995 1745 2995 1743 2996 1745 2996 1746 2996 1747 2997 1748 2997 1749 2997 1747 2998 1749 2998 1750 2998 1751 2999 1752 2999 1753 2999 1751 3000 1753 3000 1754 3000 1740 3001 1739 3001 1755 3001 1740 3002 1755 3002 1756 3002 1622 3003 1633 3003 1634 3003 1622 3004 1634 3004 1624 3004 1635 3005 1626 3005 1624 3005 1635 3006 1624 3006 1634 3006 1757 3007 1758 3007 1745 3007 1757 3008 1745 3008 1744 3008 1747 3009 1750 3009 1759 3009 1747 3010 1759 3010 1760 3010 1761 3011 1762 3011 1751 3011 1761 3012 1751 3012 1754 3012 1763 3013 1764 3013 1765 3013 1763 3014 1765 3014 1766 3014 1756 3015 1755 3015 1767 3015 1756 3016 1767 3016 1768 3016 1769 3017 1770 3017 1758 3017 1769 3018 1758 3018 1757 3018 1771 3019 1760 3019 1759 3019 1771 3020 1759 3020 1772 3020 1773 3021 1774 3021 1762 3021 1773 3022 1762 3022 1761 3022 1775 3023 1776 3023 1768 3023 1775 3024 1768 3024 1767 3024 1770 3025 1769 3025 1777 3025 1770 3026 1777 3026 1778 3026 1772 3027 1779 3027 1780 3027 1772 3028 1780 3028 1771 3028 1781 3029 1782 3029 1774 3029 1781 3030 1774 3030 1773 3030 1783 3031 1763 3031 1766 3031 1783 3032 1766 3032 1784 3032 1776 3033 1775 3033 1785 3033 1776 3034 1785 3034 1786 3034 1623 3035 1630 3035 1734 3035 1623 3036 1734 3036 1631 3036 1629 3037 1735 3037 1734 3037 1629 3038 1734 3038 1630 3038 1735 3039 1629 3039 1628 3039 1735 3040 1628 3040 1737 3040 1031 3041 1029 3041 1736 3041 1031 3042 1736 3042 1593 3042 1737 3043 1628 3043 1625 3043 1737 3044 1625 3044 1639 3044 1787 3045 1788 3045 1778 3045 1787 3046 1778 3046 1777 3046 1789 3047 1780 3047 1779 3047 1789 3048 1779 3048 1790 3048 1590 3049 1738 3049 1791 3049 1590 3050 1791 3050 1647 3050 1792 3051 1793 3051 1782 3051 1792 3052 1782 3052 1781 3052 1794 3053 1795 3053 1786 3053 1794 3054 1786 3054 1785 3054 1796 3055 1797 3055 1788 3055 1796 3056 1788 3056 1787 3056 1789 3057 1790 3057 1798 3057 1789 3058 1798 3058 1799 3058 1800 3059 1801 3059 1793 3059 1800 3060 1793 3060 1792 3060 1802 3061 1783 3061 1784 3061 1802 3062 1784 3062 1803 3062 1795 3063 1794 3063 1804 3063 1795 3064 1804 3064 1805 3064 1797 3065 1796 3065 1806 3065 1797 3066 1806 3066 1807 3066 1808 3067 1799 3067 1798 3067 1808 3068 1798 3068 1809 3068 1800 3069 1810 3069 1811 3069 1800 3070 1811 3070 1801 3070 1812 3071 1692 3071 1689 3071 1812 3072 1689 3072 1688 3072 1812 3073 1691 3073 1690 3073 1812 3074 1690 3074 1692 3074 1813 3075 1814 3075 1694 3075 1813 3076 1694 3076 1693 3076 1814 3077 1815 3077 1695 3077 1814 3078 1695 3078 1694 3078 1815 3079 1816 3079 1696 3079 1815 3080 1696 3080 1695 3080 1816 3081 1028 3081 1030 3081 1816 3082 1030 3082 1696 3082 69 3083 240 3083 238 3083 69 3084 238 3084 82 3084 456 3085 1813 3085 1693 3085 456 3086 1693 3086 454 3086 455 3087 453 3087 1697 3087 455 3088 1697 3088 1817 3088 1818 3089 1819 3089 1699 3089 1818 3090 1699 3090 1698 3090 1701 3091 1700 3091 1820 3091 1701 3092 1820 3092 1821 3092 1819 3093 235 3093 237 3093 1819 3094 237 3094 1699 3094 202 3095 200 3095 1822 3095 202 3096 1822 3096 1702 3096 1822 3097 1820 3097 1700 3097 1822 3098 1700 3098 1702 3098 121 3099 1701 3099 1821 3099 121 3100 1821 3100 123 3100 1823 3101 1703 3101 81 3101 1823 3102 81 3102 79 3102 1823 3103 1818 3103 1698 3103 1823 3104 1698 3104 1703 3104 1824 3105 1825 3105 1826 3105 1824 3106 1826 3106 1827 3106 1826 3107 1828 3107 1829 3107 1826 3108 1829 3108 1827 3108 1829 3109 1828 3109 1830 3109 1829 3110 1830 3110 1831 3110 1831 3111 1830 3111 1706 3111 1831 3112 1706 3112 1705 3112 1825 3113 1824 3113 1718 3113 1825 3114 1718 3114 1719 3114 1824 3115 1827 3115 1723 3115 1824 3116 1723 3116 1722 3116 1827 3117 1829 3117 1724 3117 1827 3118 1724 3118 1723 3118 1724 3119 1829 3119 1831 3119 1724 3120 1831 3120 1725 3120 1725 3121 1831 3121 1705 3121 1725 3122 1705 3122 1726 3122 1718 3123 1824 3123 1722 3123 1718 3124 1722 3124 1721 3124 292 3125 264 3125 263 3125 292 3126 263 3126 293 3126 124 3127 176 3127 201 3127 124 3128 201 3128 122 3128 1832 3129 1833 3129 1733 3129 1832 3130 1733 3130 1732 3130 327 3131 10 3131 9 3131 327 3132 9 3132 328 3132 1833 3133 11 3133 5 3133 1833 3134 5 3134 1733 3134 1736 3135 1834 3135 1835 3135 1736 3136 1835 3136 1836 3136 1736 3137 1836 3137 1837 3137 1736 3138 1837 3138 1838 3138 1736 3139 1838 3139 1839 3139 1736 3140 1839 3140 1738 3140 1840 3141 1738 3141 1839 3141 1840 3142 1839 3142 1841 3142 1840 3143 1841 3143 1842 3143 1780 3144 1789 3144 1792 3144 1792 3145 1789 3145 1799 3145 1792 3146 1799 3146 1800 3146 1800 3147 1799 3147 1808 3147 1800 3148 1808 3148 1810 3148 1810 3149 1808 3149 1843 3149 1810 3150 1843 3150 1844 3150 1844 3151 1843 3151 1845 3151 1846 3152 1847 3152 1848 3152 1848 3153 1847 3153 1849 3153 1848 3154 1849 3154 1850 3154 1850 3155 1849 3155 1845 3155 1850 3156 1845 3156 1843 3156 1781 3157 1773 3157 1771 3157 1781 3158 1771 3158 1780 3158 1781 3159 1780 3159 1792 3159 1847 3160 1748 3160 1753 3160 1753 3161 1748 3161 1747 3161 1753 3162 1747 3162 1754 3162 1754 3163 1747 3163 1760 3163 1754 3164 1760 3164 1761 3164 1761 3165 1760 3165 1771 3165 1761 3166 1771 3166 1773 3166 1748 3167 1847 3167 1846 3167 1742 3168 1741 3168 1851 3168 1742 3169 1851 3169 1852 3169 1853 3170 1854 3170 1855 3170 1853 3171 1855 3171 1856 3171 1856 3172 1855 3172 1857 3172 1858 3173 1857 3173 1855 3173 1775 3174 1767 3174 1778 3174 1775 3175 1778 3175 1788 3175 1775 3176 1788 3176 1794 3176 1775 3177 1794 3177 1785 3177 1745 3178 1758 3178 1755 3178 1755 3179 1758 3179 1770 3179 1755 3180 1770 3180 1767 3180 1767 3181 1770 3181 1778 3181 1797 3182 1807 3182 1804 3182 1804 3183 1807 3183 1859 3183 1804 3184 1859 3184 1860 3184 1860 3185 1859 3185 1861 3185 1860 3186 1861 3186 1862 3186 1862 3187 1861 3187 1863 3187 1862 3188 1863 3188 1864 3188 1864 3189 1863 3189 1865 3189 1864 3190 1865 3190 1742 3190 1742 3191 1865 3191 1746 3191 1742 3192 1746 3192 1739 3192 1739 3193 1746 3193 1745 3193 1739 3194 1745 3194 1755 3194 1797 3195 1804 3195 1794 3195 1797 3196 1794 3196 1788 3196 1864 3197 1742 3197 1852 3197 1743 3198 1746 3198 1865 3198 1743 3199 1865 3199 1866 3199 1846 3200 1867 3200 1749 3200 1846 3201 1749 3201 1748 3201 1752 3202 1751 3202 1868 3202 1868 3203 1751 3203 1869 3203 1868 3204 1869 3204 1870 3204 1870 3205 1869 3205 1871 3205 1870 3206 1871 3206 1872 3206 1872 3207 1871 3207 1803 3207 1872 3208 1803 3208 1811 3208 1811 3209 1803 3209 1784 3209 1811 3210 1784 3210 1801 3210 1801 3211 1784 3211 1782 3211 1801 3212 1782 3212 1793 3212 1869 3213 1751 3213 1765 3213 1765 3214 1751 3214 1762 3214 1765 3215 1762 3215 1766 3215 1766 3216 1762 3216 1774 3216 1766 3217 1774 3217 1784 3217 1784 3218 1774 3218 1782 3218 1752 3219 1868 3219 1873 3219 1753 3220 1752 3220 1873 3220 1753 3221 1873 3221 1847 3221 1764 3222 1763 3222 1783 3222 1764 3223 1783 3223 1802 3223 1764 3224 1802 3224 1874 3224 1764 3225 1874 3225 1875 3225 1764 3226 1875 3226 1869 3226 1764 3227 1869 3227 1765 3227 1029 3228 1027 3228 1834 3228 1029 3229 1834 3229 1736 3229 1738 3230 1840 3230 1876 3230 1738 3231 1876 3231 1791 3231 1860 3232 1877 3232 1805 3232 1860 3233 1805 3233 1804 3233 1878 3234 1838 3234 1837 3234 1878 3235 1837 3235 1879 3235 1839 3236 1838 3236 1878 3236 1839 3237 1878 3237 1880 3237 1807 3238 1806 3238 1881 3238 1807 3239 1881 3239 1859 3239 1808 3240 1809 3240 1882 3240 1808 3241 1882 3241 1843 3241 1844 3242 1872 3242 1811 3242 1844 3243 1811 3243 1810 3243 1874 3244 1802 3244 1803 3244 1874 3245 1803 3245 1871 3245 1862 3246 1883 3246 1877 3246 1862 3247 1877 3247 1860 3247 1884 3248 1885 3248 1836 3248 1884 3249 1836 3249 1835 3249 1884 3250 1835 3250 1886 3250 1837 3251 1836 3251 1885 3251 1837 3252 1885 3252 1879 3252 1887 3253 1853 3253 1856 3253 1887 3254 1856 3254 1888 3254 1857 3255 1889 3255 1888 3255 1857 3256 1888 3256 1856 3256 1859 3257 1881 3257 1890 3257 1859 3258 1890 3258 1861 3258 1850 3259 1843 3259 1882 3259 1850 3260 1882 3260 1891 3260 1892 3261 1841 3261 1839 3261 1892 3262 1839 3262 1880 3262 1892 3263 1893 3263 1894 3263 1892 3264 1894 3264 1842 3264 1892 3265 1842 3265 1841 3265 1845 3266 1870 3266 1872 3266 1845 3267 1872 3267 1844 3267 1883 3268 1862 3268 1864 3268 1883 3269 1864 3269 1895 3269 1853 3270 1887 3270 1896 3270 1853 3271 1896 3271 1854 3271 1889 3272 1857 3272 1858 3272 1889 3273 1858 3273 1897 3273 1861 3274 1890 3274 1898 3274 1861 3275 1898 3275 1863 3275 1850 3276 1891 3276 1899 3276 1850 3277 1899 3277 1848 3277 1849 3278 1868 3278 1870 3278 1849 3279 1870 3279 1845 3279 1875 3280 1874 3280 1871 3280 1875 3281 1871 3281 1869 3281 1895 3282 1864 3282 1852 3282 1895 3283 1852 3283 1851 3283 1863 3284 1898 3284 1866 3284 1863 3285 1866 3285 1865 3285 1846 3286 1848 3286 1899 3286 1846 3287 1899 3287 1867 3287 1847 3288 1873 3288 1868 3288 1847 3289 1868 3289 1849 3289 1900 3290 1901 3290 1814 3290 1900 3291 1814 3291 1813 3291 1901 3292 1902 3292 1815 3292 1901 3293 1815 3293 1814 3293 1815 3294 1902 3294 1903 3294 1815 3295 1903 3295 1816 3295 1816 3296 1903 3296 1000 3296 1816 3297 1000 3297 1028 3297 82 3298 238 3298 236 3298 82 3299 236 3299 80 3299 1795 3300 1805 3300 1796 3300 1795 3301 1796 3301 1787 3301 1795 3302 1787 3302 1776 3302 1795 3303 1776 3303 1786 3303 1890 3304 1881 3304 1877 3304 1877 3305 1881 3305 1806 3305 1877 3306 1806 3306 1805 3306 1805 3307 1806 3307 1796 3307 1777 3308 1769 3308 1768 3308 1768 3309 1769 3309 1757 3309 1768 3310 1757 3310 1756 3310 1756 3311 1757 3311 1744 3311 1756 3312 1744 3312 1740 3312 1740 3313 1744 3313 1743 3313 1740 3314 1743 3314 1741 3314 1741 3315 1743 3315 1866 3315 1741 3316 1866 3316 1895 3316 1895 3317 1866 3317 1898 3317 1895 3318 1898 3318 1883 3318 1883 3319 1898 3319 1890 3319 1883 3320 1890 3320 1877 3320 1777 3321 1768 3321 1776 3321 1777 3322 1776 3322 1787 3322 1741 3323 1895 3323 1851 3323 456 3324 458 3324 1900 3324 456 3325 1900 3325 1813 3325 457 3326 455 3326 1817 3326 457 3327 1817 3327 1904 3327 1905 3328 1906 3328 1819 3328 1905 3329 1819 3329 1818 3329 1821 3330 1820 3330 1907 3330 1821 3331 1907 3331 1908 3331 1906 3332 233 3332 235 3332 1906 3333 235 3333 1819 3333 200 3334 178 3334 1909 3334 200 3335 1909 3335 1822 3335 1909 3336 1907 3336 1820 3336 1909 3337 1820 3337 1822 3337 123 3338 1821 3338 1908 3338 123 3339 1908 3339 125 3339 77 3340 1910 3340 1823 3340 77 3341 1823 3341 79 3341 1910 3342 1905 3342 1818 3342 1910 3343 1818 3343 1823 3343 293 3344 263 3344 262 3344 293 3345 262 3345 294 3345 126 3346 177 3346 176 3346 126 3347 176 3347 124 3347 1832 3348 1911 3348 1912 3348 1832 3349 1912 3349 1913 3349 1832 3350 1913 3350 1914 3350 1832 3351 1914 3351 1915 3351 1832 3352 1915 3352 1916 3352 1832 3353 1916 3353 1917 3353 1832 3354 1917 3354 1833 3354 1918 3355 1833 3355 1917 3355 1918 3356 1917 3356 1919 3356 1918 3357 1919 3357 1920 3357 1918 3358 1920 3358 1921 3358 328 3359 9 3359 17 3359 328 3360 17 3360 329 3360 1918 3361 14 3361 11 3361 1918 3362 11 3362 1833 3362 1922 3363 1923 3363 1924 3363 1922 3364 1924 3364 1925 3364 1922 3365 1925 3365 1886 3365 1922 3366 1886 3366 1834 3366 1834 3367 1886 3367 1835 3367 1926 3368 1840 3368 1894 3368 1926 3369 1894 3369 1927 3369 1926 3370 1927 3370 1928 3370 1926 3371 1928 3371 1929 3371 1894 3372 1840 3372 1842 3372 1930 3373 1931 3373 1932 3373 1930 3374 1932 3374 1933 3374 1884 3375 1934 3375 1885 3375 1885 3376 1934 3376 1935 3376 1885 3377 1935 3377 1879 3377 1879 3378 1935 3378 1936 3378 1879 3379 1936 3379 1896 3379 1937 3380 1938 3380 1939 3380 1939 3381 1938 3381 1940 3381 1939 3382 1940 3382 1935 3382 1935 3383 1940 3383 1941 3383 1935 3384 1941 3384 1936 3384 1888 3385 1889 3385 1878 3385 1878 3386 1889 3386 1897 3386 1878 3387 1897 3387 1880 3387 1880 3388 1897 3388 1932 3388 1880 3389 1932 3389 1942 3389 1942 3390 1932 3390 1931 3390 1942 3391 1931 3391 1939 3391 1939 3392 1931 3392 1937 3392 1879 3393 1896 3393 1887 3393 1879 3394 1887 3394 1888 3394 1879 3395 1888 3395 1878 3395 1943 3396 1893 3396 1892 3396 1943 3397 1892 3397 1880 3397 1943 3398 1880 3398 1942 3398 1893 3399 1943 3399 1927 3399 1893 3400 1927 3400 1894 3400 1944 3401 1876 3401 1840 3401 1944 3402 1840 3402 1926 3402 1855 3403 1930 3403 1933 3403 1945 3404 1937 3404 1931 3404 1945 3405 1931 3405 1930 3405 1942 3406 1928 3406 1927 3406 1942 3407 1927 3407 1943 3407 1945 3408 1930 3408 1855 3408 1937 3409 1945 3409 1946 3409 1937 3410 1946 3410 1938 3410 1942 3411 1939 3411 1947 3411 1942 3412 1947 3412 1929 3412 1942 3413 1929 3413 1928 3413 1946 3414 1945 3414 1855 3414 1938 3415 1946 3415 1948 3415 1938 3416 1948 3416 1940 3416 1939 3417 1935 3417 1924 3417 1939 3418 1924 3418 1923 3418 1939 3419 1923 3419 1947 3419 1948 3420 1946 3420 1855 3420 1941 3421 1940 3421 1948 3421 1941 3422 1948 3422 1949 3422 1935 3423 1934 3423 1925 3423 1935 3424 1925 3424 1924 3424 1948 3425 1855 3425 1949 3425 1936 3426 1941 3426 1949 3426 1936 3427 1949 3427 1950 3427 1886 3428 1925 3428 1934 3428 1886 3429 1934 3429 1884 3429 1922 3430 1834 3430 1027 3430 1922 3431 1027 3431 1002 3431 1950 3432 1949 3432 1855 3432 1896 3433 1936 3433 1950 3433 1896 3434 1950 3434 1854 3434 1950 3435 1855 3435 1854 3435 1933 3436 1932 3436 1897 3436 1933 3437 1897 3437 1858 3437 1858 3438 1855 3438 1933 3438 1917 3439 1951 3439 1919 3439 1952 3440 1920 3440 1919 3440 1952 3441 1919 3441 1951 3441 1952 3442 1953 3442 1954 3442 1952 3443 1954 3443 1921 3443 1952 3444 1921 3444 1920 3444 1955 3445 1951 3445 1917 3445 1955 3446 1917 3446 1916 3446 1955 3447 1956 3447 1952 3447 1955 3448 1952 3448 1951 3448 1957 3449 1955 3449 1916 3449 1957 3450 1916 3450 1915 3450 1957 3451 1958 3451 1956 3451 1957 3452 1956 3452 1955 3452 1914 3453 1957 3453 1915 3453 1958 3454 1957 3454 1914 3454 1958 3455 1914 3455 1913 3455 1958 3456 1913 3456 1912 3456 1958 3457 1912 3457 1959 3457 1958 3458 1959 3458 1960 3458 1901 3459 1900 3459 1961 3459 1901 3460 1961 3460 1962 3460 1962 3461 1963 3461 1902 3461 1962 3462 1902 3462 1901 3462 1902 3463 1963 3463 1964 3463 1902 3464 1964 3464 1903 3464 1903 3465 1964 3465 1001 3465 1903 3466 1001 3466 1000 3466 236 3467 234 3467 78 3467 236 3468 78 3468 80 3468 458 3469 460 3469 1961 3469 458 3470 1961 3470 1900 3470 1965 3471 459 3471 457 3471 1965 3472 457 3472 1904 3472 1905 3473 1966 3473 1967 3473 1905 3474 1967 3474 1906 3474 1907 3475 1968 3475 1969 3475 1907 3476 1969 3476 1908 3476 1906 3477 1967 3477 251 3477 1906 3478 251 3478 233 3478 178 3479 180 3479 1970 3479 178 3480 1970 3480 1909 3480 1909 3481 1970 3481 1968 3481 1909 3482 1968 3482 1907 3482 1969 3483 127 3483 125 3483 1969 3484 125 3484 1908 3484 75 3485 1971 3485 1910 3485 75 3486 1910 3486 77 3486 1910 3487 1971 3487 1966 3487 1910 3488 1966 3488 1905 3488 294 3489 262 3489 261 3489 294 3490 261 3490 295 3490 128 3491 179 3491 177 3491 128 3492 177 3492 126 3492 1918 3493 1921 3493 1954 3493 1918 3494 1954 3494 1972 3494 1918 3495 1972 3495 1973 3495 1918 3496 1973 3496 1974 3496 1918 3497 1974 3497 1975 3497 1918 3498 1975 3498 1976 3498 1911 3499 1977 3499 1978 3499 1911 3500 1978 3500 1979 3500 1911 3501 1979 3501 1980 3501 1911 3502 1980 3502 1981 3502 1911 3503 1981 3503 1959 3503 1911 3504 1959 3504 1912 3504 329 3505 17 3505 16 3505 329 3506 16 3506 330 3506 15 3507 14 3507 1918 3507 15 3508 1918 3508 1976 3508 1982 3509 1983 3509 1929 3509 1982 3510 1929 3510 1947 3510 1982 3511 1947 3511 1923 3511 1982 3512 1923 3512 1922 3512 1929 3513 1983 3513 1926 3513 1984 3514 1985 3514 1986 3514 1984 3515 1986 3515 1987 3515 1984 3516 1987 3516 1988 3516 1984 3517 1988 3517 1989 3517 1984 3518 1989 3518 1990 3518 1984 3519 1990 3519 1991 3519 1984 3520 1991 3520 1992 3520 1984 3521 1992 3521 1993 3521 1984 3522 1993 3522 1994 3522 1984 3523 1994 3523 1995 3523 1996 3524 1997 3524 1988 3524 1996 3525 1988 3525 1987 3525 1926 3526 1983 3526 1998 3526 1926 3527 1998 3527 1944 3527 1997 3528 1999 3528 1989 3528 1997 3529 1989 3529 1988 3529 1999 3530 2000 3530 1990 3530 1999 3531 1990 3531 1989 3531 2001 3532 2002 3532 1985 3532 2001 3533 1985 3533 1984 3533 2002 3534 2003 3534 1986 3534 2002 3535 1986 3535 1985 3535 2003 3536 1996 3536 1987 3536 2003 3537 1987 3537 1986 3537 1982 3538 1922 3538 1002 3538 1982 3539 1002 3539 1004 3539 1972 3540 2004 3540 1973 3540 2004 3541 1974 3541 1973 3541 1953 3542 2005 3542 2004 3542 1953 3543 2004 3543 1972 3543 1953 3544 1972 3544 1954 3544 2006 3545 1975 3545 1974 3545 2006 3546 1974 3546 2004 3546 2006 3547 2004 3547 2005 3547 2007 3548 1953 3548 1952 3548 2007 3549 1952 3549 1956 3549 2008 3550 2005 3550 1953 3550 2008 3551 1953 3551 2007 3551 2009 3552 2006 3552 2005 3552 2009 3553 2005 3553 2008 3553 2007 3554 1956 3554 1958 3554 2007 3555 1958 3555 1960 3555 2008 3556 2007 3556 1960 3556 2008 3557 1960 3557 2010 3557 2010 3558 2011 3558 2009 3558 2010 3559 2009 3559 2008 3559 1981 3560 2012 3560 2010 3560 1981 3561 2010 3561 1960 3561 1981 3562 1960 3562 1959 3562 1979 3563 1978 3563 2011 3563 1979 3564 2011 3564 2010 3564 1979 3565 2010 3565 2012 3565 1980 3566 2012 3566 1981 3566 1980 3567 1979 3567 2012 3567 2013 3568 2014 3568 1962 3568 2013 3569 1962 3569 1961 3569 2014 3570 2015 3570 1963 3570 2014 3571 1963 3571 1962 3571 1963 3572 2015 3572 2016 3572 1963 3573 2016 3573 1964 3573 2016 3574 1003 3574 1001 3574 2016 3575 1001 3575 1964 3575 234 3576 250 3576 76 3576 234 3577 76 3577 78 3577 460 3578 461 3578 2013 3578 460 3579 2013 3579 1961 3579 2017 3580 474 3580 459 3580 2017 3581 459 3581 1965 3581 1966 3582 2018 3582 2019 3582 1966 3583 2019 3583 1967 3583 1968 3584 2020 3584 2021 3584 1968 3585 2021 3585 1969 3585 1967 3586 2019 3586 249 3586 1967 3587 249 3587 251 3587 180 3588 182 3588 2022 3588 180 3589 2022 3589 1970 3589 1970 3590 2022 3590 2020 3590 1970 3591 2020 3591 1968 3591 2021 3592 139 3592 127 3592 2021 3593 127 3593 1969 3593 74 3594 2023 3594 1971 3594 74 3595 1971 3595 75 3595 1971 3596 2023 3596 2018 3596 1971 3597 2018 3597 1966 3597 295 3598 261 3598 260 3598 295 3599 260 3599 296 3599 129 3600 181 3600 179 3600 129 3601 179 3601 128 3601 2024 3602 1976 3602 1975 3602 2024 3603 1975 3603 2025 3603 2024 3604 2025 3604 2026 3604 2024 3605 2026 3605 2027 3605 2024 3606 2027 3606 2028 3606 2024 3607 2028 3607 2029 3607 2030 3608 2031 3608 2032 3608 2030 3609 2032 3609 2033 3609 2030 3610 2033 3610 2034 3610 2030 3611 2034 3611 2035 3611 2030 3612 2035 3612 1978 3612 2030 3613 1978 3613 1977 3613 330 3614 16 3614 21 3614 330 3615 21 3615 331 3615 1976 3616 2024 3616 20 3616 1976 3617 20 3617 15 3617 1982 3618 2036 3618 2037 3618 1982 3619 2037 3619 2038 3619 1982 3620 2038 3620 2039 3620 1982 3621 2039 3621 2040 3621 1982 3622 2040 3622 2041 3622 1982 3623 2041 3623 2042 3623 1982 3624 2042 3624 1983 3624 2000 3625 2043 3625 1991 3625 2000 3626 1991 3626 1990 3626 2044 3627 2045 3627 2038 3627 2044 3628 2038 3628 2037 3628 2044 3629 2037 3629 2046 3629 2047 3630 2048 3630 2049 3630 2047 3631 2049 3631 2050 3631 2047 3632 2050 3632 2051 3632 2047 3633 2051 3633 2052 3633 2047 3634 2052 3634 2041 3634 2047 3635 2041 3635 2040 3635 2047 3636 2040 3636 2053 3636 2048 3637 2047 3637 2054 3637 2048 3638 2054 3638 2055 3638 2048 3639 2055 3639 2056 3639 2056 3640 2057 3640 2049 3640 2056 3641 2049 3641 2048 3641 2057 3642 2058 3642 2050 3642 2057 3643 2050 3643 2049 3643 2058 3644 2059 3644 2051 3644 2058 3645 2051 3645 2050 3645 1983 3646 2042 3646 2060 3646 1983 3647 2060 3647 2061 3647 1983 3648 2061 3648 1998 3648 2059 3649 2061 3649 2060 3649 2059 3650 2060 3650 2052 3650 2059 3651 2052 3651 2051 3651 2052 3652 2060 3652 2042 3652 2052 3653 2042 3653 2041 3653 2045 3654 2062 3654 2063 3654 2045 3655 2063 3655 2039 3655 2045 3656 2039 3656 2038 3656 2043 3657 2064 3657 1992 3657 2043 3658 1992 3658 1991 3658 2064 3659 2065 3659 1993 3659 2064 3660 1993 3660 1992 3660 2065 3661 2066 3661 1994 3661 2065 3662 1994 3662 1993 3662 2066 3663 2067 3663 1995 3663 2066 3664 1995 3664 1994 3664 2067 3665 2001 3665 1984 3665 2067 3666 1984 3666 1995 3666 2036 3667 1982 3667 1004 3667 2036 3668 1004 3668 1006 3668 2068 3669 2026 3669 2025 3669 2026 3670 2068 3670 2027 3670 2069 3671 2068 3671 2025 3671 2069 3672 2025 3672 1975 3672 2069 3673 1975 3673 2006 3673 2069 3674 2070 3674 2028 3674 2069 3675 2028 3675 2027 3675 2069 3676 2027 3676 2068 3676 2071 3677 2072 3677 2029 3677 2071 3678 2029 3678 2028 3678 2071 3679 2028 3679 2070 3679 2072 3680 2071 3680 2073 3680 2072 3681 2073 3681 2074 3681 2075 3682 2069 3682 2006 3682 2075 3683 2006 3683 2009 3683 2070 3684 2069 3684 2075 3684 2070 3685 2075 3685 2076 3685 2071 3686 2070 3686 2076 3686 2071 3687 2076 3687 2077 3687 2077 3688 2078 3688 2073 3688 2077 3689 2073 3689 2071 3689 2079 3690 2075 3690 2009 3690 2079 3691 2009 3691 2011 3691 2080 3692 2076 3692 2075 3692 2080 3693 2075 3693 2079 3693 2081 3694 2077 3694 2076 3694 2081 3695 2076 3695 2080 3695 2078 3696 2077 3696 2081 3696 2078 3697 2081 3697 2082 3697 2035 3698 2083 3698 2079 3698 2035 3699 2079 3699 2011 3699 2035 3700 2011 3700 1978 3700 2033 3701 2032 3701 2080 3701 2033 3702 2080 3702 2079 3702 2033 3703 2079 3703 2083 3703 2081 3704 2080 3704 2032 3704 2081 3705 2032 3705 2031 3705 2081 3706 2031 3706 2084 3706 2081 3707 2084 3707 2085 3707 2081 3708 2085 3708 2082 3708 2035 3709 2034 3709 2083 3709 2033 3710 2083 3710 2034 3710 2086 3711 2087 3711 2014 3711 2086 3712 2014 3712 2013 3712 2087 3713 2088 3713 2015 3713 2087 3714 2015 3714 2014 3714 2088 3715 2089 3715 2016 3715 2088 3716 2016 3716 2015 3716 2089 3717 1005 3717 1003 3717 2089 3718 1003 3718 2016 3718 76 3719 250 3719 248 3719 76 3720 248 3720 104 3720 473 3721 2086 3721 2013 3721 473 3722 2013 3722 461 3722 2090 3723 472 3723 474 3723 2090 3724 474 3724 2017 3724 2018 3725 2091 3725 2092 3725 2018 3726 2092 3726 2019 3726 2021 3727 2020 3727 2093 3727 2021 3728 2093 3728 2094 3728 2019 3729 2092 3729 247 3729 2019 3730 247 3730 249 3730 182 3731 184 3731 2095 3731 182 3732 2095 3732 2022 3732 2022 3733 2095 3733 2093 3733 2022 3734 2093 3734 2020 3734 2021 3735 2094 3735 137 3735 2021 3736 137 3736 139 3736 103 3737 2096 3737 2023 3737 103 3738 2023 3738 74 3738 2096 3739 2091 3739 2018 3739 2096 3740 2018 3740 2023 3740 296 3741 260 3741 259 3741 296 3742 259 3742 297 3742 138 3743 183 3743 181 3743 138 3744 181 3744 129 3744 2097 3745 2098 3745 2099 3745 2097 3746 2099 3746 2100 3746 2097 3747 2100 3747 2101 3747 2097 3748 2101 3748 2085 3748 2097 3749 2085 3749 2084 3749 2097 3750 2084 3750 2031 3750 2097 3751 2031 3751 2030 3751 2098 3752 2024 3752 2029 3752 2098 3753 2029 3753 2072 3753 2098 3754 2072 3754 2074 3754 2098 3755 2074 3755 2099 3755 331 3756 21 3756 19 3756 331 3757 19 3757 332 3757 2024 3758 2098 3758 22 3758 2024 3759 22 3759 20 3759 2053 3760 2040 3760 2039 3760 2053 3761 2039 3761 2063 3761 2053 3762 2063 3762 2102 3762 2053 3763 2102 3763 2103 3763 2053 3764 2103 3764 2104 3764 2053 3765 2104 3765 2105 3765 2053 3766 2105 3766 2106 3766 2036 3767 2107 3767 2108 3767 2036 3768 2108 3768 2046 3768 2036 3769 2046 3769 2037 3769 2109 3770 2110 3770 2111 3770 2112 3771 2113 3771 2114 3771 2112 3772 2114 3772 2115 3772 2116 3773 2117 3773 2118 3773 2118 3774 2117 3774 2119 3774 2118 3775 2119 3775 2044 3775 2044 3776 2119 3776 2120 3776 2044 3777 2120 3777 2121 3777 2122 3778 2123 3778 2124 3778 2124 3779 2123 3779 2125 3779 2124 3780 2125 3780 2119 3780 2119 3781 2125 3781 2126 3781 2119 3782 2126 3782 2120 3782 2127 3783 2128 3783 2045 3783 2045 3784 2128 3784 2129 3784 2045 3785 2129 3785 2062 3785 2062 3786 2129 3786 2113 3786 2062 3787 2113 3787 2130 3787 2130 3788 2113 3788 2112 3788 2130 3789 2112 3789 2124 3789 2124 3790 2112 3790 2122 3790 2044 3791 2121 3791 2131 3791 2044 3792 2131 3792 2127 3792 2044 3793 2127 3793 2045 3793 2132 3794 2133 3794 2134 3794 2132 3795 2134 3795 2062 3795 2132 3796 2062 3796 2130 3796 2133 3797 2132 3797 2135 3797 2133 3798 2135 3798 2104 3798 2133 3799 2104 3799 2103 3799 2136 3800 2055 3800 2054 3800 2136 3801 2054 3801 2106 3801 2136 3802 2106 3802 2105 3802 2137 3803 2115 3803 2114 3803 2138 3804 2122 3804 2112 3804 2138 3805 2112 3805 2115 3805 2137 3806 2138 3806 2115 3806 2138 3807 2137 3807 2139 3807 2139 3808 2137 3808 2140 3808 2125 3809 2140 3809 2141 3809 2125 3810 2141 3810 2126 3810 2140 3811 2137 3811 2141 3811 2142 3812 2120 3812 2126 3812 2142 3813 2126 3813 2141 3813 2117 3814 2116 3814 2143 3814 2117 3815 2143 3815 2111 3815 2117 3816 2111 3816 2110 3816 2117 3817 2110 3817 2144 3817 2109 3818 2111 3818 1008 3818 1008 3819 2111 3819 2143 3819 1008 3820 2143 3820 1006 3820 1006 3821 2143 3821 2107 3821 1006 3822 2107 3822 2036 3822 2142 3823 2141 3823 2137 3823 2145 3824 2121 3824 2120 3824 2145 3825 2120 3825 2142 3825 2118 3826 2108 3826 2107 3826 2118 3827 2107 3827 2143 3827 2118 3828 2143 3828 2116 3828 2145 3829 2142 3829 2137 3829 2146 3830 2131 3830 2121 3830 2146 3831 2121 3831 2145 3831 2044 3832 2046 3832 2108 3832 2044 3833 2108 3833 2118 3833 2145 3834 2137 3834 2146 3834 2147 3835 2127 3835 2131 3835 2147 3836 2131 3836 2146 3836 2146 3837 2137 3837 2147 3837 2147 3838 2148 3838 2128 3838 2147 3839 2128 3839 2127 3839 2137 3840 2148 3840 2147 3840 2129 3841 2128 3841 2148 3841 2129 3842 2148 3842 2149 3842 2102 3843 2063 3843 2062 3843 2102 3844 2062 3844 2134 3844 2137 3845 2149 3845 2148 3845 2113 3846 2129 3846 2149 3846 2113 3847 2149 3847 2114 3847 2103 3848 2102 3848 2134 3848 2103 3849 2134 3849 2133 3849 2106 3850 2054 3850 2047 3850 2106 3851 2047 3851 2053 3851 2137 3852 2114 3852 2149 3852 2074 3853 2073 3853 2099 3853 2099 3854 2073 3854 2078 3854 2099 3855 2078 3855 2100 3855 2100 3856 2078 3856 2082 3856 2100 3857 2082 3857 2101 3857 2101 3858 2082 3858 2085 3858 2087 3859 2086 3859 2150 3859 2087 3860 2150 3860 2151 3860 2152 3861 2088 3861 2087 3861 2152 3862 2087 3862 2151 3862 2152 3863 2153 3863 2089 3863 2152 3864 2089 3864 2088 3864 2153 3865 1007 3865 1005 3865 2153 3866 1005 3866 2089 3866 104 3867 248 3867 246 3867 104 3868 246 3868 102 3868 471 3869 2150 3869 2086 3869 471 3870 2086 3870 473 3870 2154 3871 470 3871 472 3871 2154 3872 472 3872 2090 3872 2091 3873 2155 3873 2156 3873 2091 3874 2156 3874 2092 3874 2094 3875 2093 3875 2157 3875 2094 3876 2157 3876 2158 3876 2092 3877 2156 3877 245 3877 2092 3878 245 3878 247 3878 184 3879 186 3879 2159 3879 184 3880 2159 3880 2095 3880 2095 3881 2159 3881 2157 3881 2095 3882 2157 3882 2093 3882 137 3883 2094 3883 2158 3883 137 3884 2158 3884 135 3884 2160 3885 2096 3885 103 3885 2160 3886 103 3886 101 3886 2160 3887 2155 3887 2091 3887 2160 3888 2091 3888 2096 3888 2161 3889 2162 3889 2163 3889 2161 3890 2163 3890 2164 3890 2163 3891 2162 3891 2165 3891 2163 3892 2165 3892 2166 3892 2167 3893 2168 3893 2166 3893 2167 3894 2166 3894 2165 3894 2168 3895 2167 3895 2169 3895 2168 3896 2169 3896 2170 3896 2171 3897 2172 3897 2170 3897 2171 3898 2170 3898 2169 3898 2172 3899 2171 3899 2173 3899 2172 3900 2173 3900 2174 3900 2175 3901 2174 3901 2173 3901 2175 3902 2173 3902 2176 3902 2177 3903 2178 3903 2179 3903 2177 3904 2179 3904 2180 3904 2177 3905 2180 3905 2181 3905 2177 3906 2181 3906 2182 3906 2177 3907 2182 3907 2183 3907 2177 3908 2183 3908 2184 3908 2177 3909 2184 3909 2185 3909 2177 3910 2185 3910 2186 3910 2177 3911 2186 3911 2187 3911 2177 3912 2187 3912 2188 3912 2178 3913 2177 3913 2164 3913 2178 3914 2164 3914 2163 3914 2178 3915 2163 3915 2166 3915 2178 3916 2166 3916 2179 3916 2179 3917 2166 3917 2168 3917 2179 3918 2168 3918 2180 3918 2180 3919 2168 3919 2170 3919 2180 3920 2170 3920 2181 3920 2181 3921 2170 3921 2172 3921 2181 3922 2172 3922 2182 3922 2182 3923 2172 3923 2174 3923 2182 3924 2174 3924 2183 3924 2174 3925 2175 3925 2184 3925 2174 3926 2184 3926 2183 3926 297 3927 259 3927 258 3927 297 3928 258 3928 298 3928 136 3929 185 3929 183 3929 136 3930 183 3930 138 3930 2098 3931 2097 3931 2189 3931 2098 3932 2189 3932 2190 3932 332 3933 19 3933 18 3933 332 3934 18 3934 333 3934 2098 3935 2190 3935 23 3935 2098 3936 23 3936 22 3936 2191 3937 2192 3937 2193 3937 2191 3938 2193 3938 2194 3938 2191 3939 2194 3939 2195 3939 2191 3940 2195 3940 2144 3940 2191 3941 2144 3941 2110 3941 2191 3942 2110 3942 2109 3942 2192 3943 2105 3943 2104 3943 2192 3944 2104 3944 2135 3944 2192 3945 2135 3945 2193 3945 2196 3946 2197 3946 2198 3946 2196 3947 2198 3947 2199 3947 2200 3948 2201 3948 2202 3948 2200 3949 2202 3949 2203 3949 2204 3950 2205 3950 2206 3950 2204 3951 2206 3951 2207 3951 2208 3952 2209 3952 2210 3952 2208 3953 2210 3953 2211 3953 2212 3954 2213 3954 2214 3954 2212 3955 2214 3955 2215 3955 2199 3956 2198 3956 2216 3956 2199 3957 2216 3957 2217 3957 2122 3958 2138 3958 2139 3958 2122 3959 2139 3959 2123 3959 2140 3960 2125 3960 2123 3960 2140 3961 2123 3961 2139 3961 2203 3962 2202 3962 2218 3962 2203 3963 2218 3963 2219 3963 2204 3964 2207 3964 2220 3964 2204 3965 2220 3965 2221 3965 2222 3966 2223 3966 2208 3966 2222 3967 2208 3967 2211 3967 2224 3968 2225 3968 2217 3968 2224 3969 2217 3969 2216 3969 2226 3970 2227 3970 2219 3970 2226 3971 2219 3971 2218 3971 2228 3972 2221 3972 2220 3972 2228 3973 2220 3973 2229 3973 2230 3974 2231 3974 2223 3974 2230 3975 2223 3975 2222 3975 2213 3976 2232 3976 2233 3976 2213 3977 2233 3977 2214 3977 2234 3978 2235 3978 2225 3978 2234 3979 2225 3979 2224 3979 2236 3980 2237 3980 2227 3980 2236 3981 2227 3981 2226 3981 2228 3982 2229 3982 2238 3982 2228 3983 2238 3983 2239 3983 2240 3984 2241 3984 2231 3984 2240 3985 2231 3985 2230 3985 2235 3986 2234 3986 2242 3986 2235 3987 2242 3987 2243 3987 2132 3988 2130 3988 2193 3988 2132 3989 2193 3989 2135 3989 2124 3990 2194 3990 2193 3990 2124 3991 2193 3991 2130 3991 2195 3992 2194 3992 2124 3992 2195 3993 2124 3993 2119 3993 1008 3994 1010 3994 2191 3994 1008 3995 2191 3995 2109 3995 2117 3996 2144 3996 2195 3996 2117 3997 2195 3997 2119 3997 2244 3998 2245 3998 2237 3998 2244 3999 2237 3999 2236 3999 2239 4000 2238 4000 2246 4000 2239 4001 2246 4001 2247 4001 2248 4002 2136 4002 2105 4002 2248 4003 2105 4003 2192 4003 2249 4004 2250 4004 2241 4004 2249 4005 2241 4005 2240 4005 2232 4006 2251 4006 2252 4006 2232 4007 2252 4007 2233 4007 2243 4008 2242 4008 2253 4008 2243 4009 2253 4009 2254 4009 2255 4010 2256 4010 2245 4010 2255 4011 2245 4011 2244 4011 2247 4012 2246 4012 2257 4012 2247 4013 2257 4013 2258 4013 2259 4014 2260 4014 2250 4014 2259 4015 2250 4015 2249 4015 2261 4016 2262 4016 2254 4016 2261 4017 2254 4017 2253 4017 2256 4018 2255 4018 2263 4018 2256 4019 2263 4019 2264 4019 2265 4020 2258 4020 2257 4020 2265 4021 2257 4021 2266 4021 2267 4022 2260 4022 2259 4022 2267 4023 2259 4023 2268 4023 2251 4024 2269 4024 2270 4024 2251 4025 2270 4025 2252 4025 2271 4026 2272 4026 2151 4026 2271 4027 2151 4027 2150 4027 2272 4028 2273 4028 2152 4028 2272 4029 2152 4029 2151 4029 2273 4030 2274 4030 2153 4030 2273 4031 2153 4031 2152 4031 2274 4032 1009 4032 1007 4032 2274 4033 1007 4033 2153 4033 102 4034 246 4034 244 4034 102 4035 244 4035 100 4035 469 4036 2271 4036 2150 4036 469 4037 2150 4037 471 4037 2154 4038 2275 4038 468 4038 2154 4039 468 4039 470 4039 2156 4040 2155 4040 2276 4040 2156 4041 2276 4041 2277 4041 2158 4042 2157 4042 2278 4042 2158 4043 2278 4043 2279 4043 245 4044 2156 4044 2277 4044 245 4045 2277 4045 243 4045 2159 4046 186 4046 188 4046 2159 4047 188 4047 2280 4047 2157 4048 2159 4048 2280 4048 2157 4049 2280 4049 2278 4049 135 4050 2158 4050 2279 4050 135 4051 2279 4051 133 4051 99 4052 2281 4052 2160 4052 99 4053 2160 4053 101 4053 2281 4054 2276 4054 2155 4054 2281 4055 2155 4055 2160 4055 2161 4056 2164 4056 2282 4056 2161 4057 2282 4057 2283 4057 2284 4058 2285 4058 2175 4058 2284 4059 2175 4059 2176 4059 2286 4060 2287 4060 2285 4060 2286 4061 2285 4061 2284 4061 2286 4062 2288 4062 2289 4062 2286 4063 2289 4063 2287 4063 2283 4064 2282 4064 2289 4064 2283 4065 2289 4065 2288 4065 2282 4066 2164 4066 2177 4066 2282 4067 2177 4067 2188 4067 2175 4068 2285 4068 2185 4068 2175 4069 2185 4069 2184 4069 2285 4070 2287 4070 2186 4070 2285 4071 2186 4071 2185 4071 2289 4072 2187 4072 2186 4072 2289 4073 2186 4073 2287 4073 2282 4074 2188 4074 2187 4074 2282 4075 2187 4075 2289 4075 298 4076 258 4076 257 4076 298 4077 257 4077 299 4077 134 4078 187 4078 185 4078 134 4079 185 4079 136 4079 2290 4080 2291 4080 2190 4080 2290 4081 2190 4081 2189 4081 333 4082 18 4082 25 4082 333 4083 25 4083 334 4083 23 4084 2190 4084 2291 4084 23 4085 2291 4085 30 4085 2292 4086 2192 4086 2293 4086 2292 4087 2293 4087 2294 4087 2292 4088 2294 4088 2295 4088 2292 4089 2295 4089 2296 4089 2192 4090 2191 4090 2297 4090 2297 4091 2191 4091 2298 4091 2297 4092 2298 4092 2299 4092 2299 4093 2298 4093 2300 4093 2192 4094 2297 4094 2293 4094 2204 4095 2221 4095 2222 4095 2222 4096 2221 4096 2228 4096 2222 4097 2228 4097 2230 4097 2230 4098 2228 4098 2239 4098 2230 4099 2239 4099 2240 4099 2240 4100 2239 4100 2247 4100 2240 4101 2247 4101 2249 4101 2249 4102 2247 4102 2259 4102 2301 4103 2302 4103 2265 4103 2265 4104 2302 4104 2268 4104 2265 4105 2268 4105 2258 4105 2258 4106 2268 4106 2259 4106 2258 4107 2259 4107 2247 4107 2211 4108 2210 4108 2205 4108 2211 4109 2205 4109 2204 4109 2211 4110 2204 4110 2222 4110 2302 4111 2303 4111 2304 4111 2304 4112 2303 4112 2305 4112 2304 4113 2305 4113 2306 4113 2306 4114 2305 4114 2307 4114 2306 4115 2307 4115 2308 4115 2308 4116 2307 4116 2205 4116 2308 4117 2205 4117 2210 4117 2303 4118 2302 4118 2301 4118 2309 4119 2310 4119 2311 4119 2309 4120 2311 4120 2312 4120 2313 4121 2314 4121 2299 4121 2313 4122 2299 4122 2300 4122 2313 4123 2300 4123 2315 4123 2313 4124 2315 4124 2316 4124 2297 4125 2299 4125 2314 4125 2297 4126 2314 4126 2317 4126 2318 4127 2319 4127 2320 4127 2318 4128 2320 4128 2321 4128 2317 4129 2322 4129 2293 4129 2317 4130 2293 4130 2297 4130 2323 4131 2324 4131 2321 4131 2323 4132 2321 4132 2320 4132 2294 4133 2293 4133 2322 4133 2294 4134 2322 4134 2325 4134 2326 4135 2295 4135 2294 4135 2326 4136 2294 4136 2325 4136 2326 4137 2327 4137 2328 4137 2326 4138 2328 4138 2296 4138 2326 4139 2296 4139 2295 4139 2198 4140 2197 4140 2203 4140 2198 4141 2203 4141 2219 4141 2198 4142 2219 4142 2224 4142 2198 4143 2224 4143 2216 4143 2329 4144 2330 4144 2331 4144 2331 4145 2330 4145 2200 4145 2331 4146 2200 4146 2197 4146 2197 4147 2200 4147 2203 4147 2227 4148 2237 4148 2234 4148 2234 4149 2237 4149 2245 4149 2234 4150 2245 4150 2242 4150 2242 4151 2245 4151 2256 4151 2242 4152 2256 4152 2253 4152 2253 4153 2256 4153 2264 4153 2253 4154 2264 4154 2261 4154 2261 4155 2264 4155 2332 4155 2261 4156 2332 4156 2309 4156 2309 4157 2332 4157 2333 4157 2309 4158 2333 4158 2334 4158 2334 4159 2333 4159 2329 4159 2334 4160 2329 4160 2331 4160 2227 4161 2234 4161 2224 4161 2227 4162 2224 4162 2219 4162 2261 4163 2309 4163 2312 4163 2332 4164 2335 4164 2336 4164 2332 4165 2336 4165 2333 4165 2303 4166 2301 4166 2337 4166 2303 4167 2337 4167 2338 4167 2339 4168 2340 4168 2267 4168 2267 4169 2340 4169 2269 4169 2267 4170 2269 4170 2260 4170 2260 4171 2269 4171 2251 4171 2260 4172 2251 4172 2250 4172 2250 4173 2251 4173 2232 4173 2250 4174 2232 4174 2241 4174 2241 4175 2232 4175 2213 4175 2241 4176 2213 4176 2231 4176 2231 4177 2213 4177 2208 4177 2231 4178 2208 4178 2223 4178 2269 4179 2340 4179 2341 4179 2341 4180 2340 4180 2342 4180 2341 4181 2342 4181 2212 4181 2212 4182 2342 4182 2209 4182 2212 4183 2209 4183 2213 4183 2213 4184 2209 4184 2208 4184 2339 4185 2267 4185 2343 4185 2304 4186 2339 4186 2343 4186 2304 4187 2343 4187 2302 4187 2233 4188 2252 4188 2270 4188 2233 4189 2270 4189 2344 4189 2233 4190 2344 4190 2215 4190 2233 4191 2215 4191 2214 4191 2269 4192 2341 4192 2344 4192 2269 4193 2344 4193 2270 4193 2310 4194 2309 4194 2334 4194 2310 4195 2334 4195 2345 4195 2319 4196 2318 4196 2346 4196 2319 4197 2346 4197 2347 4197 2324 4198 2323 4198 2348 4198 2324 4199 2348 4199 2349 4199 2350 4200 2329 4200 2333 4200 2350 4201 2333 4201 2336 4201 2338 4202 2351 4202 2305 4202 2338 4203 2305 4203 2303 4203 2306 4204 2340 4204 2339 4204 2306 4205 2339 4205 2304 4205 2331 4206 2352 4206 2345 4206 2331 4207 2345 4207 2334 4207 2329 4208 2350 4208 2353 4208 2329 4209 2353 4209 2330 4209 2305 4210 2351 4210 2354 4210 2305 4211 2354 4211 2307 4211 2308 4212 2342 4212 2340 4212 2308 4213 2340 4213 2306 4213 2341 4214 2212 4214 2215 4214 2341 4215 2215 4215 2344 4215 2197 4216 2196 4216 2352 4216 2197 4217 2352 4217 2331 4217 2355 4218 2319 4218 2347 4218 2319 4219 2355 4219 2320 4219 2320 4220 2355 4220 2323 4220 2348 4221 2323 4221 2355 4221 2330 4222 2353 4222 2201 4222 2330 4223 2201 4223 2200 4223 2354 4224 2206 4224 2205 4224 2354 4225 2205 4225 2307 4225 2210 4226 2209 4226 2342 4226 2210 4227 2342 4227 2308 4227 2298 4228 2191 4228 1010 4228 2298 4229 1010 4229 1012 4229 2192 4230 2292 4230 2356 4230 2192 4231 2356 4231 2248 4231 2262 4232 2261 4232 2312 4232 2262 4233 2312 4233 2311 4233 2335 4234 2332 4234 2264 4234 2335 4235 2264 4235 2263 4235 2265 4236 2266 4236 2337 4236 2265 4237 2337 4237 2301 4237 2302 4238 2343 4238 2267 4238 2302 4239 2267 4239 2268 4239 2357 4240 2358 4240 2359 4240 2357 4241 2359 4241 2360 4241 2360 4242 2361 4242 2362 4242 2360 4243 2362 4243 2357 4243 2363 4244 2364 4244 2362 4244 2363 4245 2362 4245 2361 4245 2358 4246 2357 4246 2365 4246 2358 4247 2365 4247 2366 4247 2367 4248 2365 4248 2357 4248 2367 4249 2357 4249 2362 4249 2368 4250 2367 4250 2362 4250 2368 4251 2362 4251 2364 4251 2369 4252 2364 4252 2363 4252 2369 4253 2363 4253 2370 4253 2364 4254 2369 4254 2371 4254 2364 4255 2371 4255 2368 4255 2272 4256 2271 4256 2372 4256 2272 4257 2372 4257 2373 4257 2374 4258 2273 4258 2272 4258 2374 4259 2272 4259 2373 4259 2375 4260 2274 4260 2273 4260 2375 4261 2273 4261 2374 4261 1011 4262 1009 4262 2274 4262 1011 4263 2274 4263 2375 4263 244 4264 232 4264 98 4264 244 4265 98 4265 100 4265 2225 4266 2235 4266 2226 4266 2225 4267 2226 4267 2218 4267 2225 4268 2218 4268 2199 4268 2225 4269 2199 4269 2217 4269 2255 4270 2244 4270 2243 4270 2243 4271 2244 4271 2236 4271 2243 4272 2236 4272 2235 4272 2235 4273 2236 4273 2226 4273 2202 4274 2201 4274 2196 4274 2196 4275 2201 4275 2353 4275 2196 4276 2353 4276 2352 4276 2352 4277 2353 4277 2350 4277 2352 4278 2350 4278 2345 4278 2345 4279 2350 4279 2336 4279 2345 4280 2336 4280 2310 4280 2310 4281 2336 4281 2335 4281 2310 4282 2335 4282 2262 4282 2262 4283 2335 4283 2263 4283 2262 4284 2263 4284 2254 4284 2254 4285 2263 4285 2255 4285 2254 4286 2255 4286 2243 4286 2202 4287 2196 4287 2199 4287 2202 4288 2199 4288 2218 4288 2310 4289 2262 4289 2311 4289 2372 4290 2271 4290 469 4290 2372 4291 469 4291 467 4291 1523 4292 1425 4292 1578 4292 1578 4293 1425 4293 1325 4293 1578 4294 1325 4294 1697 4294 1697 4295 1325 4295 1249 4295 1697 4296 1249 4296 1817 4296 1817 4297 1249 4297 1262 4297 1817 4298 1262 4298 1708 4298 1708 4299 1262 4299 1260 4299 1708 4300 1260 4300 1710 4300 1710 4301 1260 4301 1258 4301 1710 4302 1258 4302 1712 4302 1712 4303 1258 4303 1256 4303 1712 4304 1256 4304 1714 4304 1714 4305 1256 4305 1078 4305 1714 4306 1078 4306 1716 4306 1716 4307 1078 4307 1075 4307 1716 4308 1075 4308 1719 4308 1719 4309 1075 4309 1074 4309 1719 4310 1074 4310 1825 4310 1825 4311 1074 4311 1066 4311 1825 4312 1066 4312 1904 4312 1904 4313 1066 4313 990 4313 1904 4314 990 4314 1965 4314 1965 4315 990 4315 969 4315 1965 4316 969 4316 968 4316 968 4317 972 4317 1965 4317 1965 4318 972 4318 929 4318 1965 4319 929 4319 2017 4319 2017 4320 929 4320 932 4320 2017 4321 932 4321 934 4321 497 4322 2376 4322 496 4322 496 4323 2376 4323 2377 4323 496 4324 2377 4324 623 4324 623 4325 2377 4325 2275 4325 623 4326 2275 4326 789 4326 789 4327 2275 4327 2283 4327 789 4328 2283 4328 631 4328 631 4329 2283 4329 2288 4329 631 4330 2288 4330 632 4330 632 4331 2288 4331 2286 4331 632 4332 2286 4332 634 4332 634 4333 2286 4333 2284 4333 634 4334 2284 4334 636 4334 636 4335 2284 4335 2176 4335 636 4336 2176 4336 638 4336 638 4337 2176 4337 2173 4337 638 4338 2173 4338 640 4338 640 4339 2173 4339 2171 4339 640 4340 2171 4340 796 4340 796 4341 2171 4341 2154 4341 796 4342 2154 4342 847 4342 847 4343 2154 4343 2090 4343 847 4344 2090 4344 922 4344 922 4345 2090 4345 2017 4345 922 4346 2017 4346 936 4346 936 4347 2017 4347 934 4347 847 4348 789 4348 644 4348 847 4349 644 4349 643 4349 847 4350 643 4350 802 4350 847 4351 802 4351 800 4351 847 4352 800 4352 798 4352 847 4353 798 4353 796 4353 1249 4354 1066 4354 1083 4354 1249 4355 1083 4355 1079 4355 1249 4356 1079 4356 1082 4356 1249 4357 1082 4357 1262 4357 1066 4358 1074 4358 1087 4358 1066 4359 1087 4359 1085 4359 1066 4360 1085 4360 1083 4360 1817 4361 1708 4361 1707 4361 1817 4362 1707 4362 1706 4362 1817 4363 1706 4363 1830 4363 1817 4364 1830 4364 1904 4364 1904 4365 1830 4365 1828 4365 1904 4366 1828 4366 1826 4366 1904 4367 1826 4367 1825 4367 959 4368 960 4368 958 4368 958 4369 960 4369 991 4369 958 4370 991 4370 990 4370 990 4371 991 4371 973 4371 990 4372 973 4372 969 4372 938 4373 959 4373 958 4373 938 4374 958 4374 922 4374 938 4375 922 4375 936 4375 2154 4376 2171 4376 2169 4376 2154 4377 2169 4377 2167 4377 2154 4378 2167 4378 2165 4378 2154 4379 2165 4379 2162 4379 2154 4380 2162 4380 2161 4380 2154 4381 2161 4381 2275 4381 2283 4382 2275 4382 2161 4382 644 4383 789 4383 631 4383 466 4384 468 4384 2275 4384 466 4385 2275 4385 2377 4385 2277 4386 2276 4386 2378 4386 2277 4387 2378 4387 2379 4387 2279 4388 2278 4388 2380 4388 2279 4389 2380 4389 2381 4389 243 4390 2277 4390 2379 4390 243 4391 2379 4391 242 4391 188 4392 190 4392 2382 4392 188 4393 2382 4393 2280 4393 2278 4394 2280 4394 2382 4394 2278 4395 2382 4395 2380 4395 2279 4396 2381 4396 131 4396 2279 4397 131 4397 133 4397 97 4398 2383 4398 2281 4398 97 4399 2281 4399 99 4399 2383 4400 2378 4400 2276 4400 2383 4401 2276 4401 2281 4401 299 4402 257 4402 256 4402 299 4403 256 4403 278 4403 132 4404 189 4404 187 4404 132 4405 187 4405 134 4405 2384 4406 2385 4406 2291 4406 2384 4407 2291 4407 2290 4407 334 4408 25 4408 24 4408 334 4409 24 4409 313 4409 30 4410 2291 4410 2385 4410 30 4411 2385 4411 28 4411 2315 4412 2300 4412 2298 4412 2386 4413 2387 4413 2388 4413 2386 4414 2388 4414 2389 4414 2386 4415 2389 4415 2390 4415 2391 4416 2292 4416 2328 4416 2391 4417 2328 4417 2392 4417 2391 4418 2392 4418 2393 4418 2391 4419 2393 4419 2394 4419 2328 4420 2292 4420 2296 4420 875 4421 874 4421 804 4421 804 4422 874 4422 878 4422 804 4423 878 4423 854 4423 854 4424 878 4424 942 4424 854 4425 942 4425 947 4425 947 4426 942 4426 946 4426 893 4427 877 4427 506 4427 506 4428 877 4428 876 4428 506 4429 876 4429 661 4429 661 4430 876 4430 875 4430 661 4431 875 4431 804 4431 893 4432 506 4432 307 4432 893 4433 307 4433 310 4433 893 4434 310 4434 894 4434 893 4435 894 4435 900 4435 893 4436 900 4436 915 4436 975 4437 939 4437 944 4437 975 4438 944 4438 979 4438 975 4439 979 4439 977 4439 975 4440 977 4440 978 4440 975 4441 978 4441 890 4441 975 4442 890 4442 1033 4442 939 4443 854 4443 947 4443 939 4444 947 4444 945 4444 939 4445 945 4445 943 4445 939 4446 943 4446 944 4446 1056 4447 1053 4447 1434 4447 1056 4448 1434 4448 1335 4448 1056 4449 1335 4449 1266 4449 1056 4450 1266 4450 1101 4450 1056 4451 1101 4451 983 4451 1101 4452 1033 4452 890 4452 1101 4453 890 4453 983 4453 890 4454 978 4454 984 4454 890 4455 984 4455 980 4455 890 4456 980 4456 950 4456 890 4457 950 4457 948 4457 890 4458 948 4458 880 4458 890 4459 880 4459 891 4459 880 4460 948 4460 952 4460 952 4461 948 4461 946 4461 952 4462 946 4462 941 4462 941 4463 946 4463 942 4463 900 4464 891 4464 880 4464 900 4465 880 4465 879 4465 900 4466 879 4466 915 4466 1585 4467 1876 4467 1732 4467 1732 4468 1876 4468 1944 4468 1732 4469 1944 4469 1832 4469 1832 4470 1944 4470 1996 4470 1832 4471 1996 4471 1911 4471 1911 4472 1996 4472 2003 4472 1911 4473 2003 4473 2002 4473 1977 4474 1911 4474 2002 4474 1977 4475 2002 4475 2001 4475 1977 4476 2001 4476 2067 4476 1977 4477 2067 4477 2066 4477 1977 4478 2066 4478 2030 4478 2030 4479 2066 4479 2065 4479 2030 4480 2065 4480 2061 4480 2030 4481 2061 4481 2059 4481 2030 4482 2059 4482 2058 4482 2030 4483 2058 4483 2097 4483 2097 4484 2058 4484 2057 4484 2097 4485 2057 4485 2056 4485 2097 4486 2056 4486 2055 4486 2097 4487 2055 4487 2189 4487 2055 4488 2136 4488 2229 4488 2055 4489 2229 4489 2220 4489 2055 4490 2220 4490 310 4490 2055 4491 310 4491 2384 4491 2055 4492 2384 4492 2290 4492 2055 4493 2290 4493 2189 4493 310 4494 2220 4494 907 4494 310 4495 907 4495 914 4495 310 4496 914 4496 901 4496 310 4497 901 4497 894 4497 2136 4498 2248 4498 2266 4498 2136 4499 2266 4499 2257 4499 2136 4500 2257 4500 2246 4500 2136 4501 2246 4501 2238 4501 2136 4502 2238 4502 2229 4502 2266 4503 2248 4503 2337 4503 2337 4504 2248 4504 2370 4504 2337 4505 2370 4505 2338 4505 2338 4506 2370 4506 2363 4506 2338 4507 2363 4507 2351 4507 2351 4508 2363 4508 2361 4508 2351 4509 2361 4509 2354 4509 2354 4510 2361 4510 2360 4510 2354 4511 2360 4511 2206 4511 2206 4512 2360 4512 2359 4512 2206 4513 2359 4513 740 4513 740 4514 2359 4514 611 4514 740 4515 611 4515 610 4515 1809 4516 1798 4516 1791 4516 1791 4517 1798 4517 1790 4517 1791 4518 1790 4518 1686 4518 1686 4519 1790 4519 1779 4519 1686 4520 1779 4520 1688 4520 1688 4521 1779 4521 1772 4521 1688 4522 1772 4522 1812 4522 1812 4523 1772 4523 1759 4523 1812 4524 1759 4524 1691 4524 1691 4525 1759 4525 1750 4525 1691 4526 1750 4526 1673 4526 1673 4527 1750 4527 1317 4527 1673 4528 1317 4528 1419 4528 1899 4529 1891 4529 1876 4529 1876 4530 1891 4530 1882 4530 1876 4531 1882 4531 1791 4531 1791 4532 1882 4532 1809 4532 1867 4533 1899 4533 1876 4533 1867 4534 1876 4534 1530 4534 1867 4535 1530 4535 1434 4535 1867 4536 1434 4536 1053 4536 1867 4537 1053 4537 1049 4537 1867 4538 1049 4538 1039 4538 1867 4539 1039 4539 1038 4539 1867 4540 1038 4540 1134 4540 1867 4541 1134 4541 1218 4541 1867 4542 1218 4542 1749 4542 1944 4543 1998 4543 2000 4543 1944 4544 2000 4544 1999 4544 1944 4545 1999 4545 1997 4545 1944 4546 1997 4546 1996 4546 1998 4547 2061 4547 2064 4547 1998 4548 2064 4548 2043 4548 1998 4549 2043 4549 2000 4549 1686 4550 1684 4550 1647 4550 1647 4551 1684 4551 1682 4551 1647 4552 1682 4552 1572 4552 1572 4553 1682 4553 1680 4553 1572 4554 1680 4554 1567 4554 1567 4555 1680 4555 1678 4555 1567 4556 1678 4556 1564 4556 1564 4557 1678 4557 1676 4557 1564 4558 1676 4558 1568 4558 1568 4559 1676 4559 1674 4559 1568 4560 1674 4560 1511 4560 1511 4561 1674 4561 1417 4561 1511 4562 1417 4562 1508 4562 1508 4563 1417 4563 1416 4563 1508 4564 1416 4564 1512 4564 1512 4565 1416 4565 1415 4565 1512 4566 1415 4566 1514 4566 1514 4567 1415 4567 1411 4567 1514 4568 1411 4568 1516 4568 1516 4569 1411 4569 1408 4569 1516 4570 1408 4570 1277 4570 1277 4571 1408 4571 1406 4571 1277 4572 1406 4572 1314 4572 1670 4573 1673 4573 1419 4573 1670 4574 1419 4574 1417 4574 1670 4575 1417 4575 1674 4575 1482 4576 1563 4576 1379 4576 1379 4577 1563 4577 1647 4577 1379 4578 1647 4578 1277 4578 1277 4579 1647 4579 1518 4579 1277 4580 1518 4580 1517 4580 1647 4581 1572 4581 1570 4581 1647 4582 1570 4582 1518 4582 1166 4583 1277 4583 1314 4583 1166 4584 1314 4584 1281 4584 1166 4585 1281 4585 1184 4585 1166 4586 1184 4586 1175 4586 1166 4587 1175 4587 1164 4587 1166 4588 1164 4588 1161 4588 1281 4589 1314 4589 1295 4589 1295 4590 1314 4590 1313 4590 1295 4591 1313 4591 1300 4591 1300 4592 1313 4592 1319 4592 1300 4593 1319 4593 1301 4593 1301 4594 1319 4594 1318 4594 1301 4595 1318 4595 1217 4595 1217 4596 1318 4596 1317 4596 1217 4597 1317 4597 1750 4597 1749 4598 1218 4598 1217 4598 1749 4599 1217 4599 1750 4599 1134 4600 1038 4600 1135 4600 1135 4601 1038 4601 1161 4601 1135 4602 1161 4602 1154 4602 1154 4603 1161 4603 1164 4603 436 4604 614 4604 2395 4604 2395 4605 614 4605 612 4605 2395 4606 612 4606 2396 4606 2396 4607 612 4607 611 4607 2396 4608 611 4608 2359 4608 393 4609 392 4609 2397 4609 2397 4610 392 4610 570 4610 2397 4611 570 4611 2356 4611 2356 4612 570 4612 428 4612 2356 4613 428 4613 2248 4613 2248 4614 428 4614 2398 4614 2248 4615 2398 4615 2399 4615 2399 4616 2398 4616 2400 4616 2399 4617 2400 4617 2401 4617 2401 4618 2400 4618 2402 4618 2401 4619 2402 4619 2403 4619 2403 4620 2402 4620 2404 4620 2403 4621 2404 4621 2405 4621 2405 4622 2404 4622 2406 4622 2405 4623 2406 4623 2395 4623 2395 4624 2406 4624 436 4624 907 4625 2220 4625 841 4625 841 4626 2220 4626 2207 4626 841 4627 2207 4627 739 4627 739 4628 2207 4628 2206 4628 739 4629 2206 4629 740 4629 2248 4630 2399 4630 2407 4630 2248 4631 2407 4631 2370 4631 841 4632 840 4632 907 4632 907 4633 840 4633 837 4633 907 4634 837 4634 812 4634 812 4635 837 4635 813 4635 812 4636 813 4636 695 4636 740 4637 610 4637 760 4637 760 4638 610 4638 775 4638 760 4639 775 4639 763 4639 763 4640 775 4640 601 4640 763 4641 601 4641 766 4641 766 4642 601 4642 599 4642 766 4643 599 4643 679 4643 679 4644 599 4644 682 4644 679 4645 682 4645 680 4645 680 4646 682 4646 812 4646 680 4647 812 4647 695 4647 682 4648 599 4648 595 4648 682 4649 595 4649 598 4649 682 4650 598 4650 427 4650 682 4651 427 4651 428 4651 682 4652 428 4652 570 4652 427 4653 598 4653 429 4653 429 4654 598 4654 605 4654 429 4655 605 4655 430 4655 430 4656 605 4656 617 4656 430 4657 617 4657 432 4657 432 4658 617 4658 616 4658 432 4659 616 4659 434 4659 434 4660 616 4660 614 4660 434 4661 614 4661 436 4661 1516 4662 1277 4662 1517 4662 1791 4663 1686 4663 1647 4663 2064 4664 2061 4664 2065 4664 1876 4665 1585 4665 1530 4665 900 4666 894 4666 899 4666 2408 4667 2409 4667 2410 4667 2408 4668 2410 4668 2411 4668 2408 4669 2411 4669 2412 4669 2408 4670 2412 4670 2413 4670 2408 4671 2413 4671 2414 4671 2408 4672 2414 4672 2415 4672 2408 4673 2415 4673 2416 4673 2408 4674 2416 4674 2417 4674 2408 4675 2417 4675 2418 4675 2408 4676 2418 4676 2419 4676 2420 4677 2421 4677 2422 4677 2420 4678 2422 4678 2423 4678 2424 4679 2425 4679 2426 4679 2426 4680 2425 4680 2427 4680 2426 4681 2427 4681 2428 4681 2428 4682 2427 4682 2429 4682 2428 4683 2429 4683 2430 4683 2349 4684 2422 4684 2327 4684 2327 4685 2422 4685 2421 4685 2327 4686 2421 4686 2427 4686 2427 4687 2421 4687 2431 4687 2427 4688 2431 4688 2429 4688 2432 4689 2346 4689 2313 4689 2313 4690 2346 4690 2318 4690 2313 4691 2318 4691 2314 4691 2314 4692 2318 4692 2321 4692 2314 4693 2321 4693 2326 4693 2326 4694 2321 4694 2324 4694 2326 4695 2324 4695 2327 4695 2327 4696 2324 4696 2349 4696 2428 4697 2430 4697 2433 4697 2428 4698 2433 4698 2432 4698 2428 4699 2432 4699 2313 4699 2325 4700 2322 4700 2317 4700 2325 4701 2317 4701 2314 4701 2325 4702 2314 4702 2326 4702 2327 4703 2427 4703 2392 4703 2327 4704 2392 4704 2328 4704 2420 4705 2423 4705 2355 4705 2434 4706 2431 4706 2421 4706 2434 4707 2421 4707 2420 4707 2425 4708 2393 4708 2392 4708 2425 4709 2392 4709 2427 4709 2434 4710 2420 4710 2355 4710 2431 4711 2434 4711 2435 4711 2431 4712 2435 4712 2429 4712 2425 4713 2424 4713 2436 4713 2425 4714 2436 4714 2394 4714 2425 4715 2394 4715 2393 4715 2435 4716 2434 4716 2355 4716 2430 4717 2429 4717 2435 4717 2430 4718 2435 4718 2437 4718 2424 4719 2426 4719 2388 4719 2424 4720 2388 4720 2387 4720 2424 4721 2387 4721 2436 4721 2435 4722 2355 4722 2437 4722 2433 4723 2430 4723 2437 4723 2433 4724 2437 4724 2438 4724 2426 4725 2428 4725 2389 4725 2426 4726 2389 4726 2388 4726 2386 4727 2390 4727 1014 4727 1014 4728 2390 4728 2316 4728 1014 4729 2316 4729 1012 4729 1012 4730 2316 4730 2315 4730 1012 4731 2315 4731 2298 4731 2437 4732 2355 4732 2438 4732 2432 4733 2433 4733 2438 4733 2432 4734 2438 4734 2439 4734 2390 4735 2389 4735 2428 4735 2390 4736 2428 4736 2313 4736 2390 4737 2313 4737 2316 4737 2355 4738 2439 4738 2438 4738 2346 4739 2432 4739 2439 4739 2346 4740 2439 4740 2347 4740 2355 4741 2347 4741 2439 4741 2423 4742 2422 4742 2349 4742 2423 4743 2349 4743 2348 4743 2423 4744 2348 4744 2355 4744 2440 4745 2419 4745 2418 4745 2440 4746 2418 4746 2441 4746 2417 4747 2442 4747 2441 4747 2417 4748 2441 4748 2418 4748 2442 4749 2417 4749 2416 4749 2442 4750 2416 4750 2443 4750 2419 4751 2440 4751 2444 4751 2419 4752 2444 4752 2408 4752 2415 4753 2445 4753 2443 4753 2415 4754 2443 4754 2416 4754 2414 4755 2446 4755 2445 4755 2414 4756 2445 4756 2415 4756 2413 4757 2447 4757 2446 4757 2413 4758 2446 4758 2414 4758 2447 4759 2413 4759 2412 4759 2447 4760 2412 4760 2448 4760 2411 4761 2449 4761 2448 4761 2411 4762 2448 4762 2412 4762 2450 4763 2409 4763 2408 4763 2450 4764 2408 4764 2444 4764 2292 4765 2391 4765 2397 4765 2292 4766 2397 4766 2356 4766 2449 4767 2411 4767 2410 4767 2449 4768 2410 4768 2451 4768 2451 4769 2410 4769 2409 4769 2451 4770 2409 4770 2450 4770 2452 4771 2366 4771 2441 4771 2441 4772 2366 4772 2365 4772 2441 4773 2365 4773 2440 4773 2440 4774 2365 4774 2367 4774 2440 4775 2367 4775 2444 4775 2444 4776 2367 4776 2368 4776 2444 4777 2368 4777 2450 4777 2450 4778 2368 4778 2451 4778 2453 4779 2448 4779 2454 4779 2454 4780 2448 4780 2449 4780 2454 4781 2449 4781 2371 4781 2371 4782 2449 4782 2451 4782 2371 4783 2451 4783 2368 4783 2442 4784 2443 4784 2455 4784 2442 4785 2455 4785 2452 4785 2442 4786 2452 4786 2441 4786 2448 4787 2456 4787 2447 4787 2447 4788 2456 4788 2457 4788 2447 4789 2457 4789 2446 4789 2446 4790 2457 4790 2458 4790 2446 4791 2458 4791 2445 4791 2445 4792 2458 4792 2455 4792 2445 4793 2455 4793 2443 4793 2456 4794 2448 4794 2453 4794 2401 4795 2459 4795 2460 4795 2401 4796 2460 4796 2399 4796 2403 4797 2461 4797 2459 4797 2403 4798 2459 4798 2401 4798 2405 4799 2462 4799 2461 4799 2405 4800 2461 4800 2403 4800 2456 4801 2453 4801 2460 4801 2456 4802 2460 4802 2459 4802 2457 4803 2456 4803 2459 4803 2457 4804 2459 4804 2461 4804 2458 4805 2457 4805 2461 4805 2458 4806 2461 4806 2462 4806 2395 4807 2463 4807 2462 4807 2395 4808 2462 4808 2405 4808 2396 4809 2464 4809 2463 4809 2396 4810 2463 4810 2395 4810 2359 4811 2358 4811 2464 4811 2359 4812 2464 4812 2396 4812 2455 4813 2458 4813 2462 4813 2455 4814 2462 4814 2463 4814 2452 4815 2455 4815 2463 4815 2452 4816 2463 4816 2464 4816 2366 4817 2452 4817 2464 4817 2366 4818 2464 4818 2358 4818 2407 4819 2465 4819 2369 4819 2407 4820 2369 4820 2370 4820 2399 4821 2460 4821 2465 4821 2399 4822 2465 4822 2407 4822 2371 4823 2369 4823 2465 4823 2371 4824 2465 4824 2454 4824 2453 4825 2454 4825 2465 4825 2453 4826 2465 4826 2460 4826 2466 4827 2467 4827 2373 4827 2466 4828 2373 4828 2372 4828 2467 4829 2468 4829 2374 4829 2467 4830 2374 4830 2373 4830 2469 4831 2375 4831 2374 4831 2469 4832 2374 4832 2468 4832 1013 4833 1011 4833 2375 4833 1013 4834 2375 4834 2469 4834 98 4835 232 4835 231 4835 98 4836 231 4836 96 4836 2466 4837 2372 4837 467 4837 2466 4838 467 4838 465 4838 2376 4839 464 4839 466 4839 2376 4840 466 4840 2377 4840 2379 4841 2378 4841 50 4841 2379 4842 50 4842 49 4842 2381 4843 2380 4843 53 4843 2381 4844 53 4844 52 4844 242 4845 2379 4845 49 4845 242 4846 49 4846 57 4846 2382 4847 190 4847 58 4847 2382 4848 58 4848 61 4848 2380 4849 2382 4849 61 4849 2380 4850 61 4850 53 4850 62 4851 131 4851 2381 4851 62 4852 2381 4852 52 4852 64 4853 2383 4853 97 4853 64 4854 97 4854 65 4854 2378 4855 2383 4855 64 4855 2378 4856 64 4856 50 4856 278 4857 256 4857 253 4857 278 4858 253 4858 252 4858 130 4859 191 4859 189 4859 130 4860 189 4860 132 4860 310 4861 302 4861 2385 4861 310 4862 2385 4862 2384 4862 313 4863 24 4863 32 4863 313 4864 32 4864 311 4864 26 4865 28 4865 2385 4865 26 4866 2385 4866 302 4866 2470 4867 2471 4867 2436 4867 2436 4868 2471 4868 2472 4868 2436 4869 2472 4869 336 4869 336 4870 2472 4870 2473 4870 336 4871 2473 4871 347 4871 2391 4872 2394 4872 2436 4872 2391 4873 2436 4873 336 4873 2474 4874 2470 4874 2436 4874 2474 4875 2436 4875 2387 4875 2474 4876 2387 4876 2386 4876 2474 4877 2386 4877 2475 4877 2476 4878 2477 4878 2478 4878 2476 4879 2478 4879 2479 4879 365 4880 387 4880 364 4880 364 4881 387 4881 384 4881 364 4882 384 4882 372 4882 372 4883 384 4883 361 4883 372 4884 361 4884 360 4884 384 4885 383 4885 380 4885 384 4886 380 4886 379 4886 384 4887 379 4887 385 4887 384 4888 385 4888 361 4888 373 4889 2480 4889 375 4889 375 4890 2480 4890 2481 4890 375 4891 2481 4891 2482 4891 2482 4892 2481 4892 2477 4892 2482 4893 2477 4893 2483 4893 2483 4894 2477 4894 2476 4894 2483 4895 2476 4895 383 4895 383 4896 2476 4896 2484 4896 383 4897 2484 4897 380 4897 367 4898 373 4898 375 4898 367 4899 375 4899 372 4899 367 4900 372 4900 360 4900 2485 4901 2486 4901 2487 4901 2485 4902 2487 4902 2482 4902 2485 4903 2482 4903 2483 4903 2485 4904 2472 4904 2471 4904 2485 4905 2471 4905 2486 4905 366 4906 2479 4906 2478 4906 2484 4907 2476 4907 2479 4907 2484 4908 2479 4908 2488 4908 2483 4909 2473 4909 2472 4909 2483 4910 2472 4910 2485 4910 2488 4911 2479 4911 366 4911 380 4912 2484 4912 2488 4912 380 4913 2488 4913 381 4913 383 4914 347 4914 2473 4914 383 4915 2473 4915 2483 4915 381 4916 2488 4916 366 4916 2480 4917 373 4917 374 4917 2480 4918 374 4918 2489 4918 2474 4919 2475 4919 369 4919 2474 4920 369 4920 375 4920 2474 4921 375 4921 2482 4921 366 4922 2489 4922 374 4922 2481 4923 2480 4923 2489 4923 2481 4924 2489 4924 2490 4924 1014 4925 370 4925 369 4925 1014 4926 369 4926 2475 4926 1014 4927 2475 4927 2386 4927 2470 4928 2474 4928 2482 4928 2470 4929 2482 4929 2487 4929 366 4930 2490 4930 2489 4930 2477 4931 2481 4931 2490 4931 2477 4932 2490 4932 2478 4932 2487 4933 2486 4933 2471 4933 2487 4934 2471 4934 2470 4934 2490 4935 366 4935 2478 4935 359 4936 417 4936 397 4936 359 4937 397 4937 348 4937 2391 4938 336 4938 393 4938 2391 4939 393 4939 2397 4939 417 4940 359 4940 358 4940 417 4941 358 4941 414 4941 414 4942 358 4942 357 4942 414 4943 357 4943 413 4943 413 4944 357 4944 356 4944 413 4945 356 4945 411 4945 411 4946 356 4946 355 4946 411 4947 355 4947 409 4947 354 4948 398 4948 409 4948 354 4949 409 4949 355 4949 2400 4950 2491 4950 2492 4950 2400 4951 2492 4951 2402 4951 2398 4952 2493 4952 2491 4952 2398 4953 2491 4953 2400 4953 428 4954 424 4954 2493 4954 428 4955 2493 4955 2398 4955 418 4956 412 4956 2492 4956 418 4957 2492 4957 2491 4957 418 4958 2491 4958 2493 4958 418 4959 2493 4959 416 4959 416 4960 2493 4960 424 4960 416 4961 424 4961 415 4961 2406 4962 2494 4962 437 4962 2406 4963 437 4963 436 4963 2404 4964 2495 4964 2494 4964 2404 4965 2494 4965 2406 4965 2402 4966 2492 4966 2495 4966 2402 4967 2495 4967 2404 4967 408 4968 407 4968 437 4968 408 4969 437 4969 2494 4969 2494 4970 2495 4970 410 4970 2494 4971 410 4971 408 4971 412 4972 410 4972 2495 4972 412 4973 2495 4973 2492 4973 441 4974 440 4974 2467 4974 441 4975 2467 4975 2466 4975 442 4976 2468 4976 2467 4976 442 4977 2467 4977 440 4977 444 4978 2469 4978 2468 4978 444 4979 2468 4979 442 4979 446 4980 1013 4980 2469 4980 446 4981 2469 4981 444 4981 96 4982 231 4982 230 4982 96 4983 230 4983 113 4983 441 4984 2466 4984 465 4984 441 4985 465 4985 463 4985 497 4986 462 4986 464 4986 497 4987 464 4987 2376 4987 2496 4988 2497 4988 2498 4988 2498 4989 2499 4989 2500 4989 2500 4990 2501 4990 2502 4990 2502 4991 2503 4991 2504 4991 2504 4992 2505 4992 2506 4992 2506 4993 2507 4993 2508 4993 2508 4994 2509 4994 2510 4994 2510 4995 2511 4995 2512 4995 2512 4996 2513 4996 2514 4996 2514 4997 2515 4997 2516 4997 2516 4998 2517 4998 2518 4998 2519 4999 2520 4999 2521 4999 2519 5000 2521 5000 2522 5000 2514 5001 2516 5001 2518 5001 2510 5002 2512 5002 2514 5002 2506 5003 2508 5003 2510 5003 2502 5004 2504 5004 2506 5004 2498 5005 2500 5005 2502 5005 2523 5006 2496 5006 2498 5006 2524 5007 2523 5007 2498 5007 2498 5008 2502 5008 2506 5008 2506 5009 2510 5009 2514 5009 2519 5010 2522 5010 2525 5010 2519 5011 2525 5011 2526 5011 2524 5012 2498 5012 2506 5012 2527 5013 2524 5013 2506 5013 2519 5014 2526 5014 2528 5014 2519 5015 2528 5015 2529 5015 2530 5016 2527 5016 2506 5016 2531 5017 2530 5017 2506 5017 2519 5018 2529 5018 2532 5018 2519 5019 2532 5019 2533 5019 2534 5020 2531 5020 2506 5020 2535 5021 2534 5021 2506 5021 2518 5022 2519 5022 2533 5022 2518 5023 2533 5023 2536 5023 2537 5024 2535 5024 2506 5024 2538 5025 2537 5025 2506 5025 2518 5026 2536 5026 2539 5026 2518 5027 2539 5027 2540 5027 2538 5028 2506 5028 2514 5028 2541 5029 2538 5029 2514 5029 2518 5030 2540 5030 2542 5030 2518 5031 2542 5031 2543 5031 2544 5032 2541 5032 2514 5032 2545 5033 2544 5033 2514 5033 2518 5034 2543 5034 2546 5034 2518 5035 2546 5035 2547 5035 2548 5036 2545 5036 2514 5036 2549 5037 2548 5037 2514 5037 2514 5038 2518 5038 2547 5038 2550 5039 2549 5039 2514 5039 2514 5040 2547 5040 2550 5040 2498 5041 2497 5041 2551 5041 2551 5042 2521 5042 2520 5042 2498 5043 2551 5043 2520 5043 2552 5044 2518 5044 2517 5044 2552 5045 2517 5045 2553 5045 2554 5046 2555 5046 2556 5046 2556 5047 2557 5047 2558 5047 2558 5048 2559 5048 2560 5048 2560 5049 2561 5049 2562 5049 2562 5050 2563 5050 2564 5050 2564 5051 2565 5051 2566 5051 2566 5052 2567 5052 2568 5052 2568 5053 2569 5053 2570 5053 2570 5054 2571 5054 2572 5054 2570 5055 2572 5055 2573 5055 2566 5056 2568 5056 2570 5056 2562 5057 2564 5057 2566 5057 2558 5058 2560 5058 2562 5058 2554 5059 2556 5059 2558 5059 2574 5060 2554 5060 2558 5060 2558 5061 2562 5061 2566 5061 2566 5062 2570 5062 2573 5062 2566 5063 2573 5063 2575 5063 2576 5064 2574 5064 2558 5064 2577 5065 2576 5065 2558 5065 2566 5066 2575 5066 2578 5066 2566 5067 2578 5067 2579 5067 2577 5068 2558 5068 2566 5068 2580 5069 2577 5069 2566 5069 2566 5070 2579 5070 2581 5070 2582 5071 2580 5071 2566 5071 2566 5072 2581 5072 2582 5072 2583 5073 2572 5073 2571 5073 2571 5074 2584 5074 2585 5074 2585 5075 2586 5075 2587 5075 2552 5076 2553 5076 2555 5076 2555 5077 2554 5077 2588 5077 2555 5078 2588 5078 2589 5078 2571 5079 2585 5079 2587 5079 2590 5080 2583 5080 2571 5080 2591 5081 2590 5081 2571 5081 2552 5082 2555 5082 2589 5082 2552 5083 2589 5083 2592 5083 2591 5084 2571 5084 2587 5084 2593 5085 2591 5085 2587 5085 2552 5086 2592 5086 2594 5086 2552 5087 2594 5087 2595 5087 2596 5088 2593 5088 2587 5088 2597 5089 2596 5089 2587 5089 2587 5090 2552 5090 2595 5090 2598 5091 2597 5091 2587 5091 2587 5092 2595 5092 2598 5092 2599 5093 2600 5093 2601 5093 2601 5094 2602 5094 2603 5094 2603 5095 2604 5095 2605 5095 2605 5096 2606 5096 2607 5096 2607 5097 2608 5097 2609 5097 2609 5098 2610 5098 2599 5098 2599 5099 2601 5099 2603 5099 2603 5100 2605 5100 2607 5100 2607 5101 2609 5101 2599 5101 2603 5102 2607 5102 2599 5102 2611 5103 2612 5103 2592 5103 2613 5104 2611 5104 2589 5104 2614 5105 2615 5105 2589 5105 2616 5106 2614 5106 2589 5106 2589 5107 2588 5107 2590 5107 2615 5108 2613 5108 2589 5108 2617 5109 2618 5109 2619 5109 2594 5110 2593 5110 2596 5110 2596 5111 2595 5111 2594 5111 2612 5112 2619 5112 2620 5112 2612 5113 2617 5113 2619 5113 2621 5114 2622 5114 2623 5114 2621 5115 2623 5115 2624 5115 2595 5116 2596 5116 2597 5116 2592 5117 2589 5117 2611 5117 2625 5118 2616 5118 2589 5118 2591 5119 2626 5119 2625 5119 2625 5120 2589 5120 2591 5120 2620 5121 2627 5121 2593 5121 2591 5122 2593 5122 2627 5122 2628 5123 2629 5123 2591 5123 2629 5124 2630 5124 2591 5124 2630 5125 2626 5125 2591 5125 2588 5126 2554 5126 2604 5126 2606 5127 2605 5127 2554 5127 2607 5128 2606 5128 2554 5128 2554 5129 2574 5129 2607 5129 2608 5130 2607 5130 2574 5130 2602 5131 2601 5131 2583 5131 2588 5132 2604 5132 2603 5132 2608 5133 2574 5133 2609 5133 2599 5134 2610 5134 2572 5134 2593 5135 2594 5135 2592 5135 2620 5136 2593 5136 2592 5136 2572 5137 2583 5137 2600 5137 2620 5138 2592 5138 2612 5138 2631 5139 2628 5139 2591 5139 2627 5140 2631 5140 2591 5140 2622 5141 2632 5141 2633 5141 2618 5142 2617 5142 2634 5142 2624 5143 2618 5143 2634 5143 2624 5144 2634 5144 2621 5144 2600 5145 2599 5145 2572 5145 2626 5146 2633 5146 2632 5146 2626 5147 2632 5147 2625 5147 2633 5148 2623 5148 2622 5148 2574 5149 2576 5149 2573 5149 2597 5150 2598 5150 2595 5150 2609 5151 2574 5151 2572 5151 2610 5152 2609 5152 2572 5152 2589 5153 2590 5153 2591 5153 2601 5154 2600 5154 2583 5154 2583 5155 2590 5155 2588 5155 2588 5156 2603 5156 2583 5156 2603 5157 2602 5157 2583 5157 2605 5158 2604 5158 2554 5158 2635 5159 2636 5159 2573 5159 2636 5160 2637 5160 2573 5160 2637 5161 2638 5161 2573 5161 2575 5162 2573 5162 2638 5162 2638 5163 2639 5163 2575 5163 2639 5164 2640 5164 2575 5164 2641 5165 2642 5165 2576 5165 2643 5166 2641 5166 2576 5166 2644 5167 2643 5167 2576 5167 2576 5168 2577 5168 2644 5168 2645 5169 2644 5169 2577 5169 2646 5170 2645 5170 2577 5170 2647 5171 2646 5171 2577 5171 2648 5172 2649 5172 2650 5172 2651 5173 2648 5173 2652 5173 2647 5174 2575 5174 2653 5174 2640 5175 2653 5175 2575 5175 2653 5176 2654 5176 2655 5176 2654 5177 2656 5177 2657 5177 2656 5178 2651 5178 2658 5178 2647 5179 2577 5179 2575 5179 2657 5180 2655 5180 2654 5180 2658 5181 2657 5181 2656 5181 2652 5182 2658 5182 2651 5182 2650 5183 2652 5183 2648 5183 2642 5184 2650 5184 2649 5184 2649 5185 2635 5185 2642 5185 2576 5186 2642 5186 2635 5186 2576 5187 2635 5187 2573 5187 2573 5188 2572 5188 2574 5188 2577 5189 2580 5189 2578 5189 2655 5190 2647 5190 2653 5190 2578 5191 2575 5191 2577 5191 2581 5192 2579 5192 2582 5192 2580 5193 2582 5193 2579 5193 2579 5194 2578 5194 2580 5194 2520 5195 2519 5195 2587 5195 2520 5196 2587 5196 2586 5196 2518 5197 2552 5197 2587 5197 2518 5198 2587 5198 2519 5198 2555 5199 2516 5199 2515 5199 2555 5200 2515 5200 2556 5200 2499 5201 2498 5201 2585 5201 2499 5202 2585 5202 2584 5202 2584 5203 2571 5203 2500 5203 2584 5204 2500 5204 2499 5204 2501 5205 2500 5205 2571 5205 2501 5206 2571 5206 2570 5206 2502 5207 2501 5207 2570 5207 2502 5208 2570 5208 2569 5208 2503 5209 2502 5209 2569 5209 2503 5210 2569 5210 2568 5210 2504 5211 2503 5211 2568 5211 2504 5212 2568 5212 2567 5212 2505 5213 2504 5213 2567 5213 2505 5214 2567 5214 2566 5214 2506 5215 2505 5215 2566 5215 2506 5216 2566 5216 2565 5216 2507 5217 2506 5217 2565 5217 2507 5218 2565 5218 2564 5218 2508 5219 2507 5219 2564 5219 2508 5220 2564 5220 2563 5220 2509 5221 2508 5221 2563 5221 2509 5222 2563 5222 2562 5222 2510 5223 2509 5223 2562 5223 2510 5224 2562 5224 2561 5224 2511 5225 2510 5225 2561 5225 2511 5226 2561 5226 2560 5226 2560 5227 2559 5227 2512 5227 2560 5228 2512 5228 2511 5228 2512 5229 2559 5229 2558 5229 2512 5230 2558 5230 2513 5230 2513 5231 2558 5231 2557 5231 2513 5232 2557 5232 2514 5232 2514 5233 2557 5233 2556 5233 2514 5234 2556 5234 2515 5234 2517 5235 2516 5235 2555 5235 2517 5236 2555 5236 2553 5236 2586 5237 2585 5237 2498 5237 2586 5238 2498 5238 2520 5238 2549 5239 2550 5239 2659 5239 2549 5240 2659 5240 2660 5240 2550 5241 2547 5241 2661 5241 2550 5242 2661 5242 2659 5242 2547 5243 2546 5243 2662 5243 2547 5244 2662 5244 2661 5244 2546 5245 2543 5245 2663 5245 2546 5246 2663 5246 2662 5246 2542 5247 2664 5247 2663 5247 2542 5248 2663 5248 2543 5248 2540 5249 2665 5249 2664 5249 2540 5250 2664 5250 2542 5250 2540 5251 2539 5251 2666 5251 2540 5252 2666 5252 2665 5252 2539 5253 2536 5253 2667 5253 2539 5254 2667 5254 2666 5254 2536 5255 2533 5255 2668 5255 2536 5256 2668 5256 2667 5256 2533 5257 2532 5257 2669 5257 2533 5258 2669 5258 2668 5258 2532 5259 2529 5259 2670 5259 2532 5260 2670 5260 2669 5260 2529 5261 2528 5261 2671 5261 2529 5262 2671 5262 2670 5262 2528 5263 2526 5263 2672 5263 2528 5264 2672 5264 2671 5264 2526 5265 2525 5265 2673 5265 2526 5266 2673 5266 2672 5266 2525 5267 2522 5267 2674 5267 2525 5268 2674 5268 2673 5268 2521 5269 2551 5269 2675 5269 2675 5270 2674 5270 2522 5270 2521 5271 2675 5271 2522 5271 2551 5272 2497 5272 2676 5272 2551 5273 2676 5273 2675 5273 2497 5274 2496 5274 2677 5274 2497 5275 2677 5275 2676 5275 2496 5276 2523 5276 2678 5276 2496 5277 2678 5277 2677 5277 2679 5278 2678 5278 2523 5278 2679 5279 2523 5279 2524 5279 2524 5280 2527 5280 2680 5280 2524 5281 2680 5281 2679 5281 2527 5282 2530 5282 2681 5282 2527 5283 2681 5283 2680 5283 2530 5284 2531 5284 2682 5284 2530 5285 2682 5285 2681 5285 2531 5286 2534 5286 2683 5286 2531 5287 2683 5287 2682 5287 2534 5288 2535 5288 2684 5288 2534 5289 2684 5289 2683 5289 2535 5290 2537 5290 2685 5290 2535 5291 2685 5291 2684 5291 2537 5292 2538 5292 2686 5292 2537 5293 2686 5293 2685 5293 2538 5294 2541 5294 2687 5294 2538 5295 2687 5295 2686 5295 2541 5296 2544 5296 2688 5296 2541 5297 2688 5297 2687 5297 2544 5298 2545 5298 2689 5298 2544 5299 2689 5299 2688 5299 2690 5300 2691 5300 2660 5300 2660 5301 2659 5301 2661 5301 2661 5302 2662 5302 2663 5302 2663 5303 2664 5303 2665 5303 2665 5304 2666 5304 2692 5304 2692 5305 2693 5305 2694 5305 2694 5306 2695 5306 2696 5306 2665 5307 2692 5307 2694 5307 2661 5308 2663 5308 2665 5308 2690 5309 2660 5309 2661 5309 2697 5310 2698 5310 2690 5310 2699 5311 2700 5311 2697 5311 2697 5312 2690 5312 2661 5312 2661 5313 2665 5313 2694 5313 2661 5314 2694 5314 2696 5314 2699 5315 2697 5315 2661 5315 2661 5316 2696 5316 2701 5316 2661 5317 2701 5317 2699 5317 2702 5318 2692 5318 2666 5318 2666 5319 2703 5319 2704 5319 2705 5320 2706 5320 2707 5320 2666 5321 2704 5321 2705 5321 2708 5322 2702 5322 2666 5322 2709 5323 2710 5323 2708 5323 2711 5324 2712 5324 2709 5324 2709 5325 2708 5325 2666 5325 2666 5326 2705 5326 2707 5326 2666 5327 2707 5327 2713 5327 2711 5328 2709 5328 2666 5328 2711 5329 2666 5329 2713 5329 2714 5330 2715 5330 2716 5330 2711 5331 2713 5331 2714 5331 2717 5332 2711 5332 2714 5332 2716 5333 2718 5333 2719 5333 2717 5334 2714 5334 2716 5334 2720 5335 2721 5335 2722 5335 2722 5336 2717 5336 2716 5336 2720 5337 2722 5337 2716 5337 2723 5338 2724 5338 2720 5338 2691 5339 2690 5339 2725 5339 2691 5340 2725 5340 2723 5340 2726 5341 2727 5341 2691 5341 2728 5342 2729 5342 2730 5342 2730 5343 2726 5343 2691 5343 2691 5344 2723 5344 2720 5344 2691 5345 2720 5345 2716 5345 2728 5346 2730 5346 2691 5346 2731 5347 2732 5347 2728 5347 2731 5348 2728 5348 2691 5348 2691 5349 2716 5349 2719 5349 2733 5350 2734 5350 2674 5350 2731 5351 2691 5351 2719 5351 2719 5352 2733 5352 2674 5352 2674 5353 2735 5353 2736 5353 2736 5354 2737 5354 2738 5354 2738 5355 2739 5355 2740 5355 2674 5356 2736 5356 2738 5356 2731 5357 2719 5357 2674 5357 2741 5358 2731 5358 2674 5358 2674 5359 2738 5359 2740 5359 2674 5360 2740 5360 2742 5360 2743 5361 2741 5361 2674 5361 2744 5362 2745 5362 2743 5362 2746 5363 2747 5363 2744 5363 2748 5364 2682 5364 2746 5364 2749 5365 2748 5365 2746 5365 2744 5366 2743 5366 2674 5366 2749 5367 2746 5367 2744 5367 2750 5368 2751 5368 2752 5368 2752 5369 2749 5369 2744 5369 2744 5370 2674 5370 2742 5370 2744 5371 2742 5371 2753 5371 2750 5372 2752 5372 2744 5372 2744 5373 2753 5373 2754 5373 2754 5374 2750 5374 2744 5374 2755 5375 2703 5375 2666 5375 2666 5376 2667 5376 2668 5376 2668 5377 2669 5377 2670 5377 2670 5378 2671 5378 2672 5378 2672 5379 2673 5379 2674 5379 2674 5380 2734 5380 2756 5380 2757 5381 2758 5381 2759 5381 2674 5382 2756 5382 2757 5382 2670 5383 2672 5383 2674 5383 2666 5384 2668 5384 2670 5384 2760 5385 2755 5385 2666 5385 2761 5386 2762 5386 2760 5386 2763 5387 2764 5387 2761 5387 2761 5388 2760 5388 2666 5388 2666 5389 2670 5389 2674 5389 2674 5390 2757 5390 2759 5390 2674 5391 2759 5391 2765 5391 2763 5392 2761 5392 2666 5392 2674 5393 2765 5393 2763 5393 2666 5394 2674 5394 2763 5394 2766 5395 2735 5395 2674 5395 2674 5396 2675 5396 2676 5396 2676 5397 2677 5397 2678 5397 2678 5398 2679 5398 2680 5398 2680 5399 2681 5399 2682 5399 2682 5400 2748 5400 2767 5400 2768 5401 2769 5401 2770 5401 2682 5402 2767 5402 2768 5402 2678 5403 2680 5403 2682 5403 2674 5404 2676 5404 2678 5404 2771 5405 2766 5405 2674 5405 2772 5406 2771 5406 2674 5406 2674 5407 2678 5407 2682 5407 2682 5408 2768 5408 2770 5408 2770 5409 2773 5409 2774 5409 2775 5410 2772 5410 2674 5410 2682 5411 2770 5411 2774 5411 2774 5412 2775 5412 2674 5412 2674 5413 2682 5413 2774 5413 2746 5414 2682 5414 2683 5414 2683 5415 2684 5415 2685 5415 2685 5416 2686 5416 2687 5416 2687 5417 2688 5417 2689 5417 2689 5418 2691 5418 2727 5418 2727 5419 2776 5419 2777 5419 2777 5420 2778 5420 2779 5420 2779 5421 2780 5421 2781 5421 2781 5422 2782 5422 2783 5422 2783 5423 2784 5423 2785 5423 2785 5424 2786 5424 2746 5424 2746 5425 2683 5425 2685 5425 2685 5426 2687 5426 2689 5426 2689 5427 2727 5427 2777 5427 2689 5428 2777 5428 2779 5428 2785 5429 2746 5429 2685 5429 2783 5430 2785 5430 2685 5430 2685 5431 2689 5431 2779 5431 2781 5432 2783 5432 2685 5432 2685 5433 2779 5433 2781 5433 2545 5434 2548 5434 2691 5434 2545 5435 2691 5435 2689 5435 2548 5436 2549 5436 2660 5436 2548 5437 2660 5437 2691 5437 2617 5438 2612 5438 2694 5438 2617 5439 2694 5439 2693 5439 2693 5440 2692 5440 2617 5440 2634 5441 2617 5441 2692 5441 2634 5442 2692 5442 2702 5442 2702 5443 2708 5443 2634 5443 2709 5444 2621 5444 2710 5444 2710 5445 2621 5445 2634 5445 2710 5446 2634 5446 2708 5446 2621 5447 2709 5447 2712 5447 2621 5448 2712 5448 2622 5448 2711 5449 2622 5449 2712 5449 2717 5450 2632 5450 2622 5450 2717 5451 2622 5451 2711 5451 2722 5452 2632 5452 2717 5452 2611 5453 2613 5453 2699 5453 2611 5454 2699 5454 2701 5454 2701 5455 2696 5455 2611 5455 2695 5456 2694 5456 2612 5456 2612 5457 2611 5457 2696 5457 2612 5458 2696 5458 2695 5458 2632 5459 2722 5459 2721 5459 2632 5460 2721 5460 2625 5460 2720 5461 2625 5461 2721 5461 2723 5462 2616 5462 2724 5462 2625 5463 2720 5463 2724 5463 2625 5464 2724 5464 2616 5464 2690 5465 2614 5465 2725 5465 2725 5466 2614 5466 2616 5466 2725 5467 2616 5467 2723 5467 2615 5468 2614 5468 2690 5468 2615 5469 2690 5469 2698 5469 2698 5470 2697 5470 2615 5470 2700 5471 2699 5471 2613 5471 2613 5472 2615 5472 2697 5472 2613 5473 2697 5473 2700 5473 2650 5474 2642 5474 2728 5474 2650 5475 2728 5475 2732 5475 2732 5476 2731 5476 2650 5476 2731 5477 2741 5477 2650 5477 2652 5478 2650 5478 2741 5478 2652 5479 2741 5479 2743 5479 2779 5480 2645 5480 2780 5480 2780 5481 2645 5481 2646 5481 2780 5482 2646 5482 2781 5482 2778 5483 2777 5483 2644 5483 2644 5484 2645 5484 2779 5484 2644 5485 2779 5485 2778 5485 2643 5486 2644 5486 2777 5486 2643 5487 2777 5487 2776 5487 2776 5488 2727 5488 2643 5488 2641 5489 2643 5489 2726 5489 2641 5490 2726 5490 2730 5490 2727 5491 2726 5491 2643 5491 2729 5492 2728 5492 2642 5492 2642 5493 2641 5493 2730 5493 2642 5494 2730 5494 2729 5494 2744 5495 2658 5495 2745 5495 2745 5496 2658 5496 2652 5496 2745 5497 2652 5497 2743 5497 2746 5498 2657 5498 2747 5498 2747 5499 2657 5499 2658 5499 2747 5500 2658 5500 2744 5500 2655 5501 2657 5501 2786 5501 2655 5502 2786 5502 2785 5502 2786 5503 2657 5503 2746 5503 2784 5504 2647 5504 2655 5504 2784 5505 2655 5505 2785 5505 2783 5506 2647 5506 2784 5506 2782 5507 2646 5507 2647 5507 2782 5508 2647 5508 2783 5508 2781 5509 2646 5509 2782 5509 2773 5510 2639 5510 2774 5510 2640 5511 2639 5511 2773 5511 2640 5512 2773 5512 2770 5512 2768 5513 2653 5513 2769 5513 2769 5514 2653 5514 2640 5514 2769 5515 2640 5515 2770 5515 2767 5516 2654 5516 2653 5516 2767 5517 2653 5517 2768 5517 2748 5518 2654 5518 2767 5518 2656 5519 2654 5519 2749 5519 2656 5520 2749 5520 2752 5520 2749 5521 2654 5521 2748 5521 2651 5522 2656 5522 2752 5522 2651 5523 2752 5523 2751 5523 2751 5524 2750 5524 2651 5524 2754 5525 2753 5525 2648 5525 2648 5526 2651 5526 2750 5526 2648 5527 2750 5527 2754 5527 2753 5528 2742 5528 2648 5528 2649 5529 2648 5529 2742 5529 2649 5530 2742 5530 2740 5530 2636 5531 2635 5531 2738 5531 2636 5532 2738 5532 2737 5532 2737 5533 2736 5533 2636 5533 2637 5534 2636 5534 2735 5534 2637 5535 2735 5535 2766 5535 2736 5536 2735 5536 2636 5536 2771 5537 2638 5537 2637 5537 2771 5538 2637 5538 2766 5538 2772 5539 2638 5539 2771 5539 2775 5540 2639 5540 2638 5540 2775 5541 2638 5541 2772 5541 2774 5542 2639 5542 2775 5542 2739 5543 2738 5543 2635 5543 2635 5544 2649 5544 2740 5544 2635 5545 2740 5545 2739 5545 2631 5546 2627 5546 2765 5546 2631 5547 2765 5547 2759 5547 2763 5548 2765 5548 2627 5548 2758 5549 2628 5549 2631 5549 2758 5550 2631 5550 2759 5550 2757 5551 2628 5551 2758 5551 2734 5552 2629 5552 2756 5552 2756 5553 2629 5553 2628 5553 2756 5554 2628 5554 2757 5554 2733 5555 2630 5555 2629 5555 2733 5556 2629 5556 2734 5556 2719 5557 2630 5557 2733 5557 2716 5558 2626 5558 2718 5558 2718 5559 2626 5559 2630 5559 2718 5560 2630 5560 2719 5560 2715 5561 2633 5561 2626 5561 2715 5562 2626 5562 2716 5562 2714 5563 2633 5563 2715 5563 2713 5564 2633 5564 2714 5564 2623 5565 2633 5565 2713 5565 2623 5566 2713 5566 2707 5566 2764 5567 2763 5567 2627 5567 2627 5568 2620 5568 2761 5568 2627 5569 2761 5569 2764 5569 2706 5570 2705 5570 2624 5570 2624 5571 2623 5571 2707 5571 2624 5572 2707 5572 2706 5572 2704 5573 2703 5573 2618 5573 2618 5574 2624 5574 2705 5574 2618 5575 2705 5575 2704 5575 2619 5576 2618 5576 2755 5576 2619 5577 2755 5577 2760 5577 2703 5578 2755 5578 2618 5578 2762 5579 2761 5579 2620 5579 2620 5580 2619 5580 2760 5580 2620 5581 2760 5581 2762 5581 2787 5582 2788 5582 2789 5582 2787 5583 2789 5583 2790 5583 2790 5584 2789 5584 2791 5584 2790 5585 2791 5585 2792 5585 2792 5586 2791 5586 2793 5586 2792 5587 2793 5587 2794 5587 2794 5588 2793 5588 2788 5588 2794 5589 2788 5589 2787 5589 2790 5590 2792 5590 2794 5590 2790 5591 2794 5591 2787 5591 2791 5592 2789 5592 2788 5592 2791 5593 2788 5593 2793 5593</p>
                </triangles>
            </mesh>
        </geometry>
    </library_geometries>
    <library_visual_scenes>
        <visual_scene id="VisualSceneNode" name="VisualScene">
            <node id="node" name="node">
                <instance_geometry url="#shape0-lib"/>
            </node>
        </visual_scene>
    </library_visual_scenes>
    <scene>
        <instance_visual_scene url="#VisualSceneNode"/>
    </scene>
</COLLADA>
